tree
version=v4
num_class=1
num_tree_per_iteration=1
label_index=0
max_feature_idx=37
objective=binary sigmoid:1
feature_names=subject_type object_type edge_type src_port dest_port http_status http_content_length bytes bytes_in bytes_out packets_in packets_out duration event_id process_id suricata_alert_severity transport protocol app_proto http_method http_uri http_user_agent http_referrer http_content_type site dns_query dns_qtype dns_rcode process_name image command_line parent_command_line user integrity_level registry_key registry_value suricata_event_type suricata_alert_category
feature_infos=-1:2:0:1 -1:4:3:1:5:2:0 -1:1:0:4:3:2:5 [0:65533] [0:62181] [200:468] [0:1044152] [6:26231797] [0:575550] [0:25656247] [0:7464] [0:12105] [0:2123] [1:3053] [4:32676] none -1:4:5:1:2:0 -1:8:31:52:55:1:0:6:35:11:54:14:34:49:32:56:39:9:3:16:29:42:53:22:23:25:28:36:4:17:20:30:33:40:43:61 -1:15:43:7:51:52:24:5:42:25:41:47:9:6:33:44:17:10:20:3:19:28:30:40:23:48:12:14:39 -1:0:2 -1:114:468:508:403:204:397:2:111:223:64:407:80:78:81:481:77:146:153:225:168:144:138:160:198:201:202:148:464:217:173:236:164:197:183:200:219:166:192:178:228:137:187:83:230:182:226:181:196:231:165:175:184:195:163:136:141:151:167:194:199:145:177:185:220:149:162:79:134:227:157:158:229:232:159:224:465:156:238:170:216:221:190:215:150:154:176:499:191:139:180:189:234:398:179:188:142:147:152:155:193:446:140:143:161:174:233:172:235:237:342:389:448:218:425:430:447:124:169:186:299:418:440:171:240:288:314:435:82:109:129:246:264:296:320:327:372 -1:20:14:21:17:18:35:15:9:4:30:19:29:39:16:5:27:11:7:23:10:12:40:31:6:13:26:37:2:34:36:32:3:8:24:33 -1:93:55:62:43:59:46:123:7:54:105:2:95:75:121:83:58:91:84:87:85:88:11:6:57:68:18:60:120:67:114:143:47:49:112:50:48:133:106:97:53:125:4:134:81:130:51:132:94:52:8:141:92:82:56:70:86:122:129:142:9:19:101:109:110:115:146:10:30:90:113:145:64:69:140:1:13:61:96:98:102:111:116:29:71:74:89:104:107:77:80:99:100:118:119:131:136:3:14:37:44:66:72:103:117:128:137:12:65:73:108:126:135:138 -1:13:18:20:3:15:19:10:12:17:2:1:24:7:9:21:5:6 -1:23:56:9:14:13:39:10:19:29:46:58:0:3:6:7:49:2:17:22:33:44:47:59 -1:28:65:5:62:17:29:41 -1:1:0:2:3 -1:1:0 -1:46:48:73:86:87:21:31:22:59:53:23:84:50:80:63:81:114:96:30:66:103:10:32:78:79:91:77:14:52:82:34:70:98:60:92:62:76:94:29:43:85:1:20:68:107:111 -1:125:95:2:86:120:129:92:122:106:96:127:114:97:121:15:131:88:90:110:16:111:89:13:14:102:70:74:12:17:29:91:101:66:85:112:128:38:40:4:43:67:99:132:118:30:59:62:100:130:32:34:61:103:105:36:93:94 -1:1470:1092:1094:1053:1090:929:775:1069:834:826:656:1467:655:1469:653:654:799:988:1093:1072:78:991:1066:1145:987:862:1056:1166:714:1150:1190:1059:1063:1144:718:983:1060:1154:61:1158:1164:1095:994:1057:1088:1171:1148:1151:1161:1186:713:717:989:1000:1058:1238:692:1152:1169:727:1143:1183:1255:1258:13:19:776:803:1170:1173:743:1165:1178:1181:709:861:895:924:1073:1086:1089:1142:1163:77:708:722:901:984:1061:1180:1184:1191:11:801:1096:1147:1157:1162:1189:1329:1349:14:15:16:723:726:900:974:1065:1155:1168:1172:1175:1192:12:31:735:1001:1149:1177:1182:1185:1187:10:62:490:728:748:938:985:1026:1075:1179:1188:1225:1240:1259:1325:30:288:324:335:470:478:491:506:521:588:616:719:732:802:932:958:996:1176:1195:1321:29:32:123:157:164:169:189:198:208:243:273:274:322:366:377:378:380:393:443:473:475:482:503:563:575:601:706:725:779:806:827:886:899:902:931:1098:1146:1159:1160:89:94:107:109:120:121:126:127:143:145:149:159:161:178:187:194:196:201:203:212:219:223:230:261:264:266:267:272:280:281:289:298:321:343:346:354:356:362:368:369:374:376:399:401:410:413:414:436:438:440:446:449:451:453:457:459:461:489:497:498:502:511:516:530:532:534:535:558:560:562:572:584:586:587:592:609:660:682:691:711:733:744:793:800:805:812:825:856:863:871:885:888:889:898:953:968:977:980:1020:1067:1068:1071:1131:1133:1134:1136:1153:1193:1199:1248:1252:1400 -1:2:4:6 -1:17:0:5:4:6:14:9:15:7:12 -1:1:0 -1:3:6:8:49:277:208:278:279:103:286:102:280:285:284:104:283:162:168:242:163:236:307:436:4:232:238:250:1:237:167:240:188:239:140:0:139:241:192:412:289:141:246:199:235:189:191:194:197:200:342:344:382:160:176:181:161:198:202:209:312:67:190:196:423:77:193:195:201:203:184:248:255:266:281:54:70:92:128:149:166:224:370:145:165:171:177:205:226:57:75:89:121:123:131:179:180:186:204:245:9:11:47:56:95:99:111:173:185:270:315:335:363:375:409:432:10:13:84:124:127:130:138:144:178:182:183:187:215:216:220:225:228:244:256:271:302:306:313:314:346:356:379:395:402:23:61:62:69:76:93:94:106:108:113:122:126:129:132:136:146:147:150:158:172:174:175:214:273:324:333:349:357:414:430:435 -1:59:76:73:60:3:5:12:11:42:43:6:4:56:63:2:8:14:79 -1:1:0:2:4:3 none
tree_sizes=2997 3394 3427 3347 3576 3399 3374 3371 3549 3408 3412 3404 3426 3366 3406 3416 3385 3395 3406 3410 3485 3387 3417 3548 3396 3412 3437 3424 3418 3430 3429 3410 3399 3411 3404 3467 3433 3405 3400 3399 3447 3525 3452 3595 3600 3537 3366 3750 3440 3448 3433 3494 3357 3392 3439 3457 3555 3469 3402 3545 3623 3595 3390 3428 3573 3526 3428 3549 3643 3429 3537 3528 3534 3451 3461 3708 3429 3544 3481 3631 3751 3582 3551 3451 3449 3508 3512 3424 3775 3543 3441 3679 3584 3429 3448 3459 3616 3452 3464 3452 3606 3482 4023 3689 3471 3463 3561 3476 3568 3664 3901 3531 3578 3450 3427 3464 3630 3448 3431 3468 3585 3653 3424 3462 3550 3683 3562 3460 3565 3464 3738 3588 3472 3428 3478 3465 3426 3488 3560 3473 3465 3590 3476 3760 3790 3469 3511 3522 3482 3532 3466 3471 3488 3585 3777 3487 3484 3649 3610 3462 3577 3480 3567 3480 3485 3489 3479 3439 3487 3490 3596 3468 3636

Tree=0
num_leaves=31
num_cat=4
split_feature=17 14 13 13 14 4 6 27 0 5 4 3 5 12 12 9 11 7 8 19 9 7 8 9 7 4 14 9 8 8
split_gain=29338.8 1410.39 447.556 383.206 473.424 237.436 177.944 134.82 116.989 97.6703 55.6175 75.2333 53.7501 21.0383 20.4237 50.2888 54.2793 76.0701 10.2336 10.1859 9.29244 19.5566 15.0047 8.83631 8.59074 11.7548 5.0105 4.35524 3.69216 10.8446
threshold=0 4954.0000000000009 91.500000000000014 19.500000000000004 12450.000000000002 2603.0000000000005 3521.5000000000005 1 2 408.00000000000006 60.000000000000007 51612.500000000007 1.0000000180025095e-35 169.50000000000003 1.0000000180025095e-35 196.50000000000003 2.5000000000000004 163.50000000000003 85.500000000000014 3 1745.0000000000002 1221.0000000000002 1214.0000000000002 936.00000000000011 24365.000000000004 416.00000000000006 1704.0000000000002 261.50000000000006 1699.0000000000002 796.50000000000011
decision_type=9 8 10 8 10 10 8 9 9 8 10 8 10 8 8 10 8 10 10 9 8 10 10 8 10 8 10 8 10 8
left_child=20 -2 3 13 5 7 -7 -5 26 19 11 18 14 -3 -13 16 17 -16 -10 -8 -1 -22 -23 -18 25 -24 -9 -12 29 -29
right_child=1 2 -4 4 -6 6 9 8 10 -11 27 12 -14 -15 15 -17 23 -19 -20 -21 21 22 24 -25 -26 -27 -28 28 -30 -31
leaf_value=0.098641734114801372 -0.099554937413073724 -0.015929897985874967 -0.10000000000000001 0.096825396825396814 0.087603305785123972 0.099999999999999992 -0.013725490196078431 -0.10000000000000001 0 -0.096019900497512439 -0.10000000000000001 -0.10000000000000001 -0.10000000000000001 -0.10000000000000001 -0.068085106382978725 -0.093721973094170408 -0.10000000000000001 0.04788732394366197 0.057575757575757586 0.057575757575757558 0.07039274924471299 0.098184129289994551 0.10000000000000001 -0.04655072463768116 0.098360655737704916 0.081546458739441205 -0.077941176470588236 -0.048611111111111112 -0.087577639751552805 -0.085474860335195538
leaf_weight=2687.25 1797.5 955.75 400 15.75 60.5 12.5 12.75 106 14.500000000000002 452.25 20.75 18 48.25 7.4999999999999991 23.5 55.75 7.7499999999999991 35.5 16.5 8.25 82.75 1376.75 111.25 3450 183 384.75 34 36 40.25 44.75
leaf_count=10749 7190 3823 1600 63 242 50 51 424 58 1809 83 72 193 30 94 223 31 142 66 33 331 5507 445 13800 732 1539 136 144 161 179
internal_value=0 -0.0607184 -0.0489429 -0.0452139 -0.0513238 -0.0532113 -0.0862069 -0.0491713 -0.0497533 -0.0911252 -0.0481044 -0.0469174 -0.0475782 -0.0165845 -0.0468737 -0.046606 -0.0458591 0.00169492 0.0306452 0.0142857 0.0964845 0.0942249 0.0951842 -0.0466705 0.0891016 0.0856855 -0.0946429 -0.078836 -0.0752066 -0.0690402
internal_weight=12500 7674.25 5876.75 5476.75 4513.5 4453 485.75 3967.25 3951.5 473.25 3811.5 3669.75 3638.75 963.25 3590.5 3572.5 3516.75 59 31 21 4825.75 2138.5 2055.75 3457.75 679 496 140 141.75 121 80.75
internal_count=50000 30697 23507 21907 18054 17812 1943 15869 15806 1893 15246 14679 14555 3853 14362 14290 14067 236 124 84 19303 8554 8223 13831 2716 1984 560 567 484 323
cat_boundaries=0 2 3 4 5
cat_threshold=2147483907 1048584 1 2 1
is_linear=0
shrinkage=0.05


Tree=1
num_leaves=31
num_cat=6
split_feature=17 2 1 12 13 8 14 13 12 13 4 6 8 3 9 18 19 10 3 4 10 5 3 7 18 5 7 3 3 3
split_gain=22963.4 2298.02 1237.22 342.699 337.42 274.071 178.334 230.439 111.547 237.101 130.657 171.592 97.3804 89.4148 73.0658 137.573 51.7273 48.4242 35.7788 35.7796 28.7432 18.8428 23.1285 15.0542 20.0399 13.3224 4.43854 4.3657 4.25778 40.7721
threshold=0 1 2 480.50000000000006 133.50000000000003 2001.0000000000002 1586.0000000000002 212.50000000000003 337.00000000000006 51.500000000000007 105.50000000000001 530.50000000000011 695.50000000000011 56219.500000000007 20258.500000000004 3 4 55.000000000000007 40111.500000000007 67.500000000000014 56.500000000000007 205.00000000000003 54402.000000000007 24563.000000000004 5 351.00000000000006 557.00000000000011 53829.000000000007 12379.000000000002 49693.500000000007
decision_type=9 9 9 8 10 8 10 8 8 10 10 8 10 10 8 9 9 10 8 10 8 8 10 8 9 8 10 8 8 8
left_child=-1 3 -3 26 6 12 8 -8 9 -4 16 -12 14 -14 15 -5 -10 18 19 -7 23 22 -20 24 -17 -21 -2 -19 -26 -30
right_child=1 2 4 5 -6 17 7 -9 10 -11 11 -13 13 -15 -16 20 -18 27 21 25 -22 -23 -24 -25 28 -27 -28 -29 29 -31
leaf_value=0.09360270514232584 -0.092729983561914864 -0.094746229371643786 -0.024037958401804602 0.07457794199109137 -0.095241872246060344 0.084845637165713528 -0.095257518644548345 0.068571078895389562 -0.095523882046511743 -0.095334334627838233 0.095241872246060316 -0.095420456142936302 0.068080706897738166 -0.098421038417058723 0.066957442901614692 0.027235368572949999 -0.045821351661416154 0.08823403943947794 0.052771803662077177 -0.0054762320464474944 -0.084045562570064 -0.072220464027466111 -0.061166766105723004 -0.065919409394388423 -0.05470256715898536 -0.095895061135815057 -0.067492823727053772 0.028876617968347271 0.05777441689059553 -0.025416208322317904
leaf_weight=4288.8527518510818 30.190921500325203 1782.8558804094791 1100.1062114387751 52.871284663677216 333.66514644026756 9.4775403290987033 30.175020948052406 74.354943424463272 53.129350647330284 130.43669767677784 12.468802183866501 220.24152959883213 386.09667192399502 8.2352681159973127 82.647576183080673 32.965158805251122 3561.0942024886608 6.7338248938322041 7.4923819005489376 12.748618453741074 12.971364915370939 64.62198930978775 10.982867419719694 9.9815052598714811 5.9881950914859763 5.9869793355464944 41.193042159080505 5.7368094772100457 17.724390462040901 87.132351145148277
leaf_count=17197 121 7149 4402 212 1338 38 121 298 213 523 50 883 1547 33 331 132 14253 27 30 51 52 259 44 40 24 24 165 23 71 349
internal_value=4.05622e-07 -0.0490688 -0.0583398 0.0266124 -0.0464218 0.0360538 -0.0433678 0.0212781 -0.0446987 -0.0315953 -0.0488902 -0.0852046 0.0482359 0.0646035 0.0268841 0.0118046 -0.046552 -0.0325044 -0.0429721 0.00567792 -0.0118583 -0.0594897 -0.0149606 -0.00654087 -0.00241955 -0.0343697 -0.0781666 0.0609281 -0.0125626 -0.0113541
internal_weight=12479.2 8190.31 7298.53 891.779 5515.67 820.395 5182.01 104.53 5077.48 1230.54 3846.93 232.71 696.614 394.332 302.282 219.634 3614.22 123.781 111.31 28.2131 166.763 83.0972 18.4752 153.792 143.81 18.7356 71.384 12.4706 110.845 104.857
internal_count=50000 32803 29230 3573 22081 3287 20743 419 20324 4925 15399 933 2791 1580 1211 880 14466 496 446 113 668 333 74 616 576 75 286 50 444 420
cat_boundaries=0 1 2 3 5 6 7
cat_threshold=2147483904 2 8 0 524288 1 128
is_linear=0
shrinkage=0.05


Tree=2
num_leaves=31
num_cat=5
split_feature=17 14 29 13 8 9 13 0 6 27 12 11 3 8 11 19 8 4 14 3 5 4 10 4 7 4 12 3 4 3
split_gain=23484.2 1309.93 342.254 432.373 165.326 183.478 169.918 158.433 134.564 96.3716 66.0841 50.8626 33.896 32.2223 79.0621 25.0864 21.3789 12.0255 7.21426 10.0596 12.7276 6.86391 6.28379 14.8038 6.03925 5.48681 5.15299 4.16948 3.51546 3.10438
threshold=0 5814.0000000000009 1 62.500000000000007 620.50000000000011 2516.5000000000005 175.50000000000003 2 4262.0000000000009 3 6.5000000000000009 2237.0000000000005 52500.000000000007 3078.0000000000005 16.500000000000004 4 589.50000000000011 444.00000000000006 20701.500000000004 53726.500000000007 408.00000000000006 53722.500000000007 3.5000000000000004 137.50000000000003 4822.5000000000009 67.500000000000014 15.500000000000002 59053.000000000007 137.50000000000003 47075.500000000007
decision_type=9 8 9 10 8 8 8 9 8 9 8 8 10 10 10 9 10 8 8 10 8 8 10 10 8 10 8 8 8 8
left_child=22 -2 -3 4 5 9 10 8 -8 -4 -6 12 27 14 15 -9 18 -16 -17 20 21 -20 -1 -24 -14 -22 -12 -11 -15 -18
right_child=1 2 3 -5 6 -7 7 13 -10 11 26 -13 24 28 17 16 29 -19 19 -21 25 -23 23 -25 -26 -27 -28 -29 -30 -31
leaf_value=0.090055595926045562 -0.090751956070298012 0.065859375618952803 0.090891884857410454 -0.0911469999342846 -0.021597190254642074 0.058165696353271207 0.065899678425234226 0.038353266687863777 -0.091282006359456436 0.01428214621047507 -0.064715012125680593 -0.073752543221410324 -0.042924703037270591 -0.054943718467823414 0.064962828532415348 -0.092070027803804494 -0.096607519767153149 0.0019069852042082718 0.047191337171835601 -0.086015208404296925 -0.043545266028833692 -0.02336642179305393 0.087791556282281372 0.073080016501899506 -0.092684920109588814 -0.092584809107451232 -0.09565767906552318 -0.0094360431612922503 -0.092595668347834295 -0.068383131933416802
leaf_weight=2771.3718867748976 1806.7888226807117 65.632470190525055 15.680821806192398 439.56347970664501 1064.4291057735682 86.093995645642281 14.364905938506126 9.229526475071907 261.34212523698807 36.929711222648621 43.725565403699875 65.819204047322273 49.401398867368698 7.4570603370666495 16.900484710931782 7.6925079077482224 12.466167986392973 13.682914972305296 5.494439408183097 13.922893539071081 3548.0862131118774 9.2491476237773895 1717.148441940546 189.91306978464127 6.9561914503574362 5.7130214273929587 19.435641184449196 37.188377425074577 36.75680784881115 44.589085951447487
leaf_count=11188 7295 264 63 1775 4262 346 58 37 1055 148 175 265 198 30 68 31 50 55 22 56 14224 37 6929 764 28 23 78 149 148 179
internal_value=6.00474e-06 -0.0534049 -0.0421306 -0.0433759 -0.0395905 -0.00338883 -0.0416921 -0.0465172 -0.0830925 -0.0283892 -0.0245457 -0.0379179 -0.0198409 -0.0438146 -0.0433058 -0.0439754 -0.0441837 0.0367518 -0.0437011 -0.0435973 -0.0434318 0.00292808 0.0883467 0.0863265 -0.0490666 -0.0436241 -0.0742365 0.00238166 -0.0862453 -0.07455
internal_weight=12423 7744.59 5937.8 5872.17 5432.61 298.07 5134.54 4006.95 275.707 211.976 1127.59 196.295 130.476 3731.24 3687.03 3656.44 3647.21 30.5834 3590.16 3582.47 3568.54 14.7436 4678.43 1907.06 56.3576 3553.8 63.1612 74.1181 44.2139 57.0553
internal_count=50000 31119 23824 23560 21785 1197 20588 16073 1113 851 4515 788 523 14960 14782 14659 14622 123 14393 14362 14306 59 18881 7693 226 14247 253 297 178 229
cat_boundaries=0 2 3 4 5 6
cat_threshold=2147483905 1048576 4 1 1 4
is_linear=0
shrinkage=0.05


Tree=3
num_leaves=31
num_cat=10
split_feature=9 1 17 17 14 29 13 12 17 0 16 8 3 8 8 27 4 19 27 3 8 3 4 14 10 10 11 3 4 3
split_gain=14713.6 4613.63 1196.93 1210.81 1102.16 322.803 453.339 216.783 171.063 170.144 170.142 52.1336 48.856 39.5192 56.1923 31.1578 26.4269 18.3057 9.37667 9.16335 7.29731 15.942 43.5931 7.08656 2.78334 2.27498 2.03593 2.54815 1.82502 3.24407
threshold=22467.000000000004 0 1 2 5886.0000000000009 3 30.500000000000004 362.00000000000006 4 5 6 59.500000000000007 53731.500000000007 165.50000000000003 450.50000000000006 7 49809.000000000007 8 9 43204.500000000007 2778.0000000000005 43180.000000000007 105.50000000000001 26178.000000000004 20.500000000000004 21.500000000000004 34.500000000000007 51208.000000000007 84.000000000000014 55968.000000000007
decision_type=8 9 9 9 8 9 10 8 9 9 9 10 10 10 8 9 8 9 9 10 10 8 10 8 8 10 10 8 8 10
left_child=2 10 -1 8 -3 -6 7 -7 11 -9 17 12 18 14 -12 -14 -13 -2 -4 -19 21 22 -10 -11 -5 -15 -27 -28 29 -26
right_child=1 4 3 24 5 6 -8 9 20 23 13 16 15 25 -16 -17 -18 19 -20 -21 -22 -23 -24 -25 28 26 27 -29 -30 -31
leaf_value=0.085864034940223141 0.036481774506272116 -0.087171198632734537 0.030800699088214308 -0.074603481415049439 0.063324651709936772 -0.01846694000330085 -0.088217641453737672 -0.08768570902380253 0.088984978700916623 -0.0882499061625098 0.061308393971954381 -0.01280723133899264 0.082922597964739969 0.086733670129521823 -0.089743913551340565 -0.057359332901564988 -0.096363584353971465 -0.0066954958541910296 0.085207895242050566 -0.060144665373103458 0.02350979102685518 0.076502236639164334 -0.054784811130671698 -0.041439004853178113 -0.04280806704991879 0.084174853954145909 0.082734156999408046 0.055794721381178719 -0.088417060469166739 -0.09173405117786998
leaf_weight=3580.1724919378757 9.2181151062250137 1788.17289750278 10.98999947309494 138.09552447497845 65.256050735712051 1051.9744439721107 507.47638984024525 211.73993270099163 13.534156337380411 8.1035567969083768 82.209303557872772 54.098098188638687 5.2155776917934418 559.66486839950085 6.6553434133529654 16.419467881321911 11.469157323241232 11.990330100059508 28.340497985482216 24.209822684526443 7.1968195438385001 410.96866822242737 8.6375305801630002 3536.6823195815086 6.4112522602081281 55.164024576544762 16.944690033793449 18.212410017848015 83.504090741276741 7.1850444227457047
leaf_count=14606 37 7298 44 558 264 4214 2068 864 55 33 332 217 21 2283 27 66 46 48 114 98 29 1666 35 14214 26 225 69 74 340 29
internal_value=1.09314e-05 -0.040522 0.0735774 0.0174458 -0.0530887 -0.0418618 -0.0431908 -0.0385287 0.0568348 -0.0441467 0.0740883 0.0032663 0.0368079 0.0801844 0.0499956 -0.0235415 -0.0274231 -0.0216549 0.0700051 -0.0424411 0.0718136 0.0742742 0.0329759 -0.041546 -0.0759358 0.0855453 0.078182 0.0687787 -0.0856511 -0.0686633
internal_weight=12335.9 7953.67 4382.24 802.066 7169.41 5381.23 5315.98 4808.5 566.87 3756.53 784.269 126.533 60.9655 738.851 88.8646 21.635 65.5673 45.4183 39.3305 36.2002 440.337 433.14 22.1717 3544.79 235.196 649.986 90.3211 35.1571 97.1004 13.5963
internal_count=50000 32148 17852 3246 28955 21657 21393 19325 2293 15111 3193 508 245 3010 359 87 263 183 158 146 1785 1756 90 14247 953 2651 368 143 395 55
cat_boundaries=0 1 2 4 5 7 8 9 10 11 12
cat_threshold=48 2147483904 2049 9437192 4 0 8388608 1 2 1 4 2
is_linear=0
shrinkage=0.05


Tree=4
num_leaves=31
num_cat=6
split_feature=17 1 30 13 14 0 8 27 12 7 19 8 11 3 7 7 4 3 3 3 5 4 11 11 13 7 14 8 3 7
split_gain=20052.6 1004.15 627.157 362.642 305.747 160.147 112.729 93.8428 90.8919 48.6842 20.1473 17.5335 25.8873 18.9618 10.9844 6.43119 16.4254 19.3725 5.78841 18.0779 5.5346 5.51413 11.3881 5.91232 5.17992 3.26568 13.7535 2.65331 4.29925 2.45968
threshold=0 1 2 237.50000000000003 9251.5000000000018 3 675.50000000000011 4 200.00000000000003 1516.0000000000002 5 711.00000000000011 10.500000000000002 50320.000000000007 653.00000000000011 1891.5000000000002 74.000000000000014 54452.500000000007 47577.000000000007 61386.500000000007 1.0000000180025095e-35 67.500000000000014 62.000000000000007 5.5000000000000009 13.500000000000002 1558.0000000000002 2136.0000000000005 1503.5000000000002 101.50000000000001 24563.000000000004
decision_type=9 9 9 8 10 9 10 9 8 10 9 10 8 10 10 8 10 8 10 10 10 10 8 10 10 8 10 10 10 10
left_child=21 -2 24 8 5 6 -5 -7 -4 10 -9 12 15 20 -15 16 17 -12 -19 -20 25 22 27 -23 -3 -14 -27 -1 -29 -24
right_child=1 2 3 4 -6 7 -8 9 -10 -11 11 -13 13 14 -16 -17 -18 18 19 -21 -22 23 29 -25 -26 26 -28 28 -30 -31
leaf_value=0.080416114329663266 -0.083985219156969701 -0.095998357615504792 -0.0028317085068755481 -0.084641061644575133 0.069445334991360422 0.083749367092524674 0.058862638117854138 0.034723619532629389 -0.084647326005212339 -0.079746053631326919 0.021519711954682511 -0.074837126630976344 -0.067596756347489878 -0.073700316911661137 -0.016623050747327749 -0.056326969487713874 -0.093379488057653698 -0.0085606892929895578 -0.017769072996874025 -0.092928172544964854 -0.0060873333779722372 0.083314746073788956 0.058577052740465534 0.07795845164039622 -0.085620791317838715 -0.039516771070247113 0.018747672076871547 0.052218402666916165 0.088787600237689612 0.086777369470011009
leaf_weight=890.55896866321564 1726.8483185917139 160.21164098381996 887.76892258226871 281.07720549404621 62.274164944887161 15.389934808015823 14.385613232851027 9.2010344415903091 35.295953080058098 75.405469715595245 34.430400058627129 34.498068332672119 10.261742994189261 59.827733397483826 9.8116176277399045 9.7724641561508161 6.2138616889715186 37.012463852763176 34.326037302613258 10.432111412286757 12.488708227872847 3037.6262745559216 81.40033957362175 620.41628827154636 482.04194362461567 3530.52661280334 10.157632246613501 21.032719910144806 13.007720977067946 8.5439281910657865
leaf_count=3676 7149 642 3562 1163 254 63 59 37 146 307 138 141 42 245 40 40 25 149 138 42 50 12565 331 2557 1988 14236 41 86 53 35
internal_value=1.97383e-05 -0.0503439 -0.0402401 -0.0343046 -0.0405306 -0.0421631 -0.0776541 -0.0394741 -0.00596016 -0.0399623 -0.0391747 -0.0393537 -0.0390285 -0.0398194 -0.0656586 -0.0172936 -0.0141776 -0.00994224 -0.0231896 -0.035287 -0.0393144 0.0813277 0.0782402 0.0824063 -0.0868571 -0.0394313 -0.0393496 0.0798924 0.0661924 0.0612558
internal_weight=12222.2 7549.66 5822.81 5180.56 4257.49 4195.22 295.463 3899.76 923.065 3884.37 3808.96 3799.76 3765.26 3633.07 69.6394 132.187 122.415 116.201 81.7706 44.7581 3563.43 4672.59 1014.54 3658.04 642.254 3550.95 3540.68 924.599 34.0404 89.9443
internal_count=50000 30697 23548 20918 17210 16956 1222 15734 3708 15671 15364 15327 15186 14654 285 532 492 467 329 180 14369 19303 4181 15122 2630 14319 14277 3815 139 366
cat_boundaries=0 2 3 49 50 51 52
cat_threshold=2147483907 1048584 8 0 0 0 0 0 0 0 0 0 0 0 0 0 0 0 0 0 0 0 0 106496 0 0 0 2147483776 67108864 4 0 0 2 0 0 536870912 8192 84 0 0 0 0 0 0 0 0 0 0 1744830464 1 1 4
is_linear=0
shrinkage=0.05


Tree=5
num_leaves=31
num_cat=7
split_feature=7 7 17 1 17 14 13 4 13 12 27 5 8 11 11 18 4 5 14 27 19 11 10 3 8 10 4 3 3 14
split_gain=13170.5 3506.33 1364.12 989.522 269.339 129.767 667.975 540.783 165.377 138.311 90.1026 72.7516 47.3225 51.6244 37.9738 39.5238 39.8256 30.9457 24.3828 17.6705 7.32308 7.16635 4.91575 4.65092 4.15671 3.36766 3.24904 2.96359 3.07958 2.91908
threshold=24365.000000000004 24365.000000000004 0 1 2 1261.0000000000002 13.500000000000002 105.50000000000001 431.50000000000006 3.5000000000000004 3 205.00000000000003 421.50000000000006 23.500000000000004 3.5000000000000004 4 137.50000000000003 202.00000000000003 4372.0000000000009 5 6 2782.5000000000005 8.5000000000000018 56064.000000000007 604.50000000000011 20.500000000000004 6118.0000000000009 60843.000000000007 50751.000000000007 15847.500000000002
decision_type=8 10 9 9 9 10 8 10 8 8 9 8 10 8 10 9 8 8 10 9 9 8 10 8 10 10 8 10 8 10
left_child=2 3 21 -2 -5 6 9 17 -7 -6 -4 20 13 14 15 -12 19 26 -10 -17 -9 22 -1 -19 -14 -3 -8 28 -24 -20
right_child=1 25 10 4 5 8 7 11 18 -11 12 -13 24 -15 -16 16 -18 23 29 -21 -22 -23 27 -25 -26 -27 -28 -29 -30 -31
leaf_value=0.077959782070711872 -0.081216275727265752 0.080743765289914851 0.080732662685769008 0.049938868832196587 0.007425538642535927 -0.081725428368036299 -0.048353449753159541 0.049108337992859012 -0.017429291519179404 -0.072805116191813388 0.04155420862755526 -0.082063817111700327 -0.044911160538616005 -0.069421883153442485 -0.084415968887608189 -0.019354388827032522 0.029245845439119733 0.0042897755967661556 0.044809473841537044 -0.078252151638778661 -0.011518280513089263 0.080581194034220316 0.066656421118896581 -0.037773173423230298 -0.080057002696298243 0.071000563944208131 -0.081626374142122468 0.049435835241112412 0.075603924641466327 0.072815835361789136
leaf_weight=1142.7236117720604 1697.5130093097687 481.8666630834341 15.172190129756927 80.725691854953766 760.80038857460022 30.398475140333176 8.7900991439819318 8.1795235276222229 9.6228518038988096 57.798491209745407 28.441546455025673 965.62429712712765 9.5143593698739988 56.704192206263542 15.575467690825461 26.771603614091873 25.397628575563431 6.5839931517839423 11.282336309552191 24.288375347852707 12.737113505601883 2366.0975566208363 147.52151095867157 3527.1138398647308 72.664344444870949 108.69292609393597 44.379816800355911 14.415099725127218 276.25367778539658 53.062457486987114
leaf_count=4795 7149 2026 63 331 3052 128 36 33 39 233 114 4013 39 235 63 108 102 27 46 98 51 9954 613 14279 299 455 187 60 1153 219
internal_value=1.9079e-05 -0.0382193 0.0712611 -0.0477312 -0.0373267 -0.0386968 -0.039836 -0.0472815 0.0164545 0.00176072 -0.0363745 -0.0800654 -0.0446276 -0.0300821 -0.0115659 -0.000749124 -0.0193851 -0.0382645 0.0568035 -0.0473711 0.01219 0.0786405 0.0762333 -0.0376948 -0.0759879 0.0789505 -0.0761257 0.0717308 0.0724892 0.0679051
internal_weight=12086.7 7865.17 4221.54 7274.61 5577.1 5496.37 5392.01 4573.41 104.366 818.599 274.53 986.541 259.358 177.179 120.475 104.899 76.4576 3586.87 73.9676 51.06 20.9166 3947.01 1580.91 3533.7 82.1787 590.56 53.1699 438.19 423.775 64.3448
internal_count=50000 32304 17696 29823 22674 22343 21911 18626 432 3285 1121 4097 1058 720 485 422 308 14529 304 206 84 16575 6621 14306 338 2481 223 1826 1766 265
cat_boundaries=0 2 3 4 5 6 7 8
cat_threshold=2147485953 1048584 8 2 1 128 2 4
is_linear=0
shrinkage=0.05


Tree=6
num_leaves=31
num_cat=6
split_feature=1 1 12 8 13 14 12 7 0 10 16 8 13 4 3 27 4 5 13 9 7 10 4 12 11 3 19 4 12 7
split_gain=14776.2 891.547 461.531 535.231 364.127 204.579 203.894 190.65 151.196 52.9739 165.803 49.3418 47.7143 28.9744 27.9575 30.682 21.7618 20.7397 19.6704 18.4745 49.1468 12.2201 10.2657 8.40145 7.79134 11.1815 6.64362 5.52733 4.67996 4.67383
threshold=0 1 173.00000000000003 2619.5000000000005 42.500000000000007 4954.0000000000009 1.5000000000000002 1807.5000000000002 2 46.000000000000007 3 498.50000000000006 374.00000000000006 4330.5000000000009 49532.500000000007 4 59032.500000000007 351.00000000000006 357.50000000000006 1318.5000000000002 3552.0000000000005 5478.5000000000009 53728.500000000007 443.50000000000006 2237.0000000000005 41754.500000000007 5 137.50000000000003 15.500000000000002 430.00000000000006
decision_type=9 9 8 8 10 10 8 10 9 8 9 10 8 10 10 9 8 8 8 10 8 8 8 8 10 8 9 8 10 10
left_child=2 -2 29 9 5 6 -3 13 23 10 14 19 -7 27 -4 -16 -11 26 -10 20 22 24 -12 28 25 -9 -15 -5 -8 -1
right_child=1 4 3 7 -6 12 8 21 18 16 11 -13 -14 17 15 -17 -18 -19 -20 -21 -22 -23 -24 -25 -26 -27 -28 -29 -30 -31
leaf_value=-0.081214112378244843 -0.078749187882578925 -0.013556113420240263 0.032539275995042381 -0.04448985539008711 -0.079465004333449385 -0.079119415751551445 -0.056439072156324648 0.063559492521289992 -0.079430986906623743 0.077039753977031417 0.054755413633684108 0.071114108639929757 0.065353595762850242 0.046890522052881363 0.073585009726575168 -0.05480188657603316 0.051193917338633835 -0.080316515870521993 -0.035878012587946727 0.071428595609282997 -0.083962299315432559 0.079642407882472718 0.028698546850610424 -0.079221127732096247 0.080525962039623505 0.01715484449772409 -0.010945597958925246 -0.079959408574919622 -0.088060774595150659 -0.053612999562370249
leaf_weight=23.417474254965782 1664.3084912598133 984.37266239523888 19.02298067510128 13.314897790551184 453.31170149147511 6.2798518687486649 79.722035571932793 16.282346546649933 26.118112429976463 2602.4692138880491 88.066679954528809 1692.1407612413168 63.535320833325386 8.1390937715768814 5.2709855437278748 39.724978402256966 84.074044182896614 8.6909703761339205 3506.0586831569672 52.591821685433388 7.9430252760648719 15.185826420783995 66.223089247941971 201.3728990405798 7.2967334240674964 64.028185829520226 12.733445405960083 62.730518788099289 13.713390573859213 44.4529028236866
leaf_count=99 7149 3959 79 55 1944 27 322 69 112 11161 366 7211 265 33 22 161 348 37 14256 225 33 65 275 865 31 270 51 268 56 186
internal_value=2.25699e-05 -0.0466681 0.0662155 0.0681558 -0.0365304 -0.032618 -0.033851 -0.0102385 -0.0390712 0.0716635 0.065438 0.0678924 0.0523583 -0.0574197 -0.0158087 -0.0397622 0.0762309 -0.0154162 -0.0362001 0.0456758 0.0373273 0.0382351 0.0435715 -0.0734716 0.0310576 0.026563 0.0116072 -0.073749 -0.0610801 -0.0631363
internal_weight=11932.6 6998.79 4933.8 4865.93 5334.48 4881.17 4811.36 208.402 3826.99 4657.53 1970.98 1906.97 69.8152 105.609 64.0189 44.996 2686.54 29.5635 3532.18 214.825 162.233 102.793 154.29 294.808 87.6073 80.3105 20.8725 76.0454 93.4354 67.8704
internal_count=50000 28955 21045 20760 21806 19862 19570 879 15611 19881 8372 8110 292 444 262 183 11509 121 14368 899 674 435 641 1243 370 339 84 323 378 285
cat_boundaries=0 1 2 3 4 5 6
cat_threshold=48 8 1 32 1 4
is_linear=0
shrinkage=0.05


Tree=7
num_leaves=31
num_cat=7
split_feature=1 1 12 5 13 16 10 12 14 4 4 16 27 4 8 9 4 7 11 13 27 11 7 10 9 19 9 3 14 9
split_gain=13552.6 850.521 427.027 403.19 375.614 232.223 161.356 160.358 224.143 137.888 59.8463 46.4718 67.91 41.4759 30.0324 55.3819 38.9741 22.4596 21.5425 20.9908 20.0706 17.1807 26.4067 14.7847 9.98783 6.03285 5.00833 3.64025 3.09908 2.60698
threshold=0 1 340.50000000000006 351.00000000000006 22.500000000000004 2 3.5000000000000004 21.500000000000004 5430.0000000000009 8088.5000000000009 9999.0000000000018 3 4 264.00000000000006 2001.0000000000002 1136.5000000000002 137.50000000000003 1779951.0000000002 37.500000000000007 276.50000000000006 5 2237.0000000000005 1540.5000000000002 9.5000000000000018 712.50000000000011 6 4125.0000000000009 51525.000000000007 6084.0000000000009 17691.000000000004
decision_type=9 9 8 8 10 9 8 8 10 8 10 9 9 10 8 10 8 8 10 8 9 8 10 8 10 9 10 10 8 10
left_child=2 -2 -1 13 7 27 11 -3 9 -9 14 12 -7 -4 17 -16 -17 21 23 -11 -14 22 -8 -18 -13 -15 -24 -5 -21 -28
right_child=1 4 3 5 -6 6 10 8 -10 19 -12 24 20 25 15 16 18 -19 -20 28 -22 -23 26 -25 -26 -27 29 -29 -30 -31
leaf_value=-0.060986123458049192 -0.076539247712437572 -0.012696319679422264 -0.071954820892192212 -0.07794366210909176 -0.07518990675729896 0.076540004440236953 0.049952536814505857 -0.077167828936550706 0.056508195675804597 -0.077156265832275306 -0.085584114777179157 0.035059803823517345 -0.016562426678422656 0.044813571515628758 -0.079258579679896343 0.07357768462167065 0.065952392320970249 0.045881884367157594 0.057768931682130542 -0.0071551892978371865 -0.080905796549583187 0.074740546846390546 0.068377020849674452 -0.025822566034551214 0.077651250243107789 -0.010401892716934605 0.06921325026649762 -0.047149684801174319 -0.034327534591134183 0.076918987081558601
leaf_weight=67.12007899582386 1627.9516403079033 991.57257449626923 54.264058381319046 15.761216551065443 523.98726572096348 14.754047095775604 176.57284274697304 201.07751299440861 65.355281949043274 28.734231308102608 6.123131349682807 65.530219972133636 26.619984954595566 8.0916992425918579 7.908415973186492 105.80234572291374 5.4148789793252945 83.073033392429352 21.576020732522011 10.525198087096213 22.249746188521385 2543.7375942021608 1035.6510507315397 23.14891886711121 17.424789905548096 12.729179635643959 161.42622771859169 24.5390844643116 3478.6906945705414 342.9461797773838
leaf_count=286 7149 3989 236 67 2275 63 760 882 277 126 26 266 108 33 33 458 23 347 92 43 91 11142 4488 97 76 51 702 104 14214 1496
internal_value=2.18917e-05 -0.0448099 0.0641208 0.0660135 -0.034938 0.0678498 0.0688009 -0.030595 -0.0352847 -0.0368978 0.0706252 0.0173203 -0.0151004 -0.0489359 0.0708374 0.0498238 0.0563701 0.0716301 0.0200596 -0.0345961 -0.0458571 0.0721322 0.068267 -0.00842466 0.039272 0.0110567 0.0703669 -0.0474251 -0.0342456 0.0744527
internal_weight=11770.4 6927.89 4842.46 4775.34 5299.94 4700.26 4659.96 4775.96 3784.38 3719.03 4513.38 146.579 63.6238 75.0849 4507.26 163.851 155.942 4343.41 50.1398 3517.95 48.8697 4260.33 1716.6 28.5638 82.955 20.8209 1540.02 40.3003 3489.22 504.372
internal_count=50000 28955 21045 20759 21806 20439 20268 19531 15542 15265 19664 604 262 320 19638 703 670 18935 212 14383 199 18588 7446 120 342 84 6686 171 14257 2198
cat_boundaries=0 1 2 3 4 5 6 7
cat_threshold=48 8 2 32 1 2 4
is_linear=0
shrinkage=0.05


Tree=8
num_leaves=31
num_cat=6
split_feature=17 1 7 30 13 0 12 14 9 8 8 7 11 27 10 3 11 9 4 8 3 19 3 13 3 3 9 3 5 4
split_gain=12709.7 1118.44 813.146 589.257 781.47 327.892 243.322 205.411 109.475 90.1236 83.9404 98.2803 81.5988 59.9572 52.3491 49.0025 26.193 20.7931 37.1598 18.6209 16.5822 13.4014 12.1643 10.5876 4.87548 10.7336 2.03182 1.92916 1.50502 5.7501
threshold=0 1 2373.0000000000005 2 13.500000000000002 3 10.500000000000002 4348.0000000000009 3365.5000000000005 964.50000000000011 906.50000000000011 20946.000000000004 28.500000000000004 4 9.5000000000000018 56519.000000000007 10553.500000000002 27186.500000000004 105.50000000000001 324.50000000000006 37978.000000000007 5 51208.000000000007 47.500000000000007 56735.000000000007 53260.000000000007 1286.0000000000002 60185.500000000007 202.00000000000003 56083.000000000007
decision_type=9 9 10 9 8 9 8 10 10 10 8 8 8 9 8 10 8 10 8 10 8 9 8 10 8 10 10 8 8 8
left_child=-1 -2 3 23 6 9 -5 10 12 -6 11 13 15 -7 -13 20 22 18 -10 21 -4 -12 -15 -3 25 -24 -21 -18 -23 -30
right_child=1 2 8 4 5 7 -8 -9 17 -11 19 14 -14 16 -16 -17 27 -19 -20 26 -22 28 24 -25 -26 -27 -28 -29 29 -31
leaf_value=0.073555034132885902 -0.074550116805620806 -0.088706501735389826 -0.0053316444756937127 0.032322763203577499 -0.075226949779832852 0.074264705308490553 -0.076968647399826395 0.061027754324211203 0.039418708735863395 0.062661594146303082 0.028200315623233187 -0.08233585425527197 -0.064338309163973748 0.0065074065429551369 0.051114510058247922 -0.070880030530833069 -0.055483419419723318 0.020045384659754032 -0.08264907839961344 -0.085545466649043223 0.058937765623941651 -0.019210627568502996 -0.0015732538844292839 -0.075054938982036093 -0.021479950430949041 -0.069301446720362106 -0.060367887221618191 -0.081549793668309875 -0.066491866035139457 -0.032751414696923963
leaf_weight=3892.2342191189528 1589.0695535987616 230.86870478093624 10.346506848931311 621.11831843852997 499.97904972732067 14.453377023339272 55.475850880146027 61.79224120080471 8.2718545049428922 12.137783557176588 9.0284475237131119 8.0901368260383588 15.131805717945097 34.327010333538055 80.183337926864624 7.6561277806758872 50.653067409992218 13.945496693253515 25.31486976146698 12.184774741530417 334.74666371941566 20.271193936467171 8.8191583752632159 369.07852232456207 75.903224721550941 17.374653607606888 23.404298827052116 8.2549864649772626 12.673468530178068 3473.0412670969963
leaf_count=17409 7149 943 44 2492 2156 63 239 265 35 53 37 34 65 139 338 32 217 59 106 51 1459 83 36 1660 308 71 101 35 55 14266
internal_value=2.17476e-05 -0.0371781 -0.0273598 -0.0323273 -0.0266299 -0.0343381 0.0233617 -0.0294113 0.0401316 -0.0719588 -0.0308633 -0.00537739 0.0493579 -0.0240017 0.038884 0.0542351 -0.0312728 -0.0312765 -0.0525858 -0.0330028 0.0570109 -0.0326384 -0.0192413 -0.0789916 -0.0278986 -0.0464981 -0.068988 -0.0591362 -0.0327951 -0.0328741
internal_weight=11595.8 7703.6 6114.53 5699.11 5099.17 4422.57 676.594 3910.45 415.413 512.117 3848.66 298.059 367.881 209.785 88.2735 352.749 195.332 47.5322 33.5867 3550.6 345.093 3515.01 136.424 599.947 102.097 26.1938 35.5891 58.9081 3505.99 3485.71
internal_count=50000 32591 25442 23642 21039 18308 2731 16099 1800 2209 15834 1241 1600 869 372 1535 806 200 141 14593 1503 14441 554 2603 415 107 152 252 14404 14321
cat_boundaries=0 1 2 48 49 50 51
cat_threshold=2147483905 8 0 0 0 0 0 0 0 0 0 0 0 0 0 0 0 0 0 0 0 0 98304 0 0 0 2147483776 67108864 4 0 0 2 268435456 0 536870912 8192 84 0 0 0 0 0 0 0 0 0 0 1744830464 1 1 4
is_linear=0
shrinkage=0.05


Tree=9
num_leaves=31
num_cat=5
split_feature=17 1 13 10 14 13 9 8 8 19 12 0 11 27 7 11 4 8 4 7 4 4 13 5 4 4 4 12 9 3
split_gain=12864.8 842.7 225.363 130.552 101.026 99.6606 58.1015 82.5182 89.4263 68.5937 54.8598 131.944 48.2267 66.1814 21.8489 14.6131 26.0773 10.1581 23.5435 9.924 32.6996 31.6584 7.79703 8.04706 7.58995 7.01665 16.7346 6.04211 3.72868 39.8729
threshold=0 1 125.50000000000001 1.5000000000000002 3504.0000000000005 13.500000000000002 3120.5000000000005 428690.00000000006 1093.5000000000002 2 802.00000000000011 3 4.5000000000000009 4 1607.5000000000002 9.5000000000000018 53728.500000000007 933.50000000000011 264.00000000000006 30042.000000000004 2603.0000000000005 105.50000000000001 8.5000000000000018 408.00000000000006 54809.500000000007 53728.500000000007 84.000000000000014 802.00000000000011 17597.500000000004 51351.000000000007
decision_type=9 9 10 8 10 8 8 8 10 9 8 9 8 9 10 10 8 10 8 8 8 10 8 8 8 8 10 8 10 10
left_child=17 -2 3 12 6 -6 9 8 14 -5 -9 -12 13 -3 -8 27 -17 -1 -19 20 21 -10 -13 25 -25 26 -24 -11 29 -20
right_child=1 2 -4 4 5 -7 7 10 19 15 11 22 -14 -15 -16 16 -18 18 28 -21 -22 -23 23 24 -26 -27 -28 -29 -30 -31
leaf_value=0.072007518669548992 -0.072751996865653354 -0.029304677280742843 -0.073164261543535572 0.057070760191919069 -0.073580151923454226 0.056307707080932183 0.048316477397193199 -0.021216194912752562 0.061844309173658678 -0.051556752124075594 -0.073189908993816152 -0.073564066157786434 -0.075360749629709525 0.071158461736733222 -0.057894359652980044 -0.08213986227413167 0.045557009253657493 0.072349085740644289 0.057773843919491079 -0.062681784774957297 -0.080137402260080121 -0.079543999860595169 -0.037082112633778357 -0.075706406222631195 -0.03128226947078741 -0.046913421568539476 0.046491210646220998 -0.07166043980205393 0.076399537893035482 -0.057629652983271676
leaf_weight=3133.2957786023617 1548.2094589918852 22.734614565968513 300.72222220897675 12.718972727656364 19.361515790224075 62.249467104673386 77.525551781058311 1190.648441568017 13.682866528630258 50.777753129601479 198.70187069475651 10.882215440273283 9.5975927114486677 58.770722180604935 5.1646566689014426 7.7928172796964672 8.2100627273321134 607.28248751163483 357.03055074810982 25.364158689975739 13.694401711225508 5.5711732059717169 11.29256944358349 9.6416624784469587 3452.3170150667429 7.9589888006448737 12.756150394678114 141.59375505149364 22.336494311690331 7.6450685560703269
leaf_count=14385 7149 93 1390 57 89 271 331 4889 59 223 918 50 43 243 21 33 35 2775 1589 110 59 24 48 43 14260 32 52 597 99 33
internal_value=2.50769e-05 -0.0399515 -0.0309773 -0.0286975 -0.0297105 0.0254929 -0.0305676 -0.029466 0.00824456 -0.0556543 -0.0305525 -0.033554 0.0306524 0.0431359 0.0416828 -0.0625349 -0.0166267 0.0704396 0.066207 -0.0391725 -0.0210747 0.0209335 -0.0313069 -0.0311753 -0.031406 -0.00621997 0.00724764 -0.0663539 0.0565691 0.0553545
internal_weight=11405.5 7277.94 5729.73 5429.01 5337.91 81.611 5256.3 5035.2 141.003 221.093 4894.2 3703.55 91.1029 81.5053 82.6902 208.374 16.0029 4127.59 994.295 58.3126 32.9484 19.254 3504.85 3493.97 3461.96 32.0077 24.0487 192.372 387.012 364.676
internal_count=50000 31119 23970 22580 22201 360 21841 20896 604 945 20292 15403 379 336 352 888 68 18881 4496 252 142 83 14485 14435 14303 132 100 820 1721 1622
cat_boundaries=0 2 3 4 5 6
cat_threshold=2147483905 1048576 8 4 1 2
is_linear=0
shrinkage=0.05


Tree=10
num_leaves=31
num_cat=6
split_feature=17 14 9 13 13 1 14 1 27 19 8 0 11 9 3 3 4 12 5 5 8 9 7 3 4 3 10 12 3 3
split_gain=12191.6 754.393 65.4392 273.669 63.1872 106.154 64.9196 107.864 55.139 44.7307 15.2186 112.831 14.7772 34.0607 13.5023 11.2778 14.2188 11.1327 9.19369 8.92834 7.29251 10.9984 6.01405 5.84298 8.77737 6.39185 26.2649 5.72641 5.15459 4.90782
threshold=0 4686.0000000000009 680.00000000000011 64.500000000000014 327.50000000000006 1 4520.0000000000009 2 3 4 817.50000000000011 5 24.500000000000004 1213.5000000000002 62465.000000000007 54211.000000000007 56083.000000000007 1231.5000000000002 351.00000000000006 202.00000000000003 923.50000000000011 72430.000000000015 11927.000000000002 51060.000000000007 129.00000000000003 42330.000000000007 25.500000000000004 22.500000000000004 48926.500000000007 58582.000000000007
decision_type=9 8 10 10 8 9 10 9 9 9 10 9 8 8 10 10 8 8 8 8 10 8 10 10 8 8 8 8 8 10
left_child=20 -2 3 4 17 -6 8 -8 -7 18 11 -11 14 -14 28 16 -15 -3 -10 -18 21 -1 -23 24 -22 26 -26 29 -13 -4
right_child=1 2 27 -5 5 6 7 -9 9 10 -12 12 13 15 -16 -17 19 -19 -20 -21 23 22 -24 -25 25 -27 -28 -29 -30 -31
leaf_value=0.070339902994902878 -0.071149949838387877 -0.01645821727569249 -0.056313993289056376 -0.071809746285472834 -0.067802268781955333 0.070348633122774354 -0.054191487572575407 0.048937409316699154 0.0089080066083099384 -0.082126727097400209 -0.080591905638011052 0.014130724031771007 -0.065515118078491988 0.020462482944967809 -0.08118384667908167 -0.076467598804934367 -0.091312394896210694 -0.072415379822578063 0.074061506704761346 -0.028392688432566426 0.069914414513675152 0.046501837349964763 0.068240535259640675 0.069151862080978538 -0.066969818055012578 0.058243193214155456 0.072615883960615663 -0.071297007088826442 -0.012697304409362051 -0.002619198317010081
leaf_weight=2982.0340069234371 1506.1718235760927 1108.5778435766697 19.857293054461483 372.45969970524311 181.19835542142391 13.797087371349335 30.524608716368675 59.768752232193947 10.709995910525322 100.97951745986938 14.932260796427725 22.042090386152267 63.16999277472496 14.894514709711073 6.5953629463911048 12.187003955245016 5.6477405428886414 8.9603816419839841 10.950476378202438 3322.9056198894978 199.33621437847614 76.548357740044594 54.44396984577179 438.687600299716 5.1207394152879715 352.52763140201569 9.8571380674839002 105.80705483257771 95.376065328717232 5.4164407402276984
leaf_count=14064 7145 4522 88 1762 861 63 144 265 45 424 63 90 284 63 28 54 23 42 50 13801 933 331 257 2051 22 1599 46 464 392 24
internal_value=2.6801e-05 -0.039689 -0.0312783 -0.0304395 -0.0274082 -0.0303675 -0.0283211 0.0134917 -0.0294198 -0.0297938 -0.0302179 -0.0300115 -0.0285261 -0.0291411 -0.0115712 -0.0284563 -0.0282813 -0.0169069 0.0418464 -0.0284994 0.0683553 0.069717 0.055537 0.0648193 0.0614663 0.056884 0.0248934 -0.0661894 -0.00766107 -0.0448066
internal_weight=11211.5 7092.93 5586.76 5455.68 5083.22 3965.68 3784.48 90.2934 3694.19 3680.39 3658.73 3643.8 3542.82 3418.8 124.014 3355.63 3343.45 1117.54 21.6605 3328.55 4118.56 3113.03 130.992 1005.53 566.842 367.506 14.9779 131.081 117.418 25.2737
internal_count=50000 30697 23552 22976 21214 16650 15789 409 15380 15317 15222 15159 14735 14225 510 13941 13887 4564 95 13824 19303 14652 588 4651 2600 1667 68 576 482 112
cat_boundaries=0 2 3 4 5 6 7
cat_threshold=2147483907 1048584 2 8 1 4 2
is_linear=0
shrinkage=0.05


Tree=11
num_leaves=31
num_cat=7
split_feature=17 1 13 13 14 2 8 7 0 19 3 12 14 3 8 9 27 7 4 11 11 7 4 11 5 19 4 4 4 3
split_gain=10969.4 782.715 454.094 174.765 159.7 104.238 74.1589 122.697 79.2005 67.2686 60.8356 53.3661 31.1148 22.7421 21.0589 23.3533 15.1376 15.0585 44.2525 10.8437 9.59122 8.86313 7.74559 6.41044 4.64477 5.45181 4.59589 2.74362 2.52569 12.4353
threshold=0 1 16.500000000000004 151.50000000000003 7399.5000000000009 2 598.50000000000011 247.50000000000003 3 4 53829.000000000007 79.500000000000014 1.0000000180025095e-35 50829.000000000007 2939.0000000000005 1745.0000000000002 5 34218.500000000007 84.000000000000014 931.50000000000011 828.00000000000011 1729.5000000000002 39.000000000000007 11.500000000000002 351.00000000000006 6 105.50000000000001 49809.000000000007 8051.0000000000009 38737.500000000007
decision_type=9 9 10 8 10 9 8 10 9 9 10 8 10 10 10 8 9 8 10 8 8 8 8 8 8 9 8 8 8 10
left_child=23 -2 3 11 5 9 7 10 12 -5 13 -3 -8 28 15 26 -12 18 22 21 -9 -18 -17 -1 25 -19 -10 -26 29 -7
right_child=1 2 -4 4 -6 6 8 20 14 -11 16 -13 -14 -15 -16 17 19 24 -20 -21 -22 -23 -24 -25 27 -27 -28 -29 -30 -31
leaf_value=0.064435740191577842 -0.069640585868491395 -0.0014657798133327887 -0.069834480609988786 0.046743603659109685 0.054863835837086219 -0.010329529216611578 -0.079593701333956005 -0.078464981117737198 -0.035041900663739994 -0.070755551935551234 0.061991967717036439 -0.07041024193013426 0.0073782837727745729 -0.037821921709713949 -0.061641514245640065 0.074606193834231671 -0.010606633527758149 0.025181562392081899 -0.082248063219509115 -0.073404067885671762 -0.04128670519688242 -0.076124083711840623 0.018564512974901672 0.068746503755877625 -0.046355234362370656 -0.021166421351443896 -0.082061646704105748 -0.027151662506189535 0.044651945927289771 0.049990431469722964
leaf_weight=1283.642949655652 1462.5950714051723 874.24609050154686 593.75539293885231 12.890189066529274 57.40356819331646 12.952265888452528 99.032496213912964 33.445088982582092 6.7278761714696911 221.39860890805721 4.5333590358495712 28.998704835772514 11.475287631154059 9.9808423817157728 44.750008597970009 9.9123286157846469 34.225494354963303 8.9210314601659775 10.374047413468359 12.742329329252241 36.0416579246521 6.0787497460842124 16.311367049813271 2628.1657707542181 18.704667598009109 21.971146896481514 22.838942229747772 3305.2033280879259 97.396975144743919 25.105850428342819
leaf_count=6116 7149 3535 2748 60 259 54 424 137 29 1076 21 141 48 42 204 45 143 37 44 59 161 27 70 12765 84 92 97 13805 420 108
internal_value=2.81778e-05 -0.0370013 -0.0284249 -0.0236063 -0.0279535 -0.0291178 -0.0269068 -0.00183353 -0.0288926 -0.0616592 0.017795 -0.00367924 -0.0705624 0.035017 -0.0275639 -0.0271181 -0.0257045 -0.0267324 0.00516667 -0.033199 -0.0591812 -0.0204881 0.0397478 0.0671603 -0.0270804 -0.00778207 -0.0713624 -0.0272597 0.0403841 0.0294618
internal_weight=11011.8 7100.01 5637.42 5043.66 4140.42 4083.01 3848.73 272.503 3576.22 234.289 203.016 903.245 110.508 145.436 3465.71 3420.96 57.5799 3391.4 36.5977 53.0466 69.4867 40.3042 26.2237 3911.81 3354.8 30.8922 29.5668 3323.91 135.455 38.0581
internal_count=50000 31119 23970 21222 17546 17287 16151 1172 14979 1136 874 3676 472 624 14507 14303 250 14177 159 229 298 170 115 18881 14018 129 126 13889 582 162
cat_boundaries=0 2 3 4 5 6 7 8
cat_threshold=2147483905 1048576 8 1 2 4 1 4
is_linear=0
shrinkage=0.05


Tree=12
num_leaves=31
num_cat=6
split_feature=17 14 13 14 13 13 0 0 12 8 8 27 9 11 9 17 3 19 3 3 10 4 3 5 11 7 4 11 12 6
split_gain=10416.6 717.273 236.961 81.7081 72.5229 760.74 90.3916 113.724 86.9966 63.1807 55.7555 45.743 31.9895 70.8704 25.6768 19.5287 18.4126 8.86153 10.8059 8.3532 9.50298 7.54656 7.18458 6.9328 5.95506 5.63 9.18828 3.26515 1.72414 1.32643
threshold=0 5112.0000000000009 71.500000000000014 5288.0000000000009 343.50000000000006 11.500000000000002 1 2 10.500000000000002 977.50000000000011 570.50000000000011 3 1.0000000180025095e-35 3.5000000000000004 62005.500000000007 4 50976.000000000007 5 55192.000000000007 50279.000000000007 9.5000000000000018 136.00000000000003 57132.000000000007 202.00000000000003 28.500000000000004 98021.000000000015 136.00000000000003 30.500000000000004 9.5000000000000018 2203.5000000000005
decision_type=9 8 10 10 8 10 9 9 8 10 10 9 8 8 8 9 10 9 10 8 10 8 8 8 8 8 8 8 10 10
left_child=15 -2 3 4 5 8 -6 9 -3 -8 11 -9 -13 16 21 19 -14 -16 23 20 -1 24 -21 -19 -15 -12 -27 -22 -7 -17
right_child=1 2 -4 -5 6 28 7 10 -10 -11 25 12 13 14 17 29 -18 18 -20 22 27 -23 -24 -25 -26 26 -28 -29 -30 -31
leaf_value=-0.04304111000532309 -0.068302555448415889 0.016820835488275745 -0.068905194580746607 0.026032859373599032 -0.077216845206387691 -0.07516983675269423 -0.069280035024798986 0.067479697318612128 -0.074897713485793965 0.046790537106754959 -0.071386620456682676 -0.076566444545407605 0.041616662050630075 -0.079791230216140166 0.024026146681099706 0.067546336154200581 -0.0062992867828971094 0.0088986070819341012 -0.073827096817476193 0.062201075247045261 0.030164232556193316 -0.074841544912248412 0.046630152227896196 -0.025959656305175206 -0.031358685084221481 -0.018055054172221783 -0.073264863018592474 0.071737474786336186 -0.056900827883996301 0.063409977756363284
leaf_weight=4.2141656428575507 1437.1864349395037 719.69636748731136 342.09051142632961 74.561882749199867 98.302208721637726 352.26811972260475 215.08665001392365 13.1879713088274 26.817395508289337 12.400034964084623 68.90936516225338 30.777094349265099 45.940578579902649 8.0586636662483198 8.8835142105817795 3303.733579620719 35.574056297540665 14.325963228940964 11.757790699601172 108.39892628788948 33.890714168548584 31.208471417427063 234.00716076791286 3290.6739793121815 29.876682505011559 15.17099489271641 14.974349692463873 5.4877327978610984 13.406145781278608 205.89476469159126
leaf_count=19 7236 2903 1719 348 431 1493 1078 63 113 58 305 131 187 35 37 16468 147 58 54 512 158 137 1088 13826 139 67 71 26 61 1032
internal_value=2.8874e-05 -0.036813 -0.0286127 -0.0259268 -0.0266928 -0.0154159 -0.0298719 -0.0286621 0.013526 -0.0629532 -0.0265068 -0.0254658 -0.0258153 -0.025366 -0.0264722 0.065316 0.0207055 -0.0258452 -0.0259788 0.0476994 0.0283209 -0.0566297 0.0515596 -0.0258086 -0.0416473 -0.0635024 -0.0454799 0.0359578 -0.0745001 0.0671125
internal_weight=10806.8 6911.14 5473.95 5131.86 5057.3 1112.19 3945.11 3846.81 746.514 227.487 3619.32 3520.26 3507.08 3476.3 3394.79 3895.63 81.5146 3325.64 3316.76 385.999 43.5926 69.1438 342.406 3305 37.9353 99.0547 30.1453 39.3784 365.674 3509.63
internal_count=50000 30697 23461 21742 21394 4570 16824 16393 3016 1136 15257 14814 14751 14620 14286 19303 334 13975 13938 1803 203 311 1600 13884 174 443 138 184 1554 17500
cat_boundaries=0 2 3 4 5 7 8
cat_threshold=2147483907 1048584 2 1 1 2 1048576 4
is_linear=0
shrinkage=0.05


Tree=13
num_leaves=31
num_cat=8
split_feature=9 2 13 12 5 8 36 16 12 0 14 0 13 11 27 11 9 8 27 4 7 4 4 19 10 4 14 7 9 5
split_gain=8074.52 765.365 339.62 272.395 230.247 220.37 140.621 160.577 105.085 118.792 60.499 94.537 91.3241 50.3455 47.4174 30.7129 22.0962 47.7935 16.8909 15.6153 15.1107 19.2919 14.8667 9.76457 10.5753 8.17456 7.04711 5.31025 6.47654 4.54524
threshold=103793.50000000001 0 21.500000000000004 117.50000000000001 408.00000000000006 742.50000000000011 1 2 35.500000000000007 3 1564.0000000000002 4 609.00000000000011 113.00000000000001 5 28.500000000000004 17597.500000000004 2184.0000000000005 6 60.000000000000007 778.50000000000011 56083.000000000007 6118.0000000000009 7 51.000000000000007 136.00000000000003 5606.0000000000009 430.00000000000006 1086.5000000000002 205.00000000000003
decision_type=8 9 10 8 8 8 9 9 8 9 10 9 8 10 9 8 10 10 9 8 10 8 8 9 8 10 10 10 10 8
left_child=3 -2 5 27 -5 25 -6 14 -7 -10 11 -11 -12 29 -8 16 17 20 -16 -19 21 -9 -17 -24 -25 -3 -14 -1 -29 -13
right_child=1 2 -4 4 6 8 7 15 9 10 12 13 26 -15 18 22 -18 19 -20 -21 -22 -23 23 24 -26 -27 -28 28 -30 -31
leaf_value=-0.070611332365193055 -0.067053968791258703 0.038136621645306339 -0.065770465565370945 -0.067847348609219801 -0.039146517624728469 -0.0080916832721736037 0.065983701507036793 0.052487138847058037 -0.067604614688145742 -0.073596354215916995 -0.067983598199582218 -0.0052410758220449039 0.0031239363413836391 0.057676415684262183 -0.011960594360810164 0.065703962140681332 0.067742791458818993 0.054186166578865817 -0.067711205928387516 -0.013198406816057091 0.056801301129003549 0.0086436059666045104 0.06098017792670607 0.040302080853042765 -0.050704823739378985 0.066473639998727671 0.05292403073120442 -0.021674115348097059 -0.062825127600505681 -0.0248887273986305
leaf_weight=20.431118711829185 1374.3695519417524 75.08612334728241 466.46100333333015 36.133629620075226 33.498480692505836 968.45217175781727 12.821921497583389 73.608645066618919 168.55380363762379 99.97706401348114 23.666584372520447 29.702508956193924 8.1160079389810544 18.646911710500717 26.175324618816376 2124.7859992384911 330.83489029109478 11.406858414411543 28.247670322656631 34.908007323741913 1158.1082275658846 38.065109118819237 10.673407003283501 6.5863952785730362 6.1942651718854904 38.500104293227196 56.95940700173378 22.499331787228584 16.627527952194214 3277.7313159704208
leaf_count=99 7149 338 2337 187 157 3939 63 337 876 450 122 125 34 90 108 10978 1698 53 123 165 5792 163 52 33 29 199 264 105 79 13856
internal_value=3.23108e-05 -0.0338925 -0.0250052 0.0561788 0.0577863 -0.0210674 0.0589515 0.059749 -0.0227475 -0.026601 -0.0246346 -0.0256904 0.0161247 -0.0242504 -0.0178616 0.0611675 0.0561915 0.0532878 -0.0408973 0.0033977 0.0551076 0.0375426 0.065267 0.0256771 -0.00380526 0.0477415 0.0467131 -0.0499505 -0.0391618 -0.0247123
internal_weight=10597.8 6606.22 5231.85 3991.61 3932.05 4765.39 3895.92 3862.42 4651.81 3683.35 3514.8 3426.06 88.742 3326.08 67.2449 3795.17 1646.93 1316.1 54.423 46.3149 1269.78 111.674 2148.24 23.4541 12.7807 113.586 65.0754 59.558 39.1269 3307.43
internal_count=50000 29779 22630 20221 19938 20293 19751 19594 19756 15817 14941 14521 420 14071 294 19300 8208 6510 231 218 6292 500 11092 114 62 537 298 283 184 13981
cat_boundaries=0 1 2 3 4 5 6 7 8
cat_threshold=16 2 32 1 2 1 2 4
is_linear=0
shrinkage=0.05


Tree=14
num_leaves=31
num_cat=6
split_feature=17 14 11 7 13 13 13 14 0 0 8 8 9 8 3 12 7 3 8 3 27 27 3 4 4 7 12 19 4 3
split_gain=7896.54 809.967 450.732 107.732 91.0669 168.824 75.9306 126.485 103.506 134.927 50.506 30.3016 100.971 21.5584 41.1187 19.3162 17.1877 16.1551 11.0247 9.94905 13.0361 11.4841 9.1696 8.90754 23.8948 20.7082 7.80523 7.76896 8.65311 22.3603
threshold=0 3810.0000000000005 50.500000000000007 5399.0000000000009 250.50000000000003 24.500000000000004 376.50000000000006 16655.500000000004 1 2 598.50000000000011 1269.0000000000002 38347.000000000007 421.50000000000006 40333.500000000007 1102.5000000000002 36730.500000000007 62792.000000000007 598.50000000000011 58702.500000000007 3 4 62190.500000000007 57375.000000000007 416.00000000000006 1111.0000000000002 22.500000000000004 5 56083.000000000007 40345.000000000007
decision_type=9 8 8 8 10 10 8 10 9 9 10 8 8 10 8 8 10 8 10 10 9 9 10 8 10 10 10 9 10 8
left_child=-1 -2 3 13 5 6 15 8 10 -10 -8 12 -11 17 -15 26 18 19 27 20 -3 -21 -12 24 25 -5 -4 -13 29 -29
right_child=1 2 4 23 -6 -7 7 -9 9 11 22 16 -14 14 -16 -17 -18 -19 -20 21 -22 -23 -24 -25 -26 -27 -28 28 -30 -31
leaf_value=0.064671535734162025 -0.065878549974335537 0.064379667851505243 -0.0095022292838763036 -0.037392332143140125 -0.06629110123985664 -0.062324313326632533 -0.066901342490476218 0.05703694766029728 -0.064623537188522873 -0.049565926006409439 -0.01916074473855121 0.023165652372283609 0.040086857890330452 -0.089333361615214379 0.039165623368896368 -0.067089868757935489 0.036328432546073229 -0.01191108207824221 -0.066571765869164787 -0.022701514510331668 0.0083263222553761809 0.059466094121767323 0.068818620956301063 -0.07708813695293143 -0.071332398408913519 0.039804683750126246 -0.074667619580158592 0.067577798018278762 -0.088430862877843464 -0.023819281800938112
leaf_weight=3240.2344057410955 1250.9799248278141 11.853797122836113 993.81642809510231 20.306213572621346 137.16449165344238 286.53842836618423 201.07458437979221 45.318655014038086 202.89464300870895 55.443265110254288 4.7209789305925351 8.8539067804813385 72.437727838754654 6.3499593436717978 317.82975018024445 14.935070395469664 11.926770463585852 42.755896300077438 14.999386996030806 5.0053165704011917 83.004967138171196 28.270172879099846 7.947048544883728 11.893185302615164 21.325907081365585 15.182466074824331 4.6164120584726325 6.7056837677955619 5.1601428240537635 3266.0933232456446
leaf_count=17197 6721 60 4055 93 740 1468 1075 216 1004 263 21 37 331 27 1553 79 56 181 74 21 366 135 40 52 105 71 21 27 21 13890
internal_value=3.05528e-05 -0.0292907 -0.0215884 0.0209306 -0.0260769 -0.0250168 -0.0228427 -0.0260085 -0.026984 -0.0250007 -0.0608008 -0.0226648 0.00121757 0.0290731 0.0366486 -0.0106478 -0.0235864 0.0147024 -0.0238029 0.0235828 0.0153309 0.0471064 0.0360315 -0.0377398 -0.0295028 -0.00436656 -0.00980353 -0.0236077 -0.023734 -0.023632
internal_weight=10395.6 7155.4 5904.42 563.778 5340.65 5203.48 4916.94 3903.58 3858.26 3644.51 213.743 3441.62 127.881 495.07 324.18 1013.37 3313.74 170.89 3301.81 128.134 94.8588 33.2755 12.668 68.7078 56.8146 35.4887 998.433 3286.81 3277.96 3272.8
internal_count=50000 32803 26082 2664 23418 22678 21210 17055 16839 15703 1136 14699 594 2343 1580 4155 14105 763 14049 582 426 156 61 321 269 164 4076 13975 13938 13917
cat_boundaries=0 1 2 3 4 5 6
cat_threshold=2147483904 1 2 1 2 4
is_linear=0
shrinkage=0.05


Tree=15
num_leaves=31
num_cat=6
split_feature=17 2 16 14 13 12 4 5 17 27 5 13 14 27 3 3 4 4 4 7 7 11 8 4 10 3 7 4 6 10
split_gain=8259.22 647.58 123.595 103.738 192.151 49.2335 110.374 40.8872 40.4164 38.7619 23.1277 17.8324 21.4412 15.6707 12.7765 9.48868 16.373 6.13636 12.891 4.56006 18.0384 4.60892 4.03731 10.0883 3.39804 9.79044 3.2397 1.45141 1.25337 1.34723
threshold=0 1 2 16758.000000000004 91.500000000000014 308.00000000000006 9999.0000000000018 205.00000000000003 3 4 202.00000000000003 355.50000000000006 1222.0000000000002 5 53681.500000000007 51624.500000000007 105.50000000000001 136.00000000000003 53728.500000000007 1581.5000000000002 361.00000000000006 5905.0000000000009 596.50000000000011 67.500000000000014 39.500000000000007 56366.000000000007 20161.500000000004 53728.500000000007 294.50000000000006 21.500000000000004
decision_type=9 9 9 10 10 8 8 8 9 9 8 8 10 9 10 10 10 10 8 10 8 8 10 10 8 10 8 8 10 10
left_child=2 7 9 4 5 -3 -7 17 28 -1 -8 -12 -13 14 -11 -9 19 -2 -19 20 -17 -22 23 26 25 -24 27 -10 29 -4
right_child=1 3 8 -5 -6 6 10 15 22 13 11 12 -14 -15 -16 16 -18 18 -20 -21 21 -23 24 -25 -26 -27 -28 -29 -30 -31
leaf_value=0.063319208582521311 -0.039010643933417119 -0.014218899863978327 0.064398935766566925 0.054255438373898582 -0.065436490983858328 -0.066203252161680035 -0.065517420452261804 -0.065443581107381271 0.030034373798307857 0.028964728927831279 -0.065755139994798553 -0.023919452628189036 0.023980468403802024 -0.069773449910183152 -0.041704718287063083 -0.068362560848522505 -0.070974244090179023 0.041640402310604813 -0.040136665122925436 -0.055929447847238502 -0.016798420213980602 0.026761608210589174 0.04758243339771645 0.059623602473257147 0.068780075792161874 -0.022971623259040386 0.038653342571718027 0.014509391769127165 0.061616600411598166 0.056946286266587445
leaf_weight=12.081652656197548 9.1371582895517367 1117.0451955497265 2509.0585150718689 40.780276775360107 288.29411256313324 164.85722482204437 33.714669078588486 1369.5661581903696 32.938708528876305 11.185309365391733 25.255176708102226 3317.2027312368155 23.528171822428703 20.591549664735794 14.936136484146116 12.840560957789419 44.426614418625832 12.574012860655786 7.8137709051370612 11.960660889744757 12.186107307672499 12.103889480233194 297.58770069479942 41.780341103672981 17.996310517191887 4.9995860755443564 71.394870296120644 27.727104991674423 564.28960545361042 62.141822203993797
leaf_count=63 41 4670 13751 199 1600 908 187 7532 137 45 139 14223 105 91 63 66 217 52 32 54 56 57 1493 215 91 22 331 114 3113 333
internal_value=3.79182e-05 -0.0338473 0.0597083 -0.0251163 -0.0258181 -0.0233784 -0.0262487 -0.0627951 0.0609394 -0.0141097 -0.0243113 -0.0238985 -0.0235821 -0.0371561 -0.0114438 -0.0643914 -0.0489821 -0.00496117 0.0102987 -0.0290796 -0.0204307 0.00490787 0.0434658 0.0382093 0.0476721 0.0464167 0.0314344 0.0229387 0.0635478 0.0642188
internal_weight=10192 6503.29 3688.71 5010.68 4969.9 4681.6 3564.56 1492.61 3629.91 58.7946 3399.7 3365.99 3340.73 46.713 26.1214 1463.08 93.5178 29.5249 20.3878 49.0912 37.1306 24.29 494.425 173.841 320.584 302.587 132.061 60.6658 3135.49 2571.2
internal_count=50000 30138 19862 22031 21832 20232 15562 8107 19600 262 14654 14467 14328 199 108 7982 450 125 84 233 179 113 2403 797 1606 1515 582 251 17197 14084
cat_boundaries=0 2 3 4 5 6 7
cat_threshold=2147485955 9437192 18 32 2147483904 1 2
is_linear=0
shrinkage=0.05


Tree=16
num_leaves=31
num_cat=8
split_feature=17 17 13 0 1 14 0 0 9 8 11 3 9 27 19 13 12 7 4 10 7 8 3 10 8 5 3 11 3 7
split_gain=6932.96 845.298 971.942 379.23 606.675 109.263 79.705 78.4411 71.3772 45.1911 67.8021 16.6326 48.1735 15.2941 6.34542 6.29342 3.82895 3.02018 2.92217 2.40148 2.07532 3.54838 1.896 5.83666 6.85673 1.85951 1.70334 1.49984 1.42089 1.41014
threshold=0 1 9.5000000000000018 2 3 890.00000000000011 4 5 18336.500000000004 1007.5000000000001 1.0000000180025095e-35 50409.000000000007 261.50000000000006 6 7 102.50000000000001 802.00000000000011 1737.5000000000002 52240.500000000007 14.500000000000002 3338.0000000000005 1039.5000000000002 52146.500000000007 2.5000000000000004 486.00000000000006 408.00000000000006 60413.000000000007 2.5000000000000004 56487.000000000007 1244.0000000000002
decision_type=9 9 8 9 9 10 9 9 8 10 8 10 10 9 9 8 8 8 8 8 8 10 10 10 10 8 8 8 8 8
left_child=27 9 7 15 -5 6 -6 -3 16 10 -2 12 17 -13 -10 -4 22 -12 25 -11 28 -22 -8 -24 -25 -16 -20 -1 29 -18
right_child=1 2 3 4 5 -7 8 -9 14 19 11 13 -14 -15 18 -17 20 -19 26 -21 21 -23 23 24 -26 -27 -28 -29 -30 -31
leaf_value=0.033504874661219063 -0.067648399332156037 0.026547007584273564 -0.072981534954492583 -0.063872035876497868 -0.070954790905450774 0.041719010929237771 -0.061323960981092801 -0.064754331054837022 0.020988324828662627 0.045090541082564807 0.053763773766228311 -0.034455320357006845 -0.087804082818007667 0.024841765398741368 -0.024665304281092038 -0.064706135863110845 -0.048502047518577882 0.037276372489502989 -0.0014287709802220517 0.058828664869511715 -0.030983987424625565 -0.062017460777334235 -0.066937072727053487 -0.005982872184380171 -0.056131780313708815 -0.05229459079266701 -0.021591443776754451 0.062686588826594156 -0.078763621473143586 -0.078892490570634397
leaf_weight=4.4094943106174469 21.596621975302696 666.81959575414658 462.46210174262524 1240.343666434288 89.391898825764656 63.719588086009026 14.431757956743239 24.385282412171364 8.7466720193624496 277.03001141548157 45.894229590892792 18.514034792780876 7.3977340310811988 26.35183085501194 11.819394290447235 456.56111219525337 10.452573031187059 70.357314959168434 10.509080082178114 35.936478674411774 11.359648197889326 48.699319183826447 13.772600218653677 16.136657521128658 11.800622552633284 12.56221666932106 3209.2274059802294 3066.5134280622005 23.445949658751488 6.0127623081207267
leaf_count=23 97 2695 2057 7149 425 306 74 139 37 1423 199 78 31 114 53 2619 46 331 43 180 52 236 73 78 60 61 13807 17386 102 26
internal_value=4.24661e-05 -0.0277159 -0.0326274 -0.0394441 -0.0338129 -0.023102 -0.0243487 0.023326 -0.0231265 0.0343063 0.0157607 0.0264503 0.0359126 0.000372644 -0.0215416 -0.0688704 -0.0561523 0.0437853 -0.0216562 0.046668 -0.0620204 -0.0561477 -0.045703 -0.0402982 -0.0271656 -0.0389008 -0.0215256 0.0624414 -0.0708577 -0.0595999
internal_weight=9986.66 6915.74 6412.66 5721.46 4802.43 3562.09 3498.37 691.205 3408.98 503.078 190.112 168.515 123.649 44.8659 3252.86 919.023 156.112 116.252 3244.12 312.966 99.9703 60.059 56.1416 41.7099 27.9373 24.3816 3219.74 3070.92 39.9113 16.4653
internal_count=50000 32591 30138 27304 22628 15479 15173 2834 14748 2453 850 753 561 192 14001 4676 747 530 13964 1603 462 288 285 211 138 114 13850 17409 174 72
cat_boundaries=0 1 3 4 5 6 7 8 9
cat_threshold=2147483905 2050 9437192 1 8 2 1 2 4
is_linear=0
shrinkage=0.05


Tree=17
num_leaves=31
num_cat=8
split_feature=9 17 1 17 13 17 11 12 11 4 14 7 0 9 5 19 7 11 7 3 3 19 9 14 13 8 4 27 14 3
split_gain=4237 2064.38 642.932 431.276 360.142 147.135 125.265 120.884 135.012 95.0624 111.419 82.7549 76.4572 41.573 38.7816 33.8654 25.6368 25.0392 18.5496 10.5104 9.53186 7.8585 6.47797 6.45615 9.41946 5.34282 4.22335 5.97764 4.17657 3.51583
threshold=181.50000000000003 0 1 2 16.500000000000004 3 62.000000000000007 686.50000000000011 1.0000000180025095e-35 57541.500000000007 14231.500000000002 24868.500000000004 4 3943.5000000000005 202.00000000000003 5 24365.000000000004 28.500000000000004 2565.5000000000005 55968.000000000007 53525.500000000007 6 4057.5000000000005 4398.0000000000009 274.50000000000006 512.50000000000011 129.00000000000003 7 6084.0000000000009 3263.0000000000005
decision_type=10 9 9 9 10 9 8 8 10 8 10 8 9 10 8 9 8 10 8 10 10 9 8 8 8 10 8 9 10 10
left_child=1 18 -3 -2 7 -5 11 16 9 14 12 13 23 20 19 -8 -4 21 -1 -9 -7 -17 -14 24 -11 -23 27 -10 -25 -15
right_child=3 2 4 5 -6 6 15 8 26 10 -12 -13 22 29 -16 17 -18 -19 -20 -21 -22 25 -24 28 -26 -27 -28 -29 -30 -31
leaf_value=0.063186266173028249 0.061059628794354351 -0.062970539208280663 -0.066153963039932207 -0.065983379318476323 -0.062098217545925677 0.045388618404412905 0.057512896202088708 0.023858825862844987 0.024201176952255255 -0.063496805574285248 0.05501871735093701 -0.045978293623420895 -0.071066891103572324 -0.075741100719428106 -0.063792113749774129 -0.066634487298299835 -1.1107716224539401e-05 0.034677179933490475 0.03595142385086196 -0.043649547626228163 0.0168330627234369 -0.020190412077324839 -0.020632732339705352 -0.068346659299416385 0.0004321181303769293 -0.056085427436401769 0.024954482933076904 0.059566914979413778 -0.023724108348412765 -0.022791728528701177
leaf_weight=636.64884294569492 2290.9552407562733 1196.4512591809034 14.90107177197933 47.560007691383362 508.15084481239319 302.32362826168537 9.783338338136673 17.357732281088833 17.206561133265495 13.888583034276961 47.334155321121216 31.004662290215492 6.3796492516994467 6.463738337159155 184.92637297511101 36.99692602455616 869.54333616793156 9.8647596240043622 69.32927893102169 8.6332415491342527 32.350957736372948 24.883940696716309 3192.1580622345209 96.573557764291763 9.8473542183637637 17.769656717777252 27.84832301735878 39.097701594233513 5.544945925474166 6.0877728462219238
leaf_count=3766 13431 7149 81 211 2748 1581 53 72 71 83 239 156 29 28 1058 210 3536 50 331 39 170 122 13815 481 42 94 119 182 25 28
internal_value=4.17343e-05 -0.0208915 -0.0300299 0.0517927 -0.0221312 0.010008 0.0187747 -0.0177175 -0.0217195 -0.0231899 -0.0211529 0.0322892 -0.0222374 0.0392779 -0.0557543 -0.0308117 -0.00112548 -0.0404649 0.0596666 0.00143504 0.0426283 -0.0497713 -0.0207333 -0.0604639 -0.0369745 -0.0351444 0.0408816 0.0487592 -0.0659237 -0.0500594
internal_weight=9777.87 6961.82 6255.84 2816.04 5059.39 525.089 477.529 4551.24 3666.8 3582.64 3371.73 378.231 3324.39 347.226 210.917 99.2986 884.444 89.5153 705.978 25.991 334.675 79.6505 3198.54 125.854 23.7359 42.6536 84.1526 56.3043 102.119 12.5515
internal_count=50000 33866 29769 16134 22620 2703 2492 19872 16255 15883 14714 1963 14475 1807 1169 529 3617 476 4097 111 1751 426 13844 631 125 216 372 253 506 56
cat_boundaries=0 1 2 3 5 6 7 8 9
cat_threshold=2147483906 8 2147483904 64 8388608 2 4 1 2
is_linear=0
shrinkage=0.05


Tree=18
num_leaves=31
num_cat=6
split_feature=1 17 1 9 13 14 16 0 10 8 6 27 11 11 12 13 4 13 5 4 3 3 7 4 12 14 11 9 3 7
split_gain=5651.75 701.346 603.342 151.93 95.9591 91.2285 51.293 50.9395 67.0413 26.642 33.9802 27.0052 21.7371 13.4162 12.5461 185.946 98.2675 15.9936 11.0874 11.1635 13.2186 9.77768 5.13144 4.78317 3.71303 3.50515 2.73667 14.2619 2.47454 2.06979
threshold=0 1 2 2182.0000000000005 223.50000000000003 7139.5000000000009 3 4 14.500000000000002 496.50000000000006 18547.500000000004 5 38.500000000000007 19.500000000000004 79.500000000000014 37.500000000000007 9999.0000000000018 422.50000000000006 202.00000000000003 56143.500000000007 56314.500000000007 50695.000000000007 34218.500000000007 60.000000000000007 5.5000000000000009 3422.0000000000005 3.5000000000000004 4716.5000000000009 58353.500000000007 23976.500000000004
decision_type=9 9 9 8 10 10 9 9 10 8 8 9 10 8 8 10 8 8 8 8 10 10 8 10 8 8 10 10 8 8
left_child=1 -1 -2 9 5 14 18 8 26 11 -11 -3 -10 21 15 -4 -16 -18 19 20 -5 28 -23 -15 -25 -19 -8 -28 -13 -12
right_child=2 3 4 6 -6 -7 7 -9 12 10 29 13 -14 23 16 -17 17 25 -20 -21 -22 22 -24 24 -26 -27 27 -29 -30 -31
leaf_value=0.060586622601571487 -0.062134389223093368 0.060271973168130467 -0.0088087024049011992 0.040106011661754169 -0.062593840917044355 0.045958015805282047 0.030341010517170704 -0.06750827188598435 -0.065982840304732268 0.026345983134026363 -0.071769690907214842 0.013510375663202826 0.020805816580216581 -0.065686914573564348 -0.062671101199752319 -0.063895775760998849 -0.062966918473399552 0.011922472738206484 -0.046520633861715059 -0.069406803540939116 -0.039607942542964514 -0.021026037074710374 -0.069631155388154564 -0.020387476530849814 -0.056568250991067416 -0.020895672915251701 0.042963612533156739 -0.041157501820507023 -0.006516145371252155 -0.053863875046688797
leaf_weight=2881.9946238845587 1153.1562843322754 11.088348284363747 1032.0091861486435 15.065882191061979 140.30284717679024 50.879538282752037 71.227145344018936 13.170222118496893 21.218673408031464 12.244458615779877 38.709489434957504 27.710941433906555 10.931549116969107 15.319483414292334 148.61641845107079 179.89167280495167 22.658304214477539 8.1565344631671888 28.383078426122665 5.0647952556610099 7.9422442466020575 53.16608889400959 6.0479091405868521 22.397027671337128 10.376302614808081 3255.2757389098406 264.43092423677444 5.1364403367042533 34.790796175599098 27.679366812109947
leaf_count=17500 7149 63 4286 63 873 260 345 75 109 65 183 118 55 85 922 1065 139 35 150 21 36 233 30 112 50 14226 1419 23 147 163
internal_value=4.15728e-05 0.0496268 -0.0296562 0.00441965 -0.0218024 -0.0206304 0.0222938 0.028398 0.0325463 -0.0258905 -0.0501886 -0.0153285 -0.0364734 -0.0202651 -0.0213596 -0.0169857 -0.0229029 -0.0211043 -0.0207998 -0.00220407 0.0125893 -0.0114308 -0.0259904 -0.0426234 -0.0318426 -0.0208136 0.0390576 0.0413607 0.00236287 -0.0643043
internal_weight=9575.04 3584.1 5990.95 702.101 4837.79 4697.49 442.571 386.115 372.945 259.53 78.6333 180.897 32.1502 169.809 4646.61 1211.9 3434.71 3286.09 56.456 28.0729 23.0081 121.716 59.214 48.0928 32.7733 3263.43 340.795 269.567 62.5017 66.3889
internal_count=50000 21045 28955 3545 21806 20933 2296 2026 1951 1249 411 838 164 775 20673 5351 15322 14400 270 120 99 528 263 247 162 14261 1787 1442 265 346
cat_boundaries=0 1 3 4 5 6 7
cat_threshold=48 2147483905 8 8 2 4 1
is_linear=0
shrinkage=0.05


Tree=19
num_leaves=31
num_cat=6
split_feature=17 14 13 10 8 14 0 12 0 12 27 19 10 4 4 8 17 3 7 8 3 5 7 7 4 3 4 3 7 10
split_gain=6109.47 608.481 204.999 90.2637 117.264 73.8748 81.7635 47.8442 134.91 23.1384 26.2771 29.6708 15.9515 14.641 10.3832 14.6633 10.2131 8.29279 7.29172 27.1346 5.55383 8.63916 3.77282 4.12031 3.25403 3.1676 2.69252 29.2895 1.53426 1.42776
threshold=0 10640.000000000002 59.500000000000007 1.5000000000000002 1407.5000000000002 4414.0000000000009 1 13.500000000000002 2 12.500000000000002 3 4 41.500000000000007 136.00000000000003 74.000000000000014 592.50000000000011 5 51688.000000000007 1.0000000180025095e-35 984.50000000000011 55584.000000000007 351.00000000000006 2835.5000000000005 1857.5000000000002 105.50000000000001 43187.000000000007 129.00000000000003 42308.500000000007 4047.0000000000005 72.000000000000014
decision_type=9 8 10 10 8 10 9 8 9 8 9 9 8 8 10 10 9 10 10 10 10 8 8 10 10 8 8 8 8 10
left_child=16 -2 3 4 9 6 -6 -8 -9 -3 -11 -12 -13 14 17 -16 26 -5 -14 -20 21 25 -17 -24 -22 -10 -1 -28 -15 -29
right_child=1 2 -4 13 5 -7 7 8 20 10 11 12 18 28 15 22 -18 -19 19 -21 24 -23 23 -25 -26 -27 27 29 -30 -31
leaf_value=0.067723761392316853 -0.060983338115824952 -0.063961339522717042 -0.062128307301761498 -0.014395438061933869 -0.068327712230722676 0.043285903218008376 -0.0089115290662043541 -0.061663021203846771 -0.0004518876208381026 -0.024181795038461761 -0.076497613666132377 0.060593209209101197 0.033596545077107597 -0.073765732101773313 0.027912517524927807 -0.073083099800778345 0.059687400980419851 -0.068339886260501317 -0.0553522521198824 0.064620401135856903 -0.07212934100449718 -0.01878883903549405 -0.0095924041015354473 -0.050254308778028778 -0.023358172346773717 0.041644491964126042 -0.079636875993723405 0.04315901543065058 -0.060606997181990786 0.066294580336065098
leaf_weight=10.192276895046232 1145.4901271611452 7.3081414997577667 282.5456168949604 9.1248515695333463 83.224351167678833 47.759235471487045 1037.6050605922937 194.03823325037956 12.443558990955355 21.872743621468544 5.7733234167098999 53.612140968441963 67.441308990120888 49.067667439579964 11.13494388759136 6.4143959432840374 2762.6972261965275 32.496751204133034 10.487467199563982 8.5597018748521787 7.6521322429180128 3156.4849269539118 12.36244870722294 12.559496238827704 6.1839335560798645 6.9727226048707953 4.8970743864774695 264.50307331979275 40.383262753486633 6.8411043733358374
leaf_count=54 7344 43 1801 39 424 251 4351 1194 51 93 26 243 331 230 54 30 17409 159 52 49 37 13826 61 59 31 30 23 1449 219 37
internal_value=4.55869e-05 -0.0279598 -0.0207159 -0.0183285 -0.0170284 -0.0185726 -0.0192284 -0.0183042 -0.0211844 0.0231296 0.0269238 0.0345868 0.0391644 -0.053744 -0.0387656 -0.0213729 0.0580768 -0.0565135 0.0258812 -0.00143715 -0.018722 -0.0185843 -0.0388858 -0.0300841 -0.0503314 0.0146657 0.041053 0.0415551 -0.0678251 0.0437423
internal_weight=9378.13 6329 5183.51 4900.96 4727.42 4552.36 4504.6 4421.38 3383.78 175.055 167.747 145.874 140.101 173.544 84.0929 42.4713 3049.13 41.6216 86.4885 19.0472 3189.74 3175.9 31.3363 24.9219 13.8361 19.4163 286.434 276.241 89.4509 271.344
internal_count=50000 31028 23684 21883 21032 20195 19944 19520 15169 837 794 701 675 851 402 204 18972 198 432 101 13975 13907 150 120 68 81 1563 1509 449 1486
cat_boundaries=0 2 3 4 5 6 8
cat_threshold=2147483905 1048584 2 1 2 1 0 1048584
is_linear=0
shrinkage=0.05


Tree=20
num_leaves=31
num_cat=6
split_feature=7 1 12 30 13 16 14 13 13 0 12 8 12 10 7 9 7 4 4 4 3 19 3 27 6 3 3 14 9 11
split_gain=5030.08 619.3 175.45 118.264 179.538 108.825 71.29 90.5722 346.926 147.244 72.5717 64.6789 47.9071 31.985 31.1738 24.7572 22.0151 38.656 8.97312 6.36042 6.16794 8.30804 5.74067 25.8381 3.66313 3.55265 19.1979 3.36586 3.53403 2.98105
threshold=1656230.0000000002 0 686.50000000000011 1 102.50000000000001 2 6114.0000000000009 40.500000000000007 14.500000000000002 3 17.500000000000004 563.50000000000011 11.500000000000002 40.500000000000007 40503.000000000007 14559.500000000002 1695.5000000000002 84.000000000000014 53728.500000000007 52240.500000000007 59565.500000000007 4 62365.000000000007 5 662750.00000000012 54270.500000000007 52791.000000000007 24336.000000000004 13497.500000000002 3.5000000000000004
decision_type=8 9 8 9 10 9 10 8 10 9 8 8 10 8 10 8 10 10 8 8 10 9 8 9 8 10 10 8 8 10
left_child=2 -2 25 -3 6 22 7 8 10 -9 12 15 -5 16 20 -11 -7 19 24 -18 21 -13 23 -4 -15 26 -1 -23 -29 -26
right_child=1 3 5 4 -6 13 -8 9 -10 11 -12 14 -14 18 -16 -17 17 -19 -20 -21 -22 27 -24 -25 29 -27 -28 28 -30 -31
leaf_value=-0.057667663148521543 -0.060661835803923585 -0.076387766756774014 0.058271295308544739 0.017495907294801848 -0.061211146437571057 0.033228114026113045 0.043928973037631457 -0.061975850010160788 -0.060330672386525556 -0.067845938958366672 -0.06504413722304872 0.032244495305326068 -0.066381719138065787 0.055569697466463598 0.058176103409844283 0.035050824685511503 0.058565315325578418 0.026468242353032901 -0.0028784165549794963 0.050591187597289311 -0.071650599485805669 0.0091775698841978278 -0.070067382090470309 -0.029216307061543812 0.060615143688482177 -0.051455227243024829 0.046113199808337703 -0.040668967316523981 -0.019123727717985241 0.027197900123069881
leaf_weight=13.984781339764597 1098.2595518231392 80.496799156069756 10.356987044215202 722.07864506542683 229.27288837730885 208.71718679368496 49.295336917042732 199.25408473610878 207.8943060785532 6.3535991907119742 29.051955431699753 7.8793529123067856 17.434474945068359 610.29637417197227 13.094304233789442 73.129275366663933 471.69286884367466 142.02354083955288 5.9423704594373694 532.23205716907978 5.5796277076005927 10.445731550455092 4.7868793755769721 45.579426005482674 1081.7923859357834 30.780078753829002 6.5401054471731177 19.14540308713913 3242.7246564924717 6.7151547968387595
leaf_count=80 7342 331 63 2923 1533 1156 262 1289 957 33 176 34 76 4000 76 375 3033 782 32 3298 30 45 24 207 7136 172 34 105 14356 40
internal_value=5.25853e-05 -0.0268262 0.0510007 -0.0191004 -0.0179904 0.0525088 -0.0158769 -0.0165242 -0.00302724 -0.0202081 0.0124732 -0.0177446 0.0155184 0.053723 -0.0188185 0.0268256 0.0481635 0.0508838 0.0584559 0.0543378 -0.0191253 -0.019036 -0.0150382 -0.0130174 0.0586705 -0.0407111 -0.0245986 -0.0191594 -0.0192502 0.060409
internal_weight=9182.83 6011.39 3171.44 4913.13 4832.63 3120.14 4603.36 4554.07 976.459 3577.61 768.565 3378.35 739.513 3059.41 3298.87 79.4829 1354.67 1145.95 1704.75 1003.92 3285.77 3280.2 60.7233 55.9364 1698.8 51.305 20.5249 3272.32 3261.87 1088.51
internal_count=50000 29943 20057 22601 22270 19771 20737 20475 4132 16343 3175 15054 2999 19477 14646 408 8269 7113 11208 6331 14570 14540 294 270 11176 286 114 14506 14461 7176
cat_boundaries=0 1 36 37 38 39 40
cat_threshold=40 0 0 0 0 0 0 0 0 0 0 0 0 0 0 0 0 0 0 0 0 0 0 0 0 0 0 0 0 0 0 0 0 536870912 0 4 32 1 4 1
is_linear=0
shrinkage=0.05


Tree=21
num_leaves=31
num_cat=8
split_feature=17 14 13 17 13 13 1 14 9 0 7 8 9 11 3 7 7 10 6 9 27 3 0 3 4 5 0 4 19 10
split_gain=4882.18 676.667 309.395 333.447 111.923 382.374 251.156 63.9392 23.1297 78.2914 32.7143 22.021 33.4451 12.5766 18.242 21.1001 23.324 14.1774 11.5666 20.5847 11.3289 9.85423 5.6496 4.95608 3.78528 2.73936 5.1519 3.05638 2.81013 2.5866
threshold=0 6154.0000000000009 6.5000000000000009 1 196.50000000000003 17.500000000000004 2 3568.0000000000005 2113.0000000000005 3 1607.5000000000002 472.50000000000006 1043.0000000000002 10.500000000000002 61338.000000000007 139.00000000000003 541.00000000000011 4.5000000000000009 155.00000000000003 403.00000000000006 4 7580.5000000000009 5 61401.500000000007 74.000000000000014 202.00000000000003 6 416.00000000000006 7 16.500000000000004
decision_type=9 8 8 9 10 8 9 10 10 9 10 8 8 8 10 10 10 10 8 10 9 10 9 10 8 8 9 10 9 8
left_child=-1 -2 -3 -4 5 -5 -7 8 9 -8 11 12 13 14 15 24 20 -15 23 22 -17 -22 -20 -13 -11 27 29 -24 -29 -27
right_child=1 2 3 4 -6 6 7 -9 -10 10 -12 18 -14 17 -16 16 -18 -19 19 -21 21 -23 25 -25 -26 26 -28 28 -30 -31
leaf_value=0.058148881737242225 -0.059860652919261376 -0.088479339748995828 0.03875828504437661 0.017112832720925418 -0.060470526125074087 -0.058664607236671433 -0.066793015444821857 0.038451280643022612 -0.049920969971232187 -0.028149761458714825 -0.067204534327208534 -0.011417920197311637 0.028333593178647556 -0.046555191433280574 -0.071867305600060896 -0.01837729804671407 -0.061606740123853525 0.051342388320325352 -0.061438875805573626 -0.065024973253380039 0.0079458395658767878 0.047797517242754634 -0.028428004112853553 0.062608489361128478 -0.073024788873864849 -0.012914324134311875 -0.017028935767674638 -0.0057435152776890873 0.032889351328354362 -0.055585836664116331
leaf_weight=2570.6297534555197 1056.7832464277744 143.65634424984455 274.1189321577549 745.5243910998106 144.44559003412724 409.37558090686798 79.799919843673706 50.258495256304741 57.04807460308075 22.008248090744022 31.770881980657578 3.48633673787117 67.260587319731712 38.052979469299316 9.5480051934719068 14.658203840255737 9.5434090644121152 4.0963392108678809 7.1827113032341003 22.608531028032303 27.506417348980904 35.573524281382561 7.5641175657510784 6.4331942796707153 5.9750600159168235 4.8850775808095932 3113.3322934806347 12.433469623327255 7.574740633368493 13.007605418562891
leaf_count=17409 7320 589 1563 3051 1009 2497 424 275 316 103 159 18 340 211 47 62 41 20 48 137 117 173 36 40 28 23 13790 51 33 70
internal_value=4.64578e-05 -0.0232527 -0.01609 -0.0140998 -0.0170702 -0.0158014 -0.0218439 -0.0175074 -0.0183369 -0.0178286 -0.0167007 -0.0162333 -0.00143447 -0.0134265 -0.00545194 4.9597e-05 0.0121626 -0.0370409 -0.017317 -0.0174847 0.0212188 0.0304199 -0.0171452 0.036591 -0.0377316 -0.0170445 -0.0171827 -0.0013534 0.00888218 -0.0439356
internal_weight=8996.14 6425.51 5368.73 5225.07 4950.95 4806.51 4060.98 3651.61 3601.35 3544.3 3464.5 3432.73 234.223 166.962 124.813 115.265 87.2816 42.1493 3198.51 3188.59 77.7381 63.0799 3165.98 9.91953 27.9833 3158.8 3131.22 27.5723 20.0082 17.8927
internal_count=50000 32591 25271 24682 23119 22110 19059 16562 16287 15971 15547 15388 1142 802 571 524 393 231 14246 14188 352 290 14051 58 131 14003 13883 120 84 93
cat_boundaries=0 1 3 4 5 6 7 8 9
cat_threshold=2147483905 0 1048584 2 2 2 1 4 1
is_linear=0
shrinkage=0.05


Tree=22
num_leaves=31
num_cat=6
split_feature=1 17 1 12 13 12 4 14 17 7 9 11 3 10 13 4 11 3 5 13 27 3 3 7 19 8 3 3 14 3
split_gain=4190.55 832.314 546.303 41.8421 210.021 59.4424 84.8478 51.5859 32.6489 26.7614 28.6478 41.9433 23.0442 27.0573 20.5573 16.8911 16.3028 10.5214 21.7279 10.0566 7.03943 5.10098 3.39097 3.22648 2.6821 2.58083 2.35867 8.29851 2.06266 1.89055
threshold=0 1 2 5.5000000000000009 32.500000000000007 286.50000000000006 53722.500000000007 4762.0000000000009 3 1777.5000000000002 215.00000000000003 34.500000000000007 45743.000000000007 25.500000000000004 456.00000000000006 60.000000000000007 3830.0000000000005 59905.000000000007 202.00000000000003 1526.0000000000002 4 58773.500000000007 7580.5000000000009 32600.000000000004 5 596.50000000000011 49718.500000000007 51525.000000000007 32242.500000000004 8050.0000000000009
decision_type=9 9 9 10 10 8 8 10 9 8 10 8 8 8 8 10 8 8 8 8 9 10 10 8 9 10 8 8 8 10
left_child=1 8 -2 4 5 -4 -7 19 12 10 11 15 13 -1 -9 20 -12 18 24 -8 -3 -18 -14 -20 -11 -25 -22 -28 -21 -29
right_child=2 9 3 -5 -6 6 7 14 -10 17 16 -13 22 -15 -16 -17 21 -19 23 28 26 -23 -24 25 -26 -27 27 29 -30 -31
leaf_value=-0.081851581574530013 -0.059335370683920009 0.056655678259024567 -0.0041679277608457467 -0.05459920755234228 -0.060722069922105895 -0.059856039648409402 -0.059845129951805687 -0.060817835949060609 0.057454972723734378 -0.00551623875800004 -0.072390971084792727 -0.06441920111235537 0.035234686586760974 0.064041618778734322 0.042346780351046914 -0.071907766034361956 -0.027468645869810918 -0.060888931164631781 -0.061172273516129687 0.005766610726438073 0.028601081051968298 0.03212706713206797 0.045947545890844092 -0.056474447238050444 0.02978410520868624 -0.029294572767037116 0.055997526536077237 0.010964656632698183 -0.017468347330403488 -0.0070541949214449244
leaf_weight=8.4825985878705961 988.46865455806255 9.723668560385704 957.59736607968807 78.671616792678833 268.63884089887142 118.42941784858704 14.015632212162016 5.368735283613205 2491.8290153890848 17.597534790635109 28.71024926006794 22.490135654807091 190.81786720454693 5.0819463282823554 48.020107567310333 5.7500567436218253 19.604854643344883 61.306210413575172 30.14360873401165 9.5806207954883558 16.525042712688446 4.3956103622913352 120.52342092990875 13.760987550020216 7.7510256469249752 23.907295167446136 7.7878514081239691 26.515250697731972 3173.7969539761543 32.277952328324318
leaf_count=42 7149 63 4001 413 1871 861 102 37 17500 76 127 133 1079 30 265 28 102 366 166 42 72 22 703 74 34 133 33 113 14214 149
internal_value=5.10203e-05 0.046244 -0.0256408 -0.0184037 -0.0178241 -0.0151607 -0.0182851 -0.0167706 0.0550582 -0.0287831 -0.0162001 -0.00280498 0.0355094 -0.0271928 0.0319726 0.0112518 -0.046967 -0.0448028 -0.0342169 -0.0175845 0.0164028 -0.0165539 0.0393817 -0.0489804 0.00527782 -0.0392239 0.0116931 0.00749667 -0.0173984 0.00107216
internal_weight=8807.57 3144.98 5662.59 4674.12 4595.45 4326.81 3369.21 3250.78 2816.73 328.247 173.781 121.07 324.906 13.5645 53.3888 98.5798 52.7107 154.467 93.1605 3197.39 92.8298 24.0005 311.341 67.8119 25.3486 37.6683 83.1061 66.5811 3183.38 58.7932
internal_count=50000 21045 28955 21806 21393 19522 15521 14660 19354 1691 842 591 1854 72 302 458 251 849 483 14358 430 124 1782 373 110 207 367 295 14256 262
cat_boundaries=0 1 3 4 6 7 8
cat_threshold=48 2147485955 1048584 8 2050 1048576 1 1
is_linear=0
shrinkage=0.05


Tree=23
num_leaves=31
num_cat=6
split_feature=17 14 30 13 2 14 13 8 3 12 8 27 4 10 8 13 19 11 7 11 7 27 5 10 12 10 9 3 4 4
split_gain=4685.47 528.788 392.76 133.912 103.195 52.4026 45.7259 34.4129 13.1712 14.2287 11.6357 9.97616 7.66274 12.5816 10.8535 7.20397 6.77728 39.2314 39.9607 5.15971 4.30466 4.13073 6.73455 23.5481 10.1182 4.09897 9.87945 12.5708 3.30804 2.43244
threshold=0 6084.0000000000009 1 359.50000000000006 2 392.00000000000006 204.50000000000003 382.00000000000006 54402.000000000007 5.5000000000000009 639.50000000000011 3 59032.500000000007 26.500000000000004 832.50000000000011 156.50000000000003 4 1.5000000000000002 2583.0000000000005 1.5000000000000002 13863.000000000002 5 1.0000000180025095e-35 1.5000000000000002 385.00000000000006 8.5000000000000018 12291.000000000002 56487.000000000007 49809.000000000007 264.00000000000006
decision_type=9 8 9 8 9 10 10 10 8 8 10 9 8 8 10 10 9 8 8 10 10 9 10 8 8 10 10 10 8 8
left_child=12 -2 15 6 -5 7 -4 8 11 -10 -9 -6 19 14 -14 -3 -11 28 -19 -1 -15 -13 23 -23 -25 -21 27 -27 -18 -12
right_child=1 2 3 4 5 -7 -8 10 9 16 29 21 13 20 -16 -17 17 18 -20 25 -22 22 -24 24 -26 26 -28 -29 -30 -31
leaf_value=0.057463895377333811 -0.058610419404037488 -0.074956761044953177 0.0047362262899495189 -0.056554222967491699 0.060975381486939678 0.034712277459143598 -0.059329759482121672 0.0051193218041661508 -0.061269124872650099 -0.066528566018326726 -0.043539918070743554 0.025730531475807752 0.056975961176284035 0.0254314534257052 0.041543289520146832 -0.059269846190589316 0.018231318307469189 -0.069527846034709767 -0.016764735609093421 0.055922850467536159 0.057700471652974233 0.030536563097269067 0.017258077695307746 -0.0030155113375328383 -0.063942646973954256 0.042466526098513702 0.057661026283194333 -0.018962384208188816 0.046063250926575622 -0.06153601930943732
leaf_weight=1512.5919312536716 975.47793717682362 250.24360974133015 892.43940329551697 164.16195958852768 6.7865384966135025 48.969530090689659 28.748613730072975 9.1446988582611066 18.111681461334229 6.8449383676052094 30.924767971038818 11.32555978000164 373.66164176166058 64.326397314667702 163.89872732758522 103.44013701379299 24.075497359037399 36.29621534049511 3167.2070851325989 309.26160071790218 12.313222751021383 16.664208739995956 20.187739729881287 10.28474575281143 20.194549143314365 141.75465747714043 130.28387981653214 8.8481933772563917 19.183281183242798 47.800897911190987
leaf_count=11165 7313 1273 3880 1219 46 280 217 45 110 37 158 46 2683 336 1023 784 119 165 14274 2213 81 78 86 57 103 859 942 52 82 274
internal_value=5.43796e-05 -0.024931 -0.0183217 -0.0142706 -0.0185924 -0.0165995 0.00273684 -0.017377 -0.0165685 -0.0170747 -0.0482657 0.00281107 0.0542819 0.0495686 0.0522706 -0.068434 -0.0168286 -0.0167239 -0.0173626 0.0559168 0.0306159 -0.00220737 -0.00690671 -0.0172545 -0.0433838 0.0519516 0.0475791 0.0388575 0.0305735 -0.0544668
internal_weight=8625.45 5908.51 4933.04 4579.35 3658.16 3494 921.188 3445.03 3357.16 3271.72 87.8704 85.4433 2716.94 614.2 537.56 353.684 3253.61 3246.76 3203.5 2102.74 76.6396 78.6568 67.3312 47.1435 30.4793 590.148 280.887 150.603 43.2588 78.7257
internal_count=50000 30646 23333 21276 17179 15960 4097 15680 15203 14787 477 416 19354 4123 3706 2057 14677 14640 14439 15231 417 370 324 238 160 4066 1853 911 201 432
cat_boundaries=0 2 48 49 50 51 52
cat_threshold=2147485955 1048584 0 0 0 0 0 0 0 0 0 0 0 0 0 0 0 0 0 0 0 0 0 0 0 0 128 0 0 0 0 2 268435456 0 536870912 8192 84 0 0 0 0 0 0 0 0 0 0 1073741824 1 1 1 2
is_linear=0
shrinkage=0.05


Tree=24
num_leaves=31
num_cat=8
split_feature=17 1 13 10 4 17 32 0 32 27 13 4 11 18 5 9 12 11 7 7 3 9 3 10 8 3 4 3 8 6
split_gain=4362.46 532.957 132.323 46.7795 34.5487 29.2285 28.8874 37.3322 57.1649 17.6883 10.4846 44.6867 40.784 18.3074 17.3021 16.2377 9.72524 7.60436 8.99666 5.15592 5.07095 4.27381 11.2142 8.45397 3.18882 11.5037 2.68522 1.98387 1.56741 1.80154
threshold=0 1 115.50000000000001 2.5000000000000004 84.000000000000014 2 3 4 5 6 177.50000000000003 52240.500000000007 39.500000000000007 7 202.00000000000003 245.50000000000003 25.500000000000004 3830.0000000000005 24659.500000000004 1558.0000000000002 51918.000000000007 605.50000000000011 46690.500000000007 72.000000000000014 971.50000000000011 56043.500000000007 416.00000000000006 64561.500000000007 2546.5000000000005 647.50000000000011
decision_type=9 9 10 10 8 9 9 9 9 9 8 8 8 9 8 8 10 8 8 10 10 8 8 10 10 10 10 8 10 10
left_child=5 -2 3 6 17 28 -3 8 -8 -9 16 12 13 -12 26 -13 -11 18 -5 -19 -15 -7 23 -23 -24 27 -14 -26 29 -1
right_child=1 2 -4 4 -6 21 7 9 -10 10 11 15 14 20 -16 -17 -18 19 -20 -21 -22 22 24 -25 25 -27 -28 -29 -30 -31
leaf_value=0.05711366959625707 -0.058329558197973433 0.03036663869070504 -0.058841322889386198 -0.058024956514591788 -0.063225860921688512 0.052030476440932311 0.021024828682863383 0.055154240550591677 -0.05782319476388386 -0.009960110052903412 0.021810567246410163 0.02866708435457966 -0.025474141073261559 -0.0093521737997477785 -0.057575826329288052 -0.014752839322776868 -0.062846849565734594 0.046252079862307928 0.01114847232240531 -0.019189499426481817 -0.043031579975462246 -0.020010105976930981 0.027266817412087654 0.06181655029832455 0.046598931117915979 -0.038743352956343763 0.015437890924755508 0.037286282322205516 0.046407976380752468 0.052790733923761705
leaf_weight=1947.6349009126425 943.76271481812 27.209241956472397 184.73800010979176 9.4270076900720614 86.318106338381767 41.176965832710266 28.336256772279739 9.1000281125307083 93.640944004058838 1086.3600521087646 27.807121843099594 21.683808818459511 7.2948567867279079 19.39471834897995 139.04507736861706 3077.4581879377365 8.762654706835745 9.404786601662634 9.3750786483287794 4.4263749420642844 26.375364109873772 14.788514688611032 62.894056111574173 4.0131224393844596 104.28985202312469 4.5554082840681067 8.9085309505462629 126.6235294342041 38.537280887365341 275.03936091065407
leaf_count=14825 7374 149 1448 44 481 273 158 63 563 4780 125 95 36 84 1045 13855 57 46 49 26 129 82 332 26 640 22 39 782 269 2103
internal_value=5.38129e-05 -0.0240295 -0.0172973 -0.0157013 -0.0466575 0.0535295 -0.0148976 -0.0152013 -0.042523 -0.0144837 -0.0146269 -0.0160234 -0.0373459 -0.00668361 -0.0518777 -0.014449 -0.0103833 -0.00283248 -0.0235338 0.0253089 -0.0236033 0.0358748 0.0349084 -0.00254458 0.0372685 0.03994 -0.00298094 0.0414923 0.0561571 0.0565787
internal_weight=8448.38 5828.83 4885.07 4700.33 118.951 2619.55 4581.38 4554.17 121.977 4432.19 4423.09 3327.97 228.826 73.5772 155.248 3099.14 1095.12 32.6332 18.8021 13.8312 45.7701 358.341 317.164 18.8016 298.363 235.469 16.2034 230.913 2261.21 2222.67
internal_count=50000 30646 23272 21824 646 19354 21178 21029 721 20308 20245 15408 1458 338 1120 13950 4837 165 93 72 213 2157 1884 108 1776 1444 75 1422 17197 16928
cat_boundaries=0 2 3 4 5 6 7 8 9
cat_threshold=2147485955 1048584 40 2147483904 1 2 131072 1 128
is_linear=0
shrinkage=0.05


Tree=25
num_leaves=31
num_cat=4
split_feature=8 14 13 0 3 12 6 9 14 26 27 7 4 9 8 10 9 4 7 7 3 0 14 4 5 4 7 4 8 11
split_gain=3287.61 577.105 575.421 484.554 195.98 101.959 41.1925 33.1005 38.0729 30.5067 33.3084 23.8796 17.9063 14.2406 14.0238 10.8117 36.2299 16.3854 9.74576 9.09662 8.66792 41.7893 33.0978 8.27702 10.3389 8.19998 18.9226 7.34933 7.10026 5.9094
threshold=1560.5000000000002 5038.0000000000009 7.5000000000000009 0 53829.000000000007 308.00000000000006 567.00000000000011 24509.500000000004 18497.000000000004 1 2 1867.5000000000002 56143.500000000007 197.50000000000003 145.50000000000003 5478.5000000000009 1014.0000000000001 136.00000000000003 19770.500000000004 20519.500000000004 40319.500000000007 3 24336.000000000004 264.00000000000006 205.00000000000003 264.00000000000006 3805.5000000000005 84.000000000000014 145.50000000000003 10.500000000000002
decision_type=8 8 8 9 8 8 10 10 10 9 9 10 8 8 10 8 10 10 8 10 10 9 8 10 8 10 10 10 10 8
left_child=5 -2 -3 6 11 27 -4 8 20 -7 13 23 15 -11 -14 16 17 18 -12 -13 21 22 -6 -5 -25 26 -22 -1 -27 -23
right_child=1 2 3 4 7 9 -8 -9 -10 10 12 19 14 -15 -16 -17 -18 -19 -20 -21 25 29 -24 24 -26 28 -28 -29 -30 -31
leaf_value=-0.01678902413526737 -0.057614332931599579 0.036145137502959834 -0.05355799949423147 0.036805449412964639 -0.0001857879757366097 -0.018468394279541545 0.05325816301290616 0.041309334594775454 0.043391465334050597 0.016770484392890205 0.031427630004138694 0.032583412003945579 0.024377172935733646 -0.071610110826280993 0.046258705837648233 0.055198416900148539 0.055256930413695088 -0.046760927150197293 -0.027210514610903853 0.055917324005296268 -0.064388148598525513 0.037837368696673701 -0.064326538956483575 0.004015101965457615 -0.061332294105923085 -0.018197612197015454 0.027143452768374571 -0.062810054657895548 -0.086375229747858384 -0.014173342921247254
leaf_weight=22.593123078346252 888.49273788928986 515.64063242077827 887.87475744634867 8.8703857958316785 27.704082131385803 17.041134193539619 9.1184621155261976 26.395335257053375 27.762494266033173 13.059927120804788 97.011123806238174 139.91829550266266 85.30649770796299 7.0011252909898749 516.97016504406929 1397.6354592889547 289.66279397904873 8.0786079764366132 7.6442608386278144 59.542703405022621 11.30000199377537 5.4710715562105179 73.400121927261353 17.197498872876167 9.3401375859975833 5.6482906341552761 11.28597019612789 14.082308530807493 11.790305085480211 3064.7044738531113
leaf_count=136 7232 2112 5260 46 170 84 72 192 168 56 601 882 434 34 3779 11132 2254 45 42 457 62 33 424 73 63 31 73 88 76 13889
internal_value=5.46433e-05 -0.0205314 -0.0138251 -0.0196847 -0.0112827 0.0482877 -0.0524722 -0.0144556 -0.01491 0.0495318 0.0498805 0.0328317 0.0506222 -0.0140735 0.0431594 0.0531192 0.0458973 0.0218484 0.0271446 0.039549 -0.0154141 -0.0151222 -0.046751 -0.00500801 -0.0189844 -0.0385369 -0.0186508 -0.0344598 -0.0642928 -0.0140807
internal_weight=8277.54 5801.46 4912.97 4397.32 3500.33 2476.09 896.993 3265.46 3239.07 2439.41 2422.37 234.869 2402.31 20.0611 602.277 1800.03 402.397 112.734 104.655 199.461 3211.3 3171.28 101.104 35.408 26.5376 40.0246 22.586 36.6754 17.4386 3070.18
internal_count=50000 31315 24083 21971 16639 18685 5332 15118 14926 18461 18377 1521 18287 90 4213 14074 2942 688 643 1339 14758 14516 594 182 136 242 135 224 107 13922
cat_boundaries=0 1 2 3 4
cat_threshold=1 1 2 2
is_linear=0
shrinkage=0.05


Tree=26
num_leaves=31
num_cat=4
split_feature=9 35 7 12 5 10 13 13 12 2 7 16 0 14 14 8 4 4 8 4 8 8 8 8 3 3 4 4 4 8
split_gain=2703.98 529.946 369.406 106.58 89.5609 67.3495 64.0285 210.417 155.292 110.468 54.2348 47.963 43.0991 68.5752 52.8255 37.413 35.4375 15.7237 9.83974 26.4613 11.5168 15.2912 9.65479 11.5309 7.73755 5.94805 3.57261 4.5283 16.2461 3.47351
threshold=28217.000000000004 0 20519.500000000004 17.500000000000004 351.00000000000006 46.000000000000007 246.50000000000003 16.500000000000004 1.0000000180025095e-35 1 38361.000000000007 2 3 2144.0000000000005 6084.0000000000009 742.50000000000011 105.50000000000001 74.000000000000014 1831.5000000000002 8051.0000000000009 604.50000000000011 414.50000000000006 943.50000000000011 3336.0000000000005 62465.000000000007 2542.0000000000005 137.50000000000003 74.000000000000014 105.50000000000001 643.50000000000011
decision_type=8 9 10 8 8 8 10 10 8 9 8 9 9 10 10 8 10 10 10 8 10 10 10 10 8 10 8 10 10 10
left_child=3 -2 6 -1 -5 10 7 8 -3 -10 11 -6 13 -11 -15 -14 18 -7 20 -20 21 24 -18 -24 -13 29 27 -12 -29 -22
right_child=1 2 -4 4 5 17 -8 -9 9 12 26 16 15 14 -16 -17 22 -19 19 -21 25 -23 23 -25 -26 -27 -28 28 -30 -31
leaf_value=-0.033570145689979868 -0.05712959568595502 0.0083835736895271473 0.052896414324425413 -0.05800151131299474 -0.01014234396349491 -0.024680311711410642 -0.057802174516677296 -0.054719446877959627 -0.052693138912654647 -0.059692355115055523 -0.064770955102694136 0.037820931920988121 0.026066726585269928 -0.043463293655085659 0.035610526727333842 -0.013444766223281404 -0.040191554111810433 0.054717029981510491 0.048461261589013808 -0.031173195413839797 0.056853051745482414 0.050521221271176031 0.024689101821384004 -0.035950022028577638 0.01245856026545825 0.054808990756222434 -0.060479016074878988 0.050939559234020972 -0.064188841255542306 0.042801816026144079
leaf_weight=43.392670154571533 771.97210179269314 772.18256776034832 205.49657139927149 20.721112541854382 50.130051121115685 6.2668308764696112 88.154146730899811 307.82927012443542 190.29984603077173 124.68445228785276 4.3733563125133577 57.376821964979172 61.104640513658524 39.721231795847416 45.10514560341835 3070.3870672136545 6.8764049410819998 1253.4473070278764 32.806486926972866 15.29489094018936 52.57041235268116 106.60976783931255 117.66832700371742 8.3992709964513761 63.192019142210484 309.08851256966591 8.8031068444251996 6.2494931966066343 6.0120972245931625 269.23473536968231
leaf_count=276 6573 3156 1657 175 262 35 755 1993 1258 874 25 325 331 303 269 13978 37 10386 236 88 419 844 732 54 379 2497 64 32 35 1952
internal_value=5.42418e-05 -0.0188614 -0.0126962 0.0440905 0.0454974 0.0464007 -0.0155914 -0.0147845 -0.0119279 -0.0163694 0.0374487 0.0391341 -0.0141005 -0.0360979 -0.00141698 -0.0126738 0.0412123 0.054322 0.0451456 0.0231397 0.0463792 0.0367261 0.0175021 0.020649 0.0245281 0.0498552 -0.0347209 -0.0210899 -0.00551014 0.0450972
internal_weight=8115.45 5676.94 4904.96 2438.51 2395.12 2374.4 4699.47 4611.31 4303.48 3531.3 1114.69 1089.25 3341 209.511 84.8264 3131.49 1039.12 1259.71 906.174 48.1014 858.072 227.179 132.944 126.068 120.569 630.894 25.4381 16.6349 12.2616 321.805
internal_count=50000 31147 24574 18853 18577 18402 22917 22162 20169 17013 7981 7825 15755 1446 572 14309 7563 10421 6740 324 6416 1548 823 786 704 4868 156 92 67 2371
cat_boundaries=0 3 4 5 6
cat_threshold=0 134217728 4608 1 32 2
is_linear=0
shrinkage=0.05


Tree=27
num_leaves=31
num_cat=7
split_feature=17 1 17 12 13 8 19 32 0 14 17 13 4 5 7 7 3 4 7 3 11 4 3 8 8 11 11 14 13 6
split_gain=3503.52 487.179 35.8828 36.5301 93.0023 36.3781 29.6341 24.5018 32.9765 66.1651 22.8277 12.1224 55.9352 27.9637 7.14385 5.69041 6.32541 5.46014 5.0086 3.79295 15.9515 3.60601 3.41053 6.00902 8.76546 4.09042 3.35269 3.31665 5.19591 2.44716
threshold=0 1 2 5.5000000000000009 156.50000000000003 600.50000000000011 3 4 5 15482.000000000002 6 450.50000000000006 444.00000000000006 1.0000000180025095e-35 5046.5000000000009 139.00000000000003 51688.000000000007 53725.500000000007 44564.500000000007 52500.000000000007 318.50000000000006 1.0000000180025095e-35 63584.000000000007 161.00000000000003 404.50000000000006 8.5000000000000018 8.5000000000000018 4164.0000000000009 374.00000000000006 1009560.0000000001
decision_type=9 9 9 10 10 10 9 9 9 10 9 8 10 10 10 10 10 10 10 8 8 10 8 8 10 8 8 8 8 8
left_child=10 6 -3 4 5 7 -2 -4 9 27 14 -10 19 -14 -1 16 -7 -15 -16 20 -13 -21 23 26 25 -25 -23 28 -9 -12
right_child=1 2 3 -5 -6 15 -8 8 11 -11 29 12 13 17 18 -17 -18 -19 -20 21 -22 22 -24 24 -26 -27 -28 -29 -30 -31
leaf_value=0.038170563910913148 0.037640669115705974 0.02153557108982633 0.029209188941377737 -0.050100550721747628 -0.057425819627189567 -0.056233718716466922 -0.057580998697780543 -0.057454952661091276 -0.008001898997291838 0.042466543511797149 0.051502459406992863 0.017488127935943242 -0.057891289967114005 0.027740069822863641 0.011868085229191012 -0.057066512965419106 0.00068850431380857488 -0.024731780248760736 0.060711070513185354 -0.012838342374827328 -0.045552423539393566 -0.0020289292021821899 -0.067280816144872899 -0.077904025935033538 0.028796341725292624 -0.035419800640688469 -0.028931800600566732 -0.061811735376924408 0.012143249503603563 0.055662218691588917
leaf_weight=202.40470185875893 8.2516466826200485 60.287888750433922 25.977475702762604 74.460290141403675 124.58507388830185 9.0679499730467814 833.05835679918528 7.7896104902029037 1045.4540443718433 19.883182927966118 455.91350826621056 37.462242156267166 102.63215078413486 12.031999960541727 46.215981528162956 53.511015422642231 10.56880149245262 8.4324389398097974 5.9211610555648795 3056.0392991006374 13.705894485116003 35.107916474342346 4.183735564351081 8.7849525660276395 4.0558729618787757 15.956534832715993 17.281069234013557 79.845936819911003 4.0895485579967481 1574.9016127735376
leaf_count=1355 60 331 149 433 1107 61 7364 69 4765 124 3923 186 892 53 288 297 65 35 41 13962 83 175 23 42 21 93 110 509 19 13365
internal_value=4.80888e-05 -0.0210109 -0.014818 -0.0153214 -0.0148026 -0.0136411 -0.0559816 -0.0130724 -0.0133534 -0.0402205 0.0521823 -0.0126965 -0.0141767 -0.0472498 0.0326371 -0.0486185 -0.0255973 0.00611887 0.0174151 -0.0129015 0.000602089 -0.0131215 -0.023257 -0.0209884 -0.0393358 -0.0505047 -0.0109031 -0.0581445 -0.0334949 0.0544602
internal_weight=7957.86 5672.5 4831.19 4770.91 4696.45 4571.86 841.31 4498.71 4472.74 111.608 2285.36 4361.13 3315.67 123.097 254.542 73.1478 19.6368 20.4644 52.1371 3192.58 51.1681 3141.41 85.3701 81.1863 28.7974 24.7415 52.389 91.7251 11.8792 2030.82
internal_count=50000 31028 23604 23273 22840 21733 7424 21310 21161 721 18972 20440 15675 980 1684 423 126 88 329 14695 269 14426 464 441 156 135 285 597 88 17288
cat_boundaries=0 2 3 4 5 6 7 9
cat_threshold=2147483905 1048584 40 2 4 1 2 1 1048576
is_linear=0
shrinkage=0.05


Tree=28
num_leaves=31
num_cat=3
split_feature=1 14 12 8 7 13 14 26 8 10 4 7 4 14 27 3 4 4 9 12 4 12 9 7 6 3 3 10 3 10
split_gain=2684.98 474.723 96.5516 97.9479 87.0373 84.7674 37.373 27.9384 23.8415 17.4963 45.4671 47.0616 22.1902 15.3061 13.65 12.568 7.83106 17.2419 7.78 5.74458 69.7553 28.8907 4.25057 3.76009 3.402 3.34025 35.0554 7.05915 10.6218 5.37664
threshold=0 6566.0000000000009 686.50000000000011 1269.0000000000002 2714.0000000000005 189.50000000000003 2606.0000000000005 1 2235.5000000000005 35.500000000000007 129.00000000000003 745.00000000000011 56420.000000000007 14231.500000000002 2 62569.500000000007 1.0000000180025095e-35 8051.0000000000009 25720.000000000004 962.50000000000011 54809.500000000007 10.500000000000002 172.00000000000003 25718.500000000004 3521.5000000000005 51756.500000000007 49718.500000000007 39.500000000000007 26848.000000000004 14.500000000000002
decision_type=9 8 8 8 10 10 10 9 8 8 10 10 8 10 9 8 10 10 10 8 8 10 10 8 10 8 10 8 10 10
left_child=2 -2 22 7 8 6 19 14 -5 10 11 15 24 -8 -4 23 -10 -18 25 21 -21 -3 -1 -9 -11 26 27 28 -6 -27
right_child=1 5 3 4 18 -7 13 9 16 12 -12 -13 -14 -15 -16 -17 17 -19 -20 20 -22 -23 -24 -25 -26 29 -28 -29 -30 -31
leaf_value=-0.059509946697098408 -0.056084706587400661 -0.0089684891190626222 0.047131973983268904 0.028997055882120887 0.035596915590034868 -0.0569886843445798 -0.039777201566376576 0.028669117670969069 -0.058326510043968209 0.05429346761579739 -0.052054951643237625 0.049878437127565699 0.023426409774756726 0.044930268059728669 -0.05514546146801709 -0.0097767323730837651 -0.04886245138869362 0.011566247015178183 0.048567458955564871 -0.0570320440585406 -0.013290641145717881 -0.054804047793981583 -0.023237289547960178 -0.013444342706337457 0.043387685537502725 0.029763266386991338 0.05033773886568671 0.058103551041491036 -0.029755960488823341 0.0082192980435552426
leaf_weight=10.78800857812166 795.60300964862108 1084.1219187304378 4.4305057525634766 18.637997157871723 8.2700559049844724 112.52003168314695 6.214326173067092 80.124029293656349 23.261985383927822 1160.9862628132105 12.506434991955755 595.18699463456869 63.991626404225826 37.59771953523159 12.371291220188143 34.701472491025925 27.58615792542696 20.633330777287483 67.778733775019646 93.933531306684017 3070.042513012886 35.504852764308453 32.134820625185966 5.6756992489099494 76.202617734670639 141.29957962036133 105.43963763862848 3.8344373106956473 25.049780495464802 36.425675213336945
leaf_count=81 7323 5028 18 140 60 1046 33 456 203 10418 70 5085 362 239 66 162 169 99 572 869 14214 203 205 32 671 999 717 33 169 258
internal_value=5.44658e-05 -0.0204784 0.041844 0.0432714 0.0228987 -0.0141441 -0.0130301 0.0480327 -0.0213674 0.048425 0.0424577 0.0441093 0.0521367 0.0329153 -0.0176631 0.0156141 -0.0344994 -0.0230047 0.0331776 -0.0135 -0.0145893 -0.010422 -0.0323539 0.0258833 0.0536217 0.0299212 0.0356214 -0.00614189 -0.0135352 0.0253477
internal_weight=7802.86 5235.54 2567.32 2524.39 478.217 4439.93 4327.41 2046.18 90.1195 2029.38 728.195 715.688 1301.18 43.812 16.8018 120.501 71.4815 48.2195 388.098 4283.6 3163.98 1119.63 42.9228 85.7997 1237.19 320.319 142.594 37.1543 33.3198 177.725
internal_count=50000 28955 21045 20759 3419 21632 20586 17340 611 17256 5805 5735 11451 272 84 650 471 268 2808 20314 15083 5231 286 488 11089 2236 979 262 229 1257
cat_boundaries=0 1 2 3
cat_threshold=48 1 2
is_linear=0
shrinkage=0.05


Tree=29
num_leaves=31
num_cat=6
split_feature=17 1 13 4 9 13 12 14 13 13 1 17 4 12 12 8 0 14 11 3 4 0 4 3 10 4 4 3 3 7
split_gain=3057.93 456.536 100.352 84.1347 52.0793 57.4495 28.0193 29.7393 24.7759 131.547 57.3311 23.2429 13.0402 12.2291 11.0439 18.986 37.764 35.3277 14.7387 9.83018 9.62582 9.2441 8.70927 12.5004 10.6196 7.24194 11.6977 9.96197 7.05348 5.08151
threshold=0 1 147.50000000000003 4330.5000000000009 573.00000000000011 57.500000000000007 2.5000000000000004 10640.000000000002 609.00000000000011 4.5000000000000009 2 3 84.000000000000014 129.00000000000003 63.500000000000007 3525.5000000000005 4 2398.5000000000005 2.5000000000000004 56314.500000000007 59032.500000000007 5 8051.0000000000009 61155.000000000007 5478.5000000000009 56083.000000000007 6118.0000000000009 54452.500000000007 53389.000000000007 6470.5000000000009
decision_type=9 9 10 10 10 10 10 10 8 10 9 9 8 8 8 8 9 10 10 10 8 9 8 10 8 10 10 10 10 8
left_child=3 -2 4 11 5 6 7 8 9 -3 -10 19 13 -6 -12 18 17 -17 20 -1 22 -11 23 24 -16 26 27 -18 -20 -15
right_child=1 2 -4 -5 12 -7 -8 -9 10 21 14 -13 -14 29 15 16 25 -19 28 -21 -22 -23 -24 -25 -26 -27 -28 -29 -30 -31
leaf_value=0.033598399255577331 -0.055884848336020115 -0.078393067894030707 -0.056714034800942663 -0.22490079434655025 0.02703287627685563 -0.05824759360719052 -0.045291709365785998 0.032770754709769 -0.050922899078665866 0.00086386562207968205 -0.047231328397695858 0.053622333684559681 -0.059194035962994551 -0.072782068795333374 0.0045405303601803544 -0.059260939403829253 -0.01169989476912855 0.046538206715718691 -0.074089330684229598 -0.041268283420913029 0.01944960264663164 -0.057028619888438284 0.05244757427639421 -0.066850960372428464 -0.052336479208931169 -0.068174692041567883 0.031952428577289353 -0.063775621547069075 0.0070468582341262076 -0.019942604015574392
leaf_weight=224.8792017698288 739.41550143063068 56.136655710637569 132.57722534239292 2.7557653933763495 9.5013506263494474 65.652962915599346 59.252131469547749 39.034150511026382 89.090663753449917 920.11002092063427 21.985914297401905 1889.9979597553611 73.140274360775948 7.9978401809930864 73.597010716795921 68.582540079951286 3005.1311549767852 8.9160133302211744 8.6508700102567655 4.471730798482894 84.462587028741837 6.9474779367446891 6.467621535062789 8.1084450334310514 9.2368069142103177 5.674670845270156 15.313230752944945 9.2117831185460073 3.8800492584705344 10.554758384823797
leaf_count=1539 7149 279 1272 18 52 544 292 251 861 3976 157 17393 492 38 368 440 13901 40 40 22 444 65 51 45 48 24 68 58 20 53
internal_value=5.6955e-05 -0.0194998 -0.0137894 0.0509513 -0.0125995 -0.0118131 -0.0111356 -0.0106799 -0.0110652 -0.00407049 -0.0130771 0.0515504 -0.0480779 -0.0190968 -0.0118757 -0.0116765 -0.0126233 -0.047089 0.00348281 0.030796 0.00709654 0.000430013 -0.00361461 -0.00760163 -0.00180183 -0.0117433 -0.0116376 -0.011859 -0.0489665 -0.0427212
internal_weight=7660.73 5538.63 4799.21 2122.1 4666.64 4565.44 4499.79 4440.54 4401.5 983.194 3418.31 2119.35 101.194 28.0539 3329.22 3307.23 3112.83 77.4986 194.403 229.351 181.872 927.057 97.4099 90.9423 82.8338 3035.33 3029.66 3014.34 12.5309 18.5526
internal_count=50000 31028 23879 18972 22607 21972 21428 21136 20885 4320 16565 18954 635 143 15704 15547 14531 480 1016 1561 956 4041 512 461 416 14051 14027 13959 60 91
cat_boundaries=0 2 3 4 6 7 8
cat_threshold=2147483905 1048584 8 2 0 1048584 2 1
is_linear=0
shrinkage=0.05


Tree=30
num_leaves=31
num_cat=6
split_feature=17 1 13 8 17 13 1 14 12 12 27 7 8 9 11 19 7 11 8 7 12 4 3 4 3 3 3 4 3 6
split_gain=2890.16 454.939 171.5 37.813 37.2042 24.4059 70.7653 40.4936 16.463 39.1863 14.5058 5.71232 15.0418 4.06728 2.89475 2.80035 9.94626 24.9797 30.2416 12.8765 12.2835 17.4736 2.56582 7.20978 5.50039 2.49597 23.1303 2.47035 19.7806 2.30781
threshold=0 1 38.500000000000007 522.00000000000011 2 29.500000000000004 3 2492.0000000000005 169.50000000000003 2.5000000000000004 4 27305.500000000004 2235.5000000000005 712.50000000000011 25.500000000000004 5 363.00000000000006 1.0000000180025095e-35 1928.0000000000002 24196.000000000004 39.000000000000007 137.50000000000003 50536.500000000007 53725.500000000007 56077.500000000007 50508.000000000007 54228.000000000007 84.000000000000014 40111.500000000007 2071.0000000000005
decision_type=9 9 10 10 9 8 9 10 8 10 9 8 10 8 10 9 10 10 8 8 8 10 10 8 10 10 10 8 8 10
left_child=4 -2 3 5 29 8 -7 10 9 -3 -8 -5 -13 -6 25 -12 17 18 -17 -19 21 -18 23 -20 -24 27 -27 -15 -29 -1
right_child=1 2 -4 11 13 6 7 -9 -10 -11 15 12 -14 14 -16 16 20 19 22 -21 -22 -23 24 -25 -26 26 -28 28 -30 -31
leaf_value=0.053607302670595262 -0.055687449888707552 -0.00075776044387588929 -0.05725707722676962 -0.056701196357713424 0.047047768884456102 -0.052274193202097245 0.053496888626180475 0.034618830014193712 -0.056580182252258499 -0.044484760952792496 0.016848614038559123 0.037405714742611555 -0.051836333440405183 0.059860294265482977 0.061361274683399636 -0.057396197623306437 0.034200050729363857 0.022639441528390491 0.051868426411201832 -0.062991004352644361 -0.064000248324713391 -0.060928473185082724 0.0013179562253933755 -0.012186858163311437 -0.061562256497464288 0.045530409980267875 -0.08797266269863499 -0.1095815311276211 0.026749140699593943 0.046284761038648113
leaf_weight=1675.2645297050476 734.72457908838987 930.42638969421387 213.74085119366646 49.625110521912575 35.591968156397343 101.65336449444294 8.3982811123132706 46.994039937853813 14.639958031475542 54.221858903765678 8.2184141725301743 6.5723349004983929 16.768840491771698 5.2109674960374823 6.7888418883085242 37.451174080371857 10.715223640203478 67.299141824245453 4.3992400765418997 4.6965361684560767 20.634764194488525 8.7849006801843625 6.2820136100053769 3052.862550586462 7.7910154759883881 54.274363130331039 3.4507028460502616 2.695011541247367 208.88770145177841 114.98647426068783
leaf_count=16095 7374 3940 1982 298 274 958 63 290 144 261 37 35 115 38 48 229 57 301 18 29 94 60 36 14273 52 384 17 12 1384 1102
internal_value=5.55802e-05 -0.0193051 -0.0134771 -0.0114084 0.0495909 -0.0108145 -0.0128408 -0.0114264 -0.00394823 -0.00316569 -0.01213 -0.0471066 -0.0267078 0.0301708 0.029108 -0.0123007 -0.0123751 -0.012063 -0.0127373 0.0170535 -0.0371103 -0.00865581 -0.0121927 -0.0120947 -0.0334934 0.0283104 0.0375498 0.0258503 0.0250126 0.0528418
internal_weight=7514.05 5406.9 4672.18 4458.44 2107.15 4385.47 3386.18 3284.53 999.288 984.648 3237.53 72.9663 23.3412 316.9 281.308 3229.13 3220.92 3180.78 3108.79 71.9957 40.1349 19.5001 3071.33 3057.26 14.073 274.519 57.7251 216.794 211.583 1790.25
internal_count=50000 30646 23272 21290 19354 20842 16497 15539 4345 4201 15249 448 150 2157 1883 15186 15149 14938 14608 330 211 117 14379 14291 88 1835 401 1434 1396 17197
cat_boundaries=0 2 3 4 5 6 7
cat_threshold=2147485955 1048584 40 2147483904 2 1 4
is_linear=0
shrinkage=0.05


Tree=31
num_leaves=31
num_cat=7
split_feature=17 14 14 9 13 17 13 12 2 9 13 17 9 19 0 12 7 4 4 4 19 11 3 7 10 9 9 3 11 3
split_gain=2663.9 436.237 42.7052 58.1051 86.8841 69.6295 223.705 136.143 72.6765 35.9313 31.5839 27.561 24.6906 22.9026 18.0902 11.1888 10.0032 7.79241 5.84213 7.47694 5.36878 4.54079 2.86882 2.63607 7.20887 6.10616 2.94028 4.12791 3.43091 3.0788
threshold=0 14231.500000000002 2684.0000000000005 157.00000000000003 167.50000000000003 1 14.500000000000002 3.5000000000000004 2 80.500000000000014 7.5000000000000009 3 1207.5000000000002 4 5 337.00000000000006 28255.000000000004 8051.0000000000009 59032.500000000007 84.000000000000014 6 5.5000000000000009 53681.500000000007 24147.500000000004 22.500000000000004 4772.5000000000009 1798.0000000000002 50751.000000000007 14.500000000000002 58953.500000000007
decision_type=9 8 10 10 10 9 10 8 9 8 8 9 8 9 9 8 8 10 8 8 9 10 8 8 8 10 10 8 8 8
left_child=11 -2 3 4 5 9 7 14 10 22 -9 21 -10 -5 -7 -15 -11 18 19 -14 -19 -1 -3 26 25 -25 27 -17 29 -28
right_child=1 2 -4 13 -6 6 -8 8 12 16 -12 -13 17 15 -16 23 -18 20 -20 -21 -22 -23 -24 24 -26 -27 28 -29 -30 -31
leaf_value=0.049609707304761018 -0.054758247751679749 -0.015597416106488111 0.042377298002306892 0.049560482581929216 -0.055935030549575528 0.010597346215607591 -0.055292094024186778 0.032646790714423349 -0.071079863266146279 0.051381123215653406 -0.060033442239969849 0.052384993203818758 -0.0086109113517586332 -0.020403820636163705 -0.058182673888939468 -0.030367963359408751 0.021695535752016878 0.059351783206559677 -0.011596363456094902 -0.076325520433744479 0.0014156506084811796 0.027572364348519087 -0.05266178014892138 -0.033320654989937144 -0.060237980039689311 0.044506207549676768 -0.049064659202519338 -0.072557647884543566 -0.063394764086638272 0.0070845893040208802
leaf_weight=26.354388944804668 706.07283885031939 10.005986183881761 35.049453422427177 6.356035903096199 109.76044698059559 769.28111371397972 279.35640662908554 9.9576961547136289 17.526813499629498 56.122063040733337 119.61812402307987 1732.3369546607137 8.3691247701644915 30.423784837126732 9.6803312823176366 6.6832191199064246 57.405871152877808 6.1353571563959122 3027.8585588037968 7.9481796175241461 11.481990009546282 206.77204473316669 10.916480198502539 13.092815458774568 27.986599832773209 3.1210685446858397 5.2839597761630985 43.757814824581146 11.456924021244051 4.5381580591201791
leaf_count=208 7356 49 239 53 1158 3144 1760 44 91 279 1051 17288 48 205 81 33 331 28 14224 51 48 1476 62 81 252 19 28 215 75 23
internal_value=5.04611e-05 -0.0180802 -0.0126077 -0.0130209 -0.0119941 -0.0108984 -0.01201 -0.00900814 -0.0135599 0.0235245 -0.0491203 0.0497508 -0.0118655 -0.0433548 0.0097426 -0.0473903 0.0363705 -0.0115653 -0.0117572 -0.0415948 0.0215923 0.0288271 -0.0349361 -0.054473 -0.0448685 -0.0183395 -0.0603922 -0.0669677 -0.0448053 -0.0231218
internal_weight=7370.71 5405.25 4699.17 4664.12 4511.42 4401.66 4267.21 3987.86 3208.9 134.45 129.576 1965.46 3079.32 152.7 778.961 146.344 113.528 3061.79 3044.18 16.3173 17.6173 233.126 20.9225 115.921 44.2005 16.2139 71.7201 50.441 21.279 9.82212
internal_count=50000 31028 23672 23433 22449 21291 20570 18810 15585 721 1095 18972 14490 984 3225 931 610 14399 14323 99 76 1684 111 726 352 100 374 248 126 51
cat_boundaries=0 2 4 5 7 8 9 10
cat_threshold=2147483905 1048584 2 8388608 1 1 1048576 4 1 4
is_linear=0
shrinkage=0.05


Tree=32
num_leaves=31
num_cat=8
split_feature=17 1 13 17 8 14 13 13 12 0 4 5 0 27 7 4 0 10 3 9 9 6 8 7 11 4 4 19 14 13
split_gain=2513.86 407.929 76.0148 47.0485 35.8544 19.2173 52.286 25.6708 14.3229 58.9195 59.0222 26.1622 18.7356 12.009 4.9036 20.4543 3.33061 10.4978 2.92301 2.76529 3.56158 2.08813 2.55361 11.611 1.86773 9.34328 6.65568 1.78717 1.71385 1.07986
threshold=0 1 175.50000000000003 2 512.50000000000011 2942.0000000000005 69.500000000000014 257.00000000000006 25.500000000000004 3 84.000000000000014 408.00000000000006 4 5 21113.000000000004 84.000000000000014 6 5.5000000000000009 59982.000000000007 3365.5000000000005 37284.500000000007 133.00000000000003 559.50000000000011 1103.0000000000002 43.000000000000007 129.00000000000003 6118.0000000000009 7 27938.000000000004 32.500000000000007
decision_type=9 9 10 9 10 10 10 8 8 9 10 8 9 9 8 8 9 10 10 8 10 10 10 10 8 10 8 9 8 8
left_child=3 -2 4 18 5 6 8 -7 16 28 12 27 -11 -14 -6 -16 -3 -18 19 -1 -21 24 23 -23 25 -5 -26 -12 29 -10
right_child=1 2 -4 21 14 7 -8 -9 9 10 11 -13 13 -15 15 -17 17 -19 -20 20 -22 22 -24 -25 26 -27 -28 -29 -30 -31
leaf_value=0.030201173358245705 -0.054779511451438695 -0.0052725198348929567 -0.055598456212591553 0.051459779410257589 -0.055420929907644523 -0.055949947279398407 -0.056618539968734533 0.034294764095964922 -0.055591369599221098 -0.057524666382646306 -0.004924402751238414 -0.056898196400955781 0.052106172234587501 -0.0099848977924361301 0.034734011622091839 -0.061746382978587346 -0.035731228818168502 0.050827903946038144 -0.0069411570585165214 0.014783981161457106 0.058499643508425042 -0.023052702864127413 0.052004497776180186 0.046415643479490593 0.055023294092527077 -0.025102280303961257 -0.014312644949500089 0.026524977100549348 -0.060804341469986214 -0.016582779165220853
leaf_weight=195.25725683569908 649.22777344286442 1022.4515732899308 100.73149368166924 633.43872816115618 49.189465180039406 9.56114663928747 63.224672481417656 44.821409806609154 3.3457209691405296 20.726991452276707 12.233355388045311 97.464386738836765 7.8071537539362907 3069.3459740579128 8.4621515274047869 15.658934362232683 23.547352120280269 4.11486792564392 6.4080301374196997 59.053610697388649 5.0582591444253913 6.3322362601757041 201.12556742876768 120.05451858043671 720.09946621209383 4.010080248117446 3.4778287783265105 7.161985471844674 61.95338761806488 3.7769236117601395
leaf_count=1423 7149 4516 1113 6338 309 102 616 288 37 207 51 993 63 14375 42 116 172 21 49 341 41 67 2109 1256 7673 26 31 33 424 19
internal_value=5.52314e-05 -0.0178959 -0.0126121 0.0483506 -0.011683 -0.0111118 -0.0114772 0.0184286 -0.0108186 -0.0124441 -0.0114623 -0.0463446 -0.0101465 -0.00982736 -0.0463655 -0.0278992 -0.00573568 -0.0228552 0.0254607 0.0272428 0.018233 0.0517823 0.0485046 0.0429351 0.0529515 0.0509781 0.05469 0.0066887 -0.0581339 -0.0349063
internal_weight=7229.12 5274.81 4625.58 1954.32 4524.85 4451.54 4397.15 54.3826 4333.93 3283.82 3214.74 116.86 3097.88 3077.15 73.3106 24.1211 1050.11 27.6622 265.777 259.369 64.1119 1688.54 327.512 126.387 1361.03 637.449 723.577 19.3953 69.076 7.12264
internal_count=50000 30646 23497 19354 22384 21917 21527 390 20911 16202 15722 1077 14645 14438 467 158 4709 193 1854 1805 382 17500 3432 1323 14068 6364 7704 84 480 56
cat_boundaries=0 2 3 5 6 7 8 9 10
cat_threshold=2147485955 1048584 8 2050 1048576 2 1 1 1 1
is_linear=0
shrinkage=0.05


Tree=33
num_leaves=31
num_cat=6
split_feature=8 14 3 16 12 23 4 7 10 13 29 27 19 7 13 12 4 27 7 7 3 4 5 7 7 9 10 4 3 10
split_gain=1876.38 437.394 105.089 93.8445 29.6409 30.163 40.5204 29.7346 29.6848 29.1797 22.8066 17.8549 17.7468 17.4642 142.474 29.8572 69.9002 12.9022 8.79314 8.91283 7.54262 7.00354 8.22085 6.73634 6.26355 6.22259 6.22781 5.69865 5.64529 4.78411
threshold=1798.5000000000002 7399.5000000000009 56064.000000000007 0 85.000000000000014 1 67.500000000000014 1695.5000000000002 6.5000000000000009 330.50000000000006 2 3 4 25085.500000000004 29.500000000000004 14.500000000000002 74.000000000000014 5 25402.000000000004 7322.0000000000009 52839.500000000007 84.000000000000014 205.00000000000003 5070.0000000000009 20846.000000000004 14559.500000000002 7.5000000000000009 6118.0000000000009 58773.500000000007 125.00000000000001
decision_type=8 8 8 9 8 9 10 10 10 10 9 9 9 10 10 8 10 9 10 8 10 10 8 8 8 10 10 10 10 8
left_child=3 -2 18 11 28 -6 7 8 -7 10 -4 -1 -12 14 15 -14 -17 20 19 -3 -13 24 -23 -24 -18 26 -9 29 -5 -8
right_child=1 2 9 4 5 6 27 25 -10 -11 12 17 13 -15 -16 16 21 -19 -20 -21 -22 22 23 -25 -26 -27 -28 -29 -30 -31
leaf_value=0.051431205182274058 -0.05403283824290004 0.02941857675762918 0.024087878882870339 -0.025765637278141407 -0.030697637914513017 0.021739120471106696 0.045404573885769212 0.04617645267160933 -0.089553690942064182 -0.055247679404049566 -0.056971686160274732 0.028377196318096948 -0.002017477721028079 0.036564675735668122 -0.056961372268117129 -0.010656248707470926 0.031121105650634646 -0.052338870633829686 0.048605922899178422 0.0030783787753250517 -0.028116561056435709 0.037645777537478844 -0.13861170456987765 -0.055247032538199209 -0.05846458409365024 0.054670839469772275 0.030330243339222459 0.0061034829927924684 0.039037576469209599 0.052793388671021596
leaf_weight=7.5213932245969772 643.52472107112408 104.39104212075472 37.436018139123917 17.484407149255279 10.071641117334364 173.34708323329687 281.08105102181435 138.84688927978277 6.2060604393482199 37.90887451171875 21.39984192699194 10.529204651713373 966.71020079404116 18.952761821448803 165.90835146605968 3018.4380925223231 4.6389325261116001 30.48471836745739 36.699613310396671 46.386386722326279 13.462595671415327 2.3309497833251953 2.486437000334262 95.373149767518044 3.367450863122941 86.212558224797249 112.03684923052788 7.0555291771888724 4.1604108661413184 993.07753665745258
leaf_count=63 7332 776 259 116 104 1170 2871 1434 31 441 219 43 4143 174 1638 14341 43 210 374 308 65 10 12 993 19 918 865 59 24 10945
internal_value=5.35471e-05 -0.0154431 -0.0100001 0.0427031 0.0446105 0.0455507 0.0458933 0.0343279 0.0178924 -0.0115709 -0.0111892 -0.0178954 -0.0115256 -0.0113252 -0.0115383 -0.00969721 -0.0120717 -0.0307521 0.0266574 0.0213151 -0.00332333 -0.0515587 -0.0551547 -0.0573652 -0.00655826 0.0430823 0.0391 0.0509153 -0.0133096 0.0511634
internal_weight=7097.53 5205.95 4562.43 1891.58 1829.58 1807.94 1797.86 516.649 179.553 4374.95 4337.04 61.9979 4299.61 4278.21 4259.25 4093.35 3126.64 54.4765 187.477 150.777 23.9918 108.197 100.191 97.8596 8.00638 337.096 250.884 1281.21 21.6448 1274.16
internal_count=50000 31082 23750 18918 18537 18397 18293 4418 1201 22292 21851 381 21592 21373 21199 19561 15418 318 1458 1084 108 1077 1015 1005 62 3217 2299 13875 140 13816
cat_boundaries=0 1 2 3 4 5 6
cat_threshold=32 135170 4 1 1 2
is_linear=0
shrinkage=0.05


Tree=34
num_leaves=31
num_cat=7
split_feature=17 1 13 17 29 17 0 9 12 4 5 10 3 12 3 4 3 3 3 11 11 27 5 6 4 8 10 8 7 4
split_gain=2172.9 393.446 121.945 31.0407 25.809 24.8066 67.6906 63.5733 8.90744 38.6752 25.4334 7.18098 8.22243 6.10072 5.74742 5.30978 45.9051 47.945 4.30539 4.62632 5.628 3.94449 3.79613 3.0554 2.99404 2.29697 2.1471 5.66709 3.74822 1.49314
threshold=0 1 68.500000000000014 2 3 4 5 21814.500000000004 79.500000000000014 57375.000000000007 202.00000000000003 6623.5000000000009 52791.000000000007 117.50000000000001 55990.500000000007 105.50000000000001 54294.500000000007 43204.500000000007 42330.000000000007 8.5000000000000018 11.500000000000002 6 408.00000000000006 1009560.0000000001 264.00000000000006 450.50000000000006 52.500000000000007 566.50000000000011 1170.5000000000002 264.00000000000006
decision_type=9 9 10 9 9 9 9 8 8 8 8 8 10 8 10 8 10 8 10 10 10 9 8 8 10 10 8 10 10 8
left_child=3 -2 4 15 -3 11 -7 13 -9 10 14 12 21 -8 -10 -1 17 -17 19 -19 -21 -6 -12 -5 -13 -24 27 28 -25 -15
right_child=1 2 -4 23 5 6 7 8 9 -11 22 24 -14 29 -16 16 -18 18 -20 20 -22 -23 25 26 -26 -27 -28 -29 -30 -31
leaf_value=0.05043680392111094 -0.054133590492151433 0.024264455369737922 -0.055364159374069716 0.047174515372230059 0.057345919899547348 -0.059257768512600187 -0.026870567331481073 -0.0048467627609826945 0.023935661991731669 -0.0091604612906191468 0.019478355872995123 0.019459484012025088 -0.015786622363843712 -0.043078673244277783 -0.030674101798951192 -0.091110285071588817 -0.16619257264268394 -0.0068188494287942519 0.04085206081371516 0.03190126394979885 -0.03298292129325088 0.0095116044461743734 -0.055466032947301097 0.0028344637739286128 0.057631655326331577 -0.017959629060493684 0.054542341683938914 0.052064572730120801 0.040636042779784338 -0.055778227905511041
leaf_weight=22.193490639328957 594.6362419500947 47.05714051425457 150.9417499601841 345.65678682923317 4.6893527433276176 70.94069454818964 37.607402302324772 1020.2899768128991 15.903078228235247 2934.8573458045721 1.8181760907173155 55.553453117609024 41.4386255890131 38.935355648398399 6.9122066944837561 8.1350153684616071 3.1017352342605582 9.8789439350366575 88.839421004056931 83.1937096118927 3.4819544181227675 53.238448441028595 79.754710033535957 7.4253490418195716 5.6603248417377463 4.3023213371634474 622.53662715852261 503.77260936796665 56.113862849771976 57.071859464049339
leaf_count=202 7149 307 1739 3923 42 563 283 4523 69 13835 12 331 218 221 39 47 15 77 673 648 22 249 929 72 50 20 7226 5462 605 449
internal_value=5.41666e-05 -0.0161282 -0.0111378 0.0480378 -0.00967125 -0.0100639 -0.0107988 -0.0100056 -0.00888979 -0.0102451 -0.0395334 0.00895988 0.00121895 -0.0439412 0.00739088 0.0260626 0.0246369 0.0276954 0.0329086 0.0255998 0.0292947 0.0133839 -0.0520002 0.0509806 0.0229892 -0.0535463 0.0525148 0.0502898 0.0362185 -0.050628
internal_weight=6975.94 5221.61 4626.97 1754.33 4476.03 4428.97 4268.39 4197.45 4063.84 3043.55 108.69 160.58 99.3664 133.615 22.8153 218.824 196.631 193.529 185.394 96.5546 86.6757 57.9278 85.8752 1535.51 61.2138 84.057 1189.85 567.312 63.5392 96.0072
internal_count=50000 31028 23879 18972 22140 21833 20943 20380 19427 14904 1069 890 509 953 108 1684 1482 1467 1420 747 670 291 961 17288 381 949 13365 6139 677 670
cat_boundaries=0 2 3 5 6 8 9 10
cat_threshold=2147483905 1048584 8 1 1048576 4 2050 8388608 2 1
is_linear=0
shrinkage=0.05


Tree=35
num_leaves=31
num_cat=4
split_feature=17 14 17 9 3 14 13 13 12 13 10 11 0 13 4 5 11 9 4 27 4 3 6 10 3 3 8 3 7 7
split_gain=2046.62 373.838 49.7253 31.092 25.5099 19.9911 48.996 39.3022 13.5638 40.2707 36.8062 38.0423 59.2037 19.7409 43.819 22.8648 11.234 10.4149 4.43859 20.441 4.29407 3.85283 2.65945 2.63532 2.3371 1.63643 1.55526 1.19131 1.52199 1.05609
threshold=0 6084.0000000000009 1 1086.5000000000002 44588.000000000007 2684.0000000000005 236.50000000000003 125.50000000000001 14.500000000000002 23.500000000000004 1.5000000000000002 34.500000000000007 2 59.500000000000007 74.000000000000014 205.00000000000003 8497.0000000000018 62005.500000000007 8088.5000000000009 3 49156.000000000007 40319.500000000007 65769.000000000015 125.00000000000001 55919.500000000007 50409.000000000007 453.50000000000006 61301.500000000007 4009.5000000000005 3475.5000000000005
decision_type=9 8 9 10 8 10 10 10 10 10 10 8 9 8 10 8 8 8 8 9 8 10 8 8 10 8 8 10 8 10
left_child=2 -2 4 5 -1 6 7 8 9 10 11 18 -13 -14 17 -16 20 25 19 -3 27 -6 29 -24 -21 -15 -18 28 -12 -4
right_child=1 3 22 -5 21 -7 -8 -9 -10 -11 16 12 13 14 15 -17 26 -19 -20 24 -22 -23 23 -25 -26 -27 -28 -29 -30 -31
leaf_value=-0.050867562016902915 -0.053493310928426886 -0.016910191056568477 0.048309273707726724 -0.046131494443800755 0.022346311690929876 0.024975596176966156 -0.054694397767293651 -0.055022079334156239 -0.051929932701336917 -0.041319989528164791 -0.045858926024346804 -0.059480432081492507 -0.0017301977881865013 -0.017254047904027146 -0.00054099109790674543 -0.054215124067684785 -0.006071015182276168 -0.0086513703766104167 0.052039415911546455 0.038051182296608033 -0.072458198213058003 0.035387394722812097 0.04940433614686493 0.054151337344538322 0.067460224010170863 -0.056301483475559647 -0.04358522401894533 -0.063592147959013287 -0.021129651209679731 0.041595798401684356
leaf_weight=10.918700173497198 587.46531766653061 20.033314481377602 249.44330413639545 62.440020732581615 150.004404053092 39.136584810912609 63.004634447395802 48.543708957731724 19.001906469464302 97.733518645167351 27.587073504924774 56.808824062347412 937.44675892591476 3.3661611974239376 26.156970247626305 82.180744528770447 19.252627283334736 2919.3772632181644 16.421533852815628 18.852271467447284 19.088655173778534 90.990636110305786 570.02722758799791 600.23711510747671 10.52806446701288 13.224703624844549 3.2257213070988646 6.4776311442255965 8.0339644253253919 76.558895781636238
leaf_count=67 7313 93 2961 462 1079 282 803 587 136 786 144 424 3973 22 125 955 134 13806 74 115 95 708 6371 7284 54 144 27 42 50 884
internal_value=5.43603e-05 -0.015941 0.0465919 -0.0110934 0.0229715 -0.0106023 -0.0109176 -0.010284 -0.00977955 -0.00959267 -0.00885227 -0.00818304 -0.00879765 -0.00807454 -0.0100282 -0.0412561 -0.0416826 -0.00887587 0.0295188 0.0220346 -0.0527875 0.0272701 0.0503898 0.0518391 0.0485895 -0.0483791 -0.0114544 -0.0438682 -0.0402815 0.0467327
internal_weight=6853.57 5105.39 1748.18 4517.92 251.914 4455.48 4416.35 4353.34 4304.8 4285.8 4188.06 4104.4 4038.56 3981.75 3044.31 108.338 83.6657 2935.97 65.8352 49.4137 61.1873 240.995 1496.27 1170.26 29.3803 16.5909 22.4783 42.0987 35.621 326.002
internal_count=50000 30646 19354 23333 1854 22871 22589 21786 21199 21063 20277 19785 19449 19025 15052 1080 492 13972 336 262 331 1787 17500 13655 169 166 161 236 194 3845
cat_boundaries=0 2 4 5 6
cat_threshold=2147485955 1048584 2050 1048576 2 2
is_linear=0
shrinkage=0.05


Tree=36
num_leaves=31
num_cat=7
split_feature=17 1 17 12 13 9 28 0 9 13 13 1 12 11 9 14 3 6 7 4 27 3 3 6 7 3 3 9 3 7
split_gain=1908.45 362.411 50.4397 31.371 108.937 27.892 22.1142 65.2251 25.0741 174.722 97.7087 44.7626 13.7499 9.41357 17.4862 5.58358 5.43212 24.0945 5.24782 8.53904 3.86944 3.68893 7.94305 2.99769 2.67875 11.4404 47.7835 3.88918 2.96455 2.27515
threshold=0 1 2 2.5000000000000004 60.500000000000007 1187.0000000000002 3 4 215.00000000000003 14.500000000000002 232.50000000000003 5 18.500000000000004 2490.5000000000005 4057.5000000000005 3094.0000000000005 54694.000000000007 401.00000000000006 745.00000000000011 136.00000000000003 6 56033.500000000007 51580.000000000007 1498.5000000000002 7716.5000000000009 41754.500000000007 43593.500000000007 47041.500000000007 34659.000000000007 4217.0000000000009
decision_type=9 9 9 10 10 10 9 9 10 10 8 9 8 8 8 10 10 8 8 10 9 10 10 10 8 8 8 10 10 8
left_child=2 -2 16 4 5 6 15 -8 9 10 -9 -12 -10 18 -15 -3 24 -18 19 20 -13 22 -16 -4 25 -1 -27 -26 -28 -7
right_child=1 3 23 -5 -6 29 7 8 12 -11 11 13 -14 14 21 -17 17 -19 -20 -21 -22 -23 -24 -25 27 26 28 -29 -30 -31
leaf_value=-0.060427496840526521 -0.053547894848859204 -0.024416962605577561 0.050895949306347811 -0.043560006969539232 -0.05490910643320969 -0.061371040585967984 -0.058234855659246625 0.010902878212731653 0.00027826125524254099 -0.053850392893060872 -0.047289424938430684 0.04982165094841412 -0.052962760806024051 -0.058935015984207723 -0.0082623000701561849 0.034311168698433259 0.056509310476208288 -0.13453900117419523 -0.050762358142660051 -0.062631669378800242 0.010545933015050321 -0.038463396002253125 0.043801759943444984 0.041855975717178653 0.011618091849241077 -0.17136461649677193 0.026317395953932073 0.058099376272374194 0.039419432806097415 -0.038031363410016013
leaf_weight=3.6318790167570105 544.20188462734222 4.4870020002126685 1337.2756038159132 71.132797852158546 131.55712596327066 13.914262309670447 65.317169442772865 766.84337410330772 16.375089883804321 192.80263297259808 65.428376935422421 6.8409455940127373 46.742688834667206 17.10592433065176 2924.387496098876 41.296320796012878 4.0768516063690186 2.7727668136358252 3.6541650965809813 3.8226024359464637 75.275467172265053 10.058641850948332 7.3441369757056227 98.456468440592289 56.559870898723602 2.9196434766054145 89.875559605658054 4.8893377482891074 83.086521111428738 41.834678128361702
leaf_count=17 7149 23 16318 485 1637 80 563 3135 110 1070 861 63 308 144 13875 284 40 12 23 24 365 67 39 1182 341 15 725 41 663 341
internal_value=5.59512e-05 -0.0153199 0.0459995 -0.0105949 -0.0100901 -0.00872 -0.00825886 -0.00863941 -0.0078772 -0.00739264 -0.00508455 -0.00902166 -0.0391501 -0.00801891 -0.00852869 0.0234365 0.0221837 -0.0208282 0.00792211 0.0104174 0.0138179 -0.00823559 -0.00813188 0.0499283 0.024327 0.0274114 0.0292253 0.0153165 0.0326113 -0.0438567
internal_weight=6733.97 5050.42 1683.54 4506.22 4435.09 4303.53 4247.78 4202 4136.68 4073.56 3880.76 3113.92 63.1178 3048.49 2958.9 45.7833 247.812 6.84962 89.5932 85.939 82.1164 2941.79 2931.73 1435.73 240.963 179.514 175.882 61.4492 172.962 55.7489
internal_count=50000 30646 19354 23497 23012 21375 20954 20647 20084 19666 18596 15461 418 14600 14125 307 1854 52 475 452 428 13981 13914 17500 1802 1420 1403 382 1388 421
cat_boundaries=0 2 3 5 8 9 10 11
cat_threshold=2147485955 1048584 8 2050 1048576 0 0 4194304 2 2 1
is_linear=0
shrinkage=0.05


Tree=37
num_leaves=31
num_cat=8
split_feature=17 2 13 17 5 28 13 19 12 4 3 7 17 3 13 11 7 12 3 27 27 6 6 8 10 8 7 7 11 9
split_gain=1721.59 348.846 111.817 62.3031 30.407 20.627 23.2509 19.5736 14.6685 51.3362 14.1541 13.3396 23.2367 8.57477 8.55985 4.66015 6.20025 2.99642 9.15863 2.90189 3.2774 2.2268 1.69327 3.31127 2.21533 1.65859 3.36284 1.72782 2.03723 1.98117
threshold=0 1 64.500000000000014 2 408.00000000000006 3 39.500000000000007 4 77.000000000000014 53722.500000000007 60413.000000000007 2348.5000000000005 5 50159.000000000007 434.50000000000006 20.500000000000004 24147.500000000004 8.5000000000000018 58773.500000000007 6 7 14368.500000000002 454.00000000000006 546.50000000000011 1614.0000000000002 906.50000000000011 3475.5000000000005 1792.5000000000002 33.500000000000007 973.50000000000011
decision_type=9 9 10 9 8 9 10 9 8 8 8 8 9 10 8 10 10 8 8 9 9 8 8 10 8 8 8 10 8 8
left_child=3 4 5 13 -2 -3 7 -7 -9 -10 17 22 21 19 -11 16 -14 18 -6 -1 -21 -13 23 -5 -24 26 -19 28 29 -27
right_child=1 2 -4 11 10 6 -8 8 9 14 -12 12 15 -15 -16 -17 -18 25 -20 20 -22 -23 24 -25 -26 27 -28 -29 -30 -31
leaf_value=0.056353081910488038 0.0025976674035353706 0.02260532376052532 -0.054595103444000898 0.030915057637925888 -0.029603422558901721 -0.058608510902640056 -0.057774614747001241 -0.0028259773670971707 -0.054322611277611434 -0.054441308071666167 -0.054294479677473563 0.041101077725746171 0.02345151183319584 -0.013199520670005689 -0.0087342855635715692 0.057876278640868098 0.052065405751285349 -0.042835635855316502 0.054975657756514057 0.044025683648345068 0.0067847084197329953 0.049942820290637485 0.04642863303132154 0.051717884404204377 0.052871569028152876 -0.060740958223342446 0.0038889841563022861 -0.059448277461150612 -0.057863419437079171 -0.0122964440603082
leaf_weight=4.1996742412447929 27.13518150895834 44.970345079898834 134.4493759572506 31.516523204743862 27.835405558347706 19.289103433489799 23.948202714323997 986.58002765476704 63.518625870347023 10.278992831706999 556.2270065844059 83.731150947511196 250.77976457029581 48.499489143490791 2951.1329449266195 11.673061206936834 20.477881424129009 11.370991811156275 3.6165516152977935 7.0523188263177872 36.403602093458176 476.22280152142048 179.66120965778828 48.667439766228199 518.33089745789766 2.7536681294441196 5.82272995263338 14.03537957370281 6.8725806549191502 9.0347023233771324
leaf_count=42 132 307 1762 402 222 213 209 4307 868 139 7381 1044 1948 257 14226 107 270 67 23 29 180 6016 2121 616 6830 20 36 96 62 68
internal_value=4.90328e-05 -0.0150575 -0.00970413 0.0429825 -0.0485096 -0.00825561 -0.00863234 -0.00836179 -0.00812018 -0.00984688 -0.0514456 0.045422 0.0413441 0.00145038 -0.00889293 0.026023 0.0256116 -0.0319644 -0.019878 0.0166641 0.0128284 0.0477676 0.0504227 0.0435413 0.0512132 -0.0395839 -0.0270121 -0.0461949 -0.0362268 -0.0236127
internal_weight=6616.09 4898.87 4234.17 1717.22 664.704 4099.72 4054.75 4030.8 4011.51 3024.93 637.569 1621.06 842.885 96.1551 2961.41 282.931 271.258 81.342 31.452 47.6556 43.4559 559.954 778.176 80.184 697.992 49.8901 17.1937 32.6963 18.661 11.7884
internal_count=50000 30138 22031 19862 8107 20269 19962 19753 19540 15233 7975 19354 9385 508 14365 2325 2218 594 245 251 209 7060 9969 1018 8951 349 103 246 150 88
cat_boundaries=0 2 3 5 8 9 10 11 12
cat_threshold=2147485955 9437192 18 0 8388608 0 0 4194304 1 256 1 2
is_linear=0
shrinkage=0.05


Tree=38
num_leaves=31
num_cat=9
split_feature=1 1 17 17 24 9 13 13 29 27 12 14 13 12 4 4 7 3 10 3 3 27 3 27 10 3 7 3 11 3
split_gain=1287.31 348.232 336.055 101.317 46.342 28.7123 21.703 48.5718 19.3029 11.884 8.95461 7.94117 234.735 110.212 67.2005 5.50374 8.14795 3.33131 3.18857 2.87674 2.77714 9.36549 3.30886 5.83727 3.6715 2.52007 2.10077 22.2991 6.51973 10.0276
threshold=0 1 2 3 4 100.50000000000001 345.50000000000006 155.50000000000003 5 6 308.00000000000006 5942.0000000000009 13.500000000000002 10.500000000000002 136.00000000000003 416.00000000000006 10233.000000000002 37442.000000000007 22.500000000000004 60459.500000000007 55990.500000000007 7 46207.000000000007 8 18.500000000000004 56519.000000000007 2060.5000000000005 51662.000000000007 2.5000000000000004 65201.500000000007
decision_type=9 9 9 9 9 8 10 10 9 9 8 8 10 8 10 8 8 8 10 8 10 9 10 9 10 10 8 8 10 8
left_child=2 -2 3 17 -4 9 7 8 -3 -5 -6 -10 13 -13 -15 16 -12 -1 -19 25 22 -22 24 -24 26 -11 28 -28 -7 -30
right_child=1 6 4 5 10 20 -8 -9 11 19 15 12 -14 14 -16 -17 -18 18 -20 -21 21 -23 23 -25 -26 -27 27 -29 29 -31
leaf_value=0.04180597697821805 -0.053002185540774627 0.02186584306429935 0.039610575775951111 0.045026809403712384 -0.023815709591336377 0.037626532669813667 -0.053992247538910215 -0.054081945742791619 -0.054133032685018546 -0.043221296129879558 -0.064782052985653024 0.011639514776362183 -0.054199979158198797 -0.0083092697573497656 -0.054472757613085156 -0.061959521082375214 -0.019986518856113734 0.050702238188203567 0.030848520784121331 -0.075591564583038576 -0.035790323289632775 0.022591205040775875 -0.012049645658949372 0.034859391715258391 0.049058881413366492 0.0061607542239398173 -0.055091948059979856 0.02118560429882993 0.05616218093468222 -0.06826965232244564
leaf_weight=126.44597437232733 496.97528849542141 44.516560524702072 13.626681596040724 4.409143790602684 35.292573370039463 34.297604247927666 26.703387774527073 58.318917766213417 9.516009718179701 14.853733807802209 17.431757487356663 770.36213578283787 261.7366527095437 2939.5685089826584 81.006800264120102 65.045617416501045 24.305114030838013 1143.4232196509838 20.587440699338913 5.6287112757563582 8.7504069954156876 31.956609517335892 7.1491403728723526 91.661381766200066 10.548851884901522 3.12750469893217 10.267111822962759 143.48576109111309 2.7753814160823813 3.88626629114151
leaf_count=1685 7149 307 63 18 286 177 390 837 136 94 105 3154 1784 14217 981 542 153 15261 251 34 45 236 32 763 91 23 57 1079 29 21
internal_value=5.20946e-05 -0.0138011 0.0356414 0.0422747 -0.0334932 0.017871 -0.00903834 -0.00877183 -0.00812838 -0.0303252 -0.0426484 -0.00849001 -0.00840379 -0.00524189 -0.0095473 -0.0528667 -0.0386958 0.0491331 0.0503511 -0.0443971 0.022306 0.0100415 0.0239479 0.0314654 0.0203291 -0.0346322 0.0187726 0.016092 0.0288349 -0.0164288
internal_weight=6507.66 4688.7 1818.96 1663.25 155.702 372.798 4191.73 4165.03 4106.71 28.0191 142.075 4062.19 4052.67 3790.94 3020.58 106.782 41.7369 1290.46 1164.01 23.6099 344.779 40.707 304.071 98.8105 205.261 17.9812 194.712 153.753 40.9593 6.66165
internal_count=50000 28955 21045 19896 1149 2699 21806 21416 20579 169 1086 20272 20136 18352 15198 800 258 17197 15512 151 2530 281 2249 795 1454 117 1363 1136 227 50
cat_boundaries=0 1 2 4 5 7 8 9 10 11
cat_threshold=48 8 2147485955 15728648 2147483904 536879104 16777216 4 2 2 2
is_linear=0
shrinkage=0.05


Tree=39
num_leaves=31
num_cat=7
split_feature=7 1 16 10 8 7 7 12 4 3 3 28 13 12 0 0 27 3 27 12 3 11 10 8 11 11 4 3 6 6
split_gain=1255.38 344.582 68.1705 46.2109 42.8554 25.8024 24.7099 20.5934 25.9453 23.7761 77.5876 18.7206 671.852 388.648 58.8416 61.9842 12.7217 12.5011 11.1434 8.77116 5.88672 5.79675 5.11482 6.68547 8.13297 6.91078 4.52781 4.31103 4.00299 3.36295
threshold=77304.000000000015 0 1 1197.5000000000002 3336.0000000000005 1876.5000000000002 1487.0000000000002 1023.5000000000001 129.00000000000003 60459.500000000007 48926.500000000007 2 8.5000000000000018 686.50000000000011 3 4 5 53302.500000000007 6 9.5000000000000018 55947.500000000007 23.500000000000004 13.500000000000002 472.50000000000006 39.500000000000007 33.500000000000007 56420.000000000007 42330.000000000007 454.00000000000006 13254.000000000002
decision_type=8 9 9 8 10 10 10 8 10 8 10 9 10 8 9 9 9 8 9 10 10 8 10 8 8 8 8 10 8 8
left_child=2 -2 16 4 6 11 -4 -8 26 10 -10 -3 13 19 -15 -16 -1 21 20 -13 -18 -6 23 24 -17 -25 -9 -19 -5 -30
right_child=1 5 3 28 17 -7 7 8 9 -11 -12 12 -14 14 15 22 18 27 -20 -21 -22 -23 -24 25 -26 -27 -28 -29 29 -31
leaf_value=0.048440695524681374 -0.052748217099925755 0.021147066766720082 0.014297948104945765 0.038235508260499651 0.034695785508460329 0.035809155563403895 -0.050296631988013291 0.048332331514086384 -0.096528329445859901 -0.11018289258277521 0.038512794844003669 0.035117163224926216 -0.063022130199364243 -0.053929168163504383 -0.057626252940102624 -0.060384204687901982 0.017553067878428676 -0.12989115656906125 -0.049099201072960848 -0.0229058726208386 -0.034559894206413054 -0.053979222606628713 -0.03894221186575831 0.059196309159840449 0.015568564153749085 -0.0070353525852381183 0.038927337026679693 -0.059384935951438837 0.044556901959412198 0.05234356102373916
leaf_weight=6.2706334590911865 475.00317743420601 44.079374879598618 137.06381958723068 77.431278102099895 4.6768115758895874 32.990074276924133 6.5687367618083954 226.14208395034075 12.397841222584246 3.6937810331583014 74.87076772749424 614.39940404891968 505.75695472210646 70.644711747765541 61.092276953160763 3.7785230204463005 14.614886164665224 3.5367887839674932 26.769428282976151 6.5830151140689841 8.6124129444360715 3.041581608355048 12.287487722933291 3.9438819959759712 52.433452799916267 2910.8294582143426 294.78764625638723 5.6020906046032906 190.74178004264832 507.85051394253969
leaf_count=63 7149 307 1085 1036 41 398 59 3013 70 20 641 2495 3755 1054 563 27 63 24 210 35 45 30 110 22 331 13975 3413 51 2624 7291
internal_value=5.28453e-05 -0.0127607 0.0383323 0.0401452 0.0317464 -0.00822157 0.0335057 0.0377625 0.0387078 0.014069 0.0193281 -0.00857967 -0.00891742 -0.00161691 -0.00881729 -0.00777046 -0.0158707 -0.047101 -0.0271111 0.0345021 -0.00176981 -0.000248311 -0.0067495 -0.00661636 0.0104631 -0.00694574 0.0430102 -0.0866712 0.049022 0.0502175
internal_weight=6398.49 4793.82 1604.67 1548.41 772.382 4318.82 755.525 618.461 611.892 90.9624 87.2686 4285.83 4241.75 3735.99 3115.01 3044.37 56.2674 16.8573 49.9967 620.982 23.2273 7.71839 2983.27 2970.99 56.212 2914.77 520.93 9.13888 776.024 698.592
internal_count=50000 30221 19779 19398 8447 23072 8301 7216 7157 731 711 22674 22367 18612 16082 15028 381 146 318 2530 108 71 14465 14355 358 13997 6426 75 10951 9915
cat_boundaries=0 1 2 5 6 7 8 9
cat_threshold=8 32 0 0 4194304 1 2 1 2
is_linear=0
shrinkage=0.05


Tree=40
num_leaves=31
num_cat=6
split_feature=7 17 1 13 17 24 6 6 8 9 17 13 8 13 12 14 12 0 4 3 14 9 3 10 8 4 3 3 13 13
split_gain=913.013 384.388 328.903 43.7535 42.6025 22.4325 166.348 33.5253 43.9805 21.392 18.6202 26.14 25.6648 60.5899 15.4528 12.1383 12.9991 39.3873 27.7064 21.598 10.1843 9.71588 6.68004 6.58641 13.3702 13.9961 21.1536 36.3628 6.57098 6.56056
threshold=537.00000000000011 0 1 227.50000000000003 2 3 683.00000000000011 355.00000000000006 685.50000000000011 2113.0000000000005 4 135.50000000000003 324.50000000000006 31.500000000000004 113.00000000000001 4762.0000000000009 802.00000000000011 5 53722.500000000007 52383.500000000007 4476.0000000000009 261.50000000000006 51635.500000000007 55.000000000000007 1928.0000000000002 136.00000000000003 56033.500000000007 49201.500000000007 202.50000000000003 244.50000000000003
decision_type=10 9 9 10 9 9 10 8 8 10 9 10 8 10 8 10 8 9 8 10 8 10 10 8 10 8 8 10 8 8
left_child=1 -1 -3 10 -2 -6 7 8 -7 -8 22 12 -12 15 -9 16 -14 20 19 -19 28 -20 -4 24 -16 -26 27 -27 -18 -17
right_child=4 2 3 -5 5 6 9 14 -10 -11 11 -13 13 -15 23 29 17 18 21 -21 -22 -23 -24 -25 25 26 -28 -29 -30 -31
leaf_value=0.051268153119477147 -0.035721268085768039 -0.052503834103131364 0.017404917497301869 -0.053549089814072928 0.051707295094647415 -0.20462237353061474 -0.10263720277150697 -0.0051724124732067346 0.017937340590392783 -0.28182128186154232 -0.052324465972108374 -0.053784276114625378 -0.0019739278958244098 -0.055824805283779005 0.039225622143443627 -0.054337318581182459 -0.053548437628113205 -0.048760670202716169 -0.0067435132664115096 0.005058888885645315 -0.057742829126969521 -0.053790615605379191 -0.0078318858433691057 0.048247444437840598 0.043660438876267443 -0.081497990334616049 -0.051078139745887811 0.037050325903657019 0.016432210141648071 0.027361671434491159
leaf_weight=239.58520250767469 14.473422192037106 453.93249749392271 101.42247073352337 52.474632047116756 376.43452750146389 3.2905720993876431 2.7817621156573287 21.051289081573486 6.8212988674640664 4.1516195610165596 32.227180548012257 31.243583459407091 964.84970299899578 63.937124848365784 560.16662230342627 2.6441974155604839 5.3814955241978168 69.630784757435322 2882.181799992919 25.45617787539959 50.505817458033562 11.015723071992396 35.363802745938301 136.07008254528046 38.359376966953278 7.5638450011610976 13.144957736134527 44.670030824840069 8.9051477313041669 34.753143578767776
leaf_count=3629 109 7149 594 848 5482 32 37 161 68 34 250 479 4232 727 6924 37 87 976 13861 169 439 172 199 1989 477 41 98 393 42 265
internal_value=4.78379e-05 -0.00933186 -0.0124209 -0.00814885 0.0387084 0.0395637 0.0335638 0.0359989 -0.0544873 -0.20993 -0.00761618 -0.00820146 -0.00787816 -0.00753043 0.0371133 -0.00676901 -0.00703292 -0.00863169 -0.00779546 -0.0343524 -0.0471998 -0.00692264 0.0101391 0.0382261 0.0361721 0.0196839 0.00561621 0.0198837 -0.00992811 0.0215851
internal_weight=6294.49 5065.51 4825.93 4371.99 1228.98 1214.51 838.071 831.138 10.1119 6.93338 4319.52 4182.73 4151.49 4119.26 821.026 4055.32 4017.93 3053.08 2988.28 95.087 64.7925 2893.2 136.786 799.975 663.905 103.738 65.3788 52.2339 14.2866 37.3973
internal_count=50000 34155 30526 23377 15845 15736 10254 10183 100 71 22529 21736 21257 21007 10083 20280 19978 15746 15178 1145 568 14033 793 9922 7933 1009 532 434 129 302
cat_boundaries=0 1 2 3 5 7 8
cat_threshold=2147483648 8 64 0 16777216 2 8388608 2
is_linear=0
shrinkage=0.05


Tree=41
num_leaves=31
num_cat=10
split_feature=16 30 17 2 2 13 10 18 17 17 8 8 32 3 13 12 8 7 3 10 14 6 6 8 6 19 9 8 8 7
split_gain=713.214 615.405 558.155 289.951 117.298 48.701 45.7666 39.7754 26.1421 13.8607 12.3036 11.782 10.0264 18.7029 7.51357 7.28593 23.3006 21.09 7.93099 6.56491 5.13183 4.83186 5.76284 5.14863 4.27875 5.33232 12.724 3.96689 3.76862 3.72098
threshold=0 1 2 3 4 185.50000000000003 40.500000000000007 5 6 7 392.50000000000006 324.50000000000006 8 60435.000000000007 11.500000000000002 385.00000000000006 161.00000000000003 3805.5000000000005 57642.000000000007 25.500000000000004 2738.0000000000005 121.50000000000001 77901.000000000015 528.50000000000011 2396.5000000000005 9 605.50000000000011 909.50000000000011 796.50000000000011 1891.5000000000002
decision_type=9 9 9 9 9 8 8 9 9 9 10 8 9 10 8 8 8 8 10 10 10 10 10 10 8 9 8 10 10 10
left_child=6 -2 10 -4 5 -5 29 -6 -9 -10 11 -3 -11 14 -14 -16 18 -18 -17 20 -19 24 23 -23 25 -8 -27 28 -25 -1
right_child=1 2 3 4 7 -7 21 8 9 12 -12 -13 13 -15 15 16 17 19 -20 -21 -22 22 -24 27 -26 26 -28 -29 -30 -31
leaf_value=-0.0057775538408922043 0.10314865580060405 -0.076851873912967883 -0.052268211705520241 -0.02055047208386962 0.022971531879840995 -0.053466377472813402 0.049786717124161703 0.019173305011745571 -0.041188467002061899 0.022005173349854697 0.048053982015420355 0.032891348545716952 -0.053575599146195488 -0.063590271709234758 -0.056163399352865385 0.010102738084670023 -0.057045663034636353 -0.0070780498357578235 0.051611801344888068 -0.061119402969473671 0.018669759875371599 0.032170137273847745 -0.026857457530918113 0.051260615884875627 0.052248251339387534 -0.072509356835085581 0.037466539636365967 0.019344599260311415 -0.015089257239826476 -0.045781977125403987
leaf_weight=17.852156713604931 115.57337839901447 3.8097206130623791 433.73532582446933 926.59724142029881 111.25787688791752 127.88317639753222 22.109002873301506 89.306315042078495 20.217979356646538 21.277905039489269 412.35720010101795 6.8308065831661233 8.5280004851520044 14.516713894903658 7.3915294110774994 119.05116628855467 21.210509292781353 2966.494185090065 12.738855294883249 5.5954338833689681 19.479351498186588 73.485870458185673 2.9786405563354483 147.1765882819891 457.55833624303341 3.4826603829860661 10.743426740169525 11.12329116463661 2.1717177480459204 8.6191975176334363
leaf_count=113 482 52 7149 4737 991 2120 316 807 144 149 5914 85 139 109 80 705 119 14566 65 53 146 1072 32 2211 7186 32 157 153 32 84
internal_value=5.01005e-05 -0.00630009 -0.00886287 -0.0136431 -0.00978825 -0.0243118 0.0451849 -0.00524853 -0.0062647 -0.00702822 0.045606 -0.00640097 -0.00668435 -0.00694511 -0.0067069 -0.00658009 -0.00646354 -0.00736372 0.014115 -0.00701147 -0.00691008 0.0481209 0.0422511 0.043131 0.0509368 0.034422 0.0105436 0.0481504 0.0502958 -0.0188032
internal_weight=6201.15 5443.85 5328.28 4905.28 4471.55 1054.48 757.301 3417.07 3305.81 3216.5 422.998 10.6405 3196.28 3175.01 3160.49 3151.96 3144.57 3012.78 131.79 2991.57 2985.97 730.83 236.936 233.957 493.893 36.3351 14.2261 160.472 149.348 26.4714
internal_count=50000 38612 38130 32079 24930 6857 11388 18073 17082 16275 6051 137 16131 15982 15873 15734 15654 14884 770 14765 14712 11191 3500 3468 7691 505 189 2396 2243 197
cat_boundaries=0 1 41 42 43 44 46 48 50 51 52
cat_threshold=16 0 0 16384 0 0 0 0 0 0 0 0 0 0 0 0 0 0 0 0 0 0 0 0 0 0 0 0 0 0 0 8388608 0 0 0 0 3548381184 2217636421 68 4194304 1152 256 16 1 0 527360 2147483648 1048576 64 131072 1 4
is_linear=0
shrinkage=0.05


Tree=42
num_leaves=31
num_cat=5
split_feature=9 2 9 10 4 18 4 12 13 28 11 8 13 12 0 0 11 7 9 8 3 7 3 3 6 6 8 8 11 4
split_gain=840.792 328.997 126.536 66.1935 47.2648 35.3642 40.6748 30.4783 24.7253 13.4028 10.7176 8.67605 62.5198 14.5221 54.1591 44.5206 7.88657 20.1815 8.38107 4.6048 33.1298 9.11444 3.54241 20.6445 3.12603 4.21527 4.03684 6.40112 2.6764 2.56243
threshold=27607.000000000004 0 1495.5000000000002 273.00000000000006 56143.500000000007 1 1.0000000180025095e-35 1.5000000000000002 293.50000000000006 2 20.500000000000004 969.50000000000011 62.500000000000007 1.5000000000000002 3 4 12.500000000000002 19149.500000000004 2622.5000000000005 341.50000000000006 50020.500000000007 1540.5000000000002 54211.000000000007 53302.500000000007 3629.5000000000005 3608.5000000000005 1242.0000000000002 2121.0000000000005 56.500000000000007 60.000000000000007
decision_type=8 9 10 8 8 9 10 10 10 9 8 8 10 8 9 9 8 10 10 8 10 8 10 10 8 10 10 10 10 8
left_child=3 -2 7 5 24 -1 16 8 9 -3 19 -11 13 -13 -15 -16 18 -18 -7 29 21 -21 23 -17 26 -26 -5 -28 -4 -8
right_child=1 2 28 4 -6 6 10 -9 -10 11 -12 12 -14 14 15 22 17 -19 -20 20 -22 -23 -24 -25 25 -27 27 -29 -30 -31
leaf_value=0.043154175190082286 -0.052040585563357701 0.019033939141170346 0.047510237388646299 0.043592091871623377 -0.054197314694808069 0.026290323638252119 -0.0008558953555426375 -0.037012358802971282 -0.0531802925769463 0.013801919065951664 -0.021500807358151248 -0.00058601329056516722 -0.053703463138771057 -0.056751584079926559 -0.053335590587798923 -0.0061231438435002958 -0.046088723360684564 0.050633518680593785 0.046310246116482538 0.024668744124811511 0.025804033864161385 -0.048782113832176156 -0.036292452779506955 0.093675762311123123 0.051364553438111742 0.033248240483896734 -0.074071595912078125 0.042543884274455164 0.019831145999836416 -0.035826266241260056
leaf_weight=177.4893189817667 414.38364021107554 42.654501169919968 108.17486087232828 212.49434405565262 11.644398700445889 221.72226320952177 69.157187543809414 84.546843733638525 28.39396982267499 51.069133624434471 41.705042459070683 914.98940121382475 70.207829561084509 55.421171244233847 50.640247631818056 2871.2015971764922 11.388282746076586 10.244660213589666 68.406256571412086 5.1604077666997936 98.855367064476013 23.263803154230118 9.6470031738281232 5.1913171336054793 396.9024321064353 34.935179561376572 1.9016913324594487 3.0868833661079407 9.50050290673971 5.6675957515835753
leaf_count=2667 7149 307 1663 3267 185 2425 395 557 505 331 382 4113 1110 563 867 13881 87 149 983 45 893 161 68 26 6502 522 20 40 96 41
internal_value=5.72852e-05 -0.0100269 -0.00584505 0.0341722 0.0456464 0.0238265 0.0165767 -0.00729681 -0.00668395 -0.00635965 0.00157655 -0.00665925 -0.00693872 -0.00609839 -0.00778408 -0.00685996 0.0288391 -0.000284206 0.0310106 0.00633866 0.0121254 -0.0354471 -0.00604447 -0.00594303 0.047437 0.049899 0.0425484 -0.00191103 0.0452756 -0.00350472
internal_weight=6110.05 4716.02 4301.64 1394.03 660.965 733.06 555.571 4183.96 4099.42 4071.02 243.809 4028.37 3977.3 3907.09 2992.1 2936.68 311.761 21.6329 290.129 202.104 127.28 28.4242 2886.04 2876.39 649.321 431.838 217.483 4.98857 117.675 74.8248
internal_count=50000 31236 24087 18764 10536 8228 5561 22328 21771 21266 1917 20959 20628 19518 15405 14842 3644 236 3408 1535 1099 206 13975 13907 10351 7024 3327 60 1759 436
cat_boundaries=0 1 2 5 6 7
cat_threshold=16 32768 0 0 4194304 2 1
is_linear=0
shrinkage=0.05


Tree=43
num_leaves=31
num_cat=7
split_feature=17 1 30 13 1 8 23 17 3 11 8 12 12 14 3 13 12 7 11 3 9 4 7 27 8 3 9 6 11 8
split_gain=1188.12 301.825 556.065 214.353 63.3172 33.7208 33.6433 52.2231 19.3501 19.7649 21.8774 18.4931 35.6388 13.2839 9.164 9.02708 3.86563 5.04545 3.43358 5.9088 6.01274 6.80968 7.48541 4.97723 3.42894 3.19234 2.88701 2.34455 2.43683 5.65081
threshold=0 1 2 53.500000000000007 3 161.00000000000003 4 5 49473.500000000007 10.500000000000002 1074.5000000000002 117.50000000000001 2.5000000000000004 964.00000000000011 22955.500000000004 127.50000000000001 337.00000000000006 1.0000000180025095e-35 11.500000000000002 59931.000000000007 172.00000000000003 84.000000000000014 24196.000000000004 6 1831.5000000000002 49201.500000000007 5317.0000000000009 3595.5000000000005 43.000000000000007 580.50000000000011
decision_type=9 9 9 8 9 10 9 9 8 8 10 8 10 10 10 10 8 10 8 10 8 8 8 9 8 10 10 10 8 10
left_child=6 -2 15 11 -5 13 -1 27 9 10 -9 12 -4 18 26 -3 -7 25 23 20 -20 24 -23 -6 -22 -18 -10 28 29 -8
right_child=1 2 3 4 5 16 7 8 14 -11 -12 -13 -14 -15 -16 -17 17 -19 19 -21 21 22 -24 -25 -26 -27 -28 -29 -30 -31
leaf_value=-0.040997923349275711 -0.052024304417049076 -0.07649671224373937 0.024958849400051941 -0.047892085503870703 0.047559704740634229 -0.015609036704248951 0.030977502136391211 0.044741171616586847 0.017763621603018254 0.045144695762287454 -0.092397895601914429 -0.053288464277362113 -0.025883326863983702 0.021899822409386979 0.037192965053308651 -0.053101264608444609 -0.056887585238706712 -0.051563420764131535 -0.056808189037722258 -0.062730472729638193 0.056714189773033163 -0.058441915082815321 -0.0065120542176838872 0.00014892231214424538 0.0050651402834959464 -0.0092081106635657183 -0.032168644833171722 0.037499382855237955 0.051003179777822732 0.048350978307765531
leaf_weight=7.2289983481168747 412.41329238191247 265.69211798906326 701.22335815429688 87.518396619707346 5.9332810640335083 15.557331979274748 54.269018333405256 3.9394398629665366 133.6183280274272 7.0115971267223385 11.10861901193857 8.146589230746029 36.249682031571865 42.115529499948025 90.566682495176792 48.804771818220615 4.6790568009018925 49.662361778318882 5.9456021636724463 4.6923150420188895 6.1679103225469563 6.9559457823634139 2914.8025219738483 82.615544907748699 6.7087022140622148 14.05874168127775 2.9589560478925696 46.161184303462505 610.35960702225566 340.22373006492853
leaf_count=101 7374 1474 3065 1510 63 138 796 40 1095 69 57 144 203 306 875 889 47 319 64 41 36 57 14340 426 40 110 21 714 10321 5265
internal_value=5.77104e-05 -0.0116389 -0.00766081 -0.00253798 -0.00809536 -0.00681998 0.0420506 0.0428217 0.0197265 -0.0241899 -0.0564962 0.0216321 0.0224598 -0.00598822 0.02486 -0.0706206 -0.0381054 -0.0432221 -0.00637536 -0.00666702 -0.00657756 -0.00647579 -0.00663569 0.00332572 0.0298051 -0.0211143 0.0166818 0.0480602 0.0490237 0.045961
internal_weight=6027.39 4719.94 4307.53 3993.03 3247.41 3159.89 1307.45 1300.22 249.204 22.0597 15.0481 745.62 737.473 3075.94 227.144 314.497 83.9575 68.4002 3033.82 2945.27 2940.58 2934.64 2921.76 88.5488 12.8766 18.7378 136.577 1051.01 1004.85 394.493
internal_count=50000 30646 23272 20909 17497 15987 19354 19253 2157 166 97 3412 3268 15373 1991 2363 614 476 15067 14578 14537 14473 14397 489 76 157 1116 17096 16382 6061
cat_boundaries=0 2 3 49 50 51 52 53
cat_threshold=2147485955 1048584 40 0 536870912 0 0 0 0 0 0 0 0 0 0 0 0 0 0 0 0 0 0 0 0 26112 0 2147483776 0 1073741824 0 0 2 2415919104 0 536870912 73858 212 0 0 0 0 0 0 0 0 0 0 1073741824 2 135170 2147483904 1
is_linear=0
shrinkage=0.05


Tree=44
num_leaves=31
num_cat=3
split_feature=8 30 1 13 2 9 10 13 4 11 9 12 4 4 7 3 3 3 10 14 4 3 9 7 4 7 4 11 7 14
split_gain=854.992 548.292 370.704 224.642 44.3823 36.7956 35.6 32.105 24.9509 22.5468 32.5596 18.5875 18.0365 13.8435 7.44635 23.7012 20.8678 24.2981 12.7763 7.28047 7.2633 6.23379 6.20284 10.0393 15.5724 8.06715 26.755 5.91458 5.16887 5.12193
threshold=1512.5000000000002 0 1 24.500000000000004 2 1798.0000000000002 34.500000000000007 37.500000000000007 53725.500000000007 828.00000000000011 514.00000000000011 308.00000000000006 444.00000000000006 137.50000000000003 9720.5000000000018 42720.000000000007 48926.500000000007 56735.000000000007 41.500000000000007 20701.500000000004 416.00000000000006 54365.500000000007 20903.500000000004 27745.500000000004 74.000000000000014 1581.5000000000002 74.000000000000014 30.500000000000004 20702.000000000004 5402.0000000000009
decision_type=8 9 9 8 9 10 8 8 8 8 10 8 8 8 8 8 8 10 8 10 10 8 10 8 8 10 10 8 10 10
left_child=6 -2 -3 11 7 19 9 -5 -8 10 -1 -4 -9 -7 15 -15 -17 21 -16 27 -11 -18 23 24 -12 26 -26 -6 -20 -29
right_child=1 2 3 4 5 13 8 12 -10 20 22 -13 -14 14 18 16 17 -19 28 -21 -22 -23 -24 -25 25 -27 -28 29 -30 -31
leaf_value=0.0076705109287788092 -0.070291170581787757 -0.05160560650597254 0.026363825992071696 0.016446205421235646 -0.054213210951275764 0.037075115383016811 0.046780586235406811 0.039179231549752426 0.011099735258594163 -0.00044538048661328986 -0.068422323610826674 -0.053041288125521169 -0.053998974012996061 -0.079494069791889291 -0.064475618572769663 -0.073995419845149138 0.038379218472679222 -0.095979029005864455 -0.054376644162205827 0.028311038481026951 -0.057477802455362131 -0.0018799844693386453 0.05247602221309812 -0.059342495915934004 0.027925809221769207 0.038071157106448206 -0.11710202513207063 -0.0061922993540832307 0.032335166866328854 0.021085526200671015
leaf_weight=131.28562731668353 337.35902747884393 378.03607326745987 683.72489884495735 23.044836208224297 6.3833327479660511 60.258121225982904 641.63014056161046 5.4914758801460257 53.046152323484421 17.819496572017673 3.6263436973094931 7.4502673260867587 95.727303232997656 6.4031346887350074 8.9939091205596906 5.5123192667961112 66.703725397586823 3.8575806617736808 2.1261033341288593 15.418989852070807 8.129267752170561 11.23476681858301 51.459568746387959 2.862046666443347 28.762156032025814 326.60803097859025 3.5754284784197798 2926.4156805202365 8.9670746102929098 17.310735963284969
leaf_count=937 2561 7149 2949 153 54 826 11130 78 363 150 19 140 1678 28 85 33 652 27 29 136 74 95 854 23 384 4677 34 14457 96 129
internal_value=4.4887e-05 -0.00984305 -0.00496307 -0.000385889 -0.00587052 -0.00463092 0.036442 -0.0340749 0.044056 0.0272293 0.0293851 0.0255079 -0.0489437 0.0176971 0.00743616 0.0133577 0.0201674 0.0265131 -0.0201894 -0.00595704 -0.0183126 0.0325759 0.0362234 0.0339347 0.034671 0.0357125 0.0118907 -0.00613614 0.0157161 -0.00603189
internal_weight=5939.22 4670.42 4333.06 3955.02 3263.85 3139.59 1268.8 124.264 694.676 574.128 548.179 691.175 101.219 174.057 113.799 93.7115 87.3084 81.7961 20.0871 2965.53 25.9488 77.9385 416.894 365.434 362.572 358.946 32.3376 2950.11 11.0932 2943.73
internal_count=50000 31355 28794 21645 18556 16647 18645 1909 11493 7152 6928 3089 1756 1871 1045 835 807 774 210 14776 224 747 5991 5137 5114 5095 418 14640 125 14586
cat_boundaries=0 46 47 48
cat_threshold=524288 536870912 0 0 0 0 0 0 0 0 0 0 0 0 0 0 0 0 0 0 0 1048576 8414720 0 2147484032 0 1073741828 0 0 2 2952790016 256 536870912 73858 213 0 0 0 0 0 0 0 0 0 0 1073741824 8 1
is_linear=0
shrinkage=0.05


Tree=45
num_leaves=31
num_cat=7
split_feature=17 30 1 4 17 4 13 19 7 3 13 14 4 19 0 14 6 10 10 11 3 8 14 7 11 7 10 10 10 9
split_gain=1040.38 599.377 233.615 86.6843 37.8157 23.8578 72.9945 15.0451 14.9276 8.28907 6.40555 11.5082 17.3204 10.6403 38.4909 9.87424 4.25204 4.23164 20.479 6.19493 9.62968 3.91173 3.11074 2.91137 2.39202 2.95801 7.79814 8.18468 2.91119 1.85852
threshold=0 1 2 8051.0000000000009 3 105.50000000000001 107.50000000000001 4 645.00000000000011 50829.000000000007 259.50000000000006 26994.000000000004 54809.500000000007 5 6 1622.0000000000002 2396.5000000000005 10.500000000000002 37.500000000000007 3.5000000000000004 34059.000000000007 325.50000000000006 16655.500000000004 3475.5000000000005 11.500000000000002 2602.0000000000005 5.5000000000000009 3.5000000000000004 39.500000000000007 769.50000000000011
decision_type=9 9 9 8 9 10 8 9 10 10 8 8 8 9 9 10 10 10 10 10 8 8 10 10 8 10 10 10 8 8
left_child=4 -2 7 5 17 9 -7 -3 10 -4 -5 22 -13 -14 15 -15 -6 19 -19 -1 -21 29 -12 -10 -11 26 27 28 -26 -16
right_child=1 2 3 8 16 6 -8 -9 23 24 11 12 13 14 21 -17 -18 18 -20 20 -22 -23 -24 -25 25 -27 -28 -29 -30 -31
leaf_value=0.047768776819136174 0.095973606079295448 0.034475069993975843 0.022867630719493243 -0.05288076701414577 0.047599759112625116 -0.018356734174023837 -0.054934899546993522 -0.052986237699750499 -0.064188425702457988 -0.014318027498459857 0.00806406487342895 0.052877281449923298 -0.077229152118926711 -0.056838499385764477 -0.0043310024415199773 0.0098781433944015572 0.033620326855908399 -0.1213116082333467 0.055814103176456624 -0.075683016020154092 0.018488197722599454 -0.0051638668308805792 0.037907410848478124 -0.027336236821580248 -0.054760038801575178 -0.032806761685479267 0.056504903509805332 0.045449310447803849 -0.0072392926147447903 0.012012999445618587
leaf_weight=18.035279668867588 118.86577594280243 4.9822515025734901 29.697056710720062 7.0486861504614353 929.84174403175712 878.84321333095431 161.44682566449046 375.67640298604965 11.51904781907797 52.867124408483505 17.032304421067238 12.65408184379339 5.1964136362075806 44.875713527202606 26.75114643573761 6.3279807791113845 57.77472710609436 2.8696136623620978 3.783347874879837 2.7650485038757315 148.96808905154467 2833.3401875197887 17.917770072817802 10.022256568074225 5.6795390397310257 4.7534367740154257 6.680028907954692 5.3757839649915686 7.4509718269109815 49.724750742316246
leaf_count=203 494 60 179 139 16337 4296 2731 7364 71 299 91 73 23 424 134 57 951 12 41 15 1413 13805 159 81 73 32 35 30 47 331
internal_value=3.205e-05 -0.0104755 -0.0134439 -0.00996815 0.0421384 -0.021668 -0.0240334 -0.0505145 -0.00556776 0.000204722 -0.00527201 -0.00516066 -0.00549533 -0.00574435 -0.0056189 -0.0485934 0.046313 0.017538 -0.0205853 0.020065 0.0167721 -0.00486268 0.0233638 -0.0470427 -0.00792288 0.00336955 0.0101971 -0.0065181 -0.0277942 0.00629589
internal_weight=5858.77 4694.73 4575.86 4195.2 1164.04 1152.79 1040.29 380.659 3042.41 112.504 3020.87 3013.82 2978.87 2966.22 2961.02 51.2037 987.616 176.421 6.65296 169.768 151.733 2909.82 34.9501 21.5413 82.8069 29.9398 25.1863 18.5063 13.1305 76.4759
internal_count=50000 31028 30534 23110 18972 7722 7027 7424 15388 695 15236 15097 14847 14774 14751 481 17288 1684 53 1631 1428 14270 250 152 516 217 185 150 120 465
cat_boundaries=0 2 42 43 45 46 47 48
cat_threshold=2147483905 1048584 0 0 16384 0 0 0 0 0 0 0 0 0 0 0 0 0 0 0 0 0 0 0 0 0 0 0 0 0 0 0 8388608 0 0 0 0 3548381184 2754507333 68 4194304 1152 40 1 1048576 4 1 2
is_linear=0
shrinkage=0.05


Tree=46
num_leaves=31
num_cat=8
split_feature=1 1 13 16 10 10 11 9 8 3 4 10 8 16 32 0 14 12 3 6 7 27 27 3 7 7 3 7 9 3
split_gain=707.679 262.187 73.3322 61.8592 46.5121 37.6859 21.8361 18.5584 16.2851 13.5666 27.5467 17.7618 11.0368 9.97041 7.17104 26.685 22.9774 14.8235 5.7449 5.2528 15.446 4.85979 17.7691 4.76173 7.04133 6.1382 6.86247 4.00398 5.40644 8.02478
threshold=0 1 77.500000000000014 2 3.5000000000000004 55.000000000000007 1.5000000000000002 34202.500000000007 1173.5000000000002 49880.500000000007 136.00000000000003 72.000000000000014 559.50000000000011 3 4 5 10740.500000000002 9.5000000000000018 26848.000000000004 1009560.0000000001 1103.0000000000002 6 7 60542.000000000007 11927.000000000002 645.00000000000011 54402.000000000007 6470.5000000000009 341.50000000000006 64561.500000000007
decision_type=9 9 10 9 10 8 8 8 10 10 10 8 10 9 9 9 10 10 10 8 10 9 9 10 10 10 10 10 10 8
left_child=3 -2 14 5 6 -1 13 12 27 10 -10 -12 -8 21 -3 16 -16 -17 -7 20 -20 -5 -23 25 -25 26 -11 28 29 -6
right_child=1 2 -4 4 8 18 7 -9 9 23 11 -13 -14 -15 15 17 -18 -19 19 -21 -22 22 -24 24 -26 -27 -28 -29 -30 -31
leaf_value=-0.016416010759558237 -0.051189064410351481 0.019390636543492941 -0.052792739837440643 0.033649199520279359 0.034398789509382161 0.028405410377689091 -0.040670956484555036 0.0035646980847546502 0.016803831414296071 0.035100130056182614 -0.071962964033941673 0.054522295960887569 0.048170895064591435 0.035208805952051073 -0.050639454859289279 -0.0046550992548620041 0.019896159640127364 -0.041892324251617902 -0.04025194272731579 0.051072638888061808 0.043312505327590643 0.0555905142892969 -0.050987148487804751 -0.028875780732009328 0.041173071278155504 0.036847564717896381 -0.060514794318382463 0.045607779483704293 0.035187811554113095 -0.019572192330513084
leaf_weight=25.098862379789352 344.31837457045913 20.166093967854977 82.97923031821847 5.4466138482093811 16.575638547539715 42.447569277137518 49.218831889331341 82.459142006933689 120.05662097036839 3.994879573583602 15.108873151242731 3.4001537412405041 3.7630717493593684 39.377840593457222 55.67878782004118 3821.5432951636612 14.566356211900709 26.914415802806616 5.6977285780012599 358.92975882068276 187.67814717069268 5.518308624625206 13.425785660743719 7.7863755114376527 6.6526559703052044 109.19940261915326 3.5390521064400673 76.4666653200984 216.91291128471494 11.783551782369612
leaf_count=200 7149 149 1677 23 194 772 456 530 1304 34 96 46 62 207 592 19065 129 194 84 7000 3332 62 91 77 113 1381 30 1336 3493 122
internal_value=4.0914e-05 -0.00991276 -0.00626082 0.030704 0.0207217 0.0429064 8.76845e-05 -0.0112711 0.0280215 0.0189605 0.00805045 -0.0487273 -0.0343609 0.0242131 -0.00529643 -0.00545903 -0.0360129 -0.00491552 0.0461312 0.0474936 0.0408503 -0.00565568 -0.0199417 0.0304855 0.00339861 0.033836 -0.00981482 0.0356181 0.0325037 0.0119733
internal_weight=5776.7 4366.17 4021.85 1410.54 790.686 619.852 199.21 135.441 591.477 269.738 138.566 18.509 52.9819 63.7685 3938.87 3918.7 70.2451 3848.46 594.753 552.306 193.376 24.3907 18.9441 131.172 14.439 116.733 7.53393 321.739 245.272 28.3592
internal_count=50000 28955 21806 21045 9657 11388 1431 1048 8226 3081 1446 142 518 383 20129 19980 721 19259 11188 10416 3416 176 153 1635 190 1445 64 5145 3809 316
cat_boundaries=0 1 2 3 4 5 6 7 8
cat_threshold=48 8 16 32 1 2 2 1
is_linear=0
shrinkage=0.05


Tree=47
num_leaves=31
num_cat=7
split_feature=1 1 30 30 30 12 16 7 4 10 8 13 29 12 8 3 6 13 5 7 3 12 4 4 7 7 9 9 10 13
split_gain=655.214 252.637 109.459 370.568 381.479 66.4098 60.7696 66.4224 46.3188 34.9576 29.7098 24.0958 9.12442 8.96559 12.2515 10.9537 8.25134 5.71139 5.59335 3.65492 10.0723 3.40661 3.28572 3.25426 8.65444 10.6035 4.21626 3.12033 4.01536 3.01342
threshold=0 1 2 3 4 4.5000000000000009 5 1764.5000000000002 6118.0000000000009 39.500000000000007 1269.0000000000002 185.50000000000003 6 63.500000000000007 1242.0000000000002 61741.500000000007 18547.500000000004 456.00000000000006 408.00000000000006 1831.5000000000002 53271.500000000007 28.500000000000004 53722.500000000007 57680.500000000007 1068.5000000000002 78.500000000000014 341.50000000000006 4716.5000000000009 35.500000000000007 227.50000000000003
decision_type=9 9 9 9 9 8 9 10 8 8 10 10 9 8 8 8 8 8 8 8 10 8 8 8 8 10 10 10 10 10
left_child=6 -2 -3 -4 29 11 9 13 21 19 -9 -6 -10 -8 23 18 -11 -14 -16 20 -1 -7 -12 24 25 -15 -25 -20 -29 -5
right_child=1 2 3 4 5 8 7 10 12 16 22 -13 17 14 15 -17 -18 -19 27 -21 -22 -23 -24 26 -26 -27 -28 28 -30 -31
leaf_value=-0.061546034817899942 -0.050991414472396503 -0.06647592110147979 0.092461950671320486 -0.071066336705603528 0.013180068335557233 -0.031684766754271391 -0.055123474716207814 0.043975980971688228 0.016241727078515535 0.037538365794801597 0.023850962080134139 -0.052470688029332704 -0.052598097128512912 -0.065397553461477964 0.0093108911535020791 -0.056513961360515556 0.050089506362708626 -0.0054001838192669835 -0.047578880833996279 -0.043627446175074719 0.023085999968661331 -0.052842117900154376 0.011906487668208792 0.0068918929549996316 -0.032935513697165922 0.011382683473426114 0.026762409166287693 0.031841003211263319 -0.055342623523877733 -0.052398342144200097
leaf_weight=5.010269843041903 328.80119460448623 63.532388508319855 85.588427573442459 219.75551694631577 615.92620985209942 32.456250086426735 6.8655954636633396 243.48924304917455 40.294729836285114 203.1766691096127 150.57948926463723 14.30111202970147 6.4240781553089619 4.7470070272684088 24.705779440701008 14.156674958765505 368.34993954002857 2860.094402551651 9.1596081443130952 7.7740945257246485 11.784494578838347 45.977433543652296 93.21803130581975 82.001874186098576 15.663963090628384 85.271856278181076 39.582429811358452 3.5735910534858695 2.0948517769575119 23.975957736372948
leaf_count=37 7149 281 361 1612 2880 209 89 4327 307 3737 1886 319 139 32 121 231 7454 14214 82 85 75 935 914 557 164 616 580 30 28 549
internal_value=4.16168e-05 -0.00949034 -0.0059676 -0.00482747 -0.00721852 -0.00304965 0.0300414 0.0201136 -0.00617167 0.0424057 0.0316221 0.0116903 -0.00514861 0.00132833 0.00270781 -0.0187737 0.0456276 -0.00548682 -0.00525927 -0.0152823 -0.00216171 -0.0440871 0.0192839 0.00778269 0.00136521 0.0073338 0.0133608 -0.0295354 -0.000378917 -0.0665015
internal_weight=5708.33 4337.13 4008.33 3944.79 3859.21 3615.47 1371.21 775.11 2985.25 596.095 487.287 630.227 2906.81 287.823 280.958 53.6905 571.527 2866.52 39.5338 24.5689 16.7948 78.4337 243.798 227.267 105.683 90.0189 121.584 14.8281 5.66844 243.731
internal_count=50000 28955 21806 21525 21164 19003 21045 9657 15804 11388 7127 3199 14660 2530 2441 492 11191 14353 261 197 112 1144 2800 1949 812 648 1137 140 58 2161
cat_boundaries=0 1 2 36 75 121 122 123
cat_threshold=48 8 0 0 0 0 0 0 0 0 0 0 0 0 0 0 0 0 0 0 0 0 0 0 0 0 0 0 0 0 0 0 0 0 536870912 8192 0 0 16384 0 0 0 0 0 0 0 0 0 0 0 0 0 0 0 0 0 0 0 0 0 0 0 0 0 0 0 8388608 0 0 0 0 3539992576 545349 68 4194304 0 536870912 0 0 0 0 0 0 0 0 0 0 0 0 0 0 0 0 0 0 0 1048576 8414720 0 2147483776 0 1073741824 0 0 2 2952790016 256 0 65666 213 0 0 0 0 0 0 0 0 0 0 1073741824 16 4
is_linear=0
shrinkage=0.05


Tree=48
num_leaves=31
num_cat=6
split_feature=1 1 16 8 4 32 6 8 7 4 4 11 13 28 12 13 7 12 3 8 16 9 13 13 12 4 13 13 3 6
split_gain=605.98 243.179 59.8133 54.6973 23.0226 22.3151 20.6184 15.7323 14.9172 14.7224 11.4684 10.9823 10.4604 8.91039 14.1095 36.4031 8.55614 7.42933 6.54089 6.52813 5.75017 5.13962 5.00246 29.1221 6.85449 25.8513 17.297 9.07557 4.95579 4.76489
threshold=0 1 2 414.50000000000006 6118.0000000000009 3 662.50000000000011 1985.0000000000002 29595.500000000004 264.00000000000006 479.50000000000006 28.500000000000004 1.5000000000000002 4 11.500000000000002 182.50000000000003 16150.500000000002 1231.5000000000002 40111.500000000007 498.50000000000006 5 34202.500000000007 158.50000000000003 57.500000000000007 7.5000000000000009 8088.5000000000009 37.500000000000007 456.00000000000006 50263.000000000007 121.50000000000001
decision_type=9 9 9 10 10 9 8 10 10 10 8 8 8 9 10 10 10 8 10 8 9 8 10 10 8 8 10 8 10 10
left_child=2 -2 4 17 5 -1 -6 9 10 16 -9 -7 -3 -14 15 22 -5 -4 -11 20 -19 -21 23 24 26 27 -15 -26 -20 -13
right_child=1 12 3 7 6 11 -8 8 -10 18 -12 29 13 14 -16 -17 -18 19 28 21 -22 -23 -24 -25 25 -27 -28 -29 -30 -31
leaf_value=-0.027688600662048292 -0.050797924936237776 -0.070387110338514733 -0.054541951061145233 0.032040596508778517 0.017532886048808791 -0.065667182453716097 -0.16805797847526072 0.0085921555141399292 0.035196399677258398 -0.064337330112523475 -0.047869828563849456 0.048927428632584424 0.015688595760458984 -6.0736236125929338e-05 -0.041996576378408382 -0.052296822201436013 0.050712324926025558 -0.009505140506571079 -0.0077469104078577468 -0.052629352347174654 0.0096588292539381074 -0.0081923921493298486 -0.052617130713700867 -0.053221011182961811 -0.0083091002345811616 -0.0051934147596895287 -0.055723546388310896 -0.05252936278636753 0.022161832790155829 0.039078021060393375
leaf_weight=8.3779946565628052 313.96390894055367 6.2419044077396393 6.1654876954853535 315.09706583246589 4.0121212750673294 2.2229230999946594 2.3867944516241542 21.334523495286703 24.381052847951651 2.7464540004730216 15.547545686364172 373.62078649550676 39.99008622020483 911.45909854769707 26.83595983684063 41.326064016669989 76.190493363887072 45.04702577739954 18.794582881033421 8.113931540399788 141.76377703249454 32.856676481664181 5.535584893077611 31.125474389642477 16.435563422739506 2856.4789501354098 14.173631235957144 39.462071053683758 52.64750449359417 182.90580022707582
leaf_count=67 7149 84 86 4871 53 10 25 234 379 11 154 7738 307 4057 298 985 1461 294 146 179 1098 199 118 566 90 14282 158 861 545 3495
internal_value=3.83954e-05 -0.0090974 0.0293508 0.0194781 0.0418872 0.0436817 -0.0516925 0.0286695 0.00485082 0.0318043 -0.0152093 0.0444518 -0.00569649 -0.00560941 -0.00585038 -0.00561761 0.0356763 -0.000384073 0.0113827 0.00108185 0.00504591 -0.0169928 -0.00511974 -0.00505179 -0.00466115 -0.00585239 -0.000913066 -0.0395273 0.0142936 0.0456904
internal_weight=5637.24 4303.03 1334.21 760.686 573.526 567.128 6.39892 526.739 61.2631 465.476 36.8821 558.75 3989.06 3982.82 3942.83 3916 391.288 233.947 74.1885 227.781 186.811 40.9706 3874.67 3869.13 3838.01 2912.38 925.633 55.8976 71.4421 556.527
internal_count=50000 28955 21045 9657 11388 11310 78 7801 767 7034 388 11243 21806 21722 21415 21117 6332 1856 702 1770 1392 378 20132 20014 19448 15233 4215 951 691 11233
cat_boundaries=0 1 2 3 4 7 8
cat_threshold=48 8 16 32 0 0 4194304 32
is_linear=0
shrinkage=0.05


Tree=49
num_leaves=31
num_cat=6
split_feature=17 1 17 8 12 0 13 14 11 13 7 3 19 6 4 11 7 4 13 1 3 9 12 7 7 5 7 11 8 6
split_gain=802.014 227.425 47.2607 26.3902 9.52417 8.76232 81.5087 30.2258 14.7762 9.90878 5.7232 5.39035 5.00517 4.178 4.09775 4.02342 3.90247 4.71657 3.41632 25.4836 3.18352 10.7139 3.73302 5.93795 7.48924 2.87573 2.40574 2.31937 26.8281 2.98933
threshold=0 1 2 401.00000000000006 2.5000000000000004 3 45.500000000000007 31050.000000000004 1.0000000180025095e-35 322.50000000000006 1324.0000000000002 50976.000000000007 4 691.00000000000011 6118.0000000000009 9.5000000000000018 2602.0000000000005 416.00000000000006 469.50000000000006 5 56910.000000000007 100.50000000000001 21.500000000000004 557.00000000000011 1777.5000000000002 408.00000000000006 5399.0000000000009 183.50000000000003 324.50000000000006 6067.5000000000009
decision_type=9 9 9 10 8 9 10 8 8 8 10 8 9 10 8 8 8 10 8 9 8 8 8 8 8 8 8 8 10 8
left_child=2 -2 13 5 -5 7 8 9 -7 -3 16 15 14 27 -13 -10 -6 -18 -14 -20 25 -22 -23 -24 -25 -21 -27 28 -1 -29
right_child=1 3 -4 4 10 6 -8 -9 11 -11 -12 12 18 -15 -16 -17 17 -19 19 20 21 22 23 24 -26 26 -28 29 -30 -31
leaf_value=-0.09924774205397377 -0.050608074006039463 -0.052382004271434281 0.016416593005449315 0.013703741746178369 -0.065015689327354242 -0.053461898755975547 -0.052744826247925175 -0.05131870816470549 0.027851267228187478 0.017167540994083599 -0.056973072688737039 -0.0041521209530002582 -0.0015712577914817468 0.035624230196345412 -0.054970903675564314 -0.0040422282180142943 0.0076264579972794219 -0.054564652927888195 -0.041397978215526626 0.022781373951252001 -0.075745313774997852 -0.050872989710004438 0.015614641496661206 -0.065466686205267008 -0.0041651912865154446 -0.018270366392338071 -0.057343174498932947 0.041105792861752866 0.044727797795278808 0.051216467257954139
leaf_weight=3.2687988840043536 299.78052067011595 5.9214284718036652 228.86745531857014 7.7551126182079315 4.2942352890968349 15.215754024684429 88.70828565955162 42.770656414330006 22.926023952662945 37.895061157643795 36.655942369252443 7.1975591033697155 956.23203749582171 101.29675525054336 8.8371930755674821 17.388659864664078 10.288756795227526 4.3323987238109103 37.627866882830858 3.7087640315294266 5.2245276123285285 4.2556511089205742 38.036393880844116 4.9912043064832678 2812.889140188694 28.679278984665871 4.5667876079678527 94.616376496851444 318.44997354596853 321.56784695386887
leaf_count=52 7149 139 2162 68 25 103 1916 441 138 290 274 47 4369 1984 190 94 71 61 861 20 53 30 196 28 13839 197 42 1939 6019 7203
internal_value=3.23217e-05 -0.00921749 0.0387805 -0.00615465 -0.0382028 -0.00567965 -0.0053437 -0.0214183 -0.00428395 0.00776851 -0.0454465 -0.00409463 -0.00428207 0.0446145 -0.0321598 0.0140949 -0.0231093 -0.0108014 -0.00416734 -0.00501172 -0.00438225 -0.00420929 -0.00407862 -0.00400889 -0.00427377 -0.018979 -0.0236375 0.0464533 0.0432649 0.0489179
internal_weight=5574.25 4506.18 1068.07 4206.4 63.3264 4143.07 4056.49 86.5871 3967.78 43.8165 55.5713 3952.56 3912.25 839.2 16.0348 40.3147 18.9154 14.6212 3896.21 2939.98 2902.35 2865.4 2860.17 2855.92 2817.88 36.9548 33.2461 737.903 321.719 416.184
internal_count=50000 30641 19359 23492 499 22993 22123 870 20207 429 431 20104 19872 17197 237 232 157 132 19635 15266 14405 14146 14093 14063 13867 259 239 15213 6071 9142
cat_boundaries=0 2 3 4 5 6 7
cat_threshold=2147485955 3145736 8 2147483904 2 1 2
is_linear=0
shrinkage=0.05


Tree=50
num_leaves=31
num_cat=6
split_feature=1 13 13 35 4 16 1 9 10 21 5 7 8 4 8 7 12 6 8 14 3 4 4 8 12 27 4 7 6 9
split_gain=519.366 455.454 407.554 165.94 113.625 57.1054 39.5596 37.7759 30.0581 19.7783 32.5908 17.5727 20.3078 13.9449 19.1276 12.804 6.21048 6.18473 5.69863 5.56388 4.72093 6.36221 5.60646 4.52272 4.41597 4.39183 4.31926 3.722 3.50884 8.89947
threshold=0 9.5000000000000018 4.5000000000000009 1 23.500000000000004 2 3 1123.5000000000002 1276.5000000000002 4 202.00000000000003 1516.0000000000002 1113.5000000000002 264.00000000000006 341.50000000000006 645.00000000000011 35.500000000000007 649.50000000000011 414.50000000000006 18637.000000000004 57469.500000000007 84.000000000000014 60.000000000000007 1109.5000000000002 96.000000000000014 5 49809.000000000007 7322.0000000000009 221.50000000000003 489.50000000000006
decision_type=9 10 10 9 10 9 9 10 8 9 8 10 10 10 10 10 8 10 10 10 8 8 10 10 8 9 8 10 8 10
left_child=5 2 3 -2 6 8 -5 9 -1 -7 -11 -9 18 14 15 16 -12 28 -13 -8 21 22 -16 -22 -6 -18 -14 -19 29 -10
right_child=1 -3 -4 4 24 7 19 11 17 10 13 12 26 -15 20 -17 25 27 -20 -21 23 -23 -24 -25 -26 -27 -28 -29 -30 -31
leaf_value=-0.011188100967707462 -0.050022226814487841 -0.059473117877094007 0.03462888170566266 -0.044096005352697615 -0.075772682308169775 0.049763382556011843 -0.0045648128409538332 -0.027055781741824988 -0.024650733057345848 -0.066048281217441968 -0.053902539888895817 0.00070392014859362668 0.025119398508459647 -0.053483492702325712 -0.065733661860250245 -0.081665402133010684 0.045923003125833604 0.039295445269060772 0.043920802623007585 0.024185261834417271 0.037885423368147417 -0.057941210178781101 0.023934364494260181 -0.01551292738784185 -0.052302603364728195 -0.00031981586594385242 0.011352295319641499 0.018206100825478615 0.048616650908935417 0.043587771610526682
leaf_weight=25.606517195701599 231.76779383793473 395.31069944426417 603.14693213999271 54.457885976880789 44.844782695174217 12.132330119609833 2865.7301089651883 14.182329952716826 5.7982453331351271 17.223087061196566 5.2659850865602493 7.9724611677229396 156.55635696649551 9.7954264655709249 1.877002403140074 5.0271962732076636 5.3287620320916176 78.244797293096781 176.48403485119343 16.927684940397739 54.979545447975397 3.1223984062671652 24.458938498049974 4.2736092768609515 36.236432176083326 140.83602417260408 89.566359475255013 28.557080898433924 365.18475999310613 27.153904784470797
leaf_count=208 5793 3590 2554 1356 206 55 14432 192 66 169 81 128 2197 95 12 29 63 1591 3509 163 878 27 387 59 861 852 924 541 8414 568
internal_value=2.59252e-05 -0.00834242 -0.00311831 -0.0101236 -0.00687133 0.0280936 -0.00528221 0.0183546 0.0408898 0.00437163 0.000501661 0.0277061 0.0295098 0.00501684 0.00735414 -0.00316204 -0.00055589 0.0443406 0.0420529 -0.00438079 0.0259012 0.00954268 0.0175436 0.0340341 -0.0652835 0.00136607 0.0201094 0.0336565 0.0472066 0.0315806
internal_weight=5508.05 4248.42 3853.11 3249.96 3018.2 1259.63 2937.12 729.082 530.545 284.32 272.188 444.762 430.579 254.965 245.169 156.458 151.431 504.939 184.456 2882.66 88.7115 29.4583 26.3359 59.2532 81.0812 146.165 246.123 106.802 398.137 32.9522
internal_count=50000 28955 25365 22811 17018 21045 15951 9657 11388 2707 2652 6950 6758 2483 2388 1025 996 11180 3637 14595 1363 426 399 937 1067 915 3121 2132 9048 634
cat_boundaries=0 1 3 4 5 6 7
cat_threshold=48 0 134217728 16 8 1073741824 1
is_linear=0
shrinkage=0.05


Tree=51
num_leaves=31
num_cat=7
split_feature=16 0 30 8 23 32 2 13 8 7 12 32 4 3 4 11 9 9 12 4 3 4 8 7 4 10 7 4 8 3
split_gain=374.86 253.763 206.947 180.879 32.4208 30.5922 28.9493 44.1499 25.9642 21.9886 21.0091 18.0538 14.8525 35.0395 30.9028 9.73421 8.85169 7.85017 6.089 5.83595 5.21086 9.723 7.89624 21.7756 12.1391 4.43994 4.06584 5.05121 3.57784 4.51529
threshold=0 1 2 536.50000000000011 3 4 5 260.50000000000006 3893.5000000000005 24365.000000000004 36.500000000000007 6 137.50000000000003 52902.500000000007 105.50000000000001 12.500000000000002 20258.500000000004 2030.5000000000002 39.000000000000007 129.00000000000003 50767.500000000007 8051.0000000000009 329.50000000000006 430.00000000000006 129.00000000000003 4213.5000000000009 25718.500000000004 49809.000000000007 453.50000000000006 54800.000000000007
decision_type=9 9 9 10 9 9 9 8 10 10 8 9 10 8 10 8 10 8 8 8 8 10 10 10 10 8 8 8 8 8
left_child=4 5 -3 6 17 -2 7 -4 12 26 28 -7 14 -14 19 -12 18 -1 -8 -5 -20 22 23 24 -22 -17 27 -10 29 -6
right_child=1 2 3 8 10 11 16 -9 9 -11 15 -13 13 -15 -16 25 -18 -19 20 -21 21 -23 -24 -25 -26 -27 -28 -29 -30 -31
leaf_value=-0.1000322439071144 0.017424818321628167 0.090293768932967491 -0.010308152130346122 0.043001152506372535 0.043283670953791958 0.006618687911158736 -0.054335932630549678 -0.05212620684233911 -0.069336757884888356 0.025920185254662165 -0.062856680766764816 -0.050935300305353481 0.018694046864308825 -0.11407628784127961 -0.058354729607533275 -0.056589006602376563 0.047155434216514781 -0.020693997519144285 0.013857704490944801 0.030270299101563414 -0.003512140173992772 0.068545523747056483 0.018926326731955823 -0.074341448304541854 -0.071976992522692393 0.046550323443767735 -0.04195787823819961 -0.16263207305097427 -0.031339444404323756 -0.012963295221903526
leaf_weight=4.8777019456028912 19.470173843204975 51.164898350834846 951.54052466526628 159.98488305136561 6.1697908118367204 19.717073500156403 5.8483188599348068 67.600338324904442 3.5348572880029687 9.0980717577040178 2.050420731306076 318.58289629593492 69.111974380910397 5.3542896099388591 8.920060455799101 1.0457555018365381 8.6945618502795678 8.6415363922715187 43.773254297673702 205.84142252802849 2916.0934294611216 4.6730854660272589 38.288365308195353 10.938868619501589 6.4886795580387107 471.74067261442542 3.8836239203810701 2.4608426466584206 7.7065178602933875 8.4611635059118271
leaf_count=85 149 224 5364 3145 48 158 89 1751 38 120 9 7712 696 35 76 12 172 150 275 3268 14539 25 568 73 63 10945 57 15 83 56
internal_value=1.9358e-05 -0.00423297 -0.00106906 -0.00229736 0.0403706 -0.0447949 -0.00570076 -0.0129549 0.0271228 -0.0301639 0.0427614 -0.0474872 0.029543 0.00914757 0.0335958 0.0458507 -0.00321144 -0.0283494 -0.00336676 0.0358378 -0.00326807 -0.00351993 -0.00363325 -0.0039277 -0.00366414 0.0463222 -0.0818129 -0.107628 -0.00376727 0.0107557
internal_weight=5441.76 4931.06 4573.29 4522.13 510.694 357.77 4053.94 1019.14 468.19 18.9774 497.174 338.3 449.213 74.4663 374.746 474.837 3034.8 13.5192 3026.1 365.826 3020.26 2976.48 2971.81 2933.52 2922.58 472.786 9.87932 5.9957 22.3375 14.631
internal_count=50000 38612 30593 30369 11388 8019 22919 7115 7450 230 11153 7870 7220 731 6489 10966 15804 235 15632 6413 15543 15268 15243 14675 14602 10957 110 53 187 104
cat_boundaries=0 1 2 40 41 42 43 44
cat_threshold=16 2 0 0 16384 0 0 0 0 0 0 0 0 0 0 0 0 0 0 0 0 0 0 0 0 0 0 0 0 0 0 0 8388608 0 0 0 0 1124073472 16452 64 16913410 1 1 131072
is_linear=0
shrinkage=0.05


Tree=52
num_leaves=31
num_cat=9
split_feature=1 1 24 6 13 0 16 11 12 9 8 8 19 3 19 11 7 0 13 14 14 7 9 7 7 0 12 8 4 13
split_gain=445.471 208.1 68.82 318.242 45.6371 43.9472 38.9026 27.0235 23.9019 23.2373 23.1036 22.5763 19.4821 11.6152 11.1656 10.227 10.2186 9.04626 32.4196 25.73 9.181 8.86924 8.84267 9.45952 7.95032 7.86075 7.66966 5.79538 9.73617 5.78545
threshold=0 1 2 291.50000000000006 125.50000000000001 3 4 726.50000000000011 1189.0000000000002 814.50000000000011 1861.0000000000002 615.50000000000011 5 63382.500000000007 6 1707.0000000000002 10233.000000000002 7 39.500000000000007 3886.0000000000005 4658.0000000000009 2091.0000000000005 22467.000000000004 15555.500000000002 1.0000000180025095e-35 8 16.500000000000004 476.50000000000006 9999.0000000000018 219.50000000000003
decision_type=9 9 9 10 10 9 9 8 8 10 10 8 9 8 9 8 10 9 10 10 8 8 10 8 10 9 10 10 8 8
left_child=2 -2 25 5 17 11 8 9 -7 -8 27 -4 -9 22 -13 -10 -5 19 26 20 -3 -14 23 -12 -16 -1 -19 28 -11 -21
right_child=1 4 3 16 -6 6 7 12 15 10 13 14 21 -15 24 -17 -18 18 -20 29 -22 -23 -24 -25 -26 -27 -28 -29 -30 -31
leaf_value=0.050911181030456748 -0.050058417207733498 -0.0038662625456151859 -0.23198343247560196 -0.3958459173647712 -0.051977800115360934 -0.0052524463493818889 0.0041320112598448025 -0.069797534056661725 -0.060300920152974502 -0.12248761608256196 0.011392764333181671 0.023549340432841577 -0.042163866447247046 -0.039033890088922912 -0.052007014832066358 0.049456639719044689 -0.25651381799698963 -0.0032404877901732786 -0.053472390654928842 -0.052290066816024008 -0.055461247418266836 0.0073053181541777069 0.042591770010178033 -0.04560644582314867 -0.17979024009425426 0.1020838917903352 -0.058775424872160809 0.035045477732663685 0.016119898187198181 0.020010017769120786
leaf_weight=240.4206756837666 261.10343277826905 11.18405958265066 1.7571139186620701 3.823058269917964 50.454738177359104 23.002330299466848 149.97192691266537 11.304512362927198 2.1436833664774895 1.4062748774886102 77.314727704972029 4.4038653895258904 10.50081370398402 11.87811356037855 6.7277145832777006 213.48653420433402 2.0066127702593803 3758.9516794234514 32.517142090946436 3.0460074730217457 37.639911949634552 66.061932481825352 20.506878193467855 8.0355192944407445 1.4861261658370493 7.746387615799903 6.2273368313908568 316.3470397144556 12.786448553204536 30.201049581170082
leaf_count=5611 7149 104 16 40 1390 197 1331 70 10 11 798 61 129 112 183 5436 16 18911 581 75 424 492 399 99 11 32 54 5771 220 267
internal_value=2.60376e-05 -0.00765589 0.0268511 0.0201835 -0.004719 0.0226832 0.0240317 0.0171165 0.0414597 0.0211689 0.0268686 -0.0640698 -0.00852625 0.00784924 -0.0406866 0.0483655 -0.347887 -0.00411658 -0.00376165 -0.0205401 -0.0436424 0.000520469 0.0131099 0.00602643 -0.0751268 0.0504746 -0.00333234 0.0336431 0.00238608 0.0133861
internal_weight=5384.44 4191.33 1193.12 944.951 3930.22 939.122 924.747 686.114 238.633 598.247 448.275 14.3748 87.8673 117.735 12.6177 215.63 5.82967 3879.77 3797.7 82.071 48.824 76.5627 105.857 85.3502 8.21384 248.167 3765.18 330.54 14.1927 33.2471
internal_count=50000 28955 21045 15402 21806 15346 15075 9432 5643 8741 7410 271 691 1408 255 5446 56 20416 19546 870 528 621 1296 897 194 5643 18965 6002 231 342
cat_boundaries=0 1 2 4 5 6 7 8 9 10
cat_threshold=48 8 512 16777216 1 16 1 4 2 1
is_linear=0
shrinkage=0.05


Tree=53
num_leaves=31
num_cat=8
split_feature=1 1 24 19 6 16 10 3 13 7 4 8 3 8 3 13 13 4 10 16 10 7 4 4 27 27 12 4 3 5
split_gain=412.061 199.934 62.2063 183.916 51.679 32.9931 30.9529 24.3133 17.2386 13.2683 16.2733 15.4156 11.659 20.5685 15.4508 8.97283 73.9961 6.98765 12.4535 6.60803 28.983 9.30282 26.2874 12.9594 8.29318 8.01676 6.31526 32.5208 4.48609 4.12688
threshold=0 1 2 3 1498.5000000000002 4 5731.0000000000009 52231.000000000007 2.5000000000000004 2492.5000000000005 105.50000000000001 414.50000000000006 60965.500000000007 801.50000000000011 42720.000000000007 379.50000000000006 32.500000000000007 6118.0000000000009 13.500000000000002 5 1.5000000000000002 1103.0000000000002 23.500000000000004 6118.0000000000009 6 7 21.500000000000004 4330.5000000000009 50409.000000000007 202.00000000000003
decision_type=9 9 9 9 10 9 8 8 8 10 8 10 10 10 8 10 10 10 8 9 8 8 10 8 9 9 8 8 10 8
left_child=2 -2 29 4 7 6 -5 -4 -3 11 -11 19 13 -12 -15 16 26 18 -13 24 -21 22 -22 -23 -7 28 -10 -28 -26 -1
right_child=1 8 3 5 -6 9 -8 -9 15 10 12 17 -14 14 -16 -17 -18 -19 -20 20 21 23 -24 -25 25 -27 27 -29 -30 -31
leaf_value=0.090932582709401633 -0.049878258597312521 -0.073986873359783809 -0.14311899818659476 -0.0098046105349295209 -0.26038162030554912 0.045196776428446023 0.048886671526022947 -0.042377327189296293 0.00034231325925158148 0.040918408432565334 0.043476595116922895 0.02997703718159896 -0.11960867449721856 -0.052094128554249941 0.013273280791052966 -0.051761166427140584 -0.052927499435602425 -0.071098093350878383 -0.031991318167695175 0.047215805572149758 -0.078002863553767787 -0.058735409518203011 0.0084955737902267896 0.012348333241824277 0.031477425307109036 -0.044476416499702798 -0.052312911935111187 -0.0038180345281970001 -0.016598244276587706 0.050685929507076767
leaf_weight=6.5557778030633926 249.27911305427551 8.9076388552784902 8.4755165465176123 25.188955541700125 4.1620397195219985 5.0861131399869919 207.68255817145109 20.415801666676998 924.59500759094954 108.60528609156609 60.735493175685406 116.96207329258323 1.5397016033530224 9.5669566355645639 164.12000607326627 9.9544236995279771 76.477224424481392 1.8932023309171189 8.7114159315824491 34.969945229589939 14.487632371485232 7.1136352345347396 22.309208802878857 64.993368465453386 7.0552152693271664 21.041638270020485 34.993117373436689 2864.3516309373081 15.541405975818632 224.10575397312641
leaf_count=27 7149 100 67 208 34 63 5487 366 4190 2318 1330 2216 10 65 1860 303 1741 32 84 182 85 68 236 509 30 208 886 14586 78 5482
internal_value=2.27413e-05 -0.00732423 0.0262319 0.019955 -0.0956603 0.0244347 0.0407868 -0.0719308 -0.0044976 0.0178245 0.0249019 0.0107643 0.0175301 0.0184308 0.00967274 -0.00435081 -0.00422981 0.0242452 0.0256815 0.00183524 0.00711833 -0.00510367 -0.0255605 0.00533565 -0.0126329 -0.022268 -0.00325588 -0.00440333 -0.00158785 0.0496762
internal_weight=5329.88 4168.56 1161.32 930.657 33.0534 897.604 232.872 28.8913 3919.28 664.732 344.567 320.165 235.962 234.422 173.687 3910.37 3900.42 127.567 125.673 192.598 143.874 108.904 36.7968 72.107 48.7244 43.6383 3823.94 2899.34 22.5966 230.662
internal_count=50000 28955 21045 15536 467 15069 5695 433 21806 9374 5583 3791 3265 3255 1925 21706 21403 2332 2300 1459 1080 898 321 577 379 316 19662 15472 108 5509
cat_boundaries=0 1 2 4 5 6 7 8 9
cat_threshold=48 8 0 16777216 1 16 32 1 2
is_linear=0
shrinkage=0.05


Tree=54
num_leaves=31
num_cat=6
split_feature=17 1 17 13 8 12 13 13 0 0 3 14 3 27 6 7 9 11 7 8 7 6 8 3 14 9 3 11 11 11
split_gain=572.993 186.718 46.352 40.008 27.1652 11.7897 308.363 203.363 37.962 14.9113 12.4487 6.2964 5.03466 4.60785 4.29177 4.24173 10.4705 2.39503 7.1055 9.74401 5.55751 3.83966 2.88724 5.61973 2.02009 3.38142 13.8695 17.8498 1.92972 1.86581
threshold=0 1 2 127.50000000000001 542.50000000000011 9.5000000000000018 7.5000000000000009 302.50000000000006 3 4 62015.000000000007 4520.0000000000009 45743.000000000007 5 662.50000000000011 3152.5000000000005 734.50000000000011 2490.5000000000005 1448.0000000000002 324.50000000000006 20702.000000000004 721.00000000000011 1113.5000000000002 32015.500000000004 2675.0000000000005 114.00000000000001 30436.500000000004 1.5000000000000002 17.500000000000004 828.00000000000011
decision_type=9 9 9 10 10 10 8 8 9 9 10 10 10 9 10 8 10 8 10 10 10 8 10 10 10 8 10 10 8 10
left_child=2 -2 14 4 5 6 9 -8 -9 -3 11 13 29 -10 17 -6 -17 18 -1 20 -20 22 23 -19 25 26 -15 28 -28 -4
right_child=1 3 12 -5 15 -7 7 8 10 -11 -12 -13 -14 24 -16 16 -18 21 19 -21 -22 -23 -24 -25 -26 -27 27 -29 -30 -31
leaf_value=0.013456530017648492 -0.049699426603987594 -0.052046689412060823 0.0078944154752052294 -0.051777847461134174 -0.06193225400851509 -0.038422990764544418 -0.040533152795183831 -0.052426493427176868 0.044604069901115088 0.033685381542502758 -0.061030372482599127 0.019423104490699252 0.02453710325968177 -0.074415910446733735 0.03281120564588922 0.066442322076036481 -0.038131476806014419 0.0046914843038385421 -0.11500858774154317 0.044558554023917785 0.02078703633960069 0.05036754022467467 -0.046782037972271366 0.044257422868728448 0.025992722659960877 -0.0037925503872725608 -0.017360913008070966 0.067837524939198007 -0.054917242392023918 0.054550497795092051
leaf_weight=21.362134851515293 237.98854809626937 5.1240571532398462 136.16476367413998 45.189980905503035 15.645593024790285 24.728518895804882 447.43192479014397 40.664795730262995 4.9007316827774048 497.94237872958183 9.4693542271852476 29.376937583088875 77.648940943181515 8.6320464760065061 88.494741354137659 2.571430552750825 34.623514819890261 10.465659562498329 1.4798540771007531 250.5428265184164 1.534912224858999 256.40421950444579 1.0031731277704228 62.98965360596776 5.6338950693607321 2929.3879145495594 14.46769055724144 6.8702820986509314 4.4792992807924792 2.177104912698268
leaf_count=380 7149 139 1236 1374 113 214 2622 1073 63 2075 85 265 897 59 2065 18 324 251 22 5658 26 7188 22 1585 24 14857 84 30 73 29
internal_value=1.89725e-05 -0.00752432 0.0358808 -0.00497808 -0.00447217 -0.00400505 -0.00379251 -0.00905184 -0.00443944 0.0328121 -0.00379183 -0.00361138 0.0137129 -0.00383889 0.0424847 -0.0400897 -0.0309019 0.0445991 0.0411502 0.0434834 -0.0458708 0.0474649 0.0374696 0.0386202 -0.00391884 -0.0039757 -0.0195493 -0.00120463 -0.0262397 0.00862865
internal_weight=5275.4 4365.13 910.268 4127.14 4081.95 4029.11 4004.38 3501.31 3053.88 503.066 3013.22 3003.75 215.991 2974.37 694.277 52.8405 37.1949 605.782 274.92 253.558 3.01477 330.863 74.4585 73.4553 2969.47 2963.84 34.4493 25.8173 18.947 138.342
internal_count=50000 30641 19359 23492 22118 21663 21449 19235 16613 2214 15540 15455 2162 15190 17197 455 342 15132 6086 5706 48 9046 1858 1836 15127 15103 246 187 157 1265
cat_boundaries=0 2 3 4 5 6 7
cat_threshold=2147485955 3145736 8 2147483904 1 2 1
is_linear=0
shrinkage=0.05


Tree=55
num_leaves=31
num_cat=6
split_feature=17 1 13 21 6 19 3 7 12 12 9 12 11 3 11 8 11 12 1 13 4 19 14 8 3 9 11 8 3 7
split_gain=568.441 186.98 67.4748 64.0091 79.6422 11.3937 5.62496 12.3172 14.0807 7.81015 6.34981 3.87757 6.5015 11.8977 15.7131 15.2009 5.06602 4.30954 19.861 4.64907 6.33315 10.6574 5.03627 4.14635 6.91045 5.02574 17.7276 7.90949 6.16102 3.82364
threshold=0 1 40.500000000000007 2 155.00000000000003 3 52316.500000000007 2403.5000000000005 1.0000000180025095e-35 15.500000000000002 23020.500000000004 5.5000000000000009 12.500000000000002 47075.500000000007 2105.5000000000005 1861.0000000000002 28.500000000000004 1189.0000000000002 4 165.50000000000003 54809.500000000007 5 1106.0000000000002 1225.5000000000002 61338.000000000007 1158.5000000000002 1.5000000000000002 1579.0000000000002 56487.000000000007 1244.0000000000002
decision_type=9 9 10 9 10 9 10 10 10 10 8 10 10 10 8 10 10 8 9 8 10 9 10 10 8 10 10 8 8 10
left_child=3 5 6 4 -1 -2 9 8 10 11 29 12 13 15 -15 17 -14 -3 -19 -20 21 -21 23 25 -25 26 27 -23 -28 -8
right_child=1 2 -4 -5 -6 -7 7 -9 -10 -11 -12 -13 16 14 -16 -17 -18 18 19 20 -22 22 -24 24 -26 -27 28 -29 -30 -31
leaf_value=-0.0010796260633111645 0.033010899606555427 0.00026659844731376063 -0.052184178176149558 0.043680267696599079 -0.4336568866548019 -0.051837154159230209 -0.016990096055713038 -0.057056610078909401 0.071307882113201049 -0.057852231815016524 0.015968608171401836 -0.020329581130498871 -0.061836813325227141 0.024603109527208854 -0.046323867155773989 -0.058514358860900374 -0.0007871582721675676 -0.038831990570064555 -0.051943131898016297 0.064240880940555814 -0.057779748661716937 0.012009165022515795 0.015007832918128836 -0.061383198215303574 0.012297788257962817 -0.048652346534023533 -0.0035923027484480816 -0.0037137023486222432 -0.070403479701269617 -0.068962003923480605
leaf_weight=1.8824592344462869 4.0236891135573387 898.69521162286401 71.460204087197781 687.30950955301523 2.4473890885710716 237.20478398352861 57.006622113287449 14.827021595090626 5.2983190342783919 6.4578757248818865 15.144783314317463 31.387234531342983 8.2439149990677816 69.910541344434023 8.790588825941084 12.271331489086149 5.7810992524027816 29.802054606378078 4.8836260624229908 5.8771723210811615 5.2900515198707572 82.326466381549835 37.692803211510181 3.3442724496126166 65.687443301081657 6.1962200403213492 4.6581362187862423 2816.037032738328 13.310849532485006 3.7732349783182135
leaf_count=53 60 4090 1961 17423 24 7364 431 121 31 62 106 188 75 725 89 72 70 861 139 25 26 553 304 22 733 36 28 14228 74 26
internal_value=1.3903e-05 -0.00646534 -0.00399603 0.0418952 -0.0742059 -0.0484149 -0.0031881 -0.0151492 -0.00749917 -0.00290902 -0.0129986 -0.00282269 -0.00268798 -0.00257072 0.0166809 -0.00295082 -0.0366722 -0.00277924 -0.00366938 -0.00318729 -0.00311946 -0.00302419 -0.00315469 -0.00338353 0.00872828 -0.00366962 -0.00357405 -0.0032671 -0.0530839 -0.0202165
internal_weight=5217.02 4525.38 4284.15 691.639 4.32985 241.228 4212.69 96.05 81.223 4116.64 75.9246 4110.19 4078.8 4064.77 78.7011 3986.07 14.025 3973.8 3075.11 3045.3 3040.42 3035.13 3029.25 2991.56 69.0317 2922.53 2916.33 2898.36 17.969 60.7799
internal_count=50000 32500 25076 17500 77 7424 23115 715 594 22400 563 22338 22150 22005 814 21191 145 21119 17029 16168 16029 16003 15978 15674 755 14919 14883 14781 102 457
cat_boundaries=0 2 3 5 6 7 8
cat_threshold=2147483905 8 40 12288 176 4 2 1
is_linear=0
shrinkage=0.05


Tree=56
num_leaves=31
num_cat=6
split_feature=1 30 17 1 4 13 4 13 13 13 17 10 18 10 8 3 14 3 7 11 5 8 6 8 6 10 3 9 9 3
split_gain=328.018 226.587 203.211 196.591 74.0261 34.726 39.2143 22.5559 54.5337 19.5276 17.6025 20.2374 17.0011 28.314 15.3753 9.21963 5.90919 3.48721 3.40548 7.56214 3.29374 3.11477 3.01386 13.5374 10.3152 4.48684 3.55189 4.54991 2.93786 13.8635
threshold=0 1 2 3 6118.0000000000009 284.50000000000006 59032.500000000007 153.50000000000003 5.5000000000000009 79.500000000000014 4 7.5000000000000009 5 2.5000000000000004 112.50000000000001 50536.500000000007 28417.000000000004 60370.000000000007 813.50000000000011 16.500000000000004 205.00000000000003 620.50000000000011 34633.000000000007 371.50000000000006 3608.5000000000005 5279.0000000000009 34659.000000000007 573.00000000000011 2699.5000000000005 59982.000000000007
decision_type=9 9 9 9 10 8 8 10 10 10 9 8 9 10 8 10 8 8 8 8 8 8 8 10 8 8 10 10 10 8
left_child=2 -2 4 -3 22 7 -7 8 -5 -10 11 -4 18 14 15 -14 -8 20 -12 21 -16 -20 23 24 -1 -24 -25 -28 -13 -30
right_child=1 3 10 5 -6 6 16 -9 9 -11 12 28 13 -15 17 -17 -18 -19 19 -21 -22 -23 25 26 -26 -27 27 -29 29 -31
leaf_value=0.0019335593578278778 -0.065967215230540471 -0.049335839185024578 -0.07196878874465229 -0.076928740002991644 -0.24072422281383937 -0.051700270485490231 0.017698363940674797 -0.051646996662320213 0.011520347906624854 -0.05206329832722504 0.024100879021093185 0.023125633929748146 0.010165356322021368 -0.048723657078734404 -0.0008407897553434501 -0.023372599235148783 -0.0035000962211978702 -0.058392880882060696 -0.06228467394949231 0.015451972049391933 -0.043835342083527844 0.0011917385220761312 0.040512293267452093 0.025139282807428533 -0.1393223126638348 0.049870868759963542 -0.075435974260834704 0.045674329796150187 0.01462025979472649 -0.068175007487315822
leaf_weight=7.9131545536220074 143.91502947732806 216.45069747045636 7.0105458199977875 18.206895096227527 2.3065067231655112 42.38904682919383 33.263172827661037 15.80093841254711 803.66931312158704 12.259520938619969 30.771841965615749 62.196683906018734 81.226304117590189 57.902207758277655 8.2053451687097532 27.405752703547478 2813.6806444749236 12.732177825644611 5.4504070207476589 23.295196097344164 9.7448027357459122 2.9943138696253309 277.33239102363586 29.027884315699339 1.5447171069681624 237.97046204283834 0.78106731921434303 108.75879085063934 65.731623843312263 5.4772194698452941
leaf_count=193 1032 7149 63 195 16 1341 260 516 3873 328 218 726 538 510 48 179 14261 243 40 131 89 21 6390 718 27 7262 18 2876 707 32
internal_value=1.68293e-05 -0.00641733 0.0245959 -0.00408993 0.0414223 -0.00134624 -0.00396319 0.00753418 0.00865524 0.010565 -0.00372189 0.0101146 -0.0112999 -0.0184039 -0.00712334 0.00170438 -0.00325242 -0.0383783 0.0105593 0.000757668 -0.0241817 -0.0397773 0.0430278 0.0367395 -0.0211372 0.0448341 0.0406899 0.0448108 0.0151863 0.00825184
internal_weight=5165.41 4099.64 1065.78 3955.72 665.635 3739.27 2889.33 849.937 834.136 815.929 400.144 140.416 259.728 197.217 139.314 108.632 2846.94 30.6823 62.5118 31.7399 17.9501 8.44472 663.328 148.026 9.45787 515.303 138.568 109.54 133.406 71.2088
internal_count=50000 28955 21045 27923 17500 20774 15862 4912 4396 4201 3545 1528 2017 1607 1097 717 14521 380 410 192 137 61 17484 3832 220 13652 3612 2894 1465 739
cat_boundaries=0 1 47 49 50 52 54
cat_threshold=48 0 0 0 0 0 0 0 0 0 0 0 0 0 0 0 0 0 0 0 0 0 0 0 0 0 0 0 0 0 2 0 0 536870912 8192 4 0 0 0 0 0 0 0 0 0 0 1073741824 2147483905 8 8 2048 3145728 32960 1048576
is_linear=0
shrinkage=0.05


Tree=57
num_leaves=31
num_cat=5
split_feature=17 2 17 3 13 8 3 28 13 12 4 5 3 12 6 4 14 7 11 11 4 11 4 11 8 10 9 19 3 11
split_gain=471.594 166.109 37.136 20.382 19.2708 26.5872 4.59211 4.57909 290.654 207.217 13.9876 14.8544 9.44975 15.2067 4.36559 47.1528 4.35204 4.14357 4.50227 8.0099 3.69378 3.4469 10.0543 3.20353 2.93161 8.10355 8.75227 2.77577 9.22645 4.65133
threshold=0 1 2 43187.000000000007 237.50000000000003 731.50000000000011 58811.500000000007 3 7.5000000000000009 169.50000000000003 2603.0000000000005 1.0000000180025095e-35 59931.000000000007 1.0000000180025095e-35 1941.0000000000002 4330.5000000000009 15482.000000000002 27745.500000000004 30.500000000000004 23.500000000000004 84.000000000000014 23.500000000000004 56420.000000000007 2237.0000000000005 615.50000000000011 27.500000000000004 24509.500000000004 4 61376.000000000007 3.5000000000000004
decision_type=9 9 9 8 10 10 8 9 8 8 10 10 8 10 10 10 10 8 10 8 10 8 8 8 10 10 10 9 10 10
left_child=2 -2 3 -1 5 7 -5 16 -9 12 27 -12 13 -10 15 20 -3 -7 19 -19 24 22 -8 -22 -4 -26 -27 -11 29 -29
right_child=1 4 14 6 -6 17 21 8 9 10 11 -13 -14 -15 -16 -17 -18 18 -20 -21 23 -23 -24 -25 25 26 -28 28 -30 -31
leaf_value=-0.064276019025131623 -0.049158609185036742 -0.0064728253271752762 0.035366749348369329 0.025666264093080426 -0.05143140786319958 -0.053661190004492203 -0.099817545311282382 0.03185055960794711 -0.034967377719344321 -0.025525964688502108 -0.051939852602641501 0.0057258628934793287 -0.040091308655709978 0.061112603830255977 0.026746157268262096 -0.21186557446127391 0.028523720700396594 -0.031660696434590276 -0.064437056485435323 0.065280328992334005 -0.0092751054176005415 0.054114697018073254 0.0078215316848187395 0.050480777761468087 0.045382507815417555 -0.1233466083416066 0.019807156806174377 -0.0030695064482606309 -0.060257463166693774 -0.031208077599292918
leaf_weight=8.5708191841840726 206.65315347537398 14.325818747282026 149.69598146341741 58.861567042768002 21.494244014844298 29.142128940671682 2.2436268031597129 502.50189461745322 12.778557345271112 14.174317883327603 30.274872103706002 17.694618292152882 478.06718810647726 6.076551776379346 46.062788289040327 1.8131675794720639 23.383807331323624 7.2086536213755608 4.209319580346345 3.025028854608534 2.2730106487870216 3.6541465744376174 65.622637212276459 169.22906926460564 265.20500029809773 1.3905777409672726 4.5986589044332504 2941.9567859470844 7.1046732366085044 14.760006561875342
leaf_count=47 7149 71 3733 680 795 280 9 2226 145 248 925 88 3372 36 1129 12 236 75 44 24 24 55 737 5437 7043 16 106 15106 61 91
internal_value=5.8084e-06 -0.00645279 0.0355616 0.00971393 -0.00420135 -0.00396438 0.0153228 -0.0035477 -0.00371437 -0.00879786 -0.00388374 -0.0306686 -0.038722 -0.00400309 0.0409355 0.0427244 0.0120367 -0.042808 -0.0209092 -0.00300538 0.0435036 0.00681007 0.00426303 0.0496888 0.0409834 0.0440836 -0.0134302 -0.00345229 -0.00334673 -0.00320997
internal_weight=5114.05 4334.83 779.221 138.953 4128.18 4106.68 130.382 4063.1 4025.39 3522.89 3025.97 47.9695 496.922 18.8551 640.268 594.205 37.7096 43.5851 14.443 10.2337 592.392 71.5204 67.8663 171.502 420.89 271.194 5.98924 2978 2963.82 2956.72
internal_count=50000 30972 19028 1528 23823 23028 1481 22605 22298 20072 16519 1013 3553 181 17500 16371 307 423 143 99 16359 801 746 5461 10898 7165 122 15506 15258 15197
cat_boundaries=0 2 3 5 8 9
cat_threshold=2147485953 3145736 16 2048 3145728 0 0 4194304 1
is_linear=0
shrinkage=0.05


Tree=58
num_leaves=31
num_cat=7
split_feature=17 2 0 23 17 3 8 9 13 10 9 27 4 3 6 14 7 7 3 3 16 8 11 12 3 3 7 12 5 10
split_gain=430.304 112.531 58.3099 30.9349 53.3135 48.1982 14.3601 8.901 41.4508 6.81298 11.0049 4.98605 4.41176 11.1717 19.6914 3.92212 2.95754 2.39916 21.6372 6.31856 2.22694 15.6199 9.16004 7.84385 5.14953 3.60859 3.35834 2.81512 2.48412 2.54919
threshold=0 1 2 3 4 55990.500000000007 846.50000000000011 245.50000000000003 94.500000000000014 24.500000000000004 24256.500000000004 5 137.50000000000003 53829.000000000007 621.00000000000011 5402.0000000000009 1487.0000000000002 26130.000000000004 43593.500000000007 51756.500000000007 6 145.50000000000003 38.500000000000007 802.00000000000011 30436.500000000004 60370.000000000007 35008.500000000007 8.5000000000000018 202.00000000000003 2946.0000000000005
decision_type=9 9 9 9 9 10 10 10 10 10 8 9 8 10 8 10 10 10 8 8 9 10 8 8 10 8 8 8 8 8
left_child=3 2 -2 5 9 -1 11 8 15 -5 -11 -4 -6 17 -15 -3 -8 18 -14 -20 25 22 24 -23 -22 27 -25 -13 -24 -30
right_child=1 7 6 4 12 -7 16 -9 -10 10 -12 20 13 14 -16 -17 -18 -19 19 -21 21 23 28 26 -26 -27 -28 -29 29 -31
leaf_value=-0.30064818772820473 -0.051463666609601159 -0.0031720460531952325 0.044128184203509488 0.043710779826740855 0.03900535176430641 -0.01398289142644419 -0.017787605525291073 -0.054444614616781718 -0.051516396305312323 -0.11232054548421425 0.026565617995433694 -0.053425002421364692 -0.067840559689588839 0.053097176029206078 -0.14156609835582243 0.01547026861494012 -0.048886608379844258 0.054648063751087272 0.02803174905730297 0.0074658807505895586 0.009223449437961417 0.023132983145348812 0.0036364548423096043 -0.051324603364628567 0.046133307427767431 -0.058572164493235761 -0.0069669795705889926 -0.0097979248808092376 -0.0045225318550160673 -0.041583246537853114
leaf_weight=2.2093366757035255 197.30426414124668 3786.2001104597002 4.7401473596692085 585.65489875711501 13.13913458585739 4.3598144464194775 10.512367784976957 8.6247508525848371 44.600287055596709 1.7472905218601198 7.7637839056551465 4.1824354976415634 8.4204410091042501 2.197115570306778 3.1785325333476058 28.425628185272217 28.0282346829772 3.1143517494201651 55.885622121393681 112.59106790274382 20.19520591199398 5.3726954609155655 22.730661273002625 22.420449435710911 17.760208547115326 5.430744342505931 5.2700398564338675 31.900553353130817 10.481759708374739 8.3253593407571316
leaf_count=16 7149 19960 63 16984 203 85 121 204 1589 17 186 77 38 40 15 278 268 41 659 1075 99 36 120 135 98 55 40 186 84 79
internal_value=1.4724e-06 -0.006334 -0.0314455 0.0334084 0.0345838 -0.0437678 -0.0130255 -0.00369727 -0.00359344 0.042318 0.00105068 -0.00638124 0.0104797 0.00902327 -0.062004 -0.00303313 -0.040404 0.0111443 0.0103784 0.0142878 -0.00793522 -0.00300665 0.00873869 -0.0321551 0.0264944 -0.01658 -0.0428825 -0.0148548 -0.00748573 -0.0209282
internal_weight=5062.77 4262.51 394.655 800.261 793.692 6.56915 197.351 3867.85 3859.23 595.166 9.51107 158.81 198.526 185.387 5.37565 3814.63 38.5406 180.011 176.897 168.477 154.07 112.556 79.4932 33.0632 37.9554 41.5137 27.6905 36.083 41.5378 18.8071
internal_count=50000 30641 8610 19359 19258 101 1461 22031 21827 17187 203 1072 2071 1868 55 20238 389 1813 1772 1734 1009 691 480 211 197 318 175 263 283 163
cat_boundaries=0 2 3 4 5 7 8 9
cat_threshold=2147485955 3145736 18 2 135170 2147483904 8 1 32
is_linear=0
shrinkage=0.05


Tree=59
num_leaves=31
num_cat=5
split_feature=30 2 16 9 13 8 2 23 9 12 7 7 8 4 7 12 11 4 3 10 3 12 8 8 4 8 14 8 3 6
split_gain=319.812 216.356 174.644 58.2735 45.9286 34.1289 27.2602 25.8865 29.4509 16.4625 14.3298 12.8138 11.3373 11.237 12.874 11.1487 8.50126 7.35702 6.98666 5.08831 4.71904 4.70009 16.3726 8.29245 7.1614 6.55172 5.30832 4.47015 4.17312 3.99453
threshold=0 1 2 403.00000000000006 276.50000000000006 324.50000000000006 3 4 814.50000000000011 385.00000000000006 19149.500000000004 2714.0000000000005 2049.5000000000005 105.50000000000001 1143.5000000000002 58.000000000000007 56.500000000000007 57375.000000000007 42336.500000000007 35.500000000000007 52231.000000000007 443.50000000000006 93.500000000000014 528.50000000000011 23.500000000000004 645.50000000000011 26178.000000000004 1093.5000000000002 41460.500000000007 2161.5000000000005
decision_type=9 9 9 10 8 10 9 9 8 8 10 8 10 10 10 8 8 8 10 10 10 8 8 8 10 8 8 10 8 10
left_child=-1 -2 7 4 15 -5 -6 8 28 -9 11 13 27 14 -7 -4 -11 -14 -10 -12 -21 -8 -23 24 -24 -25 -27 -13 -3 -18
right_child=1 2 3 5 6 10 21 9 18 16 19 12 17 -15 -16 -17 29 -19 -20 20 -22 22 23 25 -26 26 -28 -29 -30 -31
leaf_value=-0.065775275807045272 -0.048794037295317533 -0.042253242655280437 0.010895412107170656 -0.056914624032215179 -0.040683534506922227 -0.054423784073481321 -0.053349751081263178 -0.001347342674369261 -0.20927803149461577 -0.057195060921654044 0.049131744347494594 0.029352994542206735 -0.0040195723079986352 -0.079037581084192621 0.037000408695286216 -0.05182519725831243 0.046605420967977644 -0.064131593154362274 -0.087781477163755853 0.026950053187965475 -0.060515413891791929 0.016278674002463106 -0.06555802073098782 0.055396387367327493 -0.013926911147876442 0.017691233306389494 -0.0031007408618323974 0.010917972242617237 0.028889954752376365 0.029660608870014107
leaf_weight=168.24253325164318 187.94296619482338 2.6075274981558332 806.34570997953415 14.081226386129854 37.384580744430423 3.9928707145154467 4.5235463455319405 21.30832277983427 1.6518631950020779 2.0636685714125633 57.134487513452768 42.354345045983791 18.778645060956482 2.2530006840825072 108.09188915789127 7.1478759832680216 294.03281845152378 6.9827021248638621 4.1711356788873672 8.5044052414596063 1.8837047889828671 113.57122071832418 9.0436660274863225 4.8317759931087485 26.094707701355219 31.033660300076008 2835.3256314396858 147.05248995870352 9.8392841964960098 39.446186114102602
leaf_count=1501 7149 60 4309 246 1302 47 88 197 13 10 1636 1138 249 22 2753 221 9749 69 67 133 28 744 55 64 290 246 14516 1806 259 1033
internal_value=4.08879e-06 0.00241682 0.00458156 0.00167905 -0.000215857 0.0195821 -0.00302159 0.036843 -0.0190227 0.0401438 0.0222952 0.0179952 0.0108076 0.0315212 0.0337435 0.0103443 0.043975 -0.0203131 -0.122248 0.0432791 0.0110897 -0.00241356 -0.00234526 -0.00307303 -0.0272154 -0.00277757 -0.00287563 0.0150403 0.0139859 0.0446011
internal_weight=5017.72 4849.48 4661.53 4286.41 3875.3 411.11 3061.81 375.121 18.2698 356.851 397.029 329.506 215.168 114.338 112.085 813.494 335.543 25.7613 5.823 67.5226 10.3881 3024.42 3019.9 2906.33 35.1384 2871.19 2866.36 189.407 12.4468 333.479
internal_count=50000 48499 41350 29962 21835 8127 17305 11388 399 10989 7881 6084 3262 2822 2800 4530 10792 318 80 1797 161 16003 15915 15171 345 14826 14762 2944 319 10782
cat_boundaries=0 46 47 48 49 50
cat_threshold=0 0 0 0 0 0 0 0 0 0 0 0 0 0 0 0 0 0 0 0 0 0 1024 0 0 0 0 0 0 2 0 0 536870912 8320 20 0 0 0 0 0 0 0 0 0 0 1073741824 16 16 1 17433602
is_linear=0
shrinkage=0.05


Tree=60
num_leaves=31
num_cat=4
split_feature=30 17 13 14 17 13 7 12 12 4 0 3 12 4 5 11 3 6 8 7 10 4 10 6 6 3 5 4 4 3
split_gain=430.952 316.265 125.228 100.457 29.4052 24.764 18.2324 17.7418 10.2152 8.52229 45.2609 22.5196 6.91976 6.73215 6.20862 5.41347 30.2916 3.20659 12.605 2.42643 30.5697 56.5483 2.48773 2.03267 3.02071 2.70478 1.75707 25.8182 8.00571 7.92189
threshold=0 1 238.50000000000003 534.50000000000011 2 69.500000000000014 1267.5000000000002 1.5000000000000002 15.500000000000002 57375.000000000007 3 65023.500000000007 28.500000000000004 137.50000000000003 1.0000000180025095e-35 24.500000000000004 51635.500000000007 3365.5000000000005 404.50000000000006 18767.000000000004 24.500000000000004 6118.0000000000009 60.500000000000007 286.50000000000006 1498.5000000000002 40319.500000000007 202.00000000000003 84.000000000000014 67.500000000000014 61046.500000000007
decision_type=9 9 8 10 9 10 10 8 8 8 9 8 8 8 10 8 10 10 10 10 10 10 8 10 8 10 8 10 8 8
left_child=-1 4 5 6 17 7 9 -3 -9 11 -11 26 -8 -6 -12 16 -15 19 -19 20 21 22 -2 24 -24 -25 -4 28 29 -28
right_child=1 2 3 -5 13 -7 12 8 -10 10 14 -13 -14 15 -16 -17 -18 18 -20 -21 -22 -23 23 25 -26 -27 27 -29 -30 -31
leaf_value=-0.066391970454460769 0.036595321210987679 0.019407288276140057 0.0081690152381272418 -0.039939235041505171 0.042654437184388327 -0.051833844510704268 -0.0015740284728081905 0.0004106494343670655 -0.054753105800699142 -0.054428797963435797 -0.0021844607661408032 -0.051518853943758713 -0.050115865155609562 0.011014611057932212 -0.046938576228767584 0.054459865980923762 -0.14167066265061859 -0.048844212785731589 0.038615105218635454 0.047990131782931253 -0.23806779167138795 -0.22043551015246299 0.029523520464241271 0.02292835477489762 0.050116130649343366 0.043554483184362745 0.0023817461411355257 -0.057041508060745198 0.037407866921086559 -0.059859086537891903
leaf_weight=223.09804184548557 158.15629869699478 694.39375685155392 20.375906303524971 209.1305119972676 17.018184404820204 13.157232997938989 9.782132897526024 37.61181278154254 10.802649592980741 42.270345743745565 2833.3556239008904 33.304344138130546 29.428724970668554 129.24203204363585 7.7706779241561881 6.343152940273284 3.3321407437324515 4.9036037772893932 25.771561115980148 106.76780327968299 0.9893261045217504 2.0706448033452025 20.189664948731661 21.603311346843839 150.99232665635645 60.142791161313653 63.036276929080486 21.291703455150127 15.229646757245062 5.563527923077344
leaf_count=2125 4297 3155 108 7178 257 400 102 199 218 702 14292 1192 257 1462 205 96 16 115 717 3420 6 12 616 608 5547 1859 440 255 92 52
internal_value=-1.12604e-05 0.00323671 -0.00218325 -0.00640461 0.0338333 0.0161625 -0.00412867 0.0173669 -0.011898 -0.00369202 -0.00307097 -0.0149687 -0.0380059 0.0121905 -0.00230687 0.00933599 0.00717699 0.0396257 0.0246342 0.0412692 0.0395366 0.0402013 0.0415141 0.0445899 0.0476874 0.0381035 -0.00526899 -0.00787371 0.00461434 -0.00266606
internal_weight=4977.13 4754.03 4046.5 3290.54 707.523 755.965 3081.41 742.808 48.4145 3042.2 2883.4 158.801 39.2109 155.936 2841.13 138.917 132.574 551.587 30.6752 520.912 414.144 413.155 411.084 252.928 171.182 81.7461 125.497 105.121 83.8295 68.5998
internal_count=50000 47875 28847 24875 19028 3972 17697 3572 417 17338 15199 2139 359 1831 14497 1574 1478 17197 832 16365 12945 12939 12927 8630 6163 2467 947 839 584 492
cat_boundaries=0 46 48 49 50
cat_threshold=0 536870912 0 0 0 0 0 0 0 0 0 0 0 0 0 0 0 0 0 0 0 0 25600 0 2147483648 0 1073741824 0 0 2 268435456 0 536870912 8322 212 0 0 0 0 0 0 0 0 0 0 1073741824 2147485953 3145736 2147483904 2
is_linear=0
shrinkage=0.05


Tree=61
num_leaves=31
num_cat=6
split_feature=30 17 1 13 21 0 17 9 6 6 7 14 3 12 13 10 6 8 9 3 7 3 11 8 3 12 7 7 9 3
split_gain=367.619 300.153 162.753 78.2584 50.7013 43.4771 42.9273 36.3156 22.7751 22.374 19.2732 7.91105 7.42173 7.28175 3.88632 3.77416 2.54872 2.72632 2.41795 8.36938 9.4655 8.03467 4.57703 18.1026 5.42128 4.45806 4.38387 3.66821 1.99875 1.76738
threshold=0 1 2 144.50000000000003 3 4 5 1.0000000180025095e-35 3955.0000000000005 12210.500000000002 1695.5000000000002 3094.0000000000005 58953.500000000007 1023.5000000000001 29.500000000000004 3.5000000000000004 707.50000000000011 1328.5000000000002 340.50000000000006 61561.000000000007 361.00000000000006 59053.000000000007 5905.0000000000009 112.50000000000001 58773.500000000007 340.50000000000006 19499.500000000004 1963.0000000000002 122.00000000000001 50159.000000000007
decision_type=9 9 9 8 9 9 9 10 8 8 10 10 10 8 10 10 10 10 10 10 10 8 8 8 8 8 8 8 8 10
left_child=14 4 -3 13 8 -5 12 -8 -2 -10 11 18 -6 -4 -1 16 17 -9 19 20 22 25 23 24 -7 -20 28 -27 -24 -26
right_child=1 2 3 5 6 10 7 15 9 -11 -12 -13 -14 -15 -16 -17 -18 -19 21 -21 -22 -23 26 -25 29 27 -28 -29 -30 -31
leaf_value=-0.07060370628802555 -0.28430231628783909 -0.04846497151847496 0.014530150627707048 -0.051954781342021653 0.0089557280491544648 0.0068297514622002974 -0.33717322971714925 0.048588372978034769 -0.26679021365610528 0.051458350918284802 -0.042790194875446858 0.021920508102240666 -0.0844186954056515 -0.051588477915133463 -0.051785611171867862 0.037550713606201311 0.037177961150753093 -0.024562283552724579 0.021370170737171141 -0.059936361882320266 -0.056709671664881958 -0.059657592607771676 -0.055244106034998269 -0.067484644935522212 0.026875773485315176 -0.045330449610029661 -0.0026131041838934814 -0.0008754650667951204 -0.0018013250975872927 0.055027841396380589
leaf_weight=169.62639151141047 2.8819005414843559 172.68551231361926 759.971066724509 45.971773505210876 126.85624338686466 41.157264858484268 0.63079015910625358 252.31485411152244 0.91020512580871582 1.4043802339583638 30.083929318934679 32.614737689495087 2.1643942445516577 4.1871080938726655 32.730424907058477 230.69566455110908 65.837352648377419 1.2802000995725382 11.315921932458876 6.3676870279014102 8.0460109002888185 8.0641383901238424 5.7712749838829014 6.8373837806284419 16.528646633028988 7.5632974505424562 2866.4335660561919 12.007370356470345 2.5106028355658063 8.4126082658767682
leaf_count=895 20 7149 3679 1622 1463 269 5 9185 6 51 295 284 9 144 1170 6317 1935 37 81 70 53 70 90 48 83 49 14733 124 19 45
internal_value=-1.77103e-05 0.00286488 -0.00234327 -0.000167802 0.0332233 -0.00369111 0.0349087 0.0412404 -0.0651399 -0.0736921 -0.0029669 -0.00257199 0.00685779 0.0141679 -0.0643785 0.042424 0.0459434 0.0482191 -0.00283817 -0.00267542 -0.00255206 -0.0152147 -0.00240423 0.00996523 0.0179768 -0.00361116 -0.00271806 -0.0180556 -0.0390432 0.0363714
internal_weight=4933.86 4731.51 4046.53 3873.84 684.976 3109.69 679.779 550.759 5.19649 2.31459 3063.71 3033.63 129.021 764.158 202.357 550.128 319.432 253.595 3001.02 2962.07 2955.7 38.9507 2947.65 72.9359 66.0985 30.8866 2874.72 19.5707 8.28188 24.9413
internal_count=50000 47935 28907 21758 19028 17935 18951 17479 77 57 16313 16018 1472 3823 2065 17474 11157 9222 15734 15410 15340 324 15287 445 397 254 14842 173 109 128
cat_boundaries=0 46 48 49 51 52 54
cat_threshold=0 536870912 0 0 0 0 0 0 0 0 0 0 0 0 0 0 0 0 0 0 0 0 17408 0 2147483648 0 0 0 0 2 268435456 0 536870912 8320 212 0 0 0 0 0 0 0 0 0 0 1073741824 2147485953 3145736 8 12288 176 1 0 1048576
is_linear=0
shrinkage=0.05


Tree=62
num_leaves=31
num_cat=8
split_feature=1 13 0 12 21 16 4 32 10 5 32 9 11 21 7 8 13 3 12 7 3 8 3 3 3 3 27 3 7 8
split_gain=207.185 286.451 166.138 96.2474 74.274 50.7399 31.909 23.481 21.0354 13.4845 12.5022 10.8728 11.4217 9.95622 20.6153 23.8501 7.38526 5.66597 5.41038 5.14844 14.8407 6.40402 6.36469 6.19293 5.21344 4.48125 2.80706 3.36514 2.2676 2.06074
threshold=0 11.500000000000002 1 11.500000000000002 2 3 49156.000000000007 4 28.500000000000004 1.0000000180025095e-35 5 3591.5000000000005 16.500000000000004 6 1747.5000000000002 1061.5000000000002 17.500000000000004 54739.000000000007 286.50000000000006 1857.5000000000002 49596.500000000007 1159.5000000000002 60814.000000000007 37978.000000000007 52839.500000000007 39197.000000000007 7 62569.500000000007 2458.0000000000005 724.50000000000011
decision_type=9 10 9 8 9 9 8 9 8 10 9 10 8 9 10 8 10 8 8 10 8 10 8 10 10 10 9 10 10 8
left_child=4 2 7 -4 9 8 -5 -2 -6 28 -9 13 -13 -7 15 18 -3 -14 -15 -16 23 -22 24 -21 -23 -24 -20 -28 -1 -19
right_child=1 16 3 6 5 11 -8 10 -10 -11 -12 12 17 14 19 -17 -18 29 26 20 21 22 25 -25 -26 -27 27 -29 -30 -31
leaf_value=-0.1813892818705502 0.01497587582609998 -0.062829280968634604 0.018417019457340197 -0.049115198539217357 -0.0077525433040197718 0.044843792928479176 -0.001984475670808753 0.0039829597924320769 0.043854777932105647 -0.06502393709896967 -0.049368998969699741 0.038499976308851866 0.026959795323435454 -0.053225261582240474 0.049441889942657288 -0.05669459641570776 -0.046473900172803159 0.030123131549793222 0.043145309658752212 0.0068212843090836063 0.035070950955134815 0.033818439357958439 0.0081557988596654887 -0.042469149191613542 -0.01161429827812502 -0.052801167040628677 0.0040245107214546489 -0.042107928399690193 -0.12264804216516152 -0.020295968105742121
leaf_weight=4.3515569865703574 18.362961262464523 125.12144892662764 677.04869534820318 36.387303097173572 21.099548481404781 11.534261956810951 2751.6116553544998 18.563545413315296 307.67777061834931 8.3253447022289038 202.42119192332029 78.629535056650639 14.855283765122293 4.2285399734973907 13.247279722243546 18.516962336376309 153.94084405712783 2.304723052307966 4.4626898318529129 12.417471984401347 63.652423532679677 49.332541529089212 65.377933610230684 13.090341281145809 7.2411457523703566 3.160801649093627 180.3583322390914 4.041619259864091 2.6394755244255066 16.795611279085279
leaf_count=33 149 628 2908 965 188 55 13790 158 11148 60 7712 2270 323 89 391 298 2645 70 63 271 1858 659 775 173 133 35 1773 51 19 310
internal_value=-2.15437e-05 -0.0049437 -0.00127604 0.00150692 0.0214065 0.0236041 -0.0025996 -0.041565 0.0393461 -0.065349 -0.0449088 0.0138892 0.0280345 0.0106636 0.00854988 -0.00248886 -0.0538071 0.00380019 0.00270934 0.0191924 0.0173222 0.0221594 0.0155905 -0.018474 0.0280033 0.00534465 0.00396168 0.00301339 -0.159211 -0.0142122
internal_weight=4890.8 3983.46 3704.4 3465.05 907.341 892.025 2788 239.348 328.777 15.3164 220.985 563.247 112.585 450.662 439.128 211.608 279.062 33.9556 193.091 227.52 214.273 188.765 125.112 25.5078 56.5737 68.5387 188.863 184.4 6.99103 19.1003
internal_count=50000 28955 25682 17663 21045 20933 14755 8019 11336 112 7870 9597 2973 6624 6569 2274 3273 703 1976 4295 3904 3460 1602 444 792 810 1887 1824 52 380
cat_boundaries=0 1 2 4 5 6 7 8 9
cat_threshold=48 2 536884224 48 16 1 131072 1073741824 1
is_linear=0
shrinkage=0.05


Tree=63
num_leaves=31
num_cat=8
split_feature=17 2 17 13 11 23 11 8 9 0 14 3 14 3 3 12 16 27 27 11 3 9 7 7 3 9 13 12 4 5
split_gain=303.115 128.529 47.8561 33.0687 34.6636 26.8367 9.31852 8.69372 27.7554 8.65727 20.5099 11.0037 8.7926 6.47002 5.12719 4.98232 4.04928 7.55684 8.68813 3.97878 3.63613 14.6327 4.15945 3.97256 3.25678 4.23578 28.3681 3.46987 16.3991 9.93145
threshold=0 1 2 94.500000000000014 1.5000000000000002 3 36.500000000000007 768.50000000000011 708.00000000000011 4 4658.0000000000009 54347.000000000007 22922.500000000004 57456.500000000007 64165.500000000007 6.5000000000000009 5 6 7 2105.5000000000005 54347.000000000007 149.50000000000003 1922.5000000000002 1457596.5000000002 45078.000000000007 1583185.5000000002 29.500000000000004 5.5000000000000009 23.500000000000004 351.00000000000006
decision_type=9 9 9 10 10 9 8 10 8 9 10 10 8 10 8 10 9 9 9 8 10 10 8 8 10 8 10 8 10 8
left_child=2 -2 13 4 6 7 16 8 -4 10 12 15 -8 -1 20 24 17 -3 -19 -7 21 -6 -23 -24 25 -11 27 -27 -29 -30
right_child=1 3 5 -5 14 19 9 -9 -10 11 -12 -13 -14 -15 -16 -17 -18 18 -20 -21 -22 22 23 -25 -26 26 -28 28 29 -31
leaf_value=0.0077043097412114103 -0.048095776332521552 0.054095232027759246 -0.24254471229880231 -0.051216554511734597 0.056797499027153836 0.036264300356983734 -0.0040834436349541569 -0.14545719138869287 -0.0012136512000429933 -0.03707913594849907 0.01328045108073826 -0.034575309364652917 -0.054534156543105387 -0.080445996127782665 -0.056967670346834032 -0.021073549323915669 0.024323317226192121 0.031030976258484052 -0.046360356261684874 0.045223318196086118 -0.040567470739442425 -0.076982972697469815 -0.0581701940399489 0.002495468435179931 0.018717190609862443 0.0012662394341640124 -0.05436195473001082 -0.0019250267629496521 0.0037105151194316201 -0.053742682909516698
leaf_weight=170.58237144351006 157.31748368404806 4.1957994364202023 1.3116959258913965 35.744944358244538 5.5741148293018368 221.98669518902898 11.785122955217956 1.6229338124394406 12.991937376558781 8.5616368651390058 28.649516673758626 26.135860584676266 32.321765124797821 2.1073184609413138 22.882361102849245 33.994848601520061 36.777809839695692 5.3874300420284271 11.094537120312458 280.54962969757617 26.750824697315693 4.6675769463181522 4.3966195248067352 6.9868129305541524 19.158835921436548 864.14135283976793 25.558973589912057 2750.9694002531469 10.837816953659058 24.584114048629999
leaf_count=1794 7149 62 9 1589 25 6391 140 16 323 227 306 282 424 9 169 278 208 23 91 10817 195 32 47 85 164 3967 446 13806 51 875
internal_value=-2.04209e-05 -0.00513649 0.0303961 -0.00333172 -0.00290848 0.0381628 -0.00227611 -0.0219844 -0.0233446 -0.00257542 -0.0196586 -0.00224521 -0.041054 0.00626578 -0.0374667 -0.00201914 0.017711 -0.00391804 -0.0210636 0.0404607 -0.0282425 -0.0129962 -0.0372338 -0.0209354 -0.00184426 -0.00195117 -0.00186935 -0.00150183 -0.00236029 -0.0361641
internal_weight=4849.63 4158.48 691.153 4001.16 3965.41 518.463 3894.15 15.9266 14.3036 3836.7 72.7564 3763.94 44.1069 172.69 71.2583 3737.81 57.4556 20.6778 16.482 502.536 48.3759 21.6251 16.051 11.3834 3703.81 3684.65 3676.09 3650.53 2786.39 35.4219
internal_count=50000 30641 19359 23492 21903 17556 21350 348 332 20966 870 20096 564 1803 553 19814 384 176 114 17208 384 189 164 132 19536 19372 19145 18699 14732 926
cat_boundaries=0 2 3 5 6 7 8 9 10
cat_threshold=2147485955 3145736 16 2 1048576 659970 2 32 1 2
is_linear=0
shrinkage=0.05


Tree=64
num_leaves=31
num_cat=5
split_feature=30 2 16 22 11 13 0 6 12 13 13 10 3 6 12 14 10 9 4 7 7 8 3 3 3 6 8 3 7 3
split_gain=277.958 167.249 126.661 43.0145 38.8112 38.7256 26.024 20.789 20.5482 36.6368 47.9901 19.6 4.55107 4.51458 4.08316 6.08726 3.81016 12.0915 18.4228 18.0218 12.7936 5.04545 3.36518 5.16933 3.07328 2.45966 2.01563 1.91278 1.55032 1.52548
threshold=0 1 2 3 32.000000000000007 418.50000000000006 4 567.00000000000011 10.500000000000002 33.500000000000007 19.500000000000004 5279.0000000000009 43002.500000000007 712.50000000000011 9.5000000000000018 3000.5000000000005 3.5000000000000004 712.50000000000011 105.50000000000001 18281.500000000004 2583.0000000000005 536.50000000000011 58582.000000000007 56543.000000000007 49880.500000000007 662.50000000000011 580.50000000000011 50536.500000000007 25402.000000000004 59417.500000000007
decision_type=9 9 9 9 8 8 9 10 8 10 10 8 10 8 8 10 10 10 8 10 8 10 10 8 10 8 10 10 8 10
left_child=-1 -2 3 7 16 8 -7 13 9 10 -6 22 -9 -3 -8 -16 24 18 -18 20 -19 -22 23 -5 -4 -13 -23 28 -28 -26
right_child=1 2 4 11 5 6 14 12 -10 -11 -12 25 -14 -15 15 -17 17 19 -20 -21 21 26 -24 -25 29 -27 27 -29 -30 -31
leaf_value=-0.062060879512905932 -0.047910147553159796 -0.062265085351580256 0.015268885295202733 0.00095373358357604395 0.016713105049145905 -0.051278640480312679 -0.052984904446474523 -0.20236746084145901 -0.037035965997325469 -0.052758727961859687 -0.030818481680609446 0.033634471463603911 -0.11408103507897589 0.051204992030654886 -0.0023001400819176836 0.019637369423886001 0.026365138816381275 0.033071387812848706 -0.042837149152106339 0.048166028149036637 -0.039058580151034583 0.051633248793643831 0.034950592052704475 -0.060064179975335266 -0.0094256751346732549 0.045456334931547222 0.0072608882142829526 0.017146703548584306 -0.033674973250748357 0.01316541551311992
leaf_weight=164.04032490216196 150.24813027121127 1.5754820816218851 42.579428318887949 13.95860362052918 694.24089444428682 27.182556489482522 3.941305773332715 2.5564430132508278 22.701557466760278 21.742689844220877 57.50239884108305 54.701617237180471 3.4025161266326904 1.9760397467762216 2871.2119791731238 31.973995126783848 18.91430901736021 77.92487408593297 19.566021259874105 50.893411135300994 5.2645140849053851 2.939121186733245 4.281729567795991 4.619835387915372 30.819534651935101 224.88283186405897 131.0599170923233 62.352848712354898 2.3544249646365634 9.8643758930265886
leaf_count=1908 7149 19 330 128 3004 1156 89 16 409 626 375 1904 65 86 14989 285 311 2277 281 1743 115 96 38 42 187 9090 1974 1198 31 79
internal_value=-2.14922e-05 0.00229701 0.00407705 0.0343069 0.00174729 7.07345e-05 -0.0025829 -0.046253 0.00985056 0.0112267 0.0130773 0.0382394 -0.151957 0.000868803 -0.00212758 -0.00205853 0.0155458 0.0177137 -0.00882202 0.020782 0.0158381 0.00925428 -0.0050098 -0.0142194 0.00587911 0.0431433 0.0105343 0.00991725 0.00653847 -0.00394815
internal_weight=4811.27 4647.23 4496.99 311.955 4185.03 3730.5 2934.31 9.51048 796.188 773.486 751.743 302.445 5.95896 3.55152 2907.13 2903.19 454.533 371.269 38.4803 332.789 281.896 203.971 22.8602 18.5784 83.2633 279.584 198.706 195.767 133.414 40.6839
internal_count=50000 48092 40943 11388 29555 20933 16519 186 4414 4005 3379 11202 81 105 15363 15274 8622 8026 592 7434 5691 3414 208 170 596 10994 3299 3203 2005 266
cat_boundaries=0 46 47 48 53 54
cat_threshold=0 0 0 0 0 0 0 0 0 0 0 0 0 0 0 0 0 0 0 0 0 0 1024 0 0 0 0 0 0 2 0 0 536870912 8320 84 0 0 0 0 0 0 0 0 0 0 1073741824 16 16 3328 17825792 340000832 67125248 163842 1
is_linear=0
shrinkage=0.05


Tree=65
num_leaves=31
num_cat=9
split_feature=30 2 1 16 7 23 10 0 14 6 13 10 9 16 4 4 8 11 3 9 3 8 9 19 6 10 8 5 27 7
split_gain=315.358 165.952 120.946 50.8273 22.7386 18.9611 17.2811 8.82435 24.9018 6.76232 5.67778 24.9413 17.8724 15.3208 15.1708 15.6036 12.4583 9.77105 7.57964 4.92803 4.82581 5.06477 4.95839 4.80375 2.87737 2.92322 2.6958 2.7859 2.58688 2.38937
threshold=0 1 2 3 14751.000000000002 4 30.500000000000004 5 2398.5000000000005 3632.0000000000005 376.50000000000006 7.5000000000000009 1490.5000000000002 6 479.50000000000006 8051.0000000000009 542.50000000000011 1.0000000180025095e-35 60435.000000000007 1286.0000000000002 50263.000000000007 1061.5000000000002 1434576.0000000002 7 778.50000000000011 56.500000000000007 995.50000000000011 1.0000000180025095e-35 8 1910.5000000000002
decision_type=9 9 9 9 10 9 8 9 10 10 8 8 8 9 10 10 10 10 8 8 8 10 8 9 8 8 8 10 9 8
left_child=-1 3 -3 5 10 -2 19 8 -4 24 -5 13 18 17 20 -16 29 -12 -13 -7 -14 22 -22 -17 -8 -26 -24 -28 -19 -15
right_child=1 2 7 4 -6 6 9 -9 -10 -11 11 12 14 16 15 23 -18 28 -20 -21 21 -23 26 -25 25 -27 27 -29 -30 -31
leaf_value=-0.062901712405059096 -0.038881961129597659 -0.047722086668110154 -0.049776589363668994 0.012276990416275578 0.040468337121276565 0.0052757109149489771 0.033812485182140271 -0.0016791206553800947 0.0096735213458568822 0.013502580658099157 -0.046561520085742068 -0.016554424024286384 -0.014835281522565885 0.011257757603329196 -0.05172040719773871 0.04985998194032757 0.034649896256151162 0.0417541815671299 -0.073980429355399488 -0.055327825175440139 -0.041358384243436214 0.013897504200690162 0.0067560953902952026 -0.0076743195431441388 -0.054476699801343675 0.046161250488287335 -0.056564544275323494 -0.0024501724957212839 -0.0015957737949267459 -0.020116183081875835
leaf_weight=181.50060587003827 3.1401825249195099 143.50801927037537 34.698881790041924 766.83000777289271 62.445678472518921 16.64564132317901 68.87774807587266 2743.9245916903019 35.774722268804908 21.748066870495677 14.039018424227832 10.903518211096527 27.227354796603322 70.279260644689202 26.50019108876586 5.1029894351959229 112.69426865316927 4.0943657346069813 12.147981494665144 4.2010042406618586 7.6456873789429656 117.65293817408383 46.005324974656105 12.551663253456356 0.72438067942857742 185.8425733409822 3.6563121005892736 6.8047635294497013 21.580284088850025 6.6420927233993998
leaf_count=2017 15 7149 470 4125 2039 131 2471 13790 400 672 177 114 305 742 1041 28 3475 63 195 58 219 1499 331 96 11 8030 46 53 109 129
internal_value=-3.27444e-05 0.00258246 -0.00448607 0.0153122 0.0109289 0.0337629 0.0357657 -0.00212028 -0.0195978 0.0402675 0.00956507 0.00545138 -0.00466851 0.0176395 -0.000830433 -0.02746 0.022856 -0.0104027 -0.0468175 -0.00693708 0.00479572 0.00773633 -0.00357011 0.00895568 0.0425462 0.0457705 0.00154651 -0.021364 0.00531729 0.00854864
internal_weight=4775.39 4593.89 2957.91 1635.98 1334.8 301.18 298.039 2814.4 70.4736 277.193 1272.36 505.528 276.199 229.329 253.147 44.1548 189.616 39.7137 23.0515 20.8466 208.992 181.765 64.1121 17.6547 255.445 186.567 56.4664 10.4611 25.6746 76.9214
internal_count=50000 47983 21809 26174 14786 11388 11373 14660 870 11184 12747 8622 3927 4695 3618 1165 4346 349 309 189 2453 2148 649 124 10512 8041 430 99 172 871
cat_boundaries=0 46 47 48 49 50 51 52 53 54
cat_threshold=0 536870912 0 0 0 0 0 0 0 0 0 0 0 0 0 0 0 0 0 0 0 0 17408 0 0 0 1073741824 0 0 2 268435456 0 536870912 8320 84 0 0 0 0 0 0 0 0 0 0 1073741824 3 8 16 2 2 32 4 1
is_linear=0
shrinkage=0.05


Tree=66
num_leaves=31
num_cat=5
split_feature=8 2 21 10 4 16 9 4 13 4 3 9 0 14 12 14 11 9 7 11 6 6 10 6 9 18 8 8 3 7
split_gain=170.936 116.233 42.644 29.869 20.8052 13.2596 14.0495 5.90951 16.043 14.9018 11.7761 7.85508 7.98909 22.0035 9.46305 8.68553 6.79631 6.49912 5.95379 5.71234 5.60565 9.90564 5.18184 4.22881 3.90777 3.82548 34.942 14.83 6.86082 6.03571
threshold=1443.5000000000002 0 1 10.500000000000002 84.000000000000014 2 17691.000000000004 2603.0000000000005 204.50000000000003 84.000000000000014 54694.000000000007 35708.500000000007 3 1261.0000000000002 4.5000000000000009 14231.500000000002 8.5000000000000018 2113.0000000000005 3007.0000000000005 30.500000000000004 732.00000000000011 752.50000000000011 60.500000000000007 2071.0000000000005 3120.5000000000005 4 784.50000000000011 325.50000000000006 61046.500000000007 1922.5000000000002
decision_type=8 9 9 8 10 9 10 8 10 10 8 8 9 10 10 10 8 10 10 10 8 10 8 10 8 9 10 10 8 10
left_child=2 -2 20 4 25 22 24 9 11 17 18 16 13 -13 -14 -15 -9 -3 -11 -19 -1 -22 -5 -24 -7 26 -4 28 -27 -29
right_child=1 7 3 5 -6 6 -8 8 -10 10 -12 12 14 15 -16 -17 -18 19 -20 -21 21 -23 23 -25 -26 27 -28 29 -30 -31
leaf_value=-0.17993976539575529 -0.047531313502555517 -0.0015635879010795551 -0.12003925468788429 -0.05634531381000786 -0.050337014612845059 -0.032798620530313329 0.047955517071953967 0.031637339475993474 -0.05093215320978265 -0.053996915470067665 -0.06629734361070741 -0.050926873582855671 -0.0016199505455288124 -0.021504196525164623 -0.02658578119382328 0.026440336380594377 -0.043857535121850796 0.048673920736723719 0.0057012592119006335 -0.03573388890485861 0.019767758423257925 -0.13944410275988703 0.045484359144474074 0.025871169352047887 0.005617089762824868 0.0066063987598866149 0.042778307987846459 0.035302900329606916 -0.022141830248264337 0.014758700232656794
leaf_weight=3.1694571152329445 137.08239883743227 10.82823804952204 3.4965285249054423 1.3169426172971723 11.967982072383164 7.6128913126885882 21.414871573448181 3.5418354347348213 17.080354541540146 4.4832325577735892 7.0718585401773444 30.330163268372416 3675.3412899076939 16.478975372388959 38.351931037381291 22.134158484637737 18.830317893996838 30.531304199248552 61.041255112737417 2.1452611926943055 1.3637325949966905 3.4445440843701363 225.12567261792719 31.304430371150374 50.751672120764852 63.268698252737522 57.236037414520979 56.898873031139374 30.884415647014976 96.189849527552724
leaf_count=24 7149 106 122 16 119 85 798 37 959 69 90 438 19844 193 335 239 385 861 725 45 52 21 9943 1026 442 459 2019 1320 219 1860
internal_value=-4.84302e-05 -0.003885 0.0234472 0.0249098 0.0143425 0.0356645 0.0118328 -0.00223936 -0.00258261 0.00886791 -0.00499907 -0.00236558 -0.00219086 -0.0190556 -0.00187778 0.00597899 -0.0319056 0.0320077 0.00161667 0.0431324 -0.0569413 -0.0942881 0.0409916 0.04309 0.000606265 0.016856 0.0286818 0.0122938 -0.00282369 0.0223944
internal_weight=4740.72 4075.27 665.447 657.469 319.942 337.526 79.7794 3938.19 3822.09 116.101 72.5963 3805.01 3782.64 68.9433 3713.69 38.6131 22.3722 43.5048 65.5245 32.6766 7.97773 4.80828 257.747 256.43 58.3646 307.974 60.7326 247.242 94.1531 153.089
internal_count=50000 31475 18525 18428 6118 12310 1325 24326 22430 1896 884 21471 21049 870 20179 432 422 1012 794 906 97 73 10985 10969 527 5999 2141 3858 678 3180
cat_boundaries=0 1 3 4 5 6
cat_threshold=16 536883200 176 16 2 32768
is_linear=0
shrinkage=0.05


Tree=67
num_leaves=31
num_cat=6
split_feature=30 17 14 13 1 0 0 8 6 10 13 11 9 7 8 8 9 4 7 3 10 10 11 8 4 7 3 3 27 7
split_gain=215.865 228.486 93.7433 29.1636 26.3962 25.4765 24.8844 16.8704 5.84883 8.16533 4.91164 4.07917 3.79888 3.22668 2.24846 7.41576 3.20335 2.96398 2.12417 2.3336 2.31122 5.00839 2.40515 5.89633 12.8782 11.3306 22.3978 6.92614 5.84877 5.16468
threshold=0 1 30859.500000000004 565.00000000000011 2 3 4 29.000000000000004 18547.500000000004 23.500000000000004 280.50000000000006 33.500000000000007 36710.500000000007 14460.500000000002 916.50000000000011 550.50000000000011 3191.5000000000005 56420.000000000007 91.500000000000014 51612.500000000007 21.500000000000004 42.500000000000007 14.500000000000002 69.500000000000014 53725.500000000007 2302.0000000000005 60672.000000000007 56043.500000000007 5 3552.0000000000005
decision_type=9 9 8 8 9 9 9 10 8 10 8 8 8 10 10 10 10 8 8 8 10 10 10 8 8 8 8 10 9 8
left_child=-1 7 4 -4 -3 -5 -7 -2 -9 11 -6 13 -11 14 15 16 -10 -17 19 -8 22 -22 23 24 27 26 -25 28 -20 -27
right_child=1 2 3 5 10 6 18 8 9 12 -12 -13 -14 -15 -16 17 -18 -19 20 -21 21 -23 -24 25 -26 29 -28 -29 -30 -31
leaf_value=-0.058854361761813856 0.0052063927646698203 -0.047337575470507043 0.0080093442232764336 -0.051680405498779752 -0.051353989701074867 -0.04710171389804603 0.00071965034610973317 0.026503967368698662 0.013916699551813325 -0.058994726777651191 0.011246373850219718 0.047474102777461342 0.013352950489305038 0.048095292737809769 0.040322745360912418 0.017643311598285357 -0.033871328095164507 0.044659194036869437 -0.007173255569109839 -0.039804006390563113 -0.053929096088961292 0.008775689934121705 -0.032650451256160513 -0.0020900052419643139 0.0588875619521671 -0.057393062331856384 -0.06666349840671619 -0.029519481092695012 0.047190948741642626 -0.001315589834449443
leaf_weight=141.07842759694904 45.725980468094349 130.9570828974247 802.41854629293084 26.30688862875104 3.4617870766669512 30.638535991311073 6.6139571405947182 101.57095660455525 25.291240070015196 2.5166393890976879 33.029578052461147 151.91969334147871 6.5030143987387428 45.582646742463112 59.372944379225373 13.288118297234176 4.0712592639029017 43.025789754465222 10.711201757192612 7.675374625250698 6.4510108791291696 6.2889113835990429 6.237443506717681 41.171411197632551 12.768432334065436 4.1117042116820803 19.928922608494759 12.527014773339031 9.1940829567611217 2900.9101139958948
leaf_count=1860 332 7149 4377 1134 139 449 35 3712 548 39 282 7432 202 1770 1836 474 112 1430 50 86 119 69 46 314 68 41 145 98 99 15553
internal_value=-4.96978e-05 0.00189017 -0.00205313 -0.000486882 -0.0386918 -0.002685 -0.00226587 0.0334804 0.0370724 0.0401256 0.00416607 0.0413621 -0.0068333 0.0364913 0.0328447 0.0276624 0.00729065 0.0382844 -0.00181467 -0.0210472 -0.00172398 -0.0229756 -0.00163426 -0.00157001 0.0163527 -0.00184314 -0.0231518 -0.000393055 0.0179371 -0.00139496
internal_weight=4711.35 4570.27 4071.4 3903.95 167.448 3101.54 3075.23 498.868 453.142 351.571 36.4914 342.552 9.01965 190.632 145.049 85.6764 29.3625 56.3139 3044.59 14.2893 3030.3 12.7399 3017.56 3011.32 45.2007 2966.12 61.1003 32.4323 19.9053 2905.02
internal_count=50000 48140 30253 22683 7570 18306 17172 17887 17555 13843 421 13602 241 6170 4400 2564 660 1904 16723 121 16602 188 16414 16368 315 16053 459 247 149 15594
cat_boundaries=0 46 48 49 50 51 52
cat_threshold=0 0 0 0 0 0 0 0 0 0 0 0 0 0 0 0 0 0 0 0 0 0 0 0 0 0 0 0 0 2 0 0 536870912 8192 84 0 0 0 0 0 0 0 0 0 0 1073741824 2147485955 2097160 8 1 2 2
is_linear=0
shrinkage=0.05


Tree=68
num_leaves=31
num_cat=9
split_feature=30 30 0 8 23 16 11 10 16 13 2 1 14 9 10 6 14 11 10 4 14 9 7 3 7 4 3 6 11 27
split_gain=330.347 247.061 131.851 111.057 24.1209 30.2524 11.7207 10.2077 10.1351 8.15275 18.3984 7.86062 22.1472 7.1167 7.07599 6.72798 5.9492 5.76573 5.47963 4.79959 3.21095 3.12475 13.8412 3.89047 5.07905 2.63582 2.06252 1.94988 1.94145 1.93531
threshold=0 1 2 4157.0000000000009 3 4 26.500000000000004 4.5000000000000009 5 230.50000000000003 6 7 2466.0000000000005 157.00000000000003 52.500000000000007 3527.0000000000005 14231.500000000002 28.500000000000004 11.500000000000002 56143.500000000007 1688.0000000000002 151.50000000000003 14334.000000000002 47577.000000000007 20702.000000000004 57375.000000000007 65220.000000000007 4262.0000000000009 38.500000000000007 8
decision_type=9 9 9 8 9 9 8 8 9 8 9 9 10 10 8 10 10 8 8 8 8 10 10 10 8 8 8 8 10 9
left_child=-1 -2 11 4 -4 7 19 -6 13 -8 26 -3 20 17 18 27 -14 29 -9 -5 -13 25 23 -23 -25 -10 -11 -16 -24 -7
right_child=1 2 3 6 5 8 9 14 21 10 -12 12 16 -15 15 -17 -18 -19 -20 -21 -22 22 28 24 -26 -27 -28 -29 -30 -31
leaf_value=-0.063092108243342507 0.084567692618104068 -0.04714060700064094 -0.047608099321869678 -0.034678575063859983 -0.011373224721548409 0.040725273393579398 0.0042344635839706964 0.035507121677723484 -0.027396345789504613 0.053925739604781586 -0.0014385092249932861 0.012599617434657482 -0.017194412248950595 -0.049836153952640183 0.03659265617116389 0.013430575003212805 0.025525565462405593 -0.053237227985157246 -0.021058606842321591 -0.12748968586542234 -0.052930562679573037 0.0087090696003024083 0.043628064006330347 0.021517634688978014 -0.05611322974388943 0.0086775827110686064 -0.051068569103489642 0.046287793242118042 -0.0010265758892360765 0.0024913666212783105
leaf_weight=189.05805385578424 80.380509912967682 125.11847104877234 4.7314925417304039 3.4750085901468992 10.939449422061442 3.8446787856519222 664.49231411702931 8.4546909183263761 5.5049362517893305 0.47576424479484813 2776.4506458975375 1.9977437425404785 13.091255869716404 9.5794098228216154 82.40247105807066 21.544221818447113 21.589627273380756 4.497088285163044 8.6736587472260016 2.3249432407319546 29.085689254105095 180.99882062152028 48.952557343989611 122.64866774901748 2.1437739655375472 63.176821976900101 27.737680025398731 139.92358014732599 2.5614277552813283 23.787314847111706
leaf_count=2121 357 7149 23 48 84 63 3462 60 46 12 14156 27 160 67 3253 717 239 99 103 13 444 3594 1925 2547 23 432 1399 7175 50 152
internal_value=-5.9432e-05 0.00272873 0.00104918 0.0028904 0.0204172 0.0212093 -0.000863996 0.0346692 0.0128213 -0.000745263 -0.00192508 -0.0395946 -0.015685 -0.00968845 0.0379273 0.0401092 0.00939973 -0.000733728 0.00686269 -0.0718824 -0.0487189 0.0151969 0.0174311 0.013392 0.020184 0.00578621 -0.0363973 0.0426944 0.0414077 0.00781118
internal_weight=4679.64 4490.58 4410.2 4219.32 744.365 739.634 3474.96 271.938 467.695 3469.16 2804.66 190.883 65.7643 41.7085 260.999 243.87 34.6809 32.1291 17.1283 5.79995 31.0834 425.987 357.305 305.791 124.792 68.6818 28.2134 222.326 51.514 27.632
internal_count=50000 47879 47522 39503 20413 20390 19090 11392 8998 19029 15567 8019 870 381 11308 11145 399 314 163 61 471 8617 8139 6164 2570 478 1411 10428 1975 215
cat_boundaries=0 46 86 87 88 89 90 91 92 93
cat_threshold=0 536870912 0 0 0 0 0 0 0 0 0 0 0 0 0 0 0 0 0 0 0 0 8406528 0 2147483648 0 1073741824 0 0 2 268435456 0 536870912 8320 212 0 0 0 0 0 0 0 0 0 0 1073741824 0 0 16384 0 0 0 0 0 0 0 0 0 0 0 0 0 0 0 0 0 0 0 0 0 0 0 0 0 0 0 8388608 0 0 0 0 3539992576 545348 64 4194304 1152 2 131074 18 32 1 8 1
is_linear=0
shrinkage=0.05


Tree=69
num_leaves=31
num_cat=4
split_feature=8 1 13 23 4 9 3 10 3 6 10 32 11 9 10 9 8 8 27 10 4 9 7 9 12 14 8 7 8 9
split_gain=141.37 99.5366 26.7245 16.626 37.3354 12.2871 12.1441 14.2294 17.7372 12.8964 10.0424 8.00415 13.3409 6.463 7.9782 7.37931 4.28249 7.27762 3.51472 2.89653 2.89052 3.1923 4.99636 2.67952 2.64059 2.57716 2.2918 3.08612 2.66659 6.9889
threshold=1.0000000180025095e-35 0 95.500000000000014 1 6118.0000000000009 44731.000000000007 33254.500000000007 30.500000000000004 46690.500000000007 1144.5000000000002 708.00000000000011 2 1.0000000180025095e-35 5216.5000000000009 23.500000000000004 605.50000000000011 796.50000000000011 492.50000000000006 3 28.500000000000004 74.000000000000014 4296.5000000000009 2248.5000000000005 1554.5000000000002 1023.5000000000001 16758.000000000004 2362.0000000000005 1817.5000000000002 161.00000000000003 19913.000000000004
decision_type=10 9 10 9 10 8 10 8 10 8 8 9 8 10 10 8 10 10 9 8 10 8 10 10 8 10 10 10 10 10
left_child=1 -1 5 -2 6 -3 9 11 -9 -5 -6 -8 -13 14 15 -11 17 -10 -14 -15 21 22 -17 -22 -18 -7 28 -28 -20 -30
right_child=3 2 -4 4 10 25 7 8 16 13 -12 12 18 19 -16 20 24 -19 26 -21 23 -23 -24 -25 -26 -27 27 -29 29 -31
leaf_value=-0.046940178749088728 0.040041368587979027 -0.042601374282166253 -0.050992136674014699 -0.10006260901516058 -0.062263232720093757 -0.0018804792539472434 -0.022921703686200973 0.047151409595907842 -0.011055009527670663 -0.011308815043272047 -0.19797118773531547 -0.042066698042926641 0.05013593005329562 0.035247186899077763 -0.10373750195738043 0.032289386559829297 0.024633823326611414 0.035105908857753533 0.034634734553495007 0.0012731086405742605 0.030881103062244598 0.0035335341688561583 0.011021048934757246 -0.02516923047387349 -0.046829662037519121 0.017517211730026221 -0.040961347967644383 0.014268921150542386 0.014553041737662809 0.050560829322553673
leaf_weight=119.55352020449936 92.010149724781513 18.535323601216078 28.033529821783304 2.64576081559062 5.1653710324317217 3732.5779972784221 6.362374659627676 102.88669072091579 14.846005147323011 39.412081008777022 1.8520030677318562 8.8485913760960102 9.6226625144481659 33.920439194887877 1.6004263348877419 42.92826328985393 1.7499142475426195 20.096961723640561 28.528034102171659 7.6973318364471188 2.8147469721734515 49.59143209643662 77.40494286082685 8.7940511107444745 4.9464911948889485 17.201989315450191 3.5586914159357539 8.7438428364694101 140.57904033176601 14.90459209308028
leaf_count=7149 4199 311 1576 36 82 20227 68 5440 514 400 10 81 42 1268 13 1279 18 781 243 190 105 414 1233 215 99 199 52 159 3004 593
internal_value=-6.60564e-05 -0.00383515 -0.00234787 0.0201106 0.016361 -0.00199223 0.0178894 0.0238075 0.0360082 0.00977835 -0.0980788 0.015834 0.0172463 0.0108785 0.00749642 0.00830215 0.00847429 0.0154938 0.0206322 0.0289636 0.0125598 0.0142089 0.0186084 -0.0115789 -0.0281547 -0.00179149 0.0191861 -0.00170726 0.0205829 0.0180047
internal_weight=4647.41 3915.9 3796.35 731.511 639.501 3768.32 632.483 365.674 144.526 266.809 7.01737 221.148 214.785 264.164 222.546 220.946 41.6394 34.943 205.937 41.6178 181.533 169.925 120.333 11.6088 6.69641 3749.78 196.314 12.3025 184.012 155.484
internal_count=50000 29462 22313 20538 16339 20737 16247 11094 6852 5153 92 4242 4174 5117 3659 3646 1412 1295 4093 1458 3246 2926 2512 320 117 20426 4051 211 3840 3597
cat_boundaries=0 1 2 3 4
cat_threshold=8 270344 32 2
is_linear=0
shrinkage=0.05


Tree=70
num_leaves=31
num_cat=9
split_feature=30 0 8 17 17 13 3 1 14 4 10 17 7 6 9 9 6 4 10 9 9 4 7 7 10 7 11 27 16 19
split_gain=263.496 126.538 82.1069 54.3976 48.9664 41.088 14.6967 14.4018 11.5997 8.47117 4.90942 4.83935 5.18131 4.77824 12.7247 4.48133 3.69004 14.7112 5.2152 10.5617 3.16391 6.57175 4.31355 2.94382 2.30044 2.98891 2.93368 1.88549 3.29152 1.86402
threshold=0 1 2184.0000000000005 2 3 239.50000000000003 53271.500000000007 4 21664.500000000004 129.00000000000003 28.500000000000004 5 2526.0000000000005 291.50000000000006 573.00000000000011 2888.0000000000005 815.50000000000011 6118.0000000000009 60.500000000000007 782.50000000000011 1651081.0000000002 56143.500000000007 2583.0000000000005 24147.500000000004 6.5000000000000009 15555.500000000002 931.50000000000011 6 7 8
decision_type=9 9 8 9 9 8 10 9 10 10 8 9 8 10 10 10 8 10 8 10 8 8 10 10 10 8 8 9 9 9
left_child=-1 8 3 4 13 -4 -5 -7 -2 10 24 27 -13 16 -15 -16 -3 18 19 -18 21 22 -9 -22 26 -26 -8 -6 -29 -24
right_child=1 2 5 6 11 7 9 20 -10 -11 -12 12 -14 14 15 -17 17 -19 -20 -21 23 -23 29 -25 25 -27 -28 28 -30 -31
leaf_value=-0.060789347565432306 -0.042214357187467091 0.016530769035388675 0.011242481065648784 -0.057304834425649376 0.039621267923053205 -0.035121141581646788 -0.055740949397412975 -0.044188866288672475 0.01211850051811939 -0.056578666089103419 -0.055877930573049545 0.022690644756413265 0.079875419875736889 -0.16745720107598161 0.03583742823250418 0.01056543661523535 -0.0075982412593878614 -0.22745320728755603 0.048536739583973816 0.038873861376622236 -0.0013044481556189515 -0.04754216513751193 0.051881967778795529 0.040570796498011825 0.0074823882443154051 0.060367721432774496 0.012681308110220122 -0.010248626482444656 0.0054589717459921916 0.0023908841853056417
leaf_weight=162.02580110169947 167.58091120794415 17.006303738802671 763.70540568046272 26.052538461983204 3.6076660118997097 22.149842103943229 1.9564860463142393 5.0349600203335312 10.435045666992663 6.432683588936924 2.6421870142221513 18.157393336296085 5.0663903504610053 0.84651538357138534 52.745664874091744 26.282177461311221 13.398629272356628 0.5112268477678289 126.15670426189899 139.7171041443944 2761.8822393044829 11.388796623796223 2.0990036446601152 4.2033654004335395 5.6365278661251041 5.0791357457637796 7.8613049816340226 30.615971110761166 203.12752515077591 20.328124450519685
leaf_count=2010 7897 701 3949 234 63 1187 22 93 122 76 30 293 53 5 2262 885 364 3 7160 5425 13982 277 74 76 36 24 99 199 1998 401
internal_value=-6.52055e-05 0.00227113 0.00399275 0.0197511 0.0237171 0.000951927 -0.0253591 -0.00182795 -0.0390294 -0.00581481 0.00827532 0.00630813 0.0245813 0.0352859 0.0253673 0.0274328 0.0391442 0.0405188 0.0410093 0.0348072 -0.00143472 -0.0156093 -0.00236641 -0.00124081 0.0165304 0.0325496 -0.000953856 0.00359869 0.00319666 0.00702286
internal_weight=4623.73 4461.71 4283.69 692.9 637.239 3590.79 55.6609 2827.09 178.016 29.6083 23.1756 260.575 23.2238 376.664 79.8744 79.0278 296.79 279.784 279.272 153.116 2804.94 38.8509 27.4621 2766.09 20.5335 10.7157 9.81779 237.351 233.743 22.4271
internal_count=50000 47990 39971 19932 19411 20039 521 16090 8019 287 211 2606 346 16805 3152 3147 13653 12952 12949 5789 14903 845 568 14058 181 60 121 2260 2197 475
cat_boundaries=0 46 47 49 50 51 53 54 55 56
cat_threshold=0 536870912 0 0 0 0 0 0 0 0 0 0 0 0 0 0 0 0 0 0 0 0 17408 0 0 0 0 0 0 2 268435456 0 536870912 8320 212 0 0 0 0 0 0 0 0 0 0 1073741824 2 2155874563 15728648 2147483904 2 2 9437184 1 32 4
is_linear=0
shrinkage=0.05


Tree=71
num_leaves=31
num_cat=7
split_feature=30 2 1 16 13 23 10 9 8 12 10 9 11 5 7 4 7 11 7 3 19 14 7 4 12 19 6 8 8 6
split_gain=224.637 97.6702 92.8266 39.7195 102.909 16.5476 13.2229 11.4923 5.25839 12.8841 15.9367 7.9038 7.86894 6.70032 8.4583 5.47559 4.33877 4.31283 3.94675 3.86374 3.61202 3.19019 3.07579 3.80577 2.90211 2.57766 2.32864 8.65949 5.97363 5.76143
threshold=0 1 2 3 18.500000000000004 4 273.00000000000006 814.50000000000011 1093.5000000000002 1231.5000000000002 21.500000000000004 26799.500000000004 749.50000000000011 1.0000000180025095e-35 3475.5000000000005 137.50000000000003 1876.5000000000002 45.000000000000007 304.00000000000006 56366.000000000007 5 3094.0000000000005 11927.000000000002 54809.500000000007 14.500000000000002 6 591.00000000000011 790.50000000000011 542.50000000000011 9366.5000000000018
decision_type=9 9 9 9 10 9 8 8 8 8 8 8 8 10 10 8 10 8 10 8 9 10 10 8 8 9 8 10 10 8
left_child=-1 3 -3 5 7 -2 24 17 12 -10 11 15 -9 14 -12 16 -11 -5 -19 -15 26 -4 23 -16 -7 -21 28 -28 -8 -29
right_child=1 2 21 4 -6 6 20 8 9 10 13 -13 -14 19 22 -17 -18 18 -20 25 -22 -23 -24 -25 -26 -27 27 29 -30 -31
leaf_value=-0.059047660402904427 -0.036207883552522774 -0.046548341215408455 -0.0017496714265082414 0.00080631501740741237 -0.041251204398486063 0.0033877722632675504 -0.0077954462589082136 0.029996594822725122 0.016234692026518231 -0.019416635068853067 -0.051989246199182583 0.063021358698195695 0.0051343073119026108 0.01400148989285558 0.0088424582479141485 0.0035985963632866229 0.032190389293672801 -0.053695017548138838 0.031317361161673211 -0.054223535137271017 0.044247756372892015 0.013981135337177828 0.0071489857206886581 -0.07936366667907957 -0.053908658896178123 0.0047472073026772026 0.038838746626461827 -0.11922246546634291 0.040923618649133728 0.0044590070814728875
leaf_weight=146.01371479593217 3.2859599441289902 109.67456750106066 2762.7721355296671 120.48332361876965 96.162666073068976 19.364923857152462 11.860169816762211 109.11810985766351 683.97418716177344 4.670316405594348 21.879182040691376 6.9389948751777402 44.929588824510574 18.27215771377087 2.2430859878659275 126.1826530508697 31.831478960812092 6.6660605464130622 1.7168903797864912 4.2553539481014013 106.40121087245643 32.609969429671764 12.960377782583235 2.6887184120714664 2.494746150448921 3.2825058698654166 84.743621300905943 1.3391195926815269 13.401401575654743 3.1718310415744773
leaf_count=1955 15 7149 14276 1331 1331 187 422 4098 2998 48 960 266 331 94 43 1556 1091 187 26 130 5993 384 305 32 20 21 3970 12 596 173
internal_value=-7.38234e-05 0.00198974 -0.00341286 0.0121093 0.00845537 0.0303046 0.0326016 0.012502 0.0141961 0.0127633 0.00266861 0.0107613 0.0227453 -0.0182628 -0.0311375 0.00853226 0.0255874 -0.00160646 -0.0362839 0.00157613 0.0376151 -0.00156058 -0.00563926 -0.0392457 -0.00315121 -0.0285436 0.0314524 0.0352455 0.0180503 -0.032257
internal_weight=4595.39 4449.38 2905.06 1544.32 1298.26 246.063 242.777 1202.09 1073.23 919.179 235.205 169.623 154.048 65.5814 39.7714 162.684 36.5018 128.866 8.38295 25.81 220.917 2795.38 17.8922 4.9318 21.8597 7.53786 114.516 89.2546 25.2616 4.51095
internal_count=50000 48045 21809 26236 14848 11388 11373 13517 11973 7544 4546 2961 4429 1585 1340 2695 1139 1544 213 245 11166 14660 380 75 207 151 5173 4155 1018 185
cat_boundaries=0 46 47 48 49 50 51 52
cat_threshold=0 0 0 0 0 0 0 0 0 0 0 0 0 0 0 0 0 0 0 0 0 0 17408 0 0 0 1073741824 0 0 2 0 0 536870912 8320 84 0 0 0 0 0 0 0 0 0 0 1073741824 3 8 16 2 1 1
is_linear=0
shrinkage=0.05


Tree=72
num_leaves=31
num_cat=5
split_feature=30 24 14 6 16 13 12 7 4 0 10 7 10 10 5 0 14 8 9 11 8 3 3 8 4 8 10 8 3 8
split_gain=105.368 122.385 94.4423 146.067 43.965 309.585 156.938 32.5732 41.845 30.2826 16.6581 11.0623 14.1558 13.3098 7.90843 12.8453 14.4821 7.98112 11.2662 5.96689 5.13385 4.64033 4.17242 3.62843 3.52104 3.04731 25.2124 7.10197 4.0281 4.22443
threshold=0 1 3000.5000000000005 63598.500000000007 2 11.500000000000002 17.500000000000004 78.500000000000014 129.00000000000003 3 31.500000000000004 20846.000000000004 26.500000000000004 1.0000000180025095e-35 205.00000000000003 4 542.00000000000011 562.50000000000011 18336.500000000004 26.500000000000004 2778.0000000000005 50617.000000000007 44588.000000000007 1396.5000000000002 53725.500000000007 995.50000000000011 6.5000000000000009 768.50000000000011 52054.500000000007 750.50000000000011
decision_type=9 9 8 8 9 10 8 10 10 9 8 10 10 8 8 9 10 10 8 10 10 10 10 8 8 10 8 10 10 10
left_child=-1 23 -3 -4 9 6 -6 8 14 10 -5 12 13 -9 -8 16 -16 18 -17 -13 25 -21 -12 -2 -22 26 27 -15 29 -28
right_child=1 2 3 4 5 -7 7 11 -10 -11 22 19 -14 20 15 17 -18 -19 -20 21 24 -23 -24 -25 -26 -27 28 -29 -30 -31
leaf_value=-0.05593671814709085 0.048031261461735072 -0.049511542965753795 -0.18611166150257186 -0.0053043823362835607 0.027368913156362324 -0.053308023662106768 -0.05602562024657233 -0.042966016508970042 -0.058040341356172934 -0.22567655253289398 0.048408350009337658 0.047963439931014179 -0.13255045624381576 0.020376930771208744 -0.053347531716112076 -0.061666563951808785 -0.0060914383822287949 0.058985854735110976 -0.0010799335457028045 0.022393305345529638 0.0018739801519714644 -0.057987750504376816 0.011152116123801185 0.07488200042024723 -0.05666631391555052 0.008456572861913177 -0.0086760559548227662 0.048203189409592812 -0.087232587502942077 -0.058612074562100325
leaf_weight=72.925271116197109 113.84459259919822 96.219295418821275 10.451558239758013 20.067167922854424 591.63008782453835 254.09926249925047 6.7059334013611078 11.214056231081486 33.448974344879389 1.1173270009458054 82.730790914967656 31.408784169703722 1.7343312837183464 123.71877532638609 24.93631637096405 7.6942532397806636 46.34432308934629 5.5104947537183753 2777.0087675582618 7.7394132036715728 6.3622874245047543 2.3378433398902416 8.2658598572015745 14.145213233307002 4.3078054077923307 159.13296053372324 15.499460417777305 28.147133555263281 2.691638331860303 5.8276939690113059
leaf_count=441 5586 6297 75 189 2628 3273 221 67 1075 11 5178 1478 17 2305 424 70 1298 29 14139 164 102 37 274 134 49 2812 376 1120 53 78
internal_value=-8.76463e-05 0.000940928 -0.000523051 0.000579586 0.00103765 0.00016395 0.00365417 -0.000595172 -0.00243934 0.0305976 0.0359307 0.0127786 0.00995095 0.0106434 -0.00179092 -0.00166382 -0.0226232 -0.00112838 -0.00124734 0.0372226 0.0123825 0.00374554 0.0450241 0.0473029 -0.0217603 0.0134699 0.0180058 0.0255343 -0.0295954 -0.0223212
internal_weight=4567.27 4494.34 4366.35 4270.13 4259.68 4147.5 3893.4 3301.77 2901.65 112.181 111.064 400.122 358.636 356.902 2868.2 2861.49 71.2806 2790.21 2784.7 41.486 345.688 10.0773 90.9967 127.99 10.6701 335.018 175.885 151.866 24.0188 21.3272
internal_count=50000 49559 43839 37542 37467 31815 28542 25914 17256 5652 5641 8658 6979 6962 16181 15960 1722 14238 14209 1679 6895 201 5452 5720 151 6744 3932 3425 507 454
cat_boundaries=0 35 37 38 39 40
cat_threshold=0 0 0 0 0 0 0 0 0 0 0 0 0 0 0 0 0 0 0 0 0 0 0 0 0 0 0 0 0 0 0 0 536870912 8192 4 25088 16777216 16 4 2
is_linear=0
shrinkage=0.05


Tree=73
num_leaves=31
num_cat=4
split_feature=24 1 8 7 10 9 13 9 4 3 3 3 3 11 3 19 13 12 12 0 3 3 4 13 8 11 6 13 7 4
split_gain=104.733 149.621 55.5679 54.1703 26.0757 19.2575 16.9476 10.5427 12.4214 9.43895 18.1736 20.3644 19.9565 10.6145 8.44331 7.14759 224.783 49.862 19.737 14.3825 7.09828 9.05108 5.841 5.67569 5.4472 4.16817 4.07772 3.72258 3.69086 3.08549
threshold=0 1 405.50000000000006 1429192.0000000002 37.500000000000007 1.0000000180025095e-35 23.500000000000004 7219.0000000000009 129.00000000000003 57469.500000000007 52231.000000000007 43002.500000000007 49473.500000000007 26.500000000000004 51580.000000000007 2 12.500000000000002 308.00000000000006 5.5000000000000009 3 62268.500000000007 53260.000000000007 2603.0000000000005 138.50000000000003 55911.500000000007 9.5000000000000018 639.50000000000011 25.500000000000004 1747.5000000000002 444.00000000000006
decision_type=9 9 8 8 8 10 10 10 10 8 10 10 10 8 8 9 10 8 10 9 8 8 10 10 10 10 8 10 10 8
left_child=-1 2 -2 4 5 -3 15 8 29 10 11 -10 -13 -14 22 -5 17 18 -17 -19 21 -4 -6 27 -16 -9 -22 -8 -21 -7
right_child=1 3 20 6 14 7 23 25 9 -11 -12 12 13 -15 24 16 -18 19 -20 28 26 -23 -24 -25 -26 -27 -28 -29 -30 -31
leaf_value=0.045574080657083786 -0.28988325018376215 -0.049541070014160069 -0.13801863508080217 -0.04277711138703795 -0.018915352714672838 0.019865054874973944 -0.059463707990958896 -0.00095033807373808411 -0.064277612031382408 -0.072280171811045901 -0.094913170735829527 -0.070041862481735107 0.03209234905397345 -0.054306519176613138 -0.02101915724642393 0.015245914807496295 -0.059671684627865408 -0.050883134856122204 -0.026799255110788091 -0.0013816723716148743 0.026056398393118005 -0.045595395265196681 0.047719249143996972 -0.050758528335982836 0.083217799458121119 0.039792486566524773 -0.051198449168687044 -0.013077176498513086 0.034289422784358585 0.0091997802482745653
leaf_weight=112.19000601023436 2.5473881475627413 13.024320438504217 5.4193015322089169 10.386912830173969 3.4320499021559945 126.40264685824513 4.8242986463010302 7.3675671536475411 9.5320370979607087 5.4268816653639069 5.0819546952843657 6.1625338532030574 45.678478091955185 3.8548775091767302 8.0452788099646551 656.52048037201166 157.63619588315487 14.695085920393467 29.151296373456717 2858.4538908656687 1.7364331725984812 5.1819220781326303 78.753187256865203 18.263858160935342 1.4846276268362988 42.426211381331086 104.57006669975817 41.802276690490544 7.2700545918196431 146.30678902007639
leaf_count=5509 37 113 38 75 38 2712 38 242 59 55 61 48 650 57 195 2944 908 862 202 15233 50 121 5134 1315 10 1933 7359 877 260 2865
internal_value=-9.16569e-05 -0.0013504 -0.0543143 0.000242818 0.0156631 0.0102869 -0.00179815 0.0122436 0.00916824 -0.00874539 -0.00384145 0.00325402 0.0148117 0.0253685 0.0397706 -0.00135792 -0.00124238 0.00134044 0.0134584 -0.00154418 -0.0538272 -0.0928418 0.0449366 -0.0271315 -0.00478048 0.0337641 -0.0499366 -0.0178766 -0.00129118 0.0141432
internal_weight=4533.63 4421.44 119.455 4301.98 502.979 411.264 3799 398.24 348.446 75.7368 70.3099 65.2279 55.6959 49.5334 91.7151 3734.11 3723.73 3566.09 685.672 2880.42 116.908 10.6012 82.1852 64.8904 9.52991 49.7938 106.306 46.6266 2865.72 272.709
internal_count=50000 44491 7605 36886 14172 8795 22714 8682 6507 930 875 814 755 707 5377 20484 20409 19501 3146 16355 7568 159 5172 2230 205 2175 7409 915 15493 5577
cat_boundaries=0 2 3 4 5
cat_threshold=0 16777216 40 1 1
is_linear=0
shrinkage=0.05


Tree=74
num_leaves=31
num_cat=5
split_feature=17 1 24 24 17 4 13 13 7 12 10 3 11 4 13 4 6 4 9 3 7 4 3 9 3 7 8 7 4 11
split_gain=166.325 79.0733 30.5209 22.2321 11.4991 20.2003 10.8346 5.88063 10.9898 7.41229 7.44492 10.413 5.58082 6.87147 5.34873 4.77187 4.55017 4.44384 2.82555 12.8843 19.8517 6.84142 5.17458 2.09364 18.8493 8.37987 6.20192 2.07265 4.94606 1.59396
threshold=0 1 2 3 4 6118.0000000000009 210.50000000000003 24.500000000000004 78.500000000000014 3.5000000000000004 1.0000000180025095e-35 61401.500000000007 15.500000000000002 416.00000000000006 100.50000000000001 136.00000000000003 647.50000000000011 56083.000000000007 230.50000000000003 52316.500000000007 3237.0000000000005 479.50000000000006 59770.500000000007 1571.0000000000002 58773.500000000007 10233.000000000002 486.00000000000006 1197.5000000000002 129.00000000000003 1638.5000000000002
decision_type=9 9 9 9 9 10 10 10 8 10 8 10 8 10 10 8 8 10 10 10 10 8 8 10 10 8 10 10 8 8
left_child=2 -2 -1 -4 -5 12 7 8 -3 10 -10 15 13 27 -9 23 -7 18 21 20 -20 -17 -23 24 26 -25 -12 28 -6 -14
right_child=1 6 3 4 5 16 -8 14 9 -11 11 -13 29 -15 -16 17 -18 -19 19 -21 -22 22 -24 25 -26 -27 -28 -29 -30 -31
leaf_value=-0.049278679662077676 -0.04588830448691518 -0.066950102472720263 -0.045512759033778612 0.0040964438507422804 0.038999891468654152 -0.0076293844174349481 -0.050643724633105396 -0.010560053295540821 -0.042259711917884829 -0.023729548255515445 0.009003065535352189 -0.059888131946065473 0.031198983070389621 -0.10503450789950762 -0.050967612028556424 -0.057616176087137649 -0.10115024481931725 -0.051727823470974987 -0.05724735553630253 -0.073612841934359782 0.0021500886835203945 0.030374778087689621 -0.0010811162086126946 -0.057919643257111922 0.074601325324883436 0.02654491887081456 -0.042898730241461513 0.034950559483392783 -0.012338874487530099 0.045940861573601784
leaf_weight=4.8036620914936066 95.598211610689759 6.4392043799161902 2.5547868981957436 44.848433017730713 11.129840377718212 2.34685218334198 11.432166793383656 38.950269901193678 11.096581742167473 37.398950738832355 45.954700984060764 7.5553669780492774 20.322665169835091 0.911500483751296 10.370042656548319 5.3376182205975047 2.9174907952547064 4.37755163013935 15.922676050104199 7.1527006849646559 120.70641716383398 13.121323842555283 3630.5962749309838 4.9373896569013569 10.955742077901958 7.2460165359079847 6.5798602402210227 129.12907231040299 8.1100080609321576 187.60160270519555
leaf_count=23 7149 61 15 331 208 53 935 662 67 286 371 97 646 7 611 67 13 24 319 84 1540 75 19498 50 62 58 68 5331 198 11091
internal_value=-8.29128e-05 -0.00316657 0.0297045 0.0317818 0.0333456 0.0367574 -0.00203256 -0.00189819 -0.00168316 -0.00157619 -0.00136329 -0.00124634 0.0392045 0.0318286 -0.0190561 -0.00113194 -0.0594585 -0.00137971 -0.0013216 -0.00819667 -0.00477206 -0.0010507 -0.000967841 0.0113005 0.0149437 -0.00768479 0.00250246 0.0326694 0.0173595 0.0445
internal_weight=4506.4 4091.73 414.676 409.872 407.317 362.469 3996.13 3984.7 3935.38 3928.94 3891.54 3880.44 357.205 149.28 49.3203 3872.89 5.26434 3797.21 3792.84 143.782 136.629 3649.06 3643.72 75.6737 63.4903 12.1834 52.5346 148.369 19.2398 207.924
internal_count=50000 32084 17916 17893 17878 17547 24935 24000 22727 22666 22380 22313 17481 5744 1273 22216 66 21607 21583 1943 1859 19640 19573 609 501 108 439 5737 406 11737
cat_boundaries=0 2 3 5 7 8
cat_threshold=2147485955 6291464 8 0 128 8 67108864 2
is_linear=0
shrinkage=0.05


Tree=75
num_leaves=31
num_cat=9
split_feature=30 13 1 1 30 16 9 10 7 16 10 18 8 9 4 6 3 6 10 8 4 9 7 7 3 8 14 10 27 27
split_gain=409.626 640.976 304.462 89.3399 82.4278 66.559 25.1344 13.8894 25.8945 9.94072 8.72241 8.4414 6.57536 9.03775 6.79407 6.56369 9.50034 6.73444 6.19713 11.2781 5.79431 5.47593 4.55456 4.68049 3.87677 16.899 3.69844 5.36842 3.53897 6.61054
threshold=0 8.5000000000000018 1 2 3 4 17691.000000000004 5.5000000000000009 1702.5000000000002 5 1.0000000180025095e-35 6 1699.0000000000002 2300.0000000000005 53722.500000000007 355.00000000000006 24168.000000000004 35.000000000000007 40.500000000000007 675.50000000000011 56420.000000000007 72430.000000000015 891.00000000000011 2000.5000000000002 40353.500000000007 717.50000000000011 2738.0000000000005 11.500000000000002 7 8
decision_type=9 8 9 9 9 9 10 8 8 9 10 9 8 8 8 8 10 10 8 8 8 10 10 8 10 10 10 10 9 9
left_child=-1 -2 4 -4 -3 10 7 9 18 28 15 -12 14 -14 -10 16 -5 -17 19 -9 -21 -8 23 -11 -24 -26 27 -15 -7 -30
right_child=1 2 3 5 -6 6 21 8 12 22 11 -13 13 26 -16 17 -18 -19 -20 20 -22 -23 24 -25 25 -27 -28 -29 29 -31
leaf_value=-0.065969869057686856 0.060035081597664908 0.022036832413538529 -0.045662813006697583 -0.079828561910178911 -0.06575465607052193 0.038203515463539145 0.046775813012883749 -0.14281349182138678 0.025268580720573908 0.01548844701805485 0.022374073117329678 -0.023035738035778804 -0.069732414850165098 -0.0012472502840054633 0.0025656239368010221 0.044288200292341984 0.019713357503644283 0.023891978647422509 -0.012959382047726984 -0.0065001873330439788 -0.1402841412111718 0.001269461148965497 0.038612099206890363 -0.056110072719594783 -0.084972400994710401 0.050561270135212583 0.01591064735454199 -0.028864422082037766 0.0017179179698361873 -0.044602272560599877
leaf_weight=214.22400971502066 446.77754872106016 30.500955604948103 91.421843141317368 2.7369182053953436 225.46946369856596 3.3336381763219833 34.793711411766708 5.0786468200385544 45.975696565583348 55.203745059669018 10.341547481715679 10.614818206056952 4.8231900325044981 2839.0315115032718 116.34786963276565 103.99405448418111 19.299651531502604 66.254900557920337 3.4304570183157912 3.716047441586853 1.03470067307353 8.1614748276770097 46.566959146410227 2.3810147345066062 3.4771520122885686 6.7929041367024183 31.125340238213539 17.706308482214808 20.279330156743526 12.419995829463003
leaf_count=2343 1987 273 7149 60 2682 63 1722 53 1712 513 68 139 169 15229 1419 7176 865 3080 40 96 13 181 1736 27 66 313 288 252 108 178
internal_value=-9.34895e-05 0.00335886 -0.00325704 0.000598729 -0.0548584 0.00194336 0.000134969 -0.000371666 -0.00109899 0.0144608 0.0283589 -0.000942639 -0.000796373 -0.00134587 0.00899589 0.0330272 0.00735036 0.0363507 -0.07082 -0.0910134 -0.035638 0.0381296 0.0206352 0.012528 0.0324796 0.00467338 -0.00123165 -0.00141842 -0.00851053 -0.0158756
internal_weight=4483.32 4269.09 3822.31 3566.34 255.97 3474.92 3261.68 3218.72 3068.27 150.455 213.242 20.9564 3055.01 2892.69 162.324 192.286 22.0366 170.249 13.2599 9.82939 4.75075 42.9552 114.422 57.5848 56.837 10.2701 2887.86 2856.74 36.033 32.6993
internal_count=50000 47657 45670 42715 2955 35566 24178 22275 19271 3004 11388 207 19069 15938 3131 11181 925 10256 202 162 109 1903 2655 540 2115 379 15769 15481 349 286
cat_boundaries=0 46 47 48 94 95 96 98 99 100
cat_threshold=0 536870912 0 0 0 0 0 0 0 0 0 0 0 0 0 0 0 0 0 0 0 1048576 8676912 128 2147483904 0 1073741824 0 0 2 2952790016 0 536870912 73862 213 0 0 0 0 0 0 0 0 0 0 1073741824 2 8 0 0 24576 0 0 0 0 0 0 0 0 0 0 0 0 0 0 0 0 0 0 0 2147483648 0 2048 134217796 0 0 0 1040 8404992 512 0 1074397184 32 0 0 0 0 0 0 139264 0 0 0 536870912 16 32 0 1048576 1 2
is_linear=0
shrinkage=0.05


Tree=76
num_leaves=31
num_cat=6
split_feature=1 16 13 8 10 21 4 6 3 0 29 10 3 12 7 9 7 7 8 19 3 4 7 7 7 4 10 11 11 3
split_gain=81.8487 65.6641 33.14 20.9247 9.90539 25.815 6.92621 5.33927 3.39623 5.76903 17.3449 5.08864 4.12631 4.81767 4.64654 3.15737 5.81696 2.80144 2.69074 8.87494 2.01256 3.34954 2.82261 4.58088 2.09832 5.80769 2.72215 2.53757 10.3591 3.49929
threshold=0 1 40.500000000000007 601.50000000000011 53.500000000000007 2 9999.0000000000018 3527.0000000000005 61155.000000000007 3 4 1.0000000180025095e-35 56586.000000000007 10.500000000000002 2091.0000000000005 254.50000000000003 1770.5000000000002 2021.5000000000002 870.50000000000011 5 45743.000000000007 2603.0000000000005 1702.5000000000002 5070.0000000000009 9720.5000000000018 137.50000000000003 28.500000000000004 13.500000000000002 5.5000000000000009 51208.000000000007
decision_type=9 9 10 10 8 9 8 10 10 9 9 8 10 10 8 10 8 10 10 9 8 10 10 10 8 10 10 10 10 8
left_child=-1 4 3 8 15 -6 7 18 9 10 -3 -11 13 17 -14 -2 -17 -13 -7 -20 22 24 -5 -24 27 26 -26 28 -22 -30
right_child=1 2 -4 20 5 6 -8 -9 -10 11 -12 12 14 -15 -16 16 -18 -19 19 -21 21 -23 23 -25 25 -27 -28 -29 29 -31
leaf_value=-0.045432499536995886 -0.053388763832006816 0.0098154000558952868 -0.051203387667405315 -0.045351168640999986 -0.042356001720262069 0.041840272598089659 -0.16545101005439175 0.011112330622032013 -0.033142276198071995 -0.037914254172672614 -0.038621281737193792 -0.00073938620309075285 0.034785822893760233 -0.0288612014403434 -0.019265458030117019 0.021969078887099328 -0.043257318719300747 0.020651674791791638 -0.081058648551234791 0.038060228925577408 0.032600848565579488 -0.039344950102034593 -0.00921031876969443 0.031240650596212713 0.034262052790551792 -0.055577726153695807 -0.002107751738591838 -0.014081405389080143 0.017587435273276532 0.00012371980288449673
leaf_weight=87.442433794029057 2.8488619551062611 34.353674493730068 31.981056742370129 2.8972849585115901 5.0658626705408096 154.72754465695471 0.42166835069656272 17.432933054864407 8.2247579600661975 9.1792681142687798 26.984203916043043 3723.3156317118555 15.965150691568853 15.196376990526913 5.2947610765695563 12.087539665400984 4.7658213451504698 15.369015747681258 1.9356192201375961 8.1372532444074714 55.11878233589232 2.7986076120287171 18.180185230448846 11.37988882511854 37.406330704689026 2.1156914196908465 5.9652808718383303 8.0732271783053857 45.311392229050398 78.17055837996304
leaf_count=7149 17 307 1961 68 22 10071 2 726 134 51 563 20558 170 144 45 96 86 593 30 338 2192 47 397 392 1559 40 107 100 685 1350
internal_value=-0.000110478 0.000900457 -0.0005006 -0.000108364 0.0276869 0.0325615 0.0350399 0.0374266 -0.00104685 -0.000978209 -0.0161895 -0.000731658 -0.000641248 -0.00076565 0.0213244 -0.00470514 0.00352425 -0.000651452 0.0402102 0.0151702 0.0134166 0.0150288 0.00174612 0.00636229 0.0156843 0.0253139 0.0292598 0.0133378 0.0145772 0.00653199
internal_weight=4448.15 4360.7 4153.28 4121.3 207.423 187.721 182.655 182.233 3853.88 3845.66 61.3379 3784.32 3775.14 3753.88 21.2599 19.7022 16.8534 3738.68 164.8 10.0729 267.417 234.96 32.4574 29.5601 232.161 45.4873 43.3716 186.674 178.601 123.482
internal_count=50000 42851 31463 29502 11388 11189 11167 11165 22565 22431 870 21561 21510 21295 215 199 182 21151 10439 368 6937 6080 857 789 6033 1706 1666 4327 4227 2035
cat_boundaries=0 1 2 4 5 6 7
cat_threshold=8 16 12288 48 2 4 1
is_linear=0
shrinkage=0.05


Tree=77
num_leaves=31
num_cat=6
split_feature=30 0 17 23 13 13 13 4 10 10 3 9 5 11 1 14 3 13 9 8 10 7 6 3 8 3 19 3 9 14
split_gain=174.862 84.2253 52.5497 39.4638 30.0778 25.7533 688.344 32.7952 26.2125 16.7778 15.5077 12.8145 7.57775 7.22249 6.84976 18.4403 6.46298 3.96235 3.8291 7.43911 3.68736 2.96036 10.9009 3.45129 3.37952 2.7872 2.73704 2.61057 2.55171 2.40839
threshold=0 1 2 3 3.5000000000000004 95.500000000000014 7.5000000000000009 105.50000000000001 27.500000000000004 12.500000000000002 54294.500000000007 903.50000000000011 1.0000000180025095e-35 1.0000000180025095e-35 4 2492.0000000000005 15525.500000000002 565.00000000000011 7219.0000000000009 671.50000000000011 1197.5000000000002 1111.0000000000002 522.50000000000011 42308.500000000007 1144.5000000000002 61561.000000000007 5 53389.000000000007 936.00000000000011 2946.0000000000005
decision_type=9 9 9 9 8 8 10 10 8 8 8 10 10 10 9 10 10 8 10 10 10 8 8 10 8 10 9 8 10 8
left_child=-1 14 -3 -4 -5 6 -6 8 11 10 13 25 20 -9 -2 29 18 -17 19 -13 -11 22 -10 28 -25 -7 -14 -21 -23 -16
right_child=1 2 3 4 5 7 -8 9 21 12 -12 16 26 -15 15 17 -18 -19 -20 27 -22 23 -24 24 -26 -27 -28 -29 -30 -31
leaf_value=-0.059647606044953866 -0.045197217225783765 0.042256634044146806 0.037972236512937935 -0.089562637490263608 0.06007490782737214 0.0033868281198879083 -0.036276250741846906 -0.054818835910811381 -0.090404050800303004 -0.053071524133882719 -0.085026464818093742 0.036294842306924112 0.01642276023524205 0.0051313562387029412 -0.0095353489629288711 -0.051270308325259063 0.034485697030394578 0.013600389911362332 0.033864149231019096 0.051531737646292076 0.034095502872348166 -0.00083204580831333468 0.020367787030623336 0.023842722536961545 -0.010457817425954242 -0.031763034150420082 -0.028850616314776395 0.002310944002564849 -0.02180831139939568 -0.05304208997828555
leaf_weight=110.03071269392967 83.650776670314372 72.896703866310418 64.997038897126913 9.0761949121952039 356.45763565599918 117.81766669824719 386.19980488345027 5.500025099143385 4.0399870853871107 51.386341413483024 5.8656492475420228 23.106014844030142 5.91779725253582 58.042079277336597 3.6934661194682121 2.5466720964759588 69.66114130243659 31.104333132505417 23.125618059188128 2.7924096565693608 1.2425916790962208 2772.3418387034908 4.9327668109908682 26.532382883131504 9.8459976576268655 5.9232942685484877 7.6590355858206731 76.349385499954224 14.574454912915824 22.922760874032978
leaf_count=702 7149 5481 3829 37 1507 1425 2463 76 109 2761 59 956 33 730 47 109 2849 290 1124 108 23 14295 190 1266 126 105 43 1233 451 424
internal_value=-0.000118314 0.00153235 0.00283189 0.0020236 0.00135264 0.00156079 0.00996998 -0.000339361 0.000696788 -0.0244148 -0.00723847 0.01429 -0.0424218 -5.77631e-05 -0.0360718 -0.0136426 0.0222751 0.00869104 0.0154905 0.0113349 -0.0510135 -0.000833143 -0.0295073 -0.000742014 0.0145591 0.00170426 -0.0091171 0.00404763 -0.000941743 -0.0470048
internal_weight=4430.23 4320.2 4176.28 4103.39 4038.39 4029.31 742.657 3286.66 3151.04 135.614 69.4078 318.776 66.2058 63.5421 143.918 60.2672 195.035 33.651 125.373 102.248 52.6289 2832.27 8.97275 2823.29 36.3784 123.741 13.5768 79.1418 2786.92 26.6162
internal_count=50000 49298 41279 35798 31969 31932 3970 27962 24237 3725 865 7800 2860 806 8019 870 6270 399 3421 2297 2784 16437 299 16138 1392 1530 76 1341 14746 471
cat_boundaries=0 35 36 37 38 39 40
cat_threshold=0 536870912 0 0 0 0 0 0 0 0 0 0 0 0 0 0 0 0 0 0 0 0 9216 0 0 0 0 0 0 2 0 0 536870912 8320 132 2 2147483648 270336 8 4
is_linear=0
shrinkage=0.05


Tree=78
num_leaves=31
num_cat=3
split_feature=17 0 14 21 8 13 13 13 7 4 5 7 11 4 10 8 6 10 4 13 9 10 8 4 3 9 9 9 3 3
split_gain=134.202 63.0404 22.7114 10.2316 9.26149 423.479 163.722 31.5837 24.1231 10.1791 12.1726 11.4033 7.31037 5.61774 3.58035 4.04808 2.06648 6.27186 8.0386 2.03163 1.89295 2.28802 1.79853 2.14416 1.56241 1.12192 3.00505 4.18293 6.59146 6.35391
threshold=0 1 2738.0000000000005 2 93.500000000000014 8.5000000000000018 175.50000000000003 2.5000000000000004 3284.5000000000005 84.000000000000014 1.0000000180025095e-35 3383.5000000000005 40.500000000000007 50212.500000000007 5.5000000000000009 565.50000000000011 18547.500000000004 1928.5000000000002 4330.5000000000009 274.50000000000006 1213.5000000000002 31.500000000000004 670.50000000000011 74.000000000000014 51624.500000000007 1466458.0000000002 33021.000000000007 4261.5000000000009 42330.000000000007 56077.500000000007
decision_type=9 9 10 9 10 10 8 10 8 10 10 8 8 10 10 8 8 8 10 8 10 10 10 10 10 8 8 10 8 10
left_child=3 2 -2 -1 5 6 7 -3 12 11 -11 -8 -6 16 15 -14 -5 20 -19 -4 22 -22 23 -18 -23 26 27 28 -10 -30
right_child=1 4 19 13 8 -7 9 -9 25 10 -12 -13 14 -15 -16 -17 17 18 -20 -21 21 24 -24 -25 -26 -27 -28 -29 29 -31
leaf_value=-0.02829713397609351 -0.049602303961215025 -0.083019008492873733 -0.051207657066541824 0.025412769143539477 -0.057538530775258105 -0.056831519244646106 0.020261740684018061 0.030240126989895533 -0.046528728911555399 -0.053019685068905975 0.0053009725423547463 -0.00079238624743830895 -0.05724858478347522 -0.14280829985048668 0.017696442445694065 0.020872354408366187 0.024161359059009121 0.046039144827649869 -0.17716138742491583 -0.0037314545473594476 0.034177086276805838 0.017541704024420162 0.032975647366296296 -0.0029319072399029257 -0.047766062367937706 0.028599376339844957 -0.062303056035829613 -0.027685844907350623 0.0068816535393995031 -0.035597871654588276
leaf_weight=2.6980860084295273 94.369221353903413 6.2249829024076453 2.3807370755821466 69.823483319953084 31.297785136848688 310.30240873899311 65.836965085938573 550.74233918637037 6.9600804634392253 20.042611425742507 16.161616519093513 2777.4811272807419 5.7475656103342745 0.45494818687438865 5.463333945721387 2.3307169191539296 18.083686158061031 96.344382608309388 0.40509036183357139 42.119907950982451 99.620015144348145 2.8363668769597998 18.577494842931628 12.248915417119859 1.3525093626230953 2.8692433685064307 2.1032885052263728 14.354766389355062 111.02913199551404 9.5608348548412305
leaf_count=12 6637 26 107 3648 238 3755 475 2504 52 979 88 14373 85 2 47 59 618 7455 2 1275 4618 82 771 261 31 44 17 172 1472 95
internal_value=-0.000116983 -0.00260122 -0.035717 0.0304335 -0.00144018 -0.000891717 0.00415944 0.0289743 -0.0121589 -0.000640331 -0.0269853 -0.000304878 -0.0442588 0.0317722 -0.0135664 -0.0347094 0.033016 0.0351441 0.0451046 -0.00627138 0.0288339 0.0326549 0.0207241 0.0132206 -0.00354495 -0.00235933 -0.00297615 -0.00209682 0.000783026 0.00351371
internal_weight=4399.82 4077.38 138.87 322.445 3938.51 3746.79 3436.49 556.967 191.717 2879.52 36.2042 2843.32 44.8394 319.747 13.5416 8.07828 319.292 249.468 96.7495 44.5006 152.719 103.809 48.9101 30.3326 4.18888 146.877 144.008 141.905 127.55 120.59
internal_count=50000 32500 8019 17500 24481 22200 18445 2530 2281 15915 1067 14848 429 17488 191 144 17486 13838 7457 1382 6381 4731 1650 879 113 1852 1808 1791 1619 1567
cat_boundaries=0 2 3 5
cat_threshold=2147483905 8 2 8192 32
is_linear=0
shrinkage=0.05


Tree=79
num_leaves=31
num_cat=6
split_feature=30 30 17 0 13 23 12 14 14 10 6 9 4 9 13 13 13 7 8 9 6 6 3 6 8 3 8 8 3 19
split_gain=253.9 181.372 117.949 59.1312 49.4694 12.9903 7.66685 6.17253 12.8863 2.84968 6.07027 3.85513 29.2472 2.70546 31.4512 388.871 196.007 7.83938 2.97844 2.31414 1.98805 5.80079 2.85252 5.59583 1.95846 3.527 2.61702 3.30967 1.90711 1.70531
threshold=0 1 2 3 24.500000000000004 4 16.500000000000004 24028.000000000004 3956.0000000000005 5.5000000000000009 3595.5000000000005 1450.0000000000002 53722.500000000007 4605.5000000000009 31.500000000000004 9.5000000000000018 119.50000000000001 1457596.5000000002 1744.5000000000002 20084.000000000004 732.00000000000011 454.00000000000006 45743.000000000007 35.000000000000007 2235.5000000000005 54347.000000000007 817.50000000000011 528.50000000000011 42336.500000000007 5
decision_type=9 9 9 9 10 9 10 10 10 10 10 10 8 10 10 10 8 8 10 10 8 10 10 8 10 8 10 10 8 9
left_child=4 -2 5 7 -1 -3 13 8 -4 10 20 12 -11 14 15 16 -5 18 -15 24 21 22 23 -7 26 -26 27 -13 -22 -12
right_child=1 2 3 6 -6 9 -8 -9 -10 11 29 19 -14 17 -16 -17 -18 -19 -20 -21 28 -23 -24 -25 25 -27 -28 -29 -30 -31
leaf_value=0.078525240214000203 -0.06121072227836491 -0.030947565622573611 -0.045668594772586918 0.036075997655279711 0.22478050167353747 -0.12273271693734827 -0.053686563456605912 0.0087962393164470725 -0.0058584552847716466 0.020193739505858368 0.051035849775477642 -0.045398862413123527 -0.27070918814809736 -0.016490234961428745 -0.051603387394332581 -0.066152611302578809 -0.00099947477327307576 0.01786654356936148 -0.070989375837282376 0.040410212838719123 0.049510863162025368 0.046632298241081532 0.023412532986013354 0.0019029113650460398 0.053622740364066383 -0.029766698784351488 0.033976183575824041 0.023453407112008273 0.037162449159713638 0.00034662536428436714
leaf_weight=80.92007951438427 115.2567696236074 3.4591747671365738 101.49554890301079 403.40081851929426 6.2265604734420767 1.0518092866986988 6.9801783682778469 7.5647836700081816 25.418109363876283 12.604642823338505 1.8766556289047003 2.571599589660762 0.92761525511741716 4.2245632261037844 30.624005458317697 213.89406300522387 3065.0034291753545 7.6482348144054404 6.1661264039576054 28.312894301488996 43.67702420335263 20.746767776086926 12.297784788534043 6.2633405569940832 1.8173257634043682 4.1950407195836306 26.355890467762947 5.4323965292423964 110.05026441067457 14.322606543079019
leaf_count=382 736 15 7194 1693 36 19 221 91 734 561 95 81 25 32 1897 1331 18246 145 65 1603 3522 1322 680 270 39 48 1320 272 6703 622
internal_value=-0.000117951 -0.00192597 -0.000144161 -0.00249929 0.0798162 0.0297452 -0.00133382 -0.0350802 -0.0376955 0.0314623 0.0356237 0.0246452 0.000252796 -0.00123588 -0.00114203 -0.000722363 0.00331267 -0.0205526 -0.0488316 0.0294509 0.038078 0.0282019 0.00870596 -0.0160178 0.0217652 -0.00456102 0.0263718 0.0013319 0.0406709 0.00621888
internal_weight=4370.79 4283.64 4168.38 3872.42 87.1466 295.963 3737.94 134.478 126.914 292.504 210.286 82.2174 13.5323 3730.96 3712.92 3682.3 3468.4 18.0389 10.3907 68.6851 194.087 40.3597 19.6129 7.31515 40.3723 6.01237 34.3599 8.004 153.727 16.1993
internal_count=50000 49582 48846 31649 418 17197 23630 8019 7928 17182 13233 3949 586 23409 23167 21270 19939 242 97 3363 12516 2291 969 289 1760 87 1673 353 10225 717
cat_boundaries=0 40 75 76 77 78 79
cat_threshold=0 0 16384 0 0 0 0 0 0 0 0 0 0 0 0 0 0 0 0 0 0 0 0 0 0 0 0 0 0 0 8388608 0 0 0 0 3548381184 676421 68 4194304 1152 0 536870912 0 0 0 0 0 0 0 0 0 0 0 0 0 0 0 0 0 0 0 0 8406528 0 0 0 0 0 0 2 0 0 536870912 8322 4 2147483904 2 2 4
is_linear=0
shrinkage=0.05


Tree=80
num_leaves=31
num_cat=7
split_feature=30 30 30 0 16 8 12 1 14 4 8 9 12 19 9 10 14 6 3 13 9 10 6 12 9 8 3 10 7 3
split_gain=261.336 218.79 80.0862 62.9093 49.0031 18.4714 9.13246 7.94267 14.6524 7.48836 16.2409 17.0035 17.1967 13.116 7.53908 7.0792 5.3789 3.99799 4.26091 3.65183 3.56715 3.15059 4.06082 2.46732 1.99995 10.6697 10.6777 4.12013 3.37948 2.9665
threshold=0 1 2 3 4 559.50000000000011 1.0000000180025095e-35 5 1390.0000000000002 479.50000000000006 507.50000000000006 605.50000000000011 96.000000000000014 6 34982.500000000007 33.500000000000007 1960.0000000000002 530.50000000000011 24168.000000000004 100.50000000000001 20765.500000000004 5731.0000000000009 3191.0000000000005 12.500000000000002 28032.500000000004 673.50000000000011 53220.000000000007 32.500000000000007 1487.0000000000002 49596.500000000007
decision_type=9 9 9 9 9 10 10 9 10 10 10 10 8 9 8 8 8 10 10 8 10 8 8 10 10 10 8 8 10 10
left_child=-1 -2 -3 7 9 6 -6 -4 16 10 11 12 -5 -11 17 -12 -9 18 -13 -10 -19 -15 -23 -8 25 26 -7 -26 -27 -29
right_child=1 2 3 4 5 24 23 8 19 13 15 14 -14 21 -16 -17 -18 20 -20 -21 -22 22 -24 -25 27 28 -28 29 -30 -31
leaf_value=-0.06278141059547758 0.076969990969521493 0.063880456034846753 -0.044485857209396684 0.001407593965083706 -0.0010629804035916369 -0.089366578037148203 -0.016125845725837668 0.050301999855054381 -0.051103973648944895 -0.11089758140892324 -0.03031737346571341 -0.046877155498401629 -0.11883098786738425 -0.053070731650709968 -0.12805714796962039 0.03690331398079847 -0.052622772290779753 -0.011962910551804592 0.04480020106146268 0.010811812813632355 0.051108073918970515 -0.016523841478004272 0.047324567733803898 -0.041954837499435453 0.047715800676326497 -0.018704427524971198 0.047728170931106512 0.021919508899979241 0.0089411560960511831 -0.04408610769627852
leaf_weight=150.30642578192055 85.78571043908596 39.277485311031342 73.625895792618394 6.2146291770040989 3445.7053810460493 1.5012452285736824 28.966679803095758 1.3550497088581321 2.5685655381530523 1.4057109653949738 4.1453441996127367 1.3949784804135621 5.7022223472595197 0.83409739099442959 0.90417083352804084 71.003272492438555 20.079330265522007 11.941373587585984 13.859544721432028 32.697625130414963 2.7599775101989499 2.5955416709184647 61.422623680904508 13.580848606303332 11.047213126905261 11.688366297632454 26.336965973488986 5.1341346427798298 203.83448025770485 2.5465762093663216
leaf_count=1714 418 170 7149 60 20466 52 199 20 126 6 72 51 34 18 25 4532 424 503 481 300 131 54 5421 274 620 246 1166 119 5103 46
internal_value=-0.000126308 0.00226577 0.000520993 -0.000246496 0.000884973 -0.000384399 -0.00134727 -0.0344242 -0.0114873 0.0253751 0.0191957 -0.00539818 -0.0561267 0.0402028 0.014191 0.0331953 -0.046116 0.0184846 0.0364166 0.00630226 -0.000122196 0.043478 0.0447359 -0.0243703 0.0124162 0.0112045 0.040335 0.0281609 0.00744186 3.50328e-05
internal_weight=4340.22 4189.92 4104.13 4064.85 3934.53 3750.34 3488.25 130.326 56.7006 184.183 117.926 42.7769 11.9169 66.258 30.86 75.1486 21.4344 29.9559 15.2545 35.2662 14.7014 64.8523 64.0182 42.5475 262.089 243.361 27.8382 18.7279 215.523 7.68071
internal_count=50000 48286 47868 47698 39679 28291 20939 8019 870 11388 5889 1285 94 5499 1191 4604 444 1166 532 426 634 5493 5475 473 7352 6567 1218 785 5349 165
cat_boundaries=0 46 86 124 125 126 127 128
cat_threshold=0 536870912 0 0 0 0 0 0 0 0 0 0 0 0 0 0 0 0 0 0 0 0 8414768 0 0 0 1073741824 0 0 2 268435456 0 536870912 8322 148 0 0 0 0 0 0 0 0 0 0 1073741824 0 0 16384 0 0 0 0 0 0 0 0 0 0 0 0 0 0 0 0 0 0 0 0 0 0 0 0 0 0 0 8388608 0 0 0 0 3539992576 2148160069 68 4194304 1152 0 0 0 0 0 0 0 0 0 0 0 0 0 0 0 0 0 0 0 0 0 0 0 0 0 0 0 0 0 0 0 0 0 0 0 146800640 874785824 177 2 16 8 1
is_linear=0
shrinkage=0.05


Tree=81
num_leaves=31
num_cat=6
split_feature=30 4 1 21 5 3 3 9 8 7 8 13 9 12 13 11 19 0 12 8 7 10 10 19 3 11 10 7 9 8
split_gain=282.393 76.9425 60.1127 13.2223 13.1883 11.1048 27.1482 15.3835 9.31693 11.069 8.08461 22.2427 7.33014 7.25208 11.7735 6.51499 8.38258 3.88265 3.67973 21.1888 2.98782 4.40163 2.65599 2.31434 5.94164 3.27304 2.0433 5.33377 4.11452 3.03816
threshold=0 8088.5000000000009 1 2 205.00000000000003 55192.000000000007 58773.500000000007 1.0000000180025095e-35 813.50000000000011 1666.0000000000002 648.50000000000011 3.5000000000000004 1.0000000180025095e-35 18.500000000000004 100.50000000000001 23.500000000000004 3 4 14.500000000000002 1.0000000180025095e-35 5046.5000000000009 60.500000000000007 17.500000000000004 5 43183.000000000007 18.500000000000004 21.500000000000004 34218.500000000007 1554.5000000000002 984.50000000000011
decision_type=9 8 9 9 8 10 10 8 8 10 8 8 10 10 10 8 9 9 8 10 10 10 10 9 10 8 10 10 8 10
left_child=-1 3 -3 17 -5 7 20 -6 9 -4 15 -12 -8 14 18 -9 -17 -2 -13 -20 -7 22 -22 -21 25 -25 28 -28 29 -10
right_child=1 2 8 4 5 6 12 10 26 -11 11 13 -14 -15 -16 16 -18 -19 19 23 21 -23 -24 24 -26 -27 27 -29 -30 -31
leaf_value=-0.063349240704508078 0.039871879240119951 -0.044230057494367606 0.0023692140417590885 -0.063582396012972678 -0.060739795208698925 -0.039075093534242225 -0.06326784601871048 0.0084432199751854516 -0.020746194775125151 0.033631161474722851 -0.081457521574554395 0.016345483698838325 0.022361944635502399 -0.052331327000941001 -0.050723696203871939 0.0099234763085852933 0.043088600293530767 0.082851712704340441 -0.042192371882184589 -0.0323337561336196 0.028212397478444496 -0.12558779673607448 -0.031726795231100266 -0.012769159453191369 0.024003411809189565 0.031761467785688412 -0.063410879294104244 0.020889048469062699 -0.00085082931169559663 -0.095124774417163022
leaf_weight=159.66070842230693 45.010268124751747 70.486449230462313 84.933476844802499 5.6861395090818405 6.7397766187787047 35.359247639775276 2.6092666983604422 35.454604111611843 7.3516542250290495 42.475455651059747 6.1596957296133041 652.48280032165349 59.251699257642031 4.1080538891255847 6.9050467787310472 26.667362812906504 66.723370566964149 5.9490966945886603 18.633796336129308 2.4447450675070286 4.7396106505766493 0.70562035590410221 3.0295292939990759 20.569115443155169 75.120203378610313 5.1619715495035079 4.3264323491603127 3.3134016906842589 2854.3123358516023 1.6882331669330595
leaf_count=2154 3042 7149 979 44 66 669 44 305 250 2145 26 3372 2176 184 535 1324 5400 33 940 128 202 6 103 626 1917 203 82 55 15815 26
internal_value=-0.000116869 0.00245735 -0.00158917 0.013878 0.0122385 0.0127744 -0.00258086 0.0145248 -0.00043779 0.0127913 0.0150759 0.0131854 0.0187501 0.0139276 0.014276 0.0266909 0.0336184 0.0375256 0.0148556 0.00688257 -0.0326843 -0.00602009 0.00483947 0.0157353 0.0169006 -0.00383577 -0.0010264 -0.0268499 -0.000957495 -0.0346367
internal_weight=4318.06 4158.4 3068.89 1089.51 1038.55 1032.87 105.695 927.171 2998.4 127.409 920.431 791.585 61.861 785.426 781.318 128.845 93.3907 50.9594 774.413 121.93 43.834 8.47476 7.76914 103.296 100.851 25.7311 2870.99 7.63983 2863.35 9.03989
internal_count=50000 47846 26501 21345 18270 18226 3200 15026 19352 3124 14960 7931 2220 7905 7721 7029 6724 3075 7186 3814 980 311 305 2874 2746 829 16228 137 16091 276
cat_boundaries=0 46 47 48 49 50 51
cat_threshold=0 536870912 0 0 0 0 0 0 0 0 0 0 0 0 0 0 0 0 0 0 0 0 8676912 128 0 0 1073741824 0 0 2 268435456 0 536870912 8322 214 0 0 0 0 0 0 0 0 0 0 1073741824 8 1076887552 1 1 1
is_linear=0
shrinkage=0.05


Tree=82
num_leaves=31
num_cat=4
split_feature=30 24 1 4 16 5 13 13 4 3 10 12 9 12 10 12 8 8 8 10 4 3 7 9 9 11 14 9 7 7
split_gain=169.519 82.1247 132.168 46.9071 23.9415 19.947 15.272 26.1751 10.9429 14.0132 11.4328 10.1493 7.09061 6.96488 5.15011 4.58697 9.37825 5.98436 12.0653 3.99746 3.77252 17.6113 11.6238 11.8663 6.37287 3.75984 3.38646 2.96573 2.82135 2.59971
threshold=0 1 2 59032.500000000007 3 202.00000000000003 338.50000000000006 51.500000000000007 129.00000000000003 56314.500000000007 6.5000000000000009 16.500000000000004 3031.0000000000005 308.00000000000006 24.500000000000004 157.50000000000003 29.000000000000004 112.50000000000001 685.50000000000011 36.500000000000007 60.000000000000007 53041.500000000007 15555.500000000002 1213.5000000000002 2441.5000000000005 10.500000000000002 25757.500000000004 1249.0000000000002 1068.5000000000002 18435.000000000004
decision_type=9 9 9 8 9 8 8 10 8 10 8 8 10 8 8 8 10 10 10 10 10 8 10 8 10 8 8 8 10 8
left_child=-1 -2 3 -3 13 -6 7 11 12 10 -10 -7 15 27 -15 -8 -17 -18 -19 -14 22 24 23 -12 -22 -23 -25 -4 -26 -20
right_child=1 2 4 -5 5 6 8 -9 9 -11 20 -13 19 14 -16 16 17 18 29 -21 21 25 -24 26 28 -27 -28 -29 -30 -31
leaf_value=-0.059344763309471985 0.045247734145902344 -0.15808442330566341 0.016338176298206188 -0.050500414882463346 -0.071136660001151805 0.010078445868240485 -0.052566361972790701 -0.05087957847639895 0.019576135587635567 -0.076554517488822665 -0.082398024144750656 -0.053008922466001133 0.038438075002797029 -0.044377609979142932 0.041585940781707402 -0.031332683175509829 0.031500224930563522 -0.021845460627366753 0.026131353481393407 -0.03285005099404241 -0.054643050185194997 -0.14325099055010601 0.039999840004836223 0.016373291203488266 -0.052409386000653604 -0.050811349507918949 -0.0010522779270672653 -0.028498733077906298 0.0072945554111418613 -0.059664236529147478
leaf_weight=107.55626438185573 94.765066158957779 11.843918450176714 13.371539473533632 70.085351936519146 9.5111005418002605 693.47989528812468 3.1047010365873575 18.422730040736496 68.690073964186013 6.0833526942878953 4.4714322797954074 6.434286216273903 30.669829244725406 1.7954436987638471 58.884775073267519 12.62910260632634 33.471789423376322 24.491436628624797 34.08975488319993 2.1012032665312281 4.8361603114753953 1.1836440637707708 17.383719509467483 28.155406087636948 2.0527669787406913 15.566215074155481 2862.8852604329586 5.0927349999546996 54.87920112349093 0.90642578899860282
leaf_count=751 5720 84 121 7342 64 3598 85 1461 2063 85 50 201 1450 10 5436 83 270 351 1615 43 76 10 932 241 54 1296 15666 76 759 7
internal_value=-0.000126005 0.00153158 0.000412579 -0.0588678 0.00176561 0.00118199 0.0013602 0.00795001 -0.000115556 -0.000742842 -0.000592132 0.00949849 0.0134807 0.0273986 0.0390424 0.00733409 0.00909539 0.0145878 0.0050717 0.0338672 -0.00105524 -0.0118702 -0.000763723 -0.00100845 0.000460959 -0.0573437 -0.000882573 0.00397146 0.00514184 0.0239092
internal_weight=4298.89 4191.34 4096.57 81.9293 4014.64 3935.5 3925.99 718.337 3207.65 3066.19 3060.1 699.914 141.464 79.1445 60.6802 108.693 105.589 92.9594 59.4876 32.771 2991.41 78.518 2912.9 2895.51 61.7681 16.7499 2891.04 18.4643 56.932 34.9962
internal_count=50000 49249 43529 7426 36103 30460 30396 5260 25136 21232 21147 3799 3904 5643 5446 2411 2326 2243 1973 1493 19084 2195 16889 15957 889 1306 15907 197 813 1622
cat_boundaries=0 35 37 38 39
cat_threshold=0 0 0 0 0 0 0 0 0 0 0 0 0 0 0 0 0 0 0 0 0 0 8414720 0 0 0 0 0 0 2 0 0 536870912 8322 132 25088 16777216 40 16
is_linear=0
shrinkage=0.05


Tree=83
num_leaves=31
num_cat=5
split_feature=24 19 1 8 5 13 12 16 4 3 9 4 12 7 7 4 8 10 10 11 3 7 8 13 4 11 0 14 14 14
split_gain=83.6745 97.5982 55.9128 24.9215 15.4419 10.5136 9.109 13.8439 9.82769 6.85016 5.66707 4.81626 5.30969 6.29557 4.67582 6.88818 5.44139 13.0335 7.08379 3.93699 3.79528 7.81113 7.17616 6.73854 3.52412 4.44693 3.51784 9.42368 5.86487 5.12625
threshold=0 1 2 1872.5000000000002 351.00000000000006 144.50000000000003 1.0000000180025095e-35 3 136.00000000000003 54365.500000000007 6038.0000000000009 2603.0000000000005 443.50000000000006 683.00000000000011 1786.5000000000002 129.00000000000003 69.500000000000014 1.0000000180025095e-35 5478.5000000000009 7.5000000000000009 58773.500000000007 31529.500000000004 343.50000000000006 66.500000000000014 444.00000000000006 7.5000000000000009 4 4882.0000000000009 1810.0000000000002 1390.0000000000002
decision_type=9 9 9 8 8 10 8 9 10 10 10 10 8 8 10 8 10 10 8 10 8 8 10 10 8 10 9 10 10 8
left_child=-1 4 -3 6 -2 9 -4 11 10 20 14 12 -8 -14 16 19 17 18 -9 -16 22 -22 -5 26 -17 -26 27 28 29 -23
right_child=1 2 3 5 -6 -7 7 8 -10 -11 -12 -13 13 -15 15 24 -18 -19 -20 -21 21 23 -24 -25 25 -27 -28 -29 -30 -31
leaf_value=0.044844684990447352 -0.060632752100684556 -0.043661845080554901 -0.03243824844551 -0.086690603593550561 -0.1452438320921153 -0.050458951433811731 0.044230659915231216 -0.039411864292106802 -0.030842641296440557 -0.037290623801865708 0.029919098576459604 0.043488310990724782 -0.06880590441716776 0.021874491926376274 0.037426161552390237 -0.056219894341555013 -0.0075507338509825939 0.040045156790585575 0.0059240306801584533 -0.048801377444242788 -0.052520110600832538 0.046117688248479644 0.014260450109014507 -0.050889870348673344 0.026131536101278691 0.0014598445626581103 -0.0007176773596247743 0.0090094831661517421 0.0026580337868856909 -0.052915313328674163
leaf_weight=91.020879896357656 9.8748895693570375 64.231794325634837 11.297944169491529 1.8130916841328133 11.87972729280591 10.789062546100466 6.5379919521510601 10.586551412940025 15.445160454139112 12.978197606280444 32.090440232306719 55.003388365730643 3.3385126292705518 4.4858313798904419 33.230623906478286 2.1095889732241622 76.160434439778328 26.310760833323002 46.297254905104637 1.3786923084408034 7.3740731049329034 1.3982018660753963 60.571157390251756 6.7575063486583522 26.618769191205502 58.192816369235516 3536.4515045788139 25.306584190577269 8.504807095974682 19.970115195028491
leaf_count=5720 244 7149 176 23 89 1283 46 67 169 269 1860 5428 18 28 1765 24 1364 191 345 33 82 20 1113 468 1153 764 19259 295 118 437
internal_value=-0.000123158 -0.00120494 -0.000656127 0.000123614 -0.106837 -0.00117354 0.0118332 0.0130906 0.00785318 -0.00102909 0.0100137 0.0321247 0.0109728 -0.0168173 0.00773958 0.0151267 0.00210588 0.010946 -0.00251336 0.0339912 -0.000900796 -0.00111234 0.0113265 -0.00100699 0.00761542 0.00920324 -0.000913142 -0.0134404 -0.0324585 -0.0464352
internal_weight=4278.01 4186.99 4165.23 4101 21.7546 3691.91 409.085 397.787 328.421 3681.13 312.976 69.3657 14.3623 7.82434 280.885 121.53 159.355 83.1946 56.8838 34.6093 3668.15 3605.76 62.3842 3598.39 86.9212 84.8116 3591.63 55.1797 29.8731 21.3683
internal_count=50000 44280 43947 36798 333 23367 13431 13255 7735 22084 7566 5520 92 46 5706 3739 1967 603 412 1798 21815 20679 1136 20597 1941 1917 20129 870 575 457
cat_boundaries=0 2 3 4 5 6
cat_threshold=25088 16777216 1 8 18 2
is_linear=0
shrinkage=0.05


Tree=84
num_leaves=31
num_cat=3
split_feature=24 6 1 8 4 5 4 13 3 3 10 9 12 5 16 8 3 9 11 12 10 4 3 7 4 11 7 11 11 7
split_gain=79.1683 57.1139 75.2095 25.3657 20.5977 16.5071 13.3498 20.8977 14.7639 11.2284 12.2085 10.5035 4.42121 2.6802 2.61227 2.18935 1.97693 3.0111 1.93637 1.38438 2.8611 8.17523 2.94577 5.68784 11.5989 3.97152 1.40191 1.37334 1.27082 1.19246
threshold=0 3632.0000000000005 1 1159.5000000000002 479.50000000000006 202.00000000000003 84.000000000000014 45.500000000000007 52902.500000000007 51570.500000000007 40.500000000000007 1156.0000000000002 1102.5000000000002 408.00000000000006 2 673.50000000000011 34659.000000000007 1156.0000000000002 38.500000000000007 4.5000000000000009 4.5000000000000009 53725.500000000007 53829.000000000007 247.50000000000003 479.50000000000006 1.0000000180025095e-35 4136.5000000000009 8497.0000000000018 2782.5000000000005 1792.5000000000002
decision_type=9 8 9 8 8 8 8 10 10 8 8 10 8 8 9 10 10 10 10 8 10 8 8 8 8 10 8 8 8 10
left_child=13 16 4 9 -3 -5 15 8 -8 10 27 14 -13 -1 28 -7 -2 -18 -17 -16 22 26 -21 25 -25 -24 -22 -4 -11 -26
right_child=1 2 3 5 -6 6 7 -9 -10 11 -12 12 -14 -15 19 18 17 -19 -20 20 21 -23 23 24 29 -27 -28 -29 -30 -31
leaf_value=0.072371815945575221 -0.10087168442598365 -0.18262763935674098 0.010631132345111077 -0.069027243947846081 -0.050973101190916227 -0.05497869976705793 -0.00078898426387323669 -0.050829465710022975 -0.06928224342644379 -0.014901205713445552 0.0440845097495913 -0.056696838702591484 0.026386290120050788 0.04616317142869187 0.020581529499820107 0.035913537182188336 -0.18463110928786952 -0.10725244248864195 -0.017553082993422463 -0.052130360251893632 -0.0024310832775334239 -0.064798888748428624 -0.026599320225870283 -0.064611048603847018 0.0048556284636566754 0.035780546612762136 0.03827492359593862 -0.030946719500243816 -0.052014791404730101 0.050989772427599445
leaf_weight=11.185469701886177 3.7330648452043516 3.1146389357745639 43.451057764701545 8.92240334674716 64.373880764469504 0.72489945963024993 3712.6443451922387 21.10450697876513 7.8843767419457427 17.429771244525909 52.661996197886765 1.6432018801569939 62.69824287109077 76.265867410227656 10.555479072034357 30.034671245142821 2.7182866409420967 2.3391412459313869 1.7945912592113007 2.1872600503265849 13.229199903085828 5.9309427402913562 2.9136479292064932 6.3910390976816407 67.085029172711074 20.532663993537426 2.5177028365433225 2.0811960939317933 2.6582965329289463 1.4305489724501956
leaf_count=59 16 23 910 64 7344 9 21747 1916 131 151 5297 19 3287 5661 79 1257 28 17 39 34 374 100 79 49 977 126 14 33 84 76
internal_value=-0.000116776 -0.00115368 -0.000887805 3.689e-05 -0.0496868 -0.00109878 -0.000938189 -0.00121556 -0.000934132 0.0136601 0.0276911 0.00731686 0.0242644 0.0444344 0.000183404 0.0309422 -0.128471 -0.148842 0.032899 0.00298396 0.00170828 -0.0147669 0.00526056 0.00653687 -0.000190215 0.0280287 0.00407722 0.00873068 -0.0132277 0.00581887
internal_weight=4262.24 4174.79 4166 4098.51 67.4885 3783.11 3774.19 3741.63 3720.53 315.397 98.1943 217.203 64.3414 87.4513 152.862 32.5542 8.79049 5.05743 31.8293 132.774 122.218 21.6778 100.54 98.3529 74.9066 23.4463 15.7469 45.5323 20.0881 68.5156
internal_count=50000 44280 44219 36852 7367 25163 25099 23794 21878 11689 6240 5449 3306 5720 2143 1305 61 45 1296 1908 1829 488 1341 1307 1102 205 388 943 235 1053
cat_boundaries=0 2 3 4
cat_threshold=25088 16777216 40 32
is_linear=0
shrinkage=0.05


Tree=85
num_leaves=31
num_cat=8
split_feature=30 1 16 18 13 8 10 23 18 12 12 12 8 0 3 6 3 7 11 9 7 4 6 9 11 0 14 14 7 3
split_gain=132.488 54.7347 30.7831 9.37041 10.7667 8.83808 5.82435 24.2825 6.699 5.03103 4.1262 5.46454 4.02897 13.6667 3.97288 7.42767 3.91054 4.98429 2.99753 4.05177 4.8479 2.67982 2.65628 2.83951 2.53096 2.23519 15.3438 2.31523 1.85485 2.92426
threshold=0 1 2 3 488.50000000000006 637.50000000000011 1276.5000000000002 4 5 70.500000000000014 5.5000000000000009 7.5000000000000009 1512.5000000000002 6 22955.500000000004 5069.5000000000009 52791.000000000007 21113.000000000004 9.5000000000000018 1554.5000000000002 3475.5000000000005 56420.000000000007 288.50000000000006 785.50000000000011 16.500000000000004 7 1236.0000000000002 2700.0000000000005 2492.5000000000005 53726.500000000007
decision_type=9 9 9 9 8 10 8 9 9 8 10 8 8 9 10 10 10 10 10 10 10 8 8 8 8 9 10 10 10 8
left_child=-1 -2 6 5 9 -4 8 -8 -3 10 -5 -12 16 -14 22 -16 17 -6 19 25 -21 -22 -9 -24 -18 26 -15 -28 -20 -30
right_child=1 2 3 4 12 -7 7 14 -10 -11 11 -13 13 18 15 -17 24 -19 28 20 21 -23 23 -25 -26 -27 27 -29 29 -31
leaf_value=-0.05654528193042814 -0.043060660480768238 0.019793601811669795 -0.017543987753648856 0.0072617982532976709 0.0064709918895144479 0.028649988836896581 -0.041805098288921622 -0.050583023242888749 -0.021051310812045133 -0.050913937771970369 -0.069148215923599404 -0.0036943133968159545 -0.050655972410768968 -0.047272239120703677 0.040452048143859831 -0.0069286050876610078 -0.0050858692682529049 0.042964155992731533 -0.052566789219823301 -0.055835792642760951 0.019758861326930981 0.075510452065626871 -0.054248145804159653 0.026088666061896637 -0.054750843791563031 -0.00058788435517691771 -0.032786216246898522 0.013634902002477568 -0.0024084174623240258 -0.028327667122869462
leaf_weight=91.522816449403763 58.528162126429379 10.410422191023827 12.583768360316752 699.54479298880324 212.12186383083463 58.4475755142048 5.2697966620326042 1.7261003553867338 9.7630732841789722 3.8324967101216307 3.699460357427597 23.099221136420969 13.825611131731421 18.687779411673546 110.71343916747719 8.9395116027444583 42.067666869610548 9.7884082142263633 2.7417055480182162 1.9919868186116243 21.470152128487829 2.3959497679024926 1.2506651272997231 9.1242751954123378 2.7317990697920314 2727.0621395576745 2.9508425444364539 29.924386911094189 35.498028419911861 15.692704353481529
leaf_count=691 7149 68 77 5116 3857 3094 27 51 140 241 20 233 1177 427 10052 447 413 686 76 24 301 27 24 579 81 13926 16 288 504 188
internal_value=-0.000110937 0.0012649 0.00200136 0.00110658 0.000752083 0.0179406 0.0230215 0.0281789 -0.000596963 0.00622272 0.00652419 -0.01273 -0.000518088 -0.00106395 0.0317418 0.0369121 0.0053604 0.0080807 -0.000824084 -0.000599547 0.0191012 0.0253558 0.00684921 0.0164043 -0.00811436 -0.000782884 -0.011096 0.0094682 -0.0125 -0.0103541
internal_weight=4247.41 4155.88 4097.36 3940.16 3869.13 71.0313 157.197 137.024 20.1735 730.176 726.343 26.7987 3138.95 2872.24 131.754 119.653 266.71 221.91 2858.42 2804.48 25.8581 23.8661 12.101 10.3749 44.7995 2778.63 51.563 32.8752 53.9324 51.1907
internal_count=50000 49309 42160 30772 27601 3171 11388 11180 208 5610 5369 253 21991 16954 11153 10499 5037 4543 15777 15009 352 328 654 603 494 14657 731 304 768 692
cat_boundaries=0 35 36 37 38 39 41 42 43
cat_threshold=0 536870912 0 0 0 0 0 0 0 0 0 0 0 0 0 0 0 0 0 0 0 0 25088 0 0 0 0 0 0 2 0 0 536870912 8192 132 8 16 32768 2228226 0 1048576 1 2
is_linear=0
shrinkage=0.05


Tree=86
num_leaves=31
num_cat=7
split_feature=30 14 16 17 29 13 2 10 6 17 6 8 6 9 9 3 10 7 3 3 3 3 8 8 19 4 9 4 4 12
split_gain=108.359 37.9269 28.8516 22.8951 16.8905 10.9803 12.8688 6.38929 10.0577 6.29922 5.44467 5.78235 3.17806 9.34907 2.55003 13.3625 3.17244 7.53773 7.26659 2.83156 2.52916 3.86355 1.75727 2.10318 6.98217 1.6921 4.5731 4.24081 1.34609 1.19519
threshold=0 21133.000000000004 1 2 3 185.50000000000003 4 41.500000000000007 6743.0000000000009 5 77901.000000000015 517.00000000000011 683.00000000000011 734.50000000000011 486.50000000000006 54365.500000000007 4.5000000000000009 3237.0000000000005 42322.500000000007 60344.000000000007 55990.500000000007 60772.000000000007 717.50000000000011 765.50000000000011 6 444.00000000000006 3048.5000000000005 129.00000000000003 129.00000000000003 85.000000000000014
decision_type=9 8 9 9 9 8 9 8 10 9 8 10 10 8 10 10 10 8 8 10 10 10 10 8 9 8 10 10 8 8
left_child=-1 4 7 -4 -2 -5 -7 29 10 20 11 12 13 -9 19 16 -16 -18 -19 28 -8 -22 -13 -24 -25 27 -27 -20 -11 -3
right_child=1 2 3 5 -6 6 9 8 -10 14 -12 22 -14 -15 15 -17 17 18 25 -21 21 -23 23 24 -26 26 -28 -29 -30 -31
leaf_value=-0.054971223080293563 0.0084203055681305698 0.00062016966563638895 0.022054061763709359 0.0056755052165827135 -0.043068327775799019 -0.03371600711622192 0.046682273300424321 -0.07555059585911944 -0.017425582623904697 0.0069585816722625114 0.041216479600159145 0.038628143666863478 0.020994343926690896 0.021322667112978866 -0.059850358135880133 -0.056697569689989326 -0.057850773630077471 -0.048747915890117961 0.070907536342972977 -0.035441127121521719 -0.037901098161985995 0.040220378934722731 0.050627318211506504 0.029089510901413262 -0.073056864474267555 0.0039457254081847019 -0.033681183690766989 0.0072035193272768404 -0.00079821390354869147 -0.041498593835300426
leaf_weight=78.18116071075201 23.262124724686146 16.812953384593129 113.37753367144614 730.98389336280525 58.556150735355914 20.037118106149137 12.795284433290364 4.4989449651911864 11.35058281291276 57.059033259749413 68.038970901630819 25.401091157458723 7.5418176632374516 5.5791631750762471 2.3933377563953391 12.61060846224427 5.7219594679772845 6.965492106974124 2.762255147099494 5.8584178816527119 2.6643922366201869 3.8981859050691128 3.109755841083822 6.4878268949687481 2.2542356820777059 55.742833882570267 9.4431937970221025 48.184831446036696 2828.3679310623556 1.8718497250229145
leaf_count=642 183 183 6051 4577 7288 2120 240 134 511 467 7186 1942 415 301 20 129 55 69 13 86 46 77 259 404 39 737 116 699 14997 14
internal_value=-0.000123517 0.00103869 0.00171846 0.000854671 -0.0326641 0.000166928 -0.00114223 0.0223346 0.0276072 -0.000815495 0.0317659 0.0200477 -0.00355279 -0.0219223 -0.00103516 -0.00753664 -0.00281191 -0.0017522 0.00085541 -0.000715329 0.0222467 0.00850323 0.0312103 0.0153123 0.00274996 0.00383054 -0.00150511 0.0106574 -0.000644824 -0.0035993
internal_weight=4231.81 4153.63 4071.81 3918.87 81.8183 3805.49 3074.5 152.947 134.262 3054.47 122.912 54.8728 17.6199 10.0781 3035.11 143.825 131.214 128.821 123.099 2891.29 19.3579 6.56258 37.2529 11.8518 8.74206 116.133 65.186 50.9471 2885.43 18.6848
internal_count=50000 49358 41887 30499 7471 24448 19871 11388 11191 17751 10680 3494 850 435 17388 1838 1709 1689 1634 15550 363 123 2644 702 443 1565 853 712 15464 197
cat_boundaries=0 35 36 37 38 39 41 42
cat_threshold=0 0 0 0 0 0 0 0 0 0 0 0 0 0 0 0 0 0 0 0 0 0 8388640 0 0 0 0 0 0 2 0 0 536870912 8194 4 16 256 4 1 2147483649 8 4
is_linear=0
shrinkage=0.05


Tree=87
num_leaves=31
num_cat=6
split_feature=1 17 13 12 2 6 7 9 9 13 8 11 6 19 4 12 10 7 7 9 7 9 7 7 10 19 8 4 5 19
split_gain=46.4563 72.2938 112.055 23.2278 7.87985 3.42719 3.39626 5.92727 7.83342 3.28566 4.30861 2.60023 4.46123 7.11399 2.41415 2.2834 2.03684 2.34318 2.02899 1.99028 5.497 8.74241 2.81795 1.74783 4.77387 6.54003 23.4272 1.74513 7.60988 1.73093
threshold=0 1 13.500000000000002 8.5000000000000018 2 2942.0000000000005 430.00000000000006 785.50000000000011 1450.0000000000002 10.500000000000002 969.50000000000011 5.5000000000000009 35.000000000000007 3 264.00000000000006 15.500000000000002 87.500000000000014 1751.5000000000002 247.50000000000003 23720.500000000004 1666.0000000000002 1014.0000000000001 35679.500000000007 1702.5000000000002 32.500000000000007 4 229.00000000000003 136.00000000000003 202.00000000000003 5
decision_type=9 9 10 8 9 10 10 10 10 8 10 10 8 9 8 8 8 8 8 10 10 10 10 10 8 9 10 10 8 9
left_child=-1 5 3 16 9 11 27 -8 -9 15 -11 12 13 -2 -10 -5 17 18 -3 20 -13 -22 -21 24 -14 26 -26 -6 -29 -7
right_child=1 2 -4 4 6 29 7 8 14 10 -12 19 23 -15 -16 -17 -18 -19 -20 22 21 -23 -24 -25 25 -27 -28 28 -30 -31
leaf_value=-0.042482837483604569 0.050647520312445828 -0.051433333872029009 -0.042158356882282144 -0.0013662593608584443 -0.00048374907553697989 0.050737321762926738 -0.038969110854789768 -0.058196348978405012 -0.039197639430872629 -0.051876982818136144 0.029023032806637497 -0.10814522215580442 0.010537344425136595 -0.11409959249524643 -0.00092740563885119554 -0.055195800765613472 0.0095756553455298848 -0.041144690149870454 0.0080226857023477822 0.050651517691703743 -0.1670442577319097 0.01899195716369477 0.0096951140928787441 0.037358730773859643 -0.22549247196409261 0.045769373617095779 0.023855782769636454 0.0064295394695133351 -0.055764807396199281 -0.00014554015547414595
leaf_weight=53.771715559065342 1.2855377206578851 1.5990683473646647 160.09732808964327 10.841613329946993 2893.5859217075631 1.8744544889777899 14.326692648231981 6.590581562370061 4.2683099433779708 16.52658225689084 1.8278357498347748 0.91169742122292419 28.433094693347812 1.3365177800878882 119.24390576593578 2.4075540006160727 638.12743106484413 3.9621616192162028 13.978677587583661 10.027145140804352 0.64176969230174918 39.479992528446019 7.2266665948554865 87.988734597340226 1.002273984253409 42.8858727440238 15.662757798098026 14.523608669638634 7.436691129580141 15.427543858997524
leaf_count=7149 105 62 3011 85 15626 132 121 58 39 1125 59 14 833 25 1577 29 3116 75 129 798 18 1896 386 6470 6 5062 994 84 155 761
internal_value=-0.000130279 0.000517495 -0.00119023 0.000555987 -0.00125917 0.0258331 -0.000957935 -0.00844524 -0.005084 -0.0228826 -0.0438205 0.0284185 0.0314112 -0.0333276 -0.00224994 -0.0111478 0.00908874 -0.00681276 0.00191948 0.0192487 0.0132575 0.0160162 0.0334971 0.0323758 0.0273926 0.0354403 0.0088594 -0.000590317 -0.0146321 0.00536698
internal_weight=4217.3 4163.53 3909.34 3749.25 3091.58 254.184 3059.98 144.429 130.103 31.6036 18.3544 236.882 178.595 2.62206 123.512 13.2492 657.667 19.5399 15.5777 58.2873 41.0335 40.1218 17.2538 175.973 87.984 59.5509 16.665 2915.55 21.9603 17.302
internal_count=50000 42851 25351 22340 18958 17500 17660 1795 1674 1298 1184 16607 13495 130 1616 114 3382 266 191 3112 1928 1914 1184 13365 6895 6062 1000 15865 239 893
cat_boundaries=0 1 3 4 5 6 7
cat_threshold=8 2147483905 8 1 4 1 4
is_linear=0
shrinkage=0.05


Tree=88
num_leaves=31
num_cat=7
split_feature=17 30 30 30 1 21 7 13 13 13 12 4 5 8 12 3 0 14 14 4 10 6 8 8 8 8 7 3 9 9
split_gain=73.2241 227.066 52.9627 171.543 42.184 19.878 4.92994 9.49386 18.8555 100.973 42.3675 9.6927 11.5779 6.39313 10.375 4.60132 3.1363 13.848 3.43771 3.05715 2.80439 6.29472 4.37601 17.4871 4.29948 4.76256 9.5361 27.8193 16.0941 4.99603
threshold=0 1 2 3 4 5 363.00000000000006 111.50000000000001 28.500000000000004 16.500000000000004 21.500000000000004 105.50000000000001 202.00000000000003 923.50000000000011 962.50000000000011 60370.000000000007 6 2566.0000000000005 1776.0000000000002 8051.0000000000009 87.500000000000014 6067.5000000000009 496.50000000000006 343.50000000000006 604.50000000000011 498.50000000000006 557.00000000000011 50508.000000000007 712.50000000000011 1617.5000000000002
decision_type=9 9 9 9 9 9 10 10 10 10 8 10 8 10 8 8 9 10 8 10 8 10 8 10 10 10 10 10 8 8
left_child=5 -2 -3 -4 -5 -1 7 8 9 10 -6 15 -13 14 -8 -12 17 18 -17 20 24 -22 23 -23 25 26 -7 28 -28 -30
right_child=1 2 3 4 6 19 13 -9 -10 -11 11 12 -14 -15 -16 16 -18 -19 -20 -21 21 22 -24 -25 -26 -27 27 -29 29 -31
leaf_value=-0.034920984138592757 0.074492891586789275 -0.049135895318432987 -0.066046997098315893 -0.042186670472179139 0.01534098461937562 0.031820717162585645 0.0053670398898742703 -0.050448815865894808 -0.053134595867334683 -0.058366687560599623 0.013969639434244778 0.0061122469530596434 -0.053277285128923484 -0.0036822616115967685 -0.049151266099112592 0.021217927716509259 -0.00042418004138117574 0.0079802233732714969 -0.050678680350632832 -0.053063278870283004 0.039476570251543365 -0.21380926900298911 0.031091489423567233 0.013653692150683431 0.0308517540885518 0.03147645037599453 -0.18093845009849174 -0.3258914412697318 0.051732033605610531 -0.023466762787380361
leaf_weight=6.595510764978826 85.18521736562252 53.140865709632635 94.692753503099084 51.567822562996298 480.11905184481293 9.3320705890655535 14.528920862823725 9.3193306238390488 16.564448763616383 71.736604763194919 54.837465617805719 14.513919740915298 18.883051213808358 130.80782770179212 21.851143233478069 1.8216540990397332 2782.4156500948593 31.916538313031197 19.044076182879511 1.1076620817184437 104.71028886642307 1.074171617627141 5.0196397034451374 3.9597980603575706 90.296325380913913 15.273608570918439 1.2811905741691543 0.77390942350030023 3.8340529948472968 5.2102880245074639
leaf_count=77 432 441 964 7149 2235 194 130 1174 516 586 402 84 1062 1769 184 29 14498 398 443 5 10544 6 294 206 5007 792 24 9 120 226
internal_value=-0.000129798 -0.00181094 -0.00367926 -0.00291919 -0.00113947 0.0256562 -0.000449334 -5.00147e-05 8.44936e-05 0.000338155 0.00157548 -0.000685252 -0.0274673 -0.00883857 -0.0273786 -0.000375761 -0.000653225 -0.0127273 -0.0444018 0.0286289 0.0301938 0.0358481 -0.00194297 -0.0348834 0.0250438 0.0103559 -0.00543274 -0.0367543 -0.0150832 0.00841131
internal_weight=4201.41 3952.95 3867.76 3814.62 3719.93 248.469 3668.36 3501.17 3491.85 3475.29 3403.55 2923.43 33.397 167.188 36.3801 2890.04 2835.2 52.7823 20.8657 241.873 240.765 114.764 10.0536 5.03397 126.001 35.7051 20.4315 11.0994 10.3255 9.04434
internal_count=50000 32496 32064 31623 30659 17504 23510 21427 20253 19737 19151 16916 1146 2083 314 15770 15368 870 472 17427 17422 11050 506 212 6372 1365 573 379 370 346
cat_boundaries=0 2 42 77 123 124 126 127
cat_threshold=2155872513 8 0 0 16384 0 0 0 0 0 0 0 0 0 0 0 0 0 0 0 0 0 0 0 0 0 0 0 0 0 0 0 8388608 0 0 0 0 3548381184 2148160069 68 4194304 1152 0 0 0 0 0 0 0 0 0 0 0 0 0 0 0 0 0 0 0 0 0 0 0 0 0 0 0 0 0 0 0 0 536870912 8192 4 0 536870912 0 0 0 0 0 0 0 0 0 0 0 0 0 0 0 0 0 0 0 0 8676912 128 0 0 1073741824 0 0 2 2952790016 0 0 134 131 0 0 0 0 0 0 0 0 0 0 1073741824 8 12288 176 2
is_linear=0
shrinkage=0.05


Tree=89
num_leaves=31
num_cat=6
split_feature=1 30 1 16 18 13 10 4 19 8 6 8 9 3 8 7 8 10 3 7 8 3 4 7 6 5 3 11 11 7
split_gain=42.0512 235.576 46.8914 24.0884 11.1686 6.01718 5.65264 9.63567 5.80469 10.7014 4.8917 4.28494 3.76368 3.25765 7.60798 4.61355 6.32426 4.58014 4.18327 12.4278 5.76368 8.29805 4.32184 2.96416 2.43814 2.35258 2.33014 2.26055 2.10351 1.61976
threshold=0 1 2 3 4 379.50000000000006 52.500000000000007 136.00000000000003 5 881.50000000000011 4341.0000000000009 570.50000000000011 22467.000000000004 52256.500000000007 1443.5000000000002 12621.000000000002 2184.0000000000005 20.500000000000004 43183.000000000007 715.00000000000011 612.50000000000011 50020.500000000007 6118.0000000000009 5070.0000000000009 290.50000000000006 408.00000000000006 56910.000000000007 18.500000000000004 32.000000000000007 1695.5000000000002
decision_type=9 9 9 9 9 8 8 8 9 8 10 10 10 10 10 10 10 8 8 8 10 8 8 10 10 8 8 8 10 10
left_child=-1 -2 5 6 11 -3 7 -4 9 10 23 -5 13 15 25 16 18 -18 19 -6 -20 -22 -23 24 -8 -15 -17 -27 -13 -26
right_child=1 2 3 4 12 -7 8 -9 -10 -11 -12 28 -14 14 -16 26 17 -19 20 -21 21 22 -24 -25 29 27 -28 -29 -30 -31
leaf_value=-0.041885094156518532 0.073062958642266751 -0.0126933924287534 0.022249376001495128 0.0019000400023870213 0.009718750970788486 -0.050491434132954795 -0.0032932507416702176 -0.0534359353966114 0.038245080027348638 -0.10271019418425485 -0.0089479765123826448 0.028980978763186085 0.02724618971156987 0.0209396347756826 -0.069011267047459704 -0.075448459117953268 -0.014613322988619629 -0.087491914685886907 -0.00060921226347011089 -0.068654816965964385 -0.042975501390258998 0.027391256564100571 0.0069578201420644505 0.046641543039535813 0.0050958589956994855 -0.0075807151394544766 0.042055969783445731 -0.05235537153198358 -0.029652172251859579 0.031741951310444147
leaf_weight=49.467410780955106 98.800060540437698 697.72396266972646 12.269720748066904 23.62665356695652 12.262967038899662 10.690499775577335 9.2185211516916734 6.398247677832841 53.334772638976574 1.8385610282421101 12.315433673560618 53.996235605329275 12.242519650608299 6.6979752331972122 5.4397390875965348 0.44464416801929196 5.7852100431919098 3.4364352710545045 2872.3921268200502 8.6092998236417753 6.931651894003152 37.455816842615604 83.715981095097959 13.130677231587468 7.3402148922905317 34.814706621691585 8.2498102858662605 3.0673345681279889 1.5742710903286923 25.574116602540016
leaf_count=7149 504 5478 77 290 107 1164 575 122 6001 31 564 3103 666 56 81 2 80 72 16378 57 63 602 1870 1531 421 275 465 106 44 2066
internal_value=-0.000138975 0.000461432 -0.00149464 0.00100747 7.95881e-05 -0.0130792 0.0204933 -0.00369096 0.0258407 0.0163102 0.0195483 0.0175238 -0.000420733 -0.000531735 -0.013188 -0.000323441 -0.000427783 -0.0417714 -0.000301597 -0.0226084 -0.000146424 0.0102304 0.0132741 0.0258987 0.0194342 -0.00637637 0.0360467 -0.0112061 0.0273199 0.0257996
internal_weight=4178.85 4129.38 4030.58 3322.16 3180.74 708.414 141.42 18.668 122.752 69.4175 67.579 79.1972 3101.55 3089.3 50.0198 3039.28 3030.59 9.22165 3021.37 20.8723 3000.5 128.103 121.172 55.2635 42.1329 44.58 8.69445 37.882 55.5705 32.9143
internal_count=50000 42851 42347 35705 24317 6642 11388 199 11189 5188 5157 3437 20880 20214 518 19696 19229 152 19077 164 18913 2535 2472 4593 3062 437 467 381 3147 2487
cat_boundaries=0 1 41 42 43 45 46
cat_threshold=8 0 0 16384 0 0 0 0 0 0 0 0 0 0 0 0 0 0 0 0 0 0 0 0 0 0 0 0 0 0 0 8388608 0 0 0 0 3552575488 2687400517 68 4194304 1152 2 16 32768 525312 1
is_linear=0
shrinkage=0.05


Tree=90
num_leaves=31
num_cat=5
split_feature=13 2 16 7 12 10 4 6 6 4 13 5 8 10 7 7 8 8 8 13 9 6 7 7 11 28 27 16 4 5
split_gain=44.5535 41.6988 21.2523 11.6822 7.60732 5.44179 8.53322 8.04281 5.52196 5.01642 8.75978 4.5446 5.55821 4.48113 4.32106 3.26914 8.09059 2.89994 2.85372 2.27182 2.13432 1.99412 8.16675 2.206 1.44063 1.33205 1.1687 3.42284 1.90356 5.13211
threshold=16.500000000000004 0 1 16150.500000000002 10.500000000000002 56.500000000000007 416.00000000000006 5542.5000000000009 5069.5000000000009 56143.500000000007 1.5000000000000002 408.00000000000006 1919.5000000000002 25.500000000000004 14460.500000000002 1411.5000000000002 341.50000000000006 1080.5000000000002 450.50000000000006 66.500000000000014 341.50000000000006 430.00000000000006 1197.5000000000002 1847.5000000000002 2490.5000000000005 2 3 4 8051.0000000000009 408.00000000000006
decision_type=10 9 9 10 10 8 8 10 8 8 8 8 10 8 8 10 10 10 10 10 10 10 10 10 10 9 9 9 10 8
left_child=1 -1 5 4 9 6 20 8 21 10 -4 -11 15 -5 -9 25 -17 18 -18 -2 -3 22 -7 -24 -15 -13 -12 -28 -29 -30
right_child=19 2 3 13 -6 7 -8 14 -10 11 26 12 -14 24 -16 16 17 -19 -20 -21 -22 -23 23 -25 -26 -27 27 28 29 -31
leaf_value=-0.041578187394215871 -0.028962899281400951 -0.017358490109597207 -0.080646201274078705 0.044323581153783514 -0.040251132815387378 -0.040643490508555764 -0.053306274539746991 -0.045575278010055432 0.039894508755008717 -0.046887630854230561 0.03570320200796729 0.0081444749355768526 -0.04592237547026478 -0.0057360770764492012 0.015039969147907615 -0.12911995615632244 -0.043081300910290568 0.0038350393596397153 0.025622930511685238 -0.050508711309741473 0.030863949281328462 0.02462609450730872 0.035587700067299319 -0.0625217998254637 0.051912202745124571 -0.00074655510035702964 -0.010164629609378245 0.0043775919511219947 0.040953800511978673 -0.043783867593883662
leaf_weight=47.465495873242617 94.390539382584393 3.0120967812836197 3.0603784024715424 21.012352987192571 11.494334495626388 6.5259394161403206 5.9329737843945614 5.6395646715536687 58.669798071030527 5.2711048517376184 2.9143865890800953 32.864130586385727 6.6958677489310494 7.8075598673895019 6.1424313215538868 1.0498591698706139 1.5876258704811324 59.09597728960216 31.486586889252067 14.056532450020311 9.6324081327766162 31.815073591656983 10.266042567789551 0.60682559758424837 1.2584003601223228 2810.3412391748279 32.698183317668736 830.07175707258284 9.369175061583519 2.2079079505056116
leaf_count=7149 997 19 13 1704 124 244 118 219 7198 214 63 307 78 200 310 17 61 802 1598 1751 63 2432 769 16 41 15216 318 7851 54 54
internal_value=-0.000127548 0.000718106 0.00131937 0.000606035 0.000364487 0.0199021 -0.00383561 0.0252504 0.0295341 0.000486421 0.00379859 -0.000502516 -0.000419441 0.0316469 -0.0139741 -0.000315681 0.00889786 0.0104699 0.022325 -0.0317556 0.0193767 0.0171831 0.00357312 0.0301121 0.00226579 -0.000617766 0.00409318 0.00398782 0.00460371 0.0247932
internal_weight=4164.44 4056 4008.53 3870.29 3840.21 138.243 18.5775 119.666 107.884 3828.71 880.322 2948.39 2943.12 30.0783 11.782 2936.43 93.22 92.1702 33.0742 108.447 12.6445 49.2139 17.3988 10.8729 9.06596 2843.21 877.261 874.347 841.649 11.5771
internal_count=50000 47252 40103 28715 26770 11388 200 11188 10659 26646 8353 18293 18079 1945 529 18001 2478 2461 1659 2748 82 3461 1029 785 241 15523 8340 8277 7959 108
cat_boundaries=0 1 2 5 6 7
cat_threshold=16 16 0 0 4194304 1 32
is_linear=0
shrinkage=0.05


Tree=91
num_leaves=31
num_cat=8
split_feature=30 30 30 21 1 19 3 13 12 11 9 0 4 10 10 4 9 9 4 0 14 14 11 7 7 3 8 7 8 6
split_gain=102.376 93.9132 53.826 38.3996 38.4542 25.6942 13.5967 40.4053 11.3278 8.35108 15.6544 4.99492 3.91054 3.77828 3.19385 12.1875 9.54847 12.4521 3.08709 3.03835 6.93203 8.37791 1.94542 2.95584 1.59835 2.21844 1.51841 7.9444 4.41642 4.3547
threshold=0 1 2 3 4 5 51570.500000000007 23.500000000000004 1023.5000000000001 183.50000000000003 1.0000000180025095e-35 6 57541.500000000007 44.500000000000007 21.500000000000004 8088.5000000000009 67.500000000000014 19992.500000000004 8051.0000000000009 7 3928.0000000000005 3956.0000000000005 33.500000000000007 26730.500000000004 1702.5000000000002 56033.500000000007 949.50000000000011 891.00000000000011 450.50000000000006 558.00000000000011
decision_type=9 9 9 9 9 9 8 10 8 8 10 9 8 8 8 8 10 10 8 9 10 8 8 10 10 10 10 8 10 8
left_child=-1 -2 -3 11 -5 26 9 8 24 -7 -11 -4 -13 -12 16 18 -10 -18 -16 20 21 -17 23 -21 -8 -26 27 29 -29 -6
right_child=1 2 3 4 5 6 7 -9 14 10 13 12 -14 -15 15 19 17 -19 -20 22 -22 -23 -24 -25 25 -27 -28 28 -30 -31
leaf_value=0.076075776498921333 -0.05301083659335161 -0.058988824014669552 0.074043369033757231 -0.041266049263323556 -0.19698751880306442 0.0077521573821909386 0.0071427551846600231 -0.052937655286664921 -0.046026440953597009 -0.081034770691460034 -0.016942534317867713 0.037475635413156773 -0.050722346913843863 0.044201055298781176 -0.044056841545559333 0.00695141834527947 0.0043521463044641304 0.054146279992238866 0.051166271085964991 -0.065337873391581577 0.0058348709143252178 -0.052128488427505518 -0.00029099645018270466 0.020855442099370101 0.018851116130780714 -0.054403089363291128 -0.10699544357272153 -0.05670205931077979 -0.011735337667255426 -0.050626276482756874
leaf_weight=33.615715265274048 74.78839229978621 28.102575182914734 9.8541767150163651 45.557332629337907 1.2842690143734214 103.17527008615434 632.68399742804468 35.219614424742758 8.6751499986276013 2.8198709301650515 2.6904838625341654 55.367988292593509 1.2859718953259278 41.471911600325257 19.044057907536629 9.395915072411297 199.30171060655266 13.399374647997318 0.89096792042255302 2.7324733082205057 25.708135555498302 16.60571259260178 2759.4643692653626 1.5639632958918808 1.7814796660095442 2.4616753710433841 1.0894655156880606 13.078258560039105 9.374491658061741 0.84102701768279731
leaf_count=183 654 130 55 7149 8 2151 3285 2194 90 33 51 4988 134 5375 1203 104 5128 1086 40 39 342 424 14210 74 25 47 14 257 481 46
internal_value=-0.000126904 -0.0009311 0.000160184 0.000719466 3.98451e-05 0.000625948 0.000957478 0.000363455 0.000871682 0.0157091 0.033183 0.0358048 0.0354737 0.040476 -0.000392251 -0.00084385 0.00539186 0.00748899 -0.039801 -0.000568013 -0.0125762 -0.0307794 -0.000343341 -0.0339623 0.00693763 -0.0236475 -0.0492338 -0.0466734 -0.0379275 -0.139069
internal_weight=4153.33 4119.71 4044.92 4016.82 3950.31 3904.75 3879.09 3728.93 3693.71 150.158 46.9823 66.5081 56.654 44.1624 3056.78 2835.41 221.376 212.701 19.935 2815.47 51.7098 26.0016 2763.76 4.29644 636.927 4.24316 25.6675 24.578 22.4528 2.1253
internal_count=50000 49817 49163 49033 43856 36707 35901 28291 26097 7610 5459 5177 5122 5426 22740 16436 6304 6214 1243 15193 870 528 14323 113 3357 72 806 792 738 54
cat_boundaries=0 38 73 108 109 110 111 112 113
cat_threshold=0 0 16384 0 0 0 0 0 0 0 0 0 0 0 0 0 0 0 0 0 0 0 0 0 0 0 0 0 0 0 8388608 0 0 0 0 1124073472 16384 64 0 0 0 0 0 0 0 0 0 0 0 0 0 0 0 0 0 0 0 0 0 0 8704 0 0 0 0 0 0 2 0 0 536870912 8320 4 0 536870912 0 0 0 0 0 0 0 0 0 0 0 0 0 0 0 0 0 0 0 0 8668208 0 0 0 0 0 0 0 0 0 0 0 128 1077330432 8 1 4 2
is_linear=0
shrinkage=0.05


Tree=92
num_leaves=31
num_cat=5
split_feature=30 13 1 23 0 3 4 23 9 3 11 7 10 10 11 8 11 10 11 6 9 3 11 10 10 10 10 8 4 8
split_gain=255.012 54.6707 36.2395 25.6549 34.8325 15.7935 9.11339 8.63414 8.58079 7.96902 7.79589 7.69227 11.4352 7.20136 5.07611 4.65305 4.65071 3.07748 2.93666 2.74166 4.40471 2.52322 2.96134 5.80622 7.67404 6.48891 5.69625 11.8628 3.15113 4.65147
threshold=0 31.500000000000004 1 2 3 54347.000000000007 416.00000000000006 4 13193.500000000002 53171.500000000007 29.500000000000004 40503.000000000007 5731.0000000000009 51.000000000000007 30.500000000000004 671.50000000000011 10.500000000000002 51.000000000000007 38.500000000000007 294.50000000000006 734.50000000000011 56448.500000000007 10.500000000000002 1.5000000000000002 2.5000000000000004 4.5000000000000009 6.5000000000000009 572.50000000000011 49156.000000000007 736.50000000000011
decision_type=9 8 9 9 9 8 10 9 10 10 8 8 8 8 8 10 10 10 8 8 8 8 8 10 10 10 10 10 8 10
left_child=-1 -2 -3 -4 7 9 8 19 16 11 -10 12 18 -8 15 -11 21 -13 -6 -5 -21 -7 23 -23 -25 28 -27 -28 29 -26
right_child=1 2 3 4 5 6 13 -9 10 14 -12 17 -14 -15 -16 -17 -18 -19 -20 20 -22 22 -24 24 25 26 27 -29 -30 -31
leaf_value=-0.063431759990190156 0.0159083055416969 -0.040948786812056916 0.032672478467308579 0.050812881188442405 0.0084804796723090079 -0.019351527870744949 -0.075505020574477624 -0.04460606173879085 0.047159350894999251 -0.048816659510015244 -0.025924575493412472 -0.028953000134944243 0.038272240555206151 0.0094499205840506226 0.07464041304544948 0.03979846403869134 -0.033258532063609215 0.039689426416591109 -0.032461438698899669 -0.082378784509057751 0.012537750939390489 0.028507096541961475 -0.00053994759545084644 -0.042227134319175241 -0.080608192159847381 0.021911790615729988 -0.074873459872578915 -0.0018655442422793218 0.028142553831771683 0.050741172231012877
leaf_weight=143.24007941782475 622.73012097645551 43.738394260406494 50.616974565666169 3.4604808827862144 106.13255646359175 17.226196642965078 7.1374587835744023 43.592067196965218 16.833672396838665 1.9029906019568423 4.6587344510480788 14.44243686553091 39.010288612451404 3.834620767273007 8.5164548577740806 6.6860700035467744 10.722604390233753 1.8410111181437958 4.5683579295873633 1.4204204082488985 8.7625975934788585 25.103732205927372 2814.2515506064519 9.0175660364329797 1.6575782299041741 20.497188404202461 6.0655729230493298 67.287070073187351 32.489615469239652 1.1359241921454666
leaf_count=1044 3326 7149 4569 233 2339 391 112 3527 1323 21 91 406 5142 131 88 304 125 54 85 6 537 168 14993 76 22 1011 109 993 1546 79
internal_value=-0.000131313 0.00229115 -0.000216373 0.000440502 -0.000155015 0.000531545 -0.000328001 -0.0388193 -0.000163123 0.0147928 0.0313175 0.0114443 0.014994 -0.0458142 0.0472871 0.0201649 -0.000388245 -0.0211923 0.00679091 0.00713464 -0.000702075 -0.000270554 -0.000160162 0.00638676 0.00236721 0.00548131 -0.00139102 -0.00790261 0.0237611 -0.0271975
internal_weight=4138.58 3995.34 3372.61 3328.87 3278.25 3221.02 3037.92 57.2356 3026.95 183.1 21.4924 165.995 149.711 10.9721 17.1055 8.58906 3005.45 16.2834 110.701 13.6435 10.183 2994.73 2977.51 163.254 138.151 129.133 93.8498 73.3526 35.2831 2.7935
internal_count=50000 48956 45630 38481 33912 29609 21170 4303 20927 8439 1414 8026 7566 243 413 325 19513 460 2424 776 543 19388 18997 4004 3836 3760 2113 1102 1647 101
cat_boundaries=0 35 36 37 38 39
cat_threshold=0 536870912 0 0 0 0 0 0 0 0 0 0 0 0 0 0 0 0 0 0 0 0 9201200 128 2147483648 0 1073741824 0 0 2 2952790016 0 536870912 8326 391 8 303112 1 1572864
is_linear=0
shrinkage=0.05


Tree=93
num_leaves=31
num_cat=9
split_feature=24 1 16 4 17 18 18 8 8 4 8 6 8 8 3 10 12 13 3 0 3 29 3 8 10 12 9 11 19 5
split_gain=47.5557 73.1406 12.1649 11.4543 9.22383 7.28731 6.24897 12.0722 5.09376 4.69592 4.23516 2.69284 2.46629 14.2258 7.86473 3.08105 4.47185 22.8657 4.22933 2.94169 18.6988 10.6633 4.92774 2.48278 2.35937 2.14181 12.6826 2.07277 3.07002 1.62467
threshold=0 1 2 444.00000000000006 3 4 5 702.50000000000011 392.50000000000006 264.00000000000006 646.50000000000011 294.50000000000006 750.50000000000011 325.50000000000006 56278.000000000007 5.5000000000000009 1.0000000180025095e-35 28.500000000000004 42330.000000000007 6 49596.500000000007 7 9114.0000000000018 1151.0000000000002 41.500000000000007 12.500000000000002 489.50000000000006 6.5000000000000009 8 408.00000000000006
decision_type=9 9 9 8 9 9 9 10 8 8 10 8 8 10 10 8 10 10 8 9 8 9 10 10 10 8 10 8 9 8
left_child=29 3 4 8 -3 -6 7 27 -2 24 -10 -5 13 25 15 -14 17 18 -17 21 -21 -20 -22 -24 -9 -8 -27 -4 -29 -1
right_child=1 2 6 11 5 -7 12 9 10 -11 -12 -13 14 -15 -16 16 -18 -19 19 20 22 -23 23 -25 -26 26 -28 28 -30 -31
leaf_value=0.072703697070656756 -0.15267824336181735 0.035121489263650607 -0.0044341903638680799 0.018306013101023668 0.017079608323666336 -0.025504984224847232 -0.05180427358180123 0.031978063375170548 -0.061717891528149521 -0.085448864352746345 -0.14544472368234815 -0.0519289823854448 0.03343172531373563 0.028080019657836037 -0.047731778531183912 -0.037723045918013377 -0.014573399894647366 -0.051831707869943178 0.0076563030162329505 -0.070656041532005623 -9.2212253480757194e-05 -0.033503850218769227 -0.016202118443076455 0.020383490599080928 -0.032316439239733562 0.00041885593437514289 -0.081558682483003089 -0.001132055797069094 -0.063543098316880306 0.044310800219909144
leaf_weight=5.5376303941011429 3.7844263259321425 36.218658117577434 11.783491963520644 1.4072205349802971 10.604446329176426 11.383346815593541 2.2837909841910005 48.956424452364445 6.1053379941731691 0.89482294581830402 2.0068099871277809 45.1875518290326 6.569113434292376 48.783847059123218 8.9407898597419244 7.5391850285232058 58.347874145954847 21.666782184503973 32.660705253481865 9.3559639602899534 3493.0377479540184 18.236452178098261 5.2230017352849236 41.347316334955394 1.4697213433682907 115.60468733683228 4.9187652915716162 3.399562306702137 4.687098706141116 55.878509681206197
leaf_count=27 37 5421 262 51 68 154 84 3041 130 10 38 7349 317 2406 121 91 651 1863 307 101 19609 563 54 691 34 886 84 23 45 5482
internal_value=-0.000141055 -0.000849698 2.66469e-05 -0.0520835 0.0209629 -0.00604812 -0.000334414 0.0133961 -0.104777 0.0280894 -0.0824305 -0.0498078 -0.000620537 0.005238 -0.000893694 -0.000780329 -0.000841277 -0.000620493 -0.000312908 -0.00023456 -6.33924e-05 -0.0121698 0.0001232 0.0162803 0.0301041 -0.00383574 -0.00292679 -0.0178122 -0.037306 0.0403078
internal_weight=4123.82 4062.4 4003.91 58.4913 58.2065 21.9878 3945.71 71.1911 11.8966 51.321 8.11215 46.5948 3874.52 171.591 3702.92 3693.98 3687.42 3629.07 3607.4 3599.86 3548.96 50.8972 3539.61 46.5703 50.4261 122.807 120.523 19.8702 8.08666 61.4161
internal_count=50000 44491 36886 7605 5643 222 31243 3415 205 3085 168 7400 27828 3460 24368 24247 23930 23279 21416 21325 20455 870 20354 745 3075 1054 970 330 68 5509
cat_boundaries=0 2 3 4 5 7 9 10 11 12
cat_threshold=0 16777216 40 16 2147483648 0 1048576 32768 525312 2 4 4
is_linear=0
shrinkage=0.05


Tree=94
num_leaves=31
num_cat=7
split_feature=24 6 17 14 0 3 9 3 8 3 13 0 14 14 11 7 13 4 8 11 11 11 8 3 17 3 3 7 19 16
split_gain=44.5542 29.4428 33.9561 30.5868 26.3373 10.2125 6.71598 6.34932 8.4799 6.16603 7.73195 5.09446 4.98692 6.11011 4.68253 3.9109 15.2833 8.87366 5.71361 5.45547 6.22215 12.5672 3.26845 2.95421 2.7161 11.5161 4.0309 3.80843 2.53905 2.2669
threshold=0 9366.5000000000018 1 2830.0000000000005 2 43002.500000000007 3940982.0000000005 35597.500000000007 356.50000000000006 62190.500000000007 123.50000000000001 3 3818.0000000000005 352.00000000000006 1638.5000000000002 3952.5000000000005 29.500000000000004 129.00000000000003 633.50000000000011 29.500000000000004 2.5000000000000004 1.5000000000000002 698.50000000000011 52146.500000000007 4 49596.500000000007 59959.000000000007 4874.5000000000009 5 6
decision_type=9 8 9 8 9 8 8 10 10 10 10 9 10 10 8 8 10 8 10 8 10 10 10 10 9 8 8 10 9 9
left_child=-1 28 4 -4 6 7 14 -5 -9 10 11 12 13 -7 22 17 24 29 19 20 21 -19 23 -3 25 -17 -27 -26 -2 -13
right_child=1 2 3 5 -6 9 -8 8 -10 -11 -12 15 -14 -15 -16 16 -18 18 -20 -21 -22 -23 -24 -25 27 26 -28 -29 -30 -31
leaf_value=0.0397418545168901 -0.088542814258914138 0.017539307377994029 -0.046398178127553702 -0.059028692697203046 -0.12921922624666252 -0.051952757001819477 0.0049923290895718623 0.037185068952581439 -0.046896452437555074 -0.057215695781416581 -0.050316589565754216 -0.0069277392022595863 -0.0026801795231416511 0.0028942682426073845 0.042376611725027449 -0.060135615679012412 -0.052125728268989618 0.029392931560172739 -0.053937583031630987 -0.057225852619986355 -0.056019006415905709 -0.076738511330154649 0.029132567941307627 -0.015962376473627974 -0.00028124646627145187 0.025692428874821954 0.0040628392288538278 -0.029649944098531913 -0.028123885858944892 0.010939923843215604
leaf_weight=58.885336218867451 10.155733923427761 41.675167947076261 37.816988304723054 12.177260429598393 2.9224086645990601 15.337921023368837 45.084991496056318 5.5997531637549383 6.4557329872623086 4.8716560024768105 7.9078899049200109 25.408368932083249 29.377984797116369 7.5910342442803076 37.222362672910094 5.7173485383391371 14.19260845473036 14.788333710283046 13.858738383278249 6.0118756834417608 4.544461101293563 3.4376549124717704 68.133425386622548 7.8141555711626998 3496.0967865502462 36.939606044441462 51.668680168688297 11.073628571815787 2.09809438884258 27.402992933988571
leaf_count=5509 152 2182 6239 102 52 424 364 48 70 91 1399 255 868 488 5441 43 680 93 166 83 50 17 4042 171 19291 622 677 156 54 171
internal_value=-0.00013386 -0.000809202 -0.00057654 -0.001649 0.0188672 -0.00120805 0.0219755 -0.0335633 -0.00784073 -0.00100042 -0.000927809 -0.000824031 -0.0163193 -0.0337947 0.0269203 -0.000605631 -0.000341906 -0.0105954 -0.0275614 -0.0148612 -0.003676 0.00937518 0.0220291 0.0122495 -0.000137838 0.00781374 0.0130799 -0.000372913 -0.0781979 0.00310323
internal_weight=4112.27 4053.38 4041.13 3838.28 202.853 3800.46 199.93 24.2327 12.0555 3776.23 3771.36 3763.45 52.3069 22.929 154.845 3711.14 3615.69 95.4524 42.6411 28.7823 22.7704 18.226 117.623 49.4893 3601.5 94.3256 88.6083 3507.17 12.2538 52.8114
internal_count=50000 44491 44285 32033 12252 25794 12200 220 118 25574 25483 24084 1780 912 11836 22304 21469 835 409 243 160 110 6395 2353 20789 1342 1299 19447 206 426
cat_boundaries=0 2 4 5 6 8 9 10
cat_threshold=0 16777216 2147483907 6291464 4 2 0 1048576 1 32
is_linear=0
shrinkage=0.05


Tree=95
num_leaves=31
num_cat=3
split_feature=13 13 1 3 18 7 9 8 9 11 4 7 11 7 4 8 9 6 19 6 8 4 7 3 7 8 5 4 10 12
split_gain=208.912 138.147 31.3647 17.2189 8.45702 7.57171 13.4578 6.78804 11.392 8.47745 4.46957 4.88274 3.84722 3.24083 3.1492 12.7762 6.8802 3.18848 2.92604 3.42148 2.86262 9.47125 2.47526 3.48512 4.63442 2.04723 2.02343 2.22771 7.35667 3.71638
threshold=7.5000000000000009 2694.5000000000005 0 54270.500000000007 1 1292.5000000000002 341.50000000000006 325.50000000000006 9829.5000000000018 4.5000000000000009 74.000000000000014 1656230.0000000002 318.50000000000006 23976.500000000004 136.00000000000003 401.00000000000006 14055.000000000002 726.50000000000011 2 778.50000000000011 661.50000000000011 84.000000000000014 19770.500000000004 52902.500000000007 2835.5000000000005 1407.5000000000002 205.00000000000003 136.00000000000003 1035.0000000000002 129.00000000000003
decision_type=10 8 9 8 9 10 10 10 10 10 10 8 8 8 10 10 8 8 9 8 10 10 10 10 10 10 8 10 8 8
left_child=1 -1 -3 4 -4 6 10 8 -7 14 -5 -12 13 -6 15 16 -9 -16 -14 -20 -11 22 23 24 -22 -17 -21 29 -29 -28
right_child=-2 2 3 5 12 7 -8 9 -10 20 11 -13 18 -15 17 25 -18 -19 19 26 21 -23 -24 -25 -26 -27 27 28 -30 -31
leaf_value=0.030970279878173121 -0.035772670280807238 -0.039882211462298221 -0.023463537740753437 -0.00041314159341995142 0.0079395103640386364 -0.13241615171751595 -0.039529140046316809 -0.21608983776026239 0.063803745810336418 0.030766542332269116 0.0047023820763804867 -0.041474300645048194 0.014669727601593879 0.04107505700856541 0.051083062009850612 0.036577173817041231 -0.0079152343098264095 -0.070038873424371248 -0.030857352619074088 -0.0037849877417985185 -0.054557228930224758 -0.071888231225340535 0.025377827862987312 0.020090705835991495 -0.00037114580957680167 -0.026012844637834289 0.08735790995967907 -0.049393889391605161 0.037885638424261292 0.020122271956333149
leaf_weight=406.32093968614936 373.49863914283924 38.382023693528026 7.2199245393276215 2847.9703780589625 100.72789948433638 2.0645980341359969 22.365045896265656 0.77285897824913141 1.152677599340677 9.021239326335488 9.7982443179935235 13.77020893525332 45.098622594960034 7.9624917497858396 0.83009712398052216 47.968644146807492 0.81592417974025022 1.572914615273475 2.0796555206179619 3.2201168164610863 4.1894527189433566 4.2304029827937475 12.420118703506885 19.955708186142147 67.911770923063159 1.3430393869057287 5.105666670948267 2.5854001007974148 36.48815935337916 3.4399435506202263
leaf_count=2226 4198 7149 161 15368 2219 33 580 30 52 572 308 938 2888 428 40 3706 35 36 121 23 46 47 883 1170 1059 52 36 50 5404 142
internal_value=-0.000122003 0.00345091 8.33993e-05 0.000670247 0.0143875 -0.000284008 -0.000893506 0.00983842 -0.062115 0.0111919 -0.000592592 -0.022277 0.0160674 0.010367 0.0277354 0.0303761 -0.109181 -0.0281985 0.0240277 0.0320028 0.00370161 0.00145559 0.00442537 0.00159851 -0.00351964 0.0348725 0.0345742 0.0371681 0.0321106 0.0602929
internal_weight=4100.28 3726.78 3320.46 3282.08 213.928 3068.15 2893.9 174.249 3.21728 171.032 2871.54 23.5685 206.708 108.69 53.3035 50.9005 1.58878 2.40301 98.0176 52.9189 117.729 108.707 104.477 92.0569 72.1012 49.3117 50.8393 47.6192 39.0736 8.54561
internal_count=50000 45802 43576 36427 11472 24955 17194 7761 85 7676 16614 1246 11311 2647 3899 3823 65 76 8664 5776 3777 3205 3158 2275 1105 3758 5655 5632 5454 178
cat_boundaries=0 1 3 4
cat_threshold=8 1359479328 33280 1
is_linear=0
shrinkage=0.05


Tree=96
num_leaves=31
num_cat=5
split_feature=30 13 1 21 5 3 9 3 10 1 3 0 12 3 4 8 8 10 7 11 7 12 7 7 10 8 12 11 6 10
split_gain=275.869 53.0492 29.715 19.9388 12.8419 8.98764 9.79936 8.29299 8.148 7.83104 6.50596 4.80402 4.63113 3.56573 11.1373 3.08257 2.94931 2.77272 5.63714 2.66696 2.64905 5.64374 2.20591 2.13488 4.03007 3.43861 1.9668 10.1229 1.95933 1.95537
threshold=0 119.50000000000001 1 2 205.00000000000003 52316.500000000007 17597.500000000004 33401.000000000007 24.500000000000004 3 58702.500000000007 4 340.50000000000006 50751.000000000007 105.50000000000001 685.50000000000011 600.50000000000011 16.500000000000004 5624.0000000000009 1.5000000000000002 20319.500000000004 1.0000000180025095e-35 247.50000000000003 1840.5000000000002 3.5000000000000004 698.50000000000011 221.50000000000003 3.5000000000000004 615.00000000000011 31.500000000000004
decision_type=9 8 9 9 8 8 10 10 8 9 8 9 8 10 10 8 10 10 10 8 8 10 10 10 8 10 8 10 8 8
left_child=-1 12 -3 11 -5 7 9 22 -9 -7 16 -4 -2 17 19 -10 26 -12 -19 -15 21 23 -6 24 -21 -25 -11 29 -13 -28
right_child=1 2 3 4 5 6 -8 8 15 10 13 28 -14 14 -16 -17 -18 18 -20 20 -22 -23 -24 25 -26 -27 27 -29 -30 -31
leaf_value=-0.064768876209175402 0.016202505704158991 -0.039544793199923642 0.07102151567140863 -0.05703072175722762 -0.047699228016538725 -0.029203900021399554 0.032156789534227286 0.0083910251171119415 0.039540773485790492 -0.0057813872048376328 -0.00020432228583560724 0.050634126084307896 -0.050896364016777745 0.052282581066856931 -0.045724130516664921 -0.0029505632757800427 -0.0027461338992521103 0.04107979950257501 -0.060032738634129813 -0.058925319958885808 0.076921085776183465 0.090698693716096415 -0.0070788922852657839 -0.038783284539549587 0.0091681037724538911 0.03245756233077788 -0.013651511125044728 -0.11741827799289402 0.02253335963866266 -0.047315262700176108
leaf_weight=148.65850648889318 616.07502402411774 36.897055967710912 9.2462539002299309 9.8235277128405869 3.852154900319877 13.789312422741205 22.966416257899255 89.306034879758954 38.471264522057027 9.4062999840825778 2924.3619719073176 8.4697452508844417 2.5823390563018611 7.3178159110248089 6.5155632458627215 4.8009232366457573 23.214717928785831 1.9074901845306147 4.9700165446847677 2.9272216493263841 1.810866555199026 2.2208887077867976 25.2506631501019 2.0064091733656815 8.4323301650583833 10.871605689637361 18.67664723098278 3.0966999419033518 23.179602294228975 5.6091534858569565
leaf_count=1453 3676 7149 55 168 64 1998 1819 1828 5849 115 17908 865 158 67 178 230 1077 27 51 39 13 10 1137 142 386 711 169 27 2405 226
internal_value=-0.000124597 0.00247386 -2.51818e-05 0.000537872 5.01569e-05 0.000223819 -0.000381278 0.0117138 0.0170193 -0.000626519 -0.000399017 0.0315912 0.0159224 -7.13822e-05 0.0143761 0.0348265 -0.0167008 -0.000278898 -0.031989 0.0253797 0.0184156 0.0144114 -0.0124555 0.00742119 -0.00837876 0.0213582 -0.0255065 -0.0322824 0.0300535 -0.0214266
internal_weight=4086.71 3938.06 3319.4 3282.5 3241.61 3231.78 3070.1 161.681 132.578 3047.14 3033.35 40.8956 618.657 2973.34 42.1027 43.2722 60.0035 2931.24 6.87751 35.5871 28.2693 26.4585 29.1028 24.2376 11.3596 12.878 36.7888 27.3825 31.6493 24.2858
internal_count=50000 48547 44713 37564 34239 34071 24963 9108 7907 23144 21146 3325 3834 19532 1546 6079 1614 17986 78 1368 1301 1288 1201 1278 425 853 537 422 3270 395
cat_boundaries=0 46 47 48 49 50
cat_threshold=524288 536870912 0 0 0 0 0 0 0 0 0 0 0 0 0 0 0 0 0 0 0 1048576 13395504 128 256 0 1073741824 2147483648 0 2 805306368 0 536870912 8326 391 0 0 0 0 0 0 0 0 0 0 1073741824 8 1074806784 2 4
is_linear=0
shrinkage=0.05


Tree=97
num_leaves=31
num_cat=5
split_feature=24 19 2 3 7 8 11 13 5 10 8 11 9 6 10 6 7 14 8 0 8 8 11 14 14 14 8 4 0 10
split_gain=39.8197 42.5586 27.7386 6.93916 6.90076 6.59444 6.13392 14.7685 6.02295 5.14689 5.30966 4.89293 3.479 3.23031 2.78842 2.04033 1.52321 1.45889 1.85274 8.76203 5.11291 18.1652 6.56617 4.84289 3.82314 2.02434 1.65672 1.39877 1.24416 1.21595
threshold=0 1 2 61979.500000000007 13863.000000000002 325.50000000000006 10.500000000000002 40.500000000000007 205.00000000000003 18.500000000000004 736.50000000000011 16.500000000000004 19913.000000000004 291.50000000000006 24.500000000000004 647.50000000000011 6761.5000000000009 10740.500000000002 608.50000000000011 3 67.000000000000014 563.50000000000011 9002.5000000000018 2886.0000000000005 3826.0000000000005 118.00000000000001 1151.0000000000002 60.000000000000007 4 46.000000000000007
decision_type=9 9 9 8 10 8 10 10 10 8 8 10 10 8 10 10 10 10 10 9 10 10 8 10 10 10 10 10 9 10
left_child=28 5 -3 9 6 -2 7 17 15 12 13 -8 -4 -11 -6 -7 -17 18 19 23 22 27 -21 25 -25 -5 -20 -22 -1 -16
right_child=1 2 3 4 14 8 11 -9 -10 10 -12 -13 -14 -15 29 16 -18 -19 26 20 21 -23 -24 24 -26 -27 -28 -29 -30 -31
leaf_value=0.069374991410454862 -0.14023633996636672 -0.039203113936475943 0.0031519437094813282 -0.051852752674090487 0.046761210857670328 -0.05459842548651378 -0.08611360491014021 -0.050655433866972292 0.050353850732220255 -0.093173494143948751 0.0017401057628192548 -0.011229206517657471 0.050486721262397553 0.035201334930877452 -0.041976257976044228 -0.071631233089764129 -0.12466415392122672 0.013108882788659709 0.017938179864435511 0.03597372526571882 -0.042968731890826554 0.050948235657191414 -0.00025907249302293899 0.031094967560894499 -0.028701483548652457 -0.01102126808086561 0.0024698015544936565 -0.00014273900927901651 0.04345336787851848 0.016139042918824269
leaf_weight=5.1057395190000534 2.8742113020271089 35.480804334394634 170.80071930587292 14.608617305755621 10.834866282530127 12.372578132897621 3.681000982411204 14.613336861599235 1.1805364992469538 0.49699875712394714 21.134750827215612 5.3542992835864425 3.9720836356282225 34.958170474041253 1.2548821959644545 3.8585860617458811 2.0859073996543884 20.200145453214645 24.452467770315707 12.548636056482792 23.617968547157947 7.0787804359570137 3513.915563210845 4.9561216523870808 5.8027505166828632 3.8316984698176375 59.2626095963642 2.0740966508164993 49.581937245093286 3.1833248045295477
leaf_count=27 15 7149 3707 424 1015 374 30 1961 12 2 696 78 421 5384 51 50 16 245 1288 88 543 429 19359 46 101 54 856 43 5482 54
internal_value=-0.000136854 -0.000760805 -0.000377887 6.85072e-05 -0.000452334 -0.069533 -0.000590187 -0.000489896 -0.0591104 0.00847127 0.0215771 -0.0417373 0.00422773 0.0334018 0.0330878 -0.0661654 -0.0902403 -0.000291354 -0.000365067 -0.000536608 -0.000312825 -0.0199714 -0.000130141 -0.0278146 -0.00115599 -0.0433684 0.00698798 -0.0395114 0.0387819 -0.000292786
internal_weight=4075.17 4020.49 3998.11 3962.63 3731.27 22.3718 3716 3706.96 19.4976 231.363 56.5899 9.0353 174.773 35.4552 15.2731 18.3171 5.94449 3692.35 3672.15 3588.43 3559.24 32.7708 3526.46 29.1992 10.7589 18.4403 83.7151 25.6921 54.6877 4.43821
internal_count=50000 44491 44024 36875 26665 467 25545 25437 452 10210 6082 108 4128 5386 1120 440 66 23476 23231 21087 20462 1015 19447 625 147 478 2144 586 5509 105
cat_boundaries=0 2 3 4 5 6
cat_threshold=0 16777216 1 16 2 4
is_linear=0
shrinkage=0.05


Tree=98
num_leaves=31
num_cat=5
split_feature=17 14 23 24 10 10 10 9 8 0 14 14 3 8 3 3 4 9 11 13 19 10 4 11 4 8 3 5 8 4
split_gain=40.6066 29.9067 16.1093 13.1941 5.48033 5.05298 4.57629 3.15808 2.98356 2.47611 6.08001 13.7705 2.58809 8.05068 2.93602 13.6392 7.68226 4.06487 16.5386 12.2351 2.04849 2.20956 1.88911 1.87248 4.28898 1.61711 1.47369 1.34829 1.0974 0.994915
threshold=0 3378.0000000000005 1 2 1.0000000180025095e-35 5279.0000000000009 14.500000000000002 1121.5000000000002 2676.0000000000005 3 4940.0000000000009 3810.0000000000005 43183.000000000007 796.50000000000011 56033.500000000007 57642.000000000007 84.000000000000014 1912.0000000000002 1.5000000000000002 49.500000000000007 4 40.500000000000007 416.00000000000006 50.500000000000007 84.000000000000014 655.50000000000011 50829.000000000007 202.00000000000003 1443.5000000000002 50212.500000000007
decision_type=9 8 9 9 8 8 10 10 10 9 10 8 8 10 8 8 8 8 8 10 9 8 10 8 8 10 8 8 10 8
left_child=2 -2 -1 -4 -3 7 9 -5 -9 10 11 -6 13 -11 20 -16 -17 18 -18 -19 -14 -22 -20 24 -8 -24 -25 -23 -7 -10
right_child=1 4 3 5 6 28 23 8 29 12 -12 -13 14 -15 15 16 17 19 22 -21 21 27 25 26 -26 -27 -28 -29 -30 -31
leaf_value=-0.034724393517417809 -0.047007807921353284 -0.037604539229003281 -0.033144397796168144 0.0083784497937119881 0.048022041490796058 0.038378493550079835 0.022389071127007464 0.030355760368573959 0.013066451812073415 0.0012750897182704623 0.0049250723596001855 -0.050570195270329243 0.048123469993986388 -0.056130506598979502 -0.047242154106470563 0.03358676523900439 0.020768177996814716 -0.00024426549707442922 -0.060402416725835996 -0.050491350139973246 0.0097859716138159972 0.0031161363439747825 -0.054656635100453238 0.042862259889416242 -0.058844042312981321 0.040644497112830857 -0.017820700994194787 -0.049938440958797188 -0.0018233310072241931 -0.021131977418094389
leaf_weight=5.195474773645401 35.462396708782762 10.13121086359024 3.267772912979126 33.435827651061118 4.4173779487609863 81.258921773638576 2.0719143077731106 67.912560966331512 5.3894530702382299 21.2998845204711 24.908976394683123 17.864865683950487 3.2416183091700077 8.5628022365272027 15.614411557093261 16.540211344137788 13.85716559179127 3574.5033561559394 13.907637657132002 12.156223756726829 69.575777633115649 2.2402308285236359 0.86686114221811184 1.2113617267459655 7.5315208761021504 0.91494228877127171 5.7473703064024448 2.5727702714502803 1.7337341797538091 3.5130053386092195
leaf_count=25 6542 68 15 1220 179 10939 13 4979 151 167 416 882 19 60 187 154 90 20230 261 1886 939 19 14 28 171 44 89 38 125 50
internal_value=-0.000134654 -0.0012989 0.0211892 0.0242773 -0.000879043 0.0268313 -0.000781631 0.0212049 0.026788 -0.00066742 -0.0120493 -0.0310246 -0.00052441 -0.0151853 -0.000406907 -0.000611644 -0.000411215 -0.000566719 -0.0190363 -0.000414567 0.00921501 0.00751951 -0.0541923 -0.0270072 -0.0413182 -0.00572024 -0.00725714 -0.025244 0.0375387 -0.000428614
internal_weight=4066.91 3865.2 201.707 196.511 3829.74 193.244 3819.61 110.251 76.815 3803.05 47.1912 22.2822 3755.85 29.8627 3725.99 3648.36 3632.75 3616.21 29.5466 3586.66 77.6304 74.3888 15.6894 16.5622 9.60344 1.7818 6.95873 4.813 82.9927 8.90246
internal_count=50000 32496 17504 17479 25954 17464 25886 6400 5180 25585 1477 1061 24108 227 23881 22866 22679 22525 409 22116 1015 996 319 301 184 58 117 57 11064 201
cat_boundaries=0 2 3 5 6 7
cat_threshold=2155872513 8 2228226 0 67108992 2 1
is_linear=0
shrinkage=0.05


Tree=99
num_leaves=31
num_cat=8
split_feature=1 24 19 17 6 5 11 18 11 13 11 7 3 11 17 7 3 3 11 8 8 8 7 4 4 0 28 3 3 9
split_gain=25.3489 34.7286 39.1536 29.4969 8.15744 5.46123 5.40607 3.36662 9.23467 11.0196 4.24792 2.42446 16.4027 3.00463 2.74795 5.79087 4.91872 3.40302 3.0826 5.50035 2.26808 2.34355 2.23137 6.04088 2.0453 1.85348 8.94046 1.81628 1.45883 4.44336
threshold=0 1 2 3 34633.000000000007 408.00000000000006 2782.5000000000005 4 10.500000000000002 52.500000000000007 56.500000000000007 1840.5000000000002 49201.500000000007 7.5000000000000009 5 2469.5000000000005 56366.000000000007 60965.500000000007 17.500000000000004 550.50000000000011 453.50000000000006 1985.0000000000002 1143.5000000000002 39.000000000000007 49809.000000000007 6 7 50320.000000000007 59770.500000000007 817.50000000000011
decision_type=9 9 9 9 8 8 8 9 10 10 10 8 8 8 9 8 8 8 8 10 8 10 10 10 8 9 9 8 8 10
left_child=-1 -2 5 4 -4 24 22 20 9 11 -10 13 -13 -9 17 -16 -17 -14 19 -18 -5 -22 23 -6 -3 26 -20 -15 29 -24
right_child=1 2 3 7 6 -7 -8 8 10 -11 -12 12 14 27 15 16 18 -19 25 -21 21 -23 28 -25 -26 -27 -28 -29 -30 -31
leaf_value=-0.038464730626169265 0.03780064640939565 -0.0092074560059783768 -0.12519294140959697 0.042932572678453865 -0.046782353212743884 -0.086368433144018361 0.043523242839242582 -0.0048433949100922177 -0.061552290875657251 -0.050442831277107386 0.003600176626707446 -0.056090386550162977 0.020656336077804233 -0.00039522433559002431 -0.056616820642092697 -0.049186361201794149 -0.023095364732570681 0.00085139037125656677 0.0074078142249642508 0.068140520981492564 -0.010860126046693874 0.037852702463413185 -0.063924127748161072 0.022317798218356381 -0.05859805854268834 -0.000245397073229498 -0.031311370461258974 -0.041344036231731725 0.027088681854373332 0.01824382384324472
leaf_weight=32.686216825153679 50.710085808765143 3.9971115738153431 0.9150160551071167 8.9450869262218493 4.5258848145604125 13.610623744316401 29.566276981960982 72.883124679327011 9.1260502291843277 11.131856602849437 3.4466801397502413 13.187664631754158 36.29840099811554 3.7059270925819847 4.5841093510389319 5.1555846501141778 2.6912211664021015 53.893622912466526 32.194902613759041 4.2778274109587073 6.2053402401506883 4.1006245277822018 1.7341074999421824 10.502349086105822 4.4072385113686332 3516.0104914922267 15.466352532617746 10.055770956911147 58.194748226553202 32.128824706654996
leaf_count=7149 5509 43 4 49 123 218 5446 571 177 1860 51 85 629 48 53 86 25 725 307 31 47 33 70 207 206 19475 563 221 3717 2272
internal_value=-0.000136973 0.000269311 -0.000303438 6.63167e-05 0.0220011 -0.0667994 0.0245967 -0.000780631 -0.000908622 -0.000768782 -0.0436914 -0.000622123 -0.000427672 -0.00888931 -0.000227687 -0.000454385 -0.000383657 0.00794152 -0.000313192 0.0329082 0.0161315 0.00852215 0.0193712 0.00150768 -0.0351079 -0.000378159 -0.0101721 -0.0303168 0.0222873 0.014036
internal_weight=4056.34 4023.65 3972.94 3950.93 137.567 22.015 136.652 3813.36 3794.11 3781.54 12.5727 3770.41 3683.76 86.6448 3670.57 3580.38 3575.8 90.192 3570.64 6.96905 19.2511 10.306 107.086 15.0282 8.40435 3563.67 47.6613 13.7617 92.0577 33.8629
internal_count=50000 42851 37342 36875 11839 467 11835 25036 24907 24679 228 22819 21979 840 21894 20540 20487 1354 20401 56 129 80 6389 330 249 20345 870 269 6059 2342
cat_boundaries=0 1 3 4 6 8 10 11 14
cat_threshold=8 0 16777216 1 2147483905 8 32832 1048576 0 1048576 2 0 0 4194304
is_linear=0
shrinkage=0.05


Tree=100
num_leaves=31
num_cat=9
split_feature=30 30 1 13 16 17 17 23 6 18 6 8 10 3 7 4 9 7 3 3 4 3 7 3 3 3 7 19 8 3
split_gain=97.7547 113.995 52.0168 39.9431 10.5536 12.7565 3.32479 19.0383 6.86309 4.59621 2.71308 2.48359 8.03622 6.01836 13.6102 2.9156 2.31129 11.6326 4.37194 2.05386 6.33086 5.95022 1.56666 1.77545 7.02895 3.8189 1.46857 1.451 2.77248 1.35538
threshold=0 1 2 23.500000000000004 3 4 5 6 3520.5000000000005 7 610.50000000000011 738.50000000000011 26.500000000000004 58926.500000000007 715.00000000000011 264.00000000000006 254.50000000000003 2661.0000000000005 53204.500000000007 51570.500000000007 129.00000000000003 33401.000000000007 2348.5000000000005 50801.500000000007 50020.500000000007 62166.000000000007 1221.0000000000002 8 724.50000000000011 56314.500000000007
decision_type=9 9 9 8 9 9 9 9 10 9 8 10 10 8 10 10 10 8 8 10 10 8 10 10 8 8 10 9 10 10
left_child=-1 -2 3 -3 6 11 7 29 -9 -8 -11 13 15 14 -6 -13 -7 18 -18 21 26 -19 -23 24 -24 -26 -21 28 -10 -4
right_child=1 2 4 -5 5 16 9 8 27 10 -12 12 -14 -15 -16 -17 17 19 -20 20 -22 22 23 -25 25 -27 -28 -29 -30 -31
leaf_value=0.077146615318650885 0.058521724826659995 -0.010672309735806823 -0.10179860281273088 -0.051371762658150556 0.018932489740385774 -0.000263936494968741 0.014689967499230431 0.037753485128407371 -0.0021706651682938251 0.024692888666579611 -0.04382429200763701 0.032099264854025082 -0.041189659909597914 0.017800337068552229 -0.11557413258263416 -0.090179367656854192 -0.004049966874244311 -0.074632000653884326 -0.059335484689167606 0.015812086695835208 -0.069297982563141153 -0.034552512440626702 -0.031569382169764168 0.020718759290667872 0.025102869758077264 0.00040220108945185058 -0.028152220191209127 0.05049116061540973 -0.099190885031499143 -0.05232074584706619
leaf_weight=30.51408226788044 69.113569989800453 636.91428071353585 4.7156192511320114 66.586907577468082 5.2524029463529569 2884.8574258913286 10.560862071812153 67.066969904582947 9.7833770494908077 1.6826710747554896 10.219538629055021 50.116030897945166 4.1843484034761778 40.349180232733488 2.9296940276399255 0.49227975308895011 4.9136779494583633 2.562131416052579 13.134998403489588 6.7567611299455148 4.3857669774442902 2.7948233820497981 14.132813906297086 12.990915730595587 20.837986020371318 62.828585060313344 2.6422876268625259 1.1151857106015057 0.79628063086420375 1.959205627441406
leaf_count=156 378 3557 50 10204 95 15810 68 10242 604 68 166 3603 104 2458 92 2 40 16 124 50 86 225 147 238 376 831 20 117 15 58
internal_value=-0.000133167 -0.00091005 -0.00209582 -0.014321 0.000591167 3.89114e-05 0.015278 0.0199666 0.0280312 -0.00321213 -0.0185513 0.0165103 0.0254038 0.00987143 -0.0292292 0.0309098 -0.000574659 -0.00667097 -0.0442842 -0.00144617 -0.0196936 0.000719511 0.00241921 0.00335187 0.00104498 0.00655415 0.00345271 -0.00375492 -0.00947292 -0.0349359
internal_weight=4047.19 4016.68 3947.56 703.501 3244.06 3136.16 107.9 85.4366 78.7618 22.4631 11.9022 103.324 54.7927 48.5313 8.1821 50.6083 3032.84 147.981 18.0487 129.932 13.7848 116.147 113.585 110.79 97.7994 83.6666 9.39905 11.6948 10.5797 6.67482
internal_count=50000 49844 49466 13761 35705 24317 11388 11086 10978 302 234 6354 3709 2645 187 3605 17963 2153 164 1989 156 1833 1817 1592 1354 1207 70 736 619 108
cat_boundaries=0 40 78 79 80 82 83 84 86 87
cat_threshold=0 0 16384 0 0 0 0 0 0 0 0 0 0 0 0 0 0 0 0 0 0 0 0 0 0 0 0 0 0 0 8388608 0 0 0 0 33554432 16384 0 4194304 1152 0 0 0 0 0 0 0 0 0 0 0 0 0 0 0 0 0 0 0 0 0 0 0 0 0 0 0 0 0 0 0 0 0 0 0 3519021056 3022920261 197 10 16 257 8 2147483904 2232838 0 1048576 1
is_linear=0
shrinkage=0.05


Tree=101
num_leaves=31
num_cat=6
split_feature=21 14 17 13 24 13 19 24 7 12 14 3 14 4 7 8 7 11 10 8 11 0 5 7 10 4 10 4 10 10
split_gain=20.9166 25.1752 21.8955 130.442 30.3526 51.9125 38.6223 5.80735 4.74116 22.1013 3.89116 2.93422 3.85487 5.90209 11.4881 6.75922 3.68795 12.7276 3.58664 2.83827 2.73344 2.3893 2.74825 2.26212 1.74871 1.42991 1.41251 1.289 1.22184 2.35775
threshold=0 3236.0000000000005 1 12.500000000000002 2 11.500000000000002 3 4 98021.000000000015 3.5000000000000004 3504.0000000000005 61301.500000000007 4608.0000000000009 84.000000000000014 2714.0000000000005 363.50000000000006 21113.000000000004 13.500000000000002 21.500000000000004 531.50000000000011 32.000000000000007 5 1.0000000180025095e-35 1068.5000000000002 60.500000000000007 136.00000000000003 42.500000000000007 74.000000000000014 15.500000000000002 55.000000000000007
decision_type=9 8 9 10 9 10 9 9 8 8 8 10 8 10 10 10 8 10 8 10 10 9 10 8 8 10 8 10 8 10
left_child=7 -2 -3 4 5 8 23 -1 -4 -10 -8 12 -12 15 24 27 17 18 -17 -13 -18 -9 -23 -6 -15 -21 -27 -14 -16 -30
right_child=1 2 3 -5 6 -7 10 21 9 -11 11 19 13 14 28 16 20 -19 -20 25 -22 22 -24 -25 -26 26 -28 -29 29 -31
leaf_value=-0.022697630368861247 -0.045990791325957271 0.031369874136427188 0.046101184951181019 -0.044154595918919973 -0.11506101743846837 -0.068551042683574426 0.045873234289987755 0.068578353620324023 0.015943005152128941 -0.026332739634427872 -0.050897702750698749 -0.055779585743800653 -0.0004971946713842228 -0.042317646608196043 -0.0017441517722268402 0.01038541567372819 0.036839506327981955 -0.078141901076631992 -0.10029037698421811 0.0083637671737075148 -0.0059280347067432364 0.041491728775924788 -0.050633583301821321 -0.067980965704382806 -0.079516826600031412 -0.069820192558334368 0.0056305520845803293 0.020815463888741573 -0.055774652290929386 0.021596976703726962
leaf_weight=1.7576798051595686 30.220665535423905 44.241898021195084 11.417240690439938 164.80461954046041 3.1535612391307977 19.580902293324471 4.5546194021590054 8.7188745215535164 549.98671847581863 32.75677684135735 3.7565575889311731 4.6009992426261288 2866.4679216151126 9.9784345235675556 48.723312091082335 129.36753663606942 18.948852402158085 4.2527179736644021 0.73618577979504962 5.3287148317322135 4.6536880638450375 33.368965805508196 0.82966793002560635 13.362517194822429 4.6230107862502328 1.4387371242046354 1.0904458332806828 7.1120371818542472 2.8802382685244075 1.4960773438215254
leaf_count=8 6328 5784 1349 3138 22 135 292 55 2809 1055 389 84 15873 219 717 4959 1367 50 7 408 92 4247 120 212 67 27 44 37 76 30
internal_value=-0.000107595 -0.000526972 -0.000181286 -0.000616378 0.00129525 0.0113668 -0.000709472 0.0306095 0.0141918 0.0135666 -0.000308051 -0.000375566 -0.000278334 -0.000216979 -0.0148179 0.000109091 0.010179 0.00697687 0.00975916 -0.0245918 0.0284071 0.0366694 0.0392567 -0.0769704 -0.0540954 -0.00633057 -0.0372899 -0.000444446 -0.00401725 -0.0293246
internal_weight=4034.21 3989.53 3959.31 3915.07 3750.27 613.742 3136.53 44.6752 594.161 582.743 3120.01 3115.46 3103 3099.24 67.7011 3031.54 157.959 134.356 130.104 12.4589 23.6025 42.9175 34.1986 16.5161 14.6014 7.8579 2.52918 2873.58 53.0996 4.37632
internal_count=50000 45570 39242 33458 30320 5348 24972 4430 5213 3864 24738 24446 23883 23494 1109 22385 6475 5016 4966 563 1459 4422 4367 234 286 479 71 15910 823 106
cat_boundaries=0 1 3 5 6 8 9
cat_threshold=1077035008 2147483649 8 8388608 16777216 1 0 67108992 4
is_linear=0
shrinkage=0.05


Tree=102
num_leaves=31
num_cat=8
split_feature=30 30 30 30 30 1 3 13 13 12 17 4 6 7 17 3 3 3 4 3 7 11 7 4 6 10 8 9 12 7
split_gain=86.1159 93.1542 94.5645 74.1973 170.192 21.6817 10.1355 253.659 108.881 14.4399 3.95121 3.64629 6.5497 2.63604 16.6164 9.63775 8.15261 5.46668 6.74929 3.3444 3.26015 2.19578 2.1898 5.25349 2.35826 9.83803 5.27568 2.25376 2.10656 2.01465
threshold=0 1 2 3 4 5 53731.500000000007 10.500000000000002 522.00000000000011 1.5000000000000002 6 84.000000000000014 3629.5000000000005 1646.0000000000002 7 58811.500000000007 46690.500000000007 3263.0000000000005 56975.000000000007 60185.500000000007 557.00000000000011 43.000000000000007 18281.500000000004 129.00000000000003 1941.0000000000002 24.500000000000004 528.50000000000011 31634.500000000004 28.500000000000004 65231.000000000007
decision_type=9 9 9 9 9 9 8 10 8 8 9 10 8 10 9 8 10 10 8 10 8 8 10 10 10 10 10 10 8 8
left_child=-1 -2 -3 -4 -5 -6 10 8 9 -8 11 -7 -13 15 22 20 -16 18 -17 -19 -10 -22 23 24 25 26 -15 -24 -11 -21
right_child=1 2 3 4 5 6 7 -9 13 28 -12 12 -14 14 16 17 -18 19 -20 29 21 -23 27 -25 -26 -27 -28 -29 -30 -31
leaf_value=0.075224133653535502 0.05694039852296652 0.063133745853964071 -0.052166048366950206 -0.066115248886880751 -0.037246982402279707 0.013829645779729165 0.034109527581208089 -0.062129035390850219 -0.013299362922139561 -0.00022568156009469752 0.0037615705039526792 -0.093489221606113851 0.040472556756317835 -0.017663690072755967 -0.0065370023983628376 -0.050398106582879458 -0.060412720647358822 0.043667613165832286 -0.00033090681743664361 0.012561564376731236 -0.067346732354475761 -0.028307731655604476 0.050722132222776641 -0.080312842221158157 -0.0094811434543327164 -0.11587209997707233 0.033047712396673291 0.010776294095310834 -0.050979220705110823 -0.056393298645660395
leaf_weight=27.589471146464348 58.642465814948082 45.286274626851082 64.490753898397088 90.065210318658501 28.744484237860888 52.773000420071185 284.82938532531261 158.18819664930925 18.250888337846845 24.218826610594988 107.86609778832644 0.9437127485871315 27.52492097159848 5.7562695583328596 62.749993768520653 6.7472208235412827 7.9065943602472535 10.926274597644808 2831.9981254008599 13.767487760633227 6.2692497987300158 8.4658190985210222 12.139482816681268 1.3065893482416857 5.7238198556005946 1.2239305973052967 47.041805263608694 4.9794472120702258 2.2329700458794859 1.1475737839937217
leaf_count=152 331 204 639 909 7149 4584 1213 2692 255 142 1355 5 5342 273 832 861 132 112 15717 483 69 300 1541 13 438 5 3623 454 142 33
internal_value=-0.000103041 -0.000810013 -0.00181317 -0.00272961 -0.00176194 -3.71483e-05 0.000351023 -0.00025454 0.00266051 0.0308277 0.0116281 0.0192413 0.0360318 -0.000217615 0.00627213 -0.000550948 -0.0110079 -0.000241509 -0.000449908 0.0226517 -0.0274234 -0.0449174 0.0206566 0.0188678 0.0210368 0.0242703 0.0275189 0.0391029 -0.00451012 0.00725614
internal_weight=4019.8 3992.21 3933.56 3888.28 3823.79 3733.72 3704.98 3515.87 3357.68 311.281 189.108 81.2416 28.4686 3046.4 148.828 2897.57 70.6566 2864.59 2838.75 25.8413 32.986 14.7351 78.1713 61.0524 59.7458 54.022 52.7981 17.1189 26.4518 14.9151
internal_count=50000 49848 49517 49313 48674 47765 40616 29330 26638 1497 11286 9931 5347 25141 7311 17830 964 17206 16578 628 624 369 6347 4352 4339 3901 3896 1995 284 516
cat_boundaries=0 39 79 119 154 200 201 202 204
cat_threshold=0 0 16384 0 0 0 0 0 0 0 0 0 0 0 0 0 0 0 0 0 0 0 0 0 0 0 0 0 0 0 8388608 0 0 0 0 1107296256 16384 0 4194304 0 0 0 0 0 0 0 0 0 0 0 0 0 0 0 0 0 0 0 0 0 0 0 0 0 0 0 0 0 0 0 0 0 0 0 2445279232 2687375940 84 0 1152 0 0 0 0 0 0 0 0 0 0 0 0 0 0 0 1024 0 0 0 0 0 0 0 0 0 0 0 0 0 0 0 0 0 0 0 671088640 1452352553 427 16777728 2048 0 0 0 0 0 0 0 0 0 0 0 0 0 0 0 0 0 0 0 0 0 0 532992 0 0 0 0 0 0 2 0 0 536870912 8192 4 524288 536870912 0 0 0 0 0 0 0 0 0 0 0 0 0 0 0 0 0 0 0 1048576 12862512 128 2147483904 0 1073741824 2147483648 268435456 0 2952790016 0 0 134 387 0 0 0 0 0 0 0 0 0 0 1073741824 8 2147483905 2428567808 2097176
is_linear=0
shrinkage=0.05


Tree=103
num_leaves=31
num_cat=6
split_feature=30 30 13 1 16 18 9 10 10 4 4 4 6 8 11 6 11 19 9 3 13 9 3 4 3 11 3 3 14 8
split_gain=201.43 94.0763 67.3788 20.7731 8.63516 3.69461 5.27358 4.021 2.99576 2.1792 7.93027 7.87214 1.86588 2.06175 3.58933 5.35727 3.106 1.74026 1.70749 1.55899 1.54998 1.24665 4.58192 3.31709 3.08702 4.35481 2.25894 1.80278 1.38549 4.28883
threshold=0 1 500.50000000000006 2 3 4 954.50000000000011 56.500000000000007 21.500000000000004 444.00000000000006 6118.0000000000009 105.50000000000001 287.50000000000006 572.50000000000011 28.500000000000004 4262.0000000000009 4.5000000000000009 5 489.50000000000006 6753.0000000000009 162.50000000000003 26365.000000000004 60965.500000000007 2603.0000000000005 52902.500000000007 28.500000000000004 50320.000000000007 59931.000000000007 2738.0000000000005 4465.0000000000009
decision_type=9 9 8 9 9 9 10 8 10 10 10 8 8 10 8 10 8 9 10 10 8 10 10 10 10 8 10 10 10 10
left_child=-1 -2 20 -4 9 6 19 8 -8 11 -11 12 -5 14 -14 18 -15 -12 -16 -6 -3 22 23 27 25 -25 -23 28 29 -7
right_child=1 2 3 4 5 21 7 -9 -10 10 17 -13 13 16 15 -17 -18 -19 -20 -21 -22 26 -24 24 -26 -27 -28 -29 -30 -31
leaf_value=0.068943426181247311 0.06387970208113046 -0.017978151799280747 -0.036883111554995233 -0.0085497653839626455 0.014646948768585862 -0.00025319277994006057 0.029770149862835677 -0.15530983104055604 -0.018157231144047326 0.036458885407300634 -0.0023866175781797386 -0.053382415031761825 -0.069692932684614448 0.24340083914595595 -0.014601384686421404 -0.022701176023666943 0.027375337346861039 -0.071007593937692695 0.029703357263111102 -0.01422499846558728 -0.050189798581107982 0.028246471591719592 -0.045546767424384536 0.016456808908388854 0.041938458918671234 -0.054019820226075856 -0.06203941585111114 0.032531707408442877 0.010691425432626458 -0.058411861213658656
leaf_weight=92.946504309773445 43.619927287101746 599.12347553949803 27.701800221111625 7.3762894812971354 6.5081094931811121 3005.4401615727693 35.645555173046887 0.31031184922903676 3.5887210303917518 26.504375400021676 1.6358133237808943 4.4771428601816288 1.359853610396385 0.16749081760644913 2.4237936269491973 7.7783775813877574 25.359582519624386 2.1230898676440111 21.160204556304961 16.60458393022418 3.7579815995413801 7.1559785003773859 5.5981306796893469 3.0058118868619204 1.4800354163162399 8.0946344938129169 0.76705700252205122 4.2100171204656354 28.869139052927494 3.1732823038473716
leaf_count=525 195 4521 7149 645 57 19738 2783 6 201 5434 52 108 7 2 46 415 3185 26 1468 336 1071 481 110 46 22 1000 7 35 288 41
internal_value=-9.5335e-05 -0.00191024 -0.00281651 1.71517e-05 0.000446322 -3.81881e-05 0.0111061 0.0239683 0.0253863 0.0141926 0.02682 0.0107659 0.0151422 0.0181424 0.00983392 0.0132822 0.0287927 -0.0411449 0.02515 -0.00609519 -0.0181789 -0.000301147 -0.000353418 -0.000270584 -0.025892 -0.0349359 0.0195056 -0.000164613 -0.000209931 -0.000314535
internal_weight=3997.97 3905.02 3861.4 3258.52 3230.82 3130.45 62.6573 39.5446 39.2343 100.366 30.2633 70.1027 65.6256 58.2493 32.7222 31.3624 25.5271 3.7589 23.584 23.1127 602.881 3067.79 3059.87 3054.27 12.5805 11.1004 7.92304 3041.69 3037.48 3008.61
internal_count=50000 49475 49280 43688 36539 25151 3383 2990 2984 11388 5512 5876 5768 5123 1936 1929 3187 78 1514 393 5592 21768 21280 21170 1068 1046 488 20102 20067 19779
cat_boundaries=0 40 80 81 82 84 85
cat_threshold=0 0 16384 0 0 0 0 0 0 0 0 0 0 0 0 0 0 0 0 0 0 0 0 0 0 0 0 0 0 0 8388608 0 0 0 0 3552575488 3022936644 213 4194304 1152 0 0 0 134217728 536870912 512 0 0 0 0 32768 0 0 0 0 67111936 0 0 0 0 0 0 0 0 0 0 0 0 0 0 0 0 0 0 0 671088640 1251025961 298 16777728 2048 8 16 32768 524288 4
is_linear=0
shrinkage=0.05


Tree=104
num_leaves=31
num_cat=5
split_feature=21 1 17 5 6 10 8 9 8 4 9 7 12 4 11 9 5 0 14 12 3 13 3 3 3 13 19 8 3 10
split_gain=21.9381 29.5497 23.2767 9.69979 5.44307 3.95442 3.08892 4.96099 2.97157 5.78296 2.2294 6.15721 4.97669 2.31472 2.96315 1.7779 2.00655 1.76338 10.3514 4.58841 4.93905 13.4521 2.58219 2.95374 12.069 2.46023 1.71431 1.67472 1.45408 1.18893
threshold=0 1 2 351.00000000000006 3955.0000000000005 5478.5000000000009 1407.5000000000002 17276.500000000004 813.50000000000011 56143.500000000007 2516.5000000000005 745.00000000000011 385.00000000000006 137.50000000000003 50.500000000000007 19674.500000000004 202.00000000000003 3 678.00000000000011 15.500000000000002 55968.000000000007 19.500000000000004 42308.500000000007 43187.000000000007 49596.500000000007 232.50000000000003 4 528.50000000000011 61741.500000000007 6.5000000000000009
decision_type=9 9 9 8 10 8 10 10 10 8 8 10 8 10 8 8 8 9 10 10 10 10 8 10 10 8 9 10 10 10
left_child=4 6 5 -4 15 8 7 26 9 -3 11 13 27 -5 -15 16 -1 18 -12 20 21 22 -19 -24 -25 -20 28 -13 -2 -10
right_child=1 2 3 10 -6 -7 -8 -9 29 -11 17 12 -14 14 -16 -17 -18 19 25 -21 -22 -23 23 24 -26 -27 -28 -29 -30 -31
leaf_value=-0.050290435529738255 -0.053344031252105142 -0.018931936148050933 -0.054651998889917175 0.00038570802715504033 -0.00060308194645800018 0.039878781949372291 -0.14644779969021457 0.037706513978810634 0.034910899026010897 0.019194157842816081 -0.047866195974780333 0.013848903196466283 -0.050882480642151263 0.022372121300718317 -0.055977588948460034 0.058850209232182572 0.038967388134021758 -0.034958444129925902 -0.050755408528088297 -0.053031656187712994 -0.045714224846519297 -0.02491948394085516 0.0001029323269098598 -0.051763661270856257 0.02313053644573744 0.0079084502043394386 -0.049935458421896714 -0.035147475913132033 0.051029947983566248 0.019328229082082489
leaf_weight=0.64597565215080976 0.57717249728739262 13.518267170526086 8.3279261868447048 80.930917949415743 8.0195452738553268 24.748297040816396 0.75565676297992368 1.7607548367232073 22.158451945986599 37.63691792730242 13.0535203339532 5.6737420074641687 13.119227189570667 1.7243375894613562 4.0203361455351105 14.055989449843763 24.911521993111823 5.209881409071385 1.893985506147146 4.1201399087440214 5.9603203535079947 54.040515281725675 3493.147773922421 6.2296074125915757 39.404197401367128 31.700324013829231 39.284801947651431 2.5180493276566267 0.79100633226335049 27.349259858950973
leaf_count=120 62 361 77 700 554 5433 17 218 1752 2616 428 44 162 25 70 1166 3273 52 136 218 95 2295 19580 60 706 306 7692 62 40 1680
internal_value=-7.76298e-05 -0.000524133 -1.88773e-05 -0.00074829 0.0305487 0.0203499 -0.0375479 -0.0444605 0.0175702 0.00911896 -0.000630976 -0.00771135 -0.0317895 -0.00179123 -0.0324599 0.0445669 0.0367114 -0.000421774 -0.0100809 -0.000296895 -0.000236608 -0.000161272 0.000216254 0.000268039 0.0129065 0.00460109 -0.0480193 -0.00121194 0.00699931 0.0263027
internal_weight=3987.29 3939.66 3896.49 3771.07 47.633 125.411 43.1694 42.4137 100.663 51.1552 3762.75 107.987 21.311 86.6756 5.74467 39.6135 25.5575 3654.76 46.6478 3608.11 3603.99 3598.03 3543.99 3538.78 45.6338 33.5943 40.653 8.19179 1.36818 49.5077
internal_count=50000 44887 36858 25016 5113 11842 8029 8012 6409 2977 24939 1063 268 795 95 4559 3393 23876 870 23006 22788 22693 20398 20346 766 442 7794 106 102 3432
cat_boundaries=0 2 3 5 6 7
cat_threshold=1077068288 8 40 2147483905 2097160 2 4
is_linear=0
shrinkage=0.05


Tree=105
num_leaves=31
num_cat=2
split_feature=13 13 1 7 16 6 10 9 10 8 8 7 8 4 7 11 3 6 6 6 3 8 4 9 11 10 6 4 3 7
split_gain=169.483 119.168 18.5683 9.59907 4.64945 7.28328 4.34855 3.2684 2.87665 2.77796 4.63274 1.65932 2.5456 3.90432 2.29758 1.64317 1.37211 5.17664 1.47585 1.31811 1.25021 1.24917 1.14191 1.09758 4.33871 2.30066 1.32436 0.964453 6.1239 1.89517
threshold=7.5000000000000009 412.50000000000006 0 19149.500000000004 1 6743.0000000000009 11.500000000000002 14055.000000000002 13.500000000000002 610.50000000000011 594.50000000000011 2091.0000000000005 1082.5000000000002 84.000000000000014 21927.000000000004 34.500000000000007 43886.000000000007 598.50000000000011 401.00000000000006 401.00000000000006 52256.500000000007 711.00000000000011 137.50000000000003 4125.0000000000009 17.500000000000004 72.000000000000014 330.50000000000006 2603.0000000000005 58953.500000000007 3952.5000000000005
decision_type=10 8 9 10 9 10 10 8 10 10 10 10 10 10 8 8 10 8 10 10 8 8 8 10 10 10 10 10 8 10
left_child=1 -1 -3 4 5 8 9 20 15 10 27 12 13 14 -11 -4 17 19 -19 -17 -8 -7 -22 -5 25 26 -25 29 -29 -6
right_child=-2 2 3 23 6 21 7 -9 -10 11 -12 -13 -14 -15 -16 16 -18 18 -20 -21 22 -23 -24 24 -26 -27 -28 28 -30 -31
leaf_value=0.029405827318229091 -0.033450110537942092 -0.036011536105115989 -0.03378740733858971 0.080101791287819815 -0.00036055951247121844 -0.033716645883853445 -0.0099942029645904186 0.033005514747983314 -0.051983210469275613 0.025975706553830025 0.05086616686893497 0.0044107619011051306 -0.031866471185261785 -0.059215849390908015 0.09094834138250163 -0.027383312718496075 0.012936477584850919 0.042583430749769481 0.013679966190113281 0.02998996389260879 -0.017689593727595321 -0.10352604253750886 -0.047971630131009302 0.044728844093368227 -0.0025094839191067884 -0.070038767561683743 0.01335454565081591 0.0080526789113532053 -0.051070113683237342 -0.03358136433463435
leaf_weight=385.33446744829416 347.16672188602388 25.414836389012635 1.512669578194618 0.93457527458667655 2898.7584622059949 4.7571287946775547 5.9954685261473122 2.379652611911296 1.50608998723328 16.233487852849077 4.3988053062930694 132.85855866037309 2.1661552377045146 1.2735449522733677 1.4851420819759358 4.7241106303408742 42.240420320536941 20.369068361353133 5.6392633016221216 1.2702766205184159 4.7890339698642466 0.740577614866197 8.8963652513921261 18.945373504422612 9.9522208487614972 0.49267252162098785 4.0896275592967859 13.254768047481777 6.5413193562999359 4.2994325766339889
leaf_count=2226 4198 7149 9 6 16531 233 166 76 55 1011 308 3676 45 24 6 247 3440 4822 520 155 72 10 156 3027 411 4 279 101 869 168
internal_value=-7.3918e-05 0.00311702 -3.81721e-06 0.000390946 0.000108457 0.0111389 -0.000220885 -0.0223416 0.0164415 -6.32277e-05 -0.000407595 0.00648184 0.0194867 0.0253438 0.0314216 0.0178019 0.018853 0.0266622 0.0363164 -0.0152253 -0.0290337 -0.0431204 -0.0373748 0.0266574 0.0251655 0.0368721 0.0391587 -0.000484761 -0.0114836 -0.00040976
internal_weight=3978.42 3631.25 3245.92 3220.5 3186.09 82.7596 3103.33 22.0605 77.2619 3081.27 2927.25 154.017 21.1583 18.9922 17.7186 75.7558 74.2431 32.0027 26.0083 5.99439 19.6809 5.49771 13.6854 34.4145 33.4799 23.5277 23.035 2922.85 19.7961 2903.06
internal_count=50000 45802 43576 36427 32700 9491 23209 470 9248 22739 17977 4762 1086 1041 1017 9193 9184 5744 5342 402 394 243 228 3727 3721 3310 3306 17669 970 16699
cat_boundaries=0 1 2
cat_threshold=8 16
is_linear=0
shrinkage=0.05


Tree=106
num_leaves=31
num_cat=3
split_feature=30 4 14 13 12 3 16 17 9 8 7 7 6 7 6 8 10 4 9 3 8 8 7 3 3 5 12 3 10 10
split_gain=193.35 32.3401 21.6817 12.8951 3.88958 4.69501 4.52345 3.65078 4.97792 5.8359 8.80886 17.9341 2.96253 7.1359 4.01178 3.59084 2.42304 6.40687 2.15597 2.09896 2.07039 2.04592 1.91364 7.87894 3.76476 1.87771 5.08662 2.71199 2.38762 1.73724
threshold=0 60.000000000000007 3378.0000000000005 49.500000000000007 5.5000000000000009 55919.500000000007 1 2 785.50000000000011 472.50000000000006 2147.5000000000005 8307.5000000000018 285.50000000000006 1143.5000000000002 289.50000000000006 969.50000000000011 23.500000000000004 129.00000000000003 1798.0000000000002 61338.000000000007 768.50000000000011 498.50000000000006 1540.5000000000002 53302.500000000007 32015.500000000004 408.00000000000006 17.500000000000004 51208.000000000007 125.00000000000001 35.500000000000007
decision_type=9 10 8 10 8 10 9 9 10 10 10 10 8 8 10 10 8 10 8 10 10 10 10 8 10 8 8 8 10 8
left_child=-1 2 -2 4 5 18 12 8 -4 10 -10 -12 13 -6 15 -14 17 20 -3 -9 -8 -15 -19 24 -24 -18 -27 28 -28 -29
right_child=1 3 7 -5 6 -7 16 19 9 -11 11 -13 14 21 -16 -17 25 22 -20 -21 -22 -23 23 -25 -26 26 27 29 -30 -31
leaf_value=-0.062207197425070276 -0.045562976324932052 0.044191679596006568 -0.02131510455083202 -0.05035473080207678 -0.081030580999447432 -0.024176768684580737 0.0016009532454040927 -0.00033783728252498373 0.051502923563546632 0.032632047113098354 -0.2528128746347304 -0.0036067441103743931 0.034709078841777624 -0.059472519355478565 0.0080787265288564357 -0.068310574776076563 0.006240771618327051 -0.03207151932310074 0.013513532124025125 -0.038306562233294587 0.023781159153144521 0.029514807139752342 -0.074874659369587135 -0.078879769271510719 0.0043981178456893163 0.0033795975458413932 -0.022956770471414551 0.010674234463419134 0.051957457992362267 -0.052212004298678408
leaf_weight=111.4016527030617 26.516147647053003 5.7836595959961405 7.5076775997877112 8.6151226900983584 2.5547101143747541 8.2459720280021411 14.649329900741575 2935.1079163241666 2.5226334538310757 29.82285838201642 0.98206455633044276 2.7256353236734867 33.88929382385686 0.73558012209832746 34.551313063129783 0.86750630242749949 16.127805322408676 6.6043356694281092 584.26972780469805 3.6444457471370688 37.334979264065623 5.2984962742775679 1.5489360541105259 3.2370729092508546 45.29035172611475 19.949654610827565 4.3775820769369629 1.2158094202168284 1.4049470722675321 11.354779473505912
leaf_count=876 6542 69 270 1886 77 96 312 17354 90 2441 27 152 7222 27 3267 56 132 111 3345 66 2887 551 7 35 704 147 117 85 46 1003
internal_value=-7.5256e-05 0.00187585 -0.000549842 0.0105056 0.0111304 0.0132906 0.00576719 -0.000149625 0.0127886 0.0234374 -0.0205745 -0.0696144 0.0148101 -0.0109879 0.0201439 0.0321378 0.000508873 0.00485333 0.0138142 -0.000383618 0.0175307 0.0186669 -0.00677364 -0.00343722 0.00177663 -0.0080709 -0.014097 -0.0330939 -0.0047553 -0.0461297
internal_weight=3968.14 3856.74 3008.83 847.907 839.292 598.299 240.992 2982.31 43.5609 36.0532 6.23033 3.7077 77.8969 8.58879 69.3081 34.7568 163.096 108.665 590.053 2938.75 51.9843 6.03408 56.6807 50.0764 46.8393 54.4306 38.3028 18.3531 5.78253 12.5706
internal_count=50000 49124 26942 22182 20296 3510 16786 20400 2980 2710 269 179 11200 655 10545 7278 5586 4056 3414 17420 3199 578 857 746 711 1530 1398 1251 163 1088
cat_boundaries=0 35 36 37
cat_threshold=524288 536870912 0 0 0 0 0 0 0 0 0 0 0 0 0 0 0 0 0 0 0 0 13395504 128 256 0 0 0 0 2 0 0 536870912 8322 390 16 256
is_linear=0
shrinkage=0.05


Tree=107
num_leaves=31
num_cat=4
split_feature=24 19 0 13 9 13 14 3 13 13 5 10 7 9 8 8 3 14 14 14 27 4 12 5 4 11 10 7 8 5
split_gain=26.8068 31.8484 15.107 12.9061 12.3051 68.5635 7.22154 6.58872 40.9497 22.0837 5.8491 4.35159 4.73159 3.9765 1.94997 1.6801 1.62539 1.21799 3.37355 1.55401 1.19125 1.04728 1.02719 0.978015 0.904394 17.5223 4.73367 2.29574 5.34143 3.72978
threshold=0 1 2 32.500000000000007 1.0000000180025095e-35 5.5000000000000009 18058.500000000004 51570.500000000007 14.500000000000002 140.50000000000003 205.00000000000003 18.500000000000004 30796.000000000004 1466458.0000000002 1744.5000000000002 311.00000000000006 54270.500000000007 1390.0000000000002 4940.0000000000009 4882.0000000000009 3 8088.5000000000009 221.50000000000003 1.0000000180025095e-35 39.000000000000007 1.5000000000000002 44.500000000000007 2565.5000000000005 165.50000000000003 202.00000000000003
decision_type=9 9 9 10 8 8 10 8 10 8 10 8 8 10 8 10 10 10 10 8 9 8 8 10 10 10 8 8 8 8
left_child=23 10 6 4 -4 -6 17 11 9 -9 14 20 21 -14 16 24 -2 19 -19 -3 -7 22 -13 -1 25 26 -11 28 -26 -29
right_child=1 2 3 -5 5 7 -8 8 -10 15 -12 12 13 -15 -16 -17 -18 18 -20 -21 -22 -23 -24 -25 27 -27 -28 29 -30 -31
leaf_value=0.041184176528253069 -0.09540387382776877 -0.015607020360565285 -0.047707398082340147 -0.050855155913251182 -0.062751970166194035 0.051893536847484205 0.0096429117814485835 0.010776587454796356 -0.03102853181689846 0.031642766007439455 0.047545351357056648 -0.051644633852635027 -0.037699269120258998 0.051438283836545341 -0.047223519330264606 0.0049683602973822558 -0.059005903724931065 -0.035412471895834914 -0.002630629898200859 -0.051541919718868151 0.0065750471849855335 -0.051075724302355421 0.042061621165204267 0.065870194881427466 0.0074597038216738191 -0.071888473119961646 -7.1281206174132099e-05 0.011388095938376306 -0.050921500355351014 -0.049888301888194264
leaf_weight=37.929759442340583 7.5628505023196393 3.9822639874182642 13.270636364817618 12.342909597558899 42.335030682384968 1.4748287796974182 13.382287442684172 567.97340444847941 97.964288824237883 11.816709503531456 1.1362789347767819 0.29624392651021481 4.0956353801302603 1.8015334857627747 6.6448455275967708 162.02882582508028 5.1598584810271859 28.924721700139344 10.770297843031583 12.304838657379152 86.43604084989056 0.31395112350582977 22.85090783960187 4.4868246763944617 27.679031205363572 8.4872580803930742 2750.2581277359277 3.911099448800087 4.5638863029889754 6.8026808011345548
leaf_count=5482 63 890 153 2044 387 42 178 2980 874 74 12 10 263 152 246 6336 146 6289 238 424 1896 16 5170 27 355 112 14144 32 57 908
internal_value=-8.06801e-05 -0.000554444 -0.000228772 0.00019041 0.000355588 0.000523389 -0.0233542 0.00123606 0.000860397 0.001742 -0.0627081 0.0129014 0.0295684 -0.0104685 -0.0691765 1.74746e-05 -0.0806422 -0.031242 -0.0265179 -0.0427557 0.00733533 0.039632 0.0408623 0.0354402 -0.000267644 -0.00015602 6.43978e-05 -0.00746698 -0.000803977 -0.0275192
internal_weight=3958.99 3916.57 3896.07 3826.7 3814.36 3801.09 69.3644 3758.75 3641.49 3543.52 20.5038 117.269 29.3583 5.89717 19.3676 2975.55 12.7227 55.9821 39.695 16.2871 87.9109 23.4611 23.1472 42.4166 2813.52 2770.56 2762.07 42.9567 32.2429 10.7138
internal_count=50000 44491 44024 36005 33961 33808 8019 33421 25872 24998 467 7549 5611 415 455 22018 209 7841 6527 1314 1938 5196 5180 5509 15682 14330 14218 1352 412 940
cat_boundaries=0 2 3 4 5
cat_threshold=0 16777216 1 2 1
is_linear=0
shrinkage=0.05


Tree=108
num_leaves=31
num_cat=3
split_feature=30 13 1 13 3 12 12 8 11 9 10 7 10 11 12 11 8 4 10 19 6 11 11 6 6 9 8 6 6 12
split_gain=152.376 22.7824 16.019 7.98802 5.78913 4.67291 2.39225 2.57602 4.74542 2.41152 7.5933 12.8143 2.22147 2.79577 2.69567 2.60992 2.11127 2.07117 9.25538 4.66385 2.03541 10.9303 3.82544 2.60789 1.46097 4.93332 2.0487 3.10692 1.38586 1.33811
threshold=0 49.500000000000007 1 39.500000000000007 56043.500000000007 4.5000000000000009 117.50000000000001 801.50000000000011 8.5000000000000018 785.50000000000011 5.5000000000000009 1850.5000000000002 39.500000000000007 10.500000000000002 1.5000000000000002 9.5000000000000018 1052.5000000000002 56143.500000000007 9.5000000000000018 2 738.00000000000011 6.5000000000000009 5.5000000000000009 3595.5000000000005 3632.0000000000005 1.0000000180025095e-35 1159.5000000000002 26009.000000000004 691.00000000000011 221.50000000000003
decision_type=9 8 9 10 8 8 8 8 10 10 10 8 8 8 8 10 10 8 8 9 8 10 10 10 10 8 8 8 8 8
left_child=-1 5 -3 4 12 -2 -6 8 9 10 28 -12 13 15 -14 16 -4 18 -9 -20 -11 22 23 -22 25 -16 27 -27 -8 -7
right_child=1 2 3 -5 6 29 7 17 -10 20 11 -13 14 -15 24 -17 -18 -19 19 -21 21 -23 -24 -25 -26 26 -28 -29 -30 -31
leaf_value=-0.059276926758010232 0.011290116132542521 -0.034879926457658049 0.00018316064292869501 -0.050320848594768701 -0.025897146162935109 -0.0072297014218088308 -0.035589432711772749 0.026743170912366859 0.041836271235380203 0.049238517923052588 -0.11863195910206242 0.035278913157736048 0.11030102417850143 0.021353590456452434 -0.064120565247503217 -0.012115984421711849 0.017935676488450476 -0.00030049754284418572 0.018075712986916334 -0.041508883941394251 0.026731531519569834 -0.12076414384913421 -0.068684065098235228 -0.018042432524331558 -0.0069145091980915554 0.0089829340415962331 0.0043522924643962886 0.035348711235686836 0.0043782970965769502 -0.050708013862597295
leaf_weight=95.80041029676795 588.38770910352468 22.822456908645108 51.504835551604629 7.7963908895617342 9.0241580270230752 23.888788755051792 2.2210862408392131 10.104305120650677 8.8624745612032694 3.9064783765934408 3.3450108319520941 2.2702128998935223 0.74345871806144714 20.706833621952683 1.8237288147211064 27.06244998332113 24.818359510973096 2823.4589738040231 3.9961984793189913 18.429854134097699 25.744318282697357 1.5001083305105556 1.2368549155071367 3.7224579704925409 7.1110867308452717 18.730788057204336 16.839560136664659 27.693610531277955 92.307464799378067 1.9112347690388585
leaf_count=830 3359 7149 1210 1886 141 201 164 925 860 629 46 13 3 907 18 423 684 15995 211 1329 2322 73 56 225 437 1944 282 6419 1111 148
internal_value=-7.81234e-05 0.00154406 -0.000126702 0.00022779 0.00035138 0.0103769 -0.000192114 -0.000114821 0.00638385 0.00407789 8.35575e-05 -0.0564064 0.00865443 0.00458404 0.0155791 0.00122531 0.00595583 -0.000445026 -0.0129893 -0.0308912 0.0151553 0.0110208 0.0174595 0.0210754 0.0146038 0.0169547 0.0192919 0.0247109 0.0034392 -0.0104505
internal_weight=3947.77 3851.97 3237.78 3214.96 3207.16 614.188 3010.13 3001.11 145.116 136.254 100.144 5.61522 197.035 124.092 72.9422 103.386 76.3232 2855.99 32.5304 22.4261 36.1102 32.2037 30.7036 29.4668 72.1988 65.0877 63.264 46.4244 94.5286 25.8
internal_count=50000 49170 45462 38313 36427 3708 24100 23959 5499 4639 1334 59 12327 3224 9103 2317 1894 18460 2465 1540 3305 2676 2603 2547 9100 8663 8645 8363 1275 349
cat_boundaries=0 35 36 37
cat_threshold=0 536870912 0 0 0 0 0 0 0 0 0 0 0 0 0 0 0 0 0 0 0 0 13395504 128 0 0 0 0 0 2 0 0 536870912 8322 132 8 4
is_linear=0
shrinkage=0.05


Tree=109
num_leaves=31
num_cat=8
split_feature=30 30 17 14 21 13 13 9 7 11 8 4 8 3 6 4 4 2 8 27 3 7 3 8 10 19 10 7 28 9
split_gain=79.4717 147.417 17.412 17.999 10.9998 8.69361 95.4092 3.36207 2.64288 2.11715 2.51451 3.74384 5.4248 2.58961 2.32735 2.37166 1.7619 2.09554 3.31319 1.54363 1.61054 5.27238 3.43717 9.21196 3.23627 1.53493 1.80748 5.3264 1.50456 1.31026
threshold=0 1 2 3174.0000000000005 3 123.50000000000001 17.500000000000004 72430.000000000015 21279.500000000004 39.500000000000007 773.50000000000011 67.500000000000014 586.50000000000011 25381.000000000004 1144.5000000000002 416.00000000000006 1.0000000180025095e-35 4 610.50000000000011 5 35597.500000000007 78.500000000000014 53726.500000000007 659.50000000000011 1276.5000000000002 6 27.500000000000004 2302.0000000000005 7 42386.000000000007
decision_type=9 9 9 8 9 8 10 10 10 8 10 10 10 10 10 10 10 9 10 9 10 8 10 10 8 9 8 10 9 8
left_child=-1 -2 4 -4 -3 6 -5 8 9 10 11 12 -6 -12 -11 -16 28 19 -19 -18 24 -22 25 -24 -21 -23 -27 -28 -7 -30
right_child=1 2 3 5 7 16 -8 -9 -10 14 13 -13 -14 -15 15 -17 17 18 -20 20 21 22 23 -25 -26 26 27 -29 29 -31
leaf_value=0.074656578945807531 -0.059136927291970377 -0.026977112839051007 -0.044098412698480353 0.012618544642251525 -0.0066433953201452348 0.0095547086007313348 -0.054796475613005949 -0.021071524980239734 0.040021567988107951 0.033001453736096718 0.0059445675654498905 -0.016172183496200823 0.035525871099046244 0.033477494203559492 0.013546122501256331 -0.080303583366628711 0.034210132962199769 -0.050296950070953 0.035899522410393819 -0.041416572409105852 -0.06382830194984411 0.043725161429629678 -0.00062082336515176684 -0.055763426735634572 0.0016098743042441165 0.0068017550328203086 -0.067492645121962416 0.031477546697594241 -0.0066807370133797929 -0.00034058330473300347
leaf_weight=25.24701526761055 95.241769818589091 6.6258902451954782 22.878015801776201 530.65052209887654 14.238581291865559 27.534932628273964 58.243189577013254 4.6423870883882037 18.168687835801393 41.619674384128302 12.988146143965421 12.888797590509055 16.423536245245486 24.93786852946505 11.088379488326606 0.71668229252100069 2.6950555667281151 9.5202520183520374 1.2626897050067771 8.0954818185418826 3.3720867484807959 2.6027825679630041 41.539198582060635 9.2627448788844031 9.4975680559873599 71.809936165809631 3.021079138852655 2.4716885276138783 83.961953166872263 2766.6346409935504
leaf_count=130 838 111 6317 2806 612 284 1209 350 2671 8395 598 306 1353 2015 1088 5 63 2282 60 74 46 15 426 159 74 973 52 36 1167 15485
internal_value=-8.7424e-05 -0.000758252 0.000848128 0.000111419 0.016287 0.000390191 0.00595102 0.0196048 0.0221192 0.0197081 0.014636 0.00643908 0.0159437 0.0240486 0.0274435 0.00784853 -0.000685863 -0.00570819 -0.0208589 -0.00309794 -0.00396512 -0.00209877 -0.000506231 -0.010675 -0.0181888 0.00595882 0.00468723 -0.0229571 -0.000397675 -0.000525484
internal_weight=3939.88 3914.63 3819.39 3655.05 164.339 3632.18 588.894 157.713 153.07 134.902 81.4769 43.5509 30.6621 37.926 53.4247 11.8051 3043.28 165.151 10.7829 154.368 151.673 134.08 130.707 50.8019 17.593 79.9055 77.3027 5.49277 2878.13 2850.6
internal_count=50000 49870 49032 31528 17504 25211 4015 17393 17043 14372 4884 2271 1965 2613 9488 1093 21196 4260 2342 1918 1855 1707 1661 585 148 1076 1061 88 16936 16652
cat_boundaries=0 40 75 77 79 80 81 82 85
cat_threshold=0 0 16384 0 0 0 0 0 0 0 0 0 0 0 0 0 0 0 0 0 0 0 0 0 0 0 0 0 0 0 8388608 0 0 0 0 33554432 0 0 4194304 1152 0 536870912 0 0 0 0 0 0 0 0 0 0 0 0 0 0 0 0 0 0 0 0 9201200 0 0 0 0 2147483648 0 2 536870912 0 536870912 8322 262 2155872513 8 537408512 176 2 1 1 0 0 4194304
is_linear=0
shrinkage=0.05


Tree=110
num_leaves=31
num_cat=10
split_feature=30 30 30 30 13 24 24 1 13 6 5 7 9 12 11 7 19 3 8 19 0 4 10 8 11 8 3 9 3 9
split_gain=87.4033 71.8186 69.2635 144.809 63.2897 16.0161 23.2301 14.4573 10.9439 6.95882 3.53059 5.22584 4.08029 3.73323 3.67366 3.37406 2.81964 2.58162 3.28708 2.31416 2.26269 2.73929 5.83539 1.56862 27.1887 3.70089 3.67386 2.44726 2.60232 1.61869
threshold=0 1 2 3 260.50000000000006 4 5 6 34.500000000000007 454.00000000000006 351.00000000000006 15555.500000000002 196.50000000000003 157.50000000000003 27.500000000000004 1666.0000000000002 7 53731.500000000007 3893.5000000000005 8 9 444.00000000000006 5.5000000000000009 329.50000000000006 318.50000000000006 1007.5000000000001 44588.000000000007 779.50000000000011 57132.000000000007 2030.5000000000002
decision_type=9 9 9 9 8 9 9 9 10 8 8 10 8 8 8 10 9 10 10 9 9 10 8 8 8 8 8 8 10 8
left_child=-1 -2 -3 -4 8 15 -7 -8 -5 16 19 12 13 -12 -13 -6 -9 18 -16 -11 21 22 -15 24 -14 -25 -27 28 -26 -28
right_child=1 2 3 4 5 6 7 9 -10 10 11 14 23 20 17 -17 -18 -19 -20 -21 -22 -23 -24 25 27 26 29 -29 -30 -31
leaf_value=-0.053450611360879176 0.071557103349861886 -0.06029681092784453 -0.061947602803099001 0.019880889231587956 -0.053695203428086029 0.034320474006438 -0.034103491423977485 -0.085796668572982515 -0.051057315629366024 -0.046918420163135084 -0.052480774719573256 0.040654443969386195 -0.071823693292201216 0.012981659154581139 -0.023976163144156532 -0.10675566062935821 -0.0062584857126169197 -0.047498666215172375 0.038897607642429249 -0.0024092518792616074 -0.093368445931758748 0.032332261518812848 -0.049076766459816047 0.011628450527832507 0.036488120753607654 -0.025780796516317619 -0.018367765187966682 0.0019606821061593591 -0.030390717773138211 -9.5572144890369273e-05
leaf_weight=65.263400308787823 25.68711906671524 36.596772909164429 79.146038849023171 494.20046286890283 6.6958222137764078 39.314787216717377 21.249671112978831 3.3024017484858632 5.4973615691997102 6.5598049000836909 2.2404219405725598 13.568593647796659 13.374901961535215 58.543003203347325 3.4645808404311556 5.4222613573074341 1.6816451326012609 2.1469549494795492 5.1971359942108393 5.2636666428297758 0.49705904722213645 15.686675268691031 4.0500440476462236 66.547900634352118 10.446767972316591 14.074679231271146 12.172095009125767 46.446531706023961 1.6898088948801149 2861.4869948271662
leaf_count=704 142 185 1722 2804 1147 5509 7149 47 575 246 85 1795 126 528 355 26 53 68 107 47 2 3575 69 3913 918 375 640 491 27 16570
internal_value=-8.53804e-05 0.000952299 0.000294776 0.00103505 0.00253721 -2.43918e-05 0.000267108 -0.000261876 0.0191005 7.37825e-05 0.000167617 0.000270579 8.96674e-05 0.0111633 0.0233305 -0.0424264 -0.05896 0.00158311 0.0137489 -0.0271035 0.0129733 0.0136486 0.00896621 -0.000206791 -0.00750076 -2.91306e-05 -0.00029778 0.00718458 0.0271764 -0.000172969
internal_weight=3927.52 3862.25 3836.56 3799.97 3720.82 3221.12 3209.01 3169.69 499.698 3148.44 3143.46 3131.63 3107.26 81.0172 24.3773 12.1181 4.98405 10.8087 8.66172 11.8235 78.7768 78.2797 62.593 3026.24 71.958 2954.28 2887.73 58.5831 12.1366 2873.66
internal_count=50000 49296 49154 48969 47247 43868 42695 37186 3379 30037 29937 29644 27319 4259 2325 1173 100 530 462 293 4174 4172 597 23060 1562 21498 17585 1436 945 17210
cat_boundaries=0 35 75 110 156 158 160 161 162 163 164
cat_threshold=0 0 0 0 0 0 0 0 0 0 0 0 0 0 0 0 0 0 0 0 0 1048576 4727296 0 0 0 1073741824 0 0 2 0 0 536870912 8196 4 0 0 16384 0 0 0 0 0 0 0 0 0 0 0 0 0 0 0 0 0 0 0 0 0 0 0 0 0 0 0 8388608 0 0 0 0 33554432 16384 0 4194304 128 0 0 0 0 0 0 0 0 0 0 0 0 0 0 0 0 0 0 0 0 0 0 25428016 128 256 0 0 2147483648 0 0 2147483648 0 0 128 385 524288 1610612736 0 0 0 0 0 0 0 0 0 0 0 0 0 0 0 0 0 0 0 0 2418066436 4096 2147483648 8 536870912 0 268435472 0 939524096 256 0 65563 82 0 0 0 0 0 0 0 32 0 0 1073741824 8388608 67108992 0 16777216 8 1 1 4
is_linear=0
shrinkage=0.05


Tree=111
num_leaves=31
num_cat=6
split_feature=30 1 17 13 0 13 9 11 11 7 3 3 7 12 8 19 7 3 6 6 7 9 3 7 28 4 3 3 3 3
split_gain=47.9576 14.4729 9.10079 18.3619 8.32547 4.6483 4.29884 3.32497 3.20651 1.28594 1.23351 1.21892 2.99322 1.67198 6.75769 3.0022 2.70952 1.61578 1.51047 1.17131 1.45982 1.06264 1.00373 1.00266 0.912683 0.787304 0.656338 0.499756 1.24622 0.35356
threshold=0 1 2 18.500000000000004 3 27.500000000000004 8835.0000000000018 25.500000000000004 17.500000000000004 1103.0000000000002 50508.000000000007 58582.000000000007 745.00000000000011 28.500000000000004 949.50000000000011 4 13863.000000000002 56586.000000000007 3519.5000000000005 615.00000000000011 20602.000000000004 18623.500000000004 53681.500000000007 2661.0000000000005 5 129.00000000000003 54452.500000000007 54294.500000000007 61741.500000000007 30436.500000000004
decision_type=9 9 9 10 9 10 10 8 8 10 8 10 8 8 8 9 10 8 10 10 10 8 8 10 9 10 10 8 10 8
left_child=-1 -2 -3 4 11 -5 24 8 27 -9 25 13 -13 -4 17 23 22 19 -14 20 -15 -20 -17 -16 -6 -11 -10 -8 -29 -26
right_child=1 2 3 5 6 -7 7 9 26 10 -12 12 18 14 15 16 -18 -19 21 -21 -22 -23 -24 -25 29 -27 -28 28 -30 -31
leaf_value=-0.046481941035141257 -0.033727864766362477 0.027791546663525558 0.0065519680286105376 -0.019104234878004188 0.0071915644138242961 -0.051710145741914439 0.02511607641289626 0.032557977203895493 0.0014366251456227564 -0.018157067348544956 -0.029548594827472702 -0.095395822372564082 0.036086596142139098 0.011535485313270324 -0.022754546659090009 -0.14607077404029112 -0.26758420160440538 -0.033019620507739759 -0.023416362434940441 4.0393102516306443e-05 0.050222927687283016 0.041454563589225446 -0.050542737144110145 0.050926230856293102 -0.006864902542966872 0.051917201674915148 -0.049274237029885835 0.049689481631444959 -0.017539700280964243 -0.00025824163577690696
leaf_weight=44.944277097471058 20.541387480450794 21.062569862231612 595.46271558105946 42.967354982160032 31.20145919919014 14.659877538448198 4.0513298539444778 1.6577123100869373 1.5637134579010337 0.72012551128864266 4.810302387457341 0.52710257703438124 9.4707663392182422 11.426869014045225 0.97087813308462501 0.28797160834073832 0.15327933616936196 2.4033509446308008 2.1525881970301284 15.534007485490291 3.0998394812922916 0.89324694499373425 6.0927655911073089 0.88043938018381596 20.386284292675555 0.9040391631424427 1.0778971416875718 11.012347005773334 0.73534396430477578 3043.9960089707747
leaf_count=607 7149 5481 3127 421 307 2118 517 40 147 31 108 9 1477 1457 55 2 2 163 150 1454 786 77 1066 113 397 26 69 1257 92 21295
internal_value=-9.66536e-05 0.000560583 0.000830419 0.00061011 0.0010397 -0.0273989 -3.16619e-05 0.0200085 0.0317336 -0.00671094 -0.0168278 0.00619083 0.0213212 0.00588067 -0.00390487 -0.0439194 -0.0598444 0.00643072 0.0262364 0.00958477 0.019791 -0.00439178 -0.0548541 0.0122862 -0.00020343 0.0208475 -0.0192557 0.0402591 0.0454813 -0.000301211
internal_weight=3915.65 3870.7 3850.16 3829.1 3771.47 57.6272 3122.12 26.5328 18.4406 8.09218 6.43447 649.356 13.0437 636.312 40.8494 8.38533 6.53402 32.4641 12.5166 30.0607 14.5267 3.04584 6.38074 1.85132 3095.58 1.62416 2.64161 15.799 11.7477 3064.38
internal_count=50000 49393 42244 36763 34224 2539 24286 2287 2082 205 165 9938 1713 8225 5098 1238 1070 3860 1704 3697 2243 227 1068 168 21999 57 216 1866 1349 21692
cat_boundaries=0 35 36 37 38 39 42
cat_threshold=0 0 0 0 0 0 0 0 0 0 0 0 0 0 0 0 0 0 0 0 0 0 524288 0 0 0 0 0 0 2 0 0 536870912 8192 4 8 2147483648 1 4 0 0 4194304
is_linear=0
shrinkage=0.05


Tree=112
num_leaves=31
num_cat=6
split_feature=30 13 1 1 18 12 16 6 6 11 9 4 10 9 3 9 11 8 3 7 7 3 3 3 11 8 8 19 9 4
split_gain=189.677 33.4114 13.3233 5.79323 4.41989 7.52046 4.69605 2.14023 5.31823 2.13231 5.86536 2.43803 2.04513 7.73625 6.78271 3.47094 5.03165 4.21377 2.21293 4.446 2.19169 1.92251 1.98002 3.96711 1.77475 2.54515 1.67589 1.52628 1.22202 6.09272
threshold=0 47.500000000000007 1 2 3 4.5000000000000009 4 286.50000000000006 5693.0000000000009 9.5000000000000018 17985.000000000004 479.50000000000006 10.500000000000002 100.50000000000001 58830.500000000007 19380.500000000004 3.5000000000000004 1007.5000000000001 25381.000000000004 2635.0000000000005 2552.5000000000005 50536.500000000007 26848.000000000004 35597.500000000007 7.5000000000000009 881.50000000000011 784.50000000000011 5 28564.500000000004 264.00000000000006
decision_type=9 8 9 9 9 8 9 8 10 10 10 8 10 8 8 8 8 10 8 8 10 10 8 8 8 10 10 9 8 8
left_child=-1 -2 -3 -4 28 -6 7 26 24 12 -11 -12 13 14 -8 16 21 18 -18 -20 -19 22 -15 -24 -9 -26 -7 -27 29 -5
right_child=1 2 3 4 5 6 9 8 -10 10 11 -13 -14 15 -16 -17 17 20 19 -21 -22 -23 23 -25 25 27 -28 -29 -30 -31
leaf_value=-0.061348171122594081 0.012943522434651003 -0.033352177756798211 -0.026102260214989154 0.020837882935774828 -0.053068203077858936 -0.024324817392752707 -0.014073828294609901 -0.031422475039608141 -0.018364341229772447 -0.01824276932469995 -0.059169812039985496 0.031862167422273671 -0.036997553096017509 0.093627980319660908 -0.082909823630809301 -0.00012746150310274695 0.044764592558490322 -0.054009716275074095 -0.042251400611344199 0.00083729283881716222 0.0073437158681602501 0.0057996980679541647 -0.057775094348176563 0.02514287406358991 0.027363089858940481 -0.069142064322008562 0.025945481395273001 0.0050859414634155898 0.00042914788536053798 -0.053045950262340491
leaf_weight=112.45830941479653 578.21626213518903 19.86399377300404 10.802655332838185 53.216162095312029 6.643719119951129 5.8977946797385794 13.610874474048616 1.4567633941769598 9.0948194591328484 42.354521518107504 0.80019144155084809 9.1000223378650844 3.7216333989053956 0.99536830186843772 4.8551005357876411 2798.7712141238153 1.3543386980891252 1.4846214987337578 12.098978152498605 11.850155773805453 74.464050013571978 21.846435859799385 1.4935425594449032 42.211130363866687 48.646492338273674 1.023191106505692 2.3062168741598725 2.1429693584796032 13.950060844887046 2.9447092348709694
leaf_count=974 3551 7149 2760 3003 191 456 118 9 522 728 11 925 102 4 61 14985 8 18 344 704 1089 167 10 1378 9730 21 229 251 473 29
internal_value=-9.82561e-05 0.00187235 -0.000110504 0.00019953 0.000369978 7.18044e-05 0.000185498 0.0120997 0.0169725 -0.000130337 -0.0101439 0.0245044 4.43012e-05 9.04837e-05 -0.0321723 0.000291309 0.00727613 0.000256869 -0.0174146 -0.0209309 0.0061444 0.0179561 0.0238974 0.0223093 0.0230056 0.0245359 -0.0101934 -0.0189019 0.0119671 0.0169639
internal_weight=3909.68 3797.22 3219 3199.14 3188.34 3118.22 3111.58 70.5682 62.3642 3041.01 52.2547 9.90021 2988.76 2985.04 18.466 2966.57 167.799 101.252 25.3035 23.9491 75.9487 66.5465 44.7 43.7047 53.2694 51.8127 8.20401 3.16616 70.1109 56.1609
internal_count=50000 49026 45475 38326 35566 32061 31870 11218 10533 20652 1664 936 18988 18886 179 18707 3722 2163 1056 1048 1107 1559 1392 1388 10011 10002 685 272 3505 3032
cat_boundaries=0 35 36 37 39 40 41
cat_threshold=0 536870912 0 0 0 0 0 0 0 0 0 0 0 0 0 0 0 0 0 0 0 1048576 30156336 128 256 0 1073741824 2147483648 268435456 2 2147483648 0 536870912 8326 391 8 2 32768 1573888 16 1
is_linear=0
shrinkage=0.05


Tree=113
num_leaves=31
num_cat=9
split_feature=1 17 3 13 3 11 3 10 17 4 7 23 7 11 23 8 9 11 7 10 9 17 9 3 17 17 7 4 0 3
split_gain=12.7186 13.1586 4.59352 11.0169 6.05759 5.88823 5.43603 4.52241 3.57845 9.83726 6.07708 3.29801 7.16971 3.49949 3.49725 2.91299 7.65512 3.07061 7.54438 3.06506 2.40162 2.41337 3.82111 2.74571 2.24579 3.77769 6.63703 4.17615 2.06953 2.01264
threshold=0 1 61401.500000000007 30.500000000000004 48232.500000000007 2.5000000000000004 50695.000000000007 1.5000000000000002 2 137.50000000000003 304.00000000000006 3 363.00000000000006 5.5000000000000009 4 421.50000000000006 954.50000000000011 56.500000000000007 19499.500000000004 28.500000000000004 230.50000000000003 5 1538.0000000000002 51624.500000000007 6 7 1884.5000000000002 444.00000000000006 8 42336.500000000007
decision_type=9 9 10 10 8 10 8 10 9 10 8 9 8 8 9 10 10 10 10 10 10 9 8 8 9 9 10 8 9 8
left_child=-1 8 3 4 5 7 -6 -3 -2 10 -10 -12 -13 -14 -15 16 -16 18 19 29 21 -8 23 -23 -22 -26 27 -27 -4 -17
right_child=1 2 28 -5 6 -7 20 -9 9 -11 11 12 13 14 15 17 -18 -19 -20 -21 24 22 -24 -25 25 26 -28 -29 -30 -31
leaf_value=-0.032976703663119535 0.0288218307890818 0.0067861927331933766 -0.05531179180896937 -0.0509665493214881 0.023319575894674566 -0.044499484471911883 0.011261515516387641 -0.057858872591383829 -0.06029776883315513 -0.066656524783839377 -0.017316876271717414 0.18829195630510026 0.023943422437739656 0.026085081580860193 0.0029581897593299257 -0.027798061643049501 -0.05190672171119462 -0.17426235603861026 0.037737455600355151 -0.10205669807282328 -0.024611595968271321 0.022434734758342387 -0.00013970317647654573 -0.050783217517763483 0.0031068358154862914 0.0077516000475226559 -0.045664229104763698 -0.052110413217394902 0.030800408797472725 0.0062344873588349187
leaf_weight=19.215993537567556 24.283213934162632 17.230423236265782 5.2873144736513495 10.778910404886117 24.522760724648833 15.145759767852722 36.400482716038823 3.2093714848160735 2.9518001377582541 4.1933324709534636 2.8076997473835945 0.58509264886379142 50.728058620356023 12.810495464131236 47.576017720624804 5.261874472955248 7.338389423210173 0.2196388840675344 19.175722903339192 0.74956019222736259 7.0649458654224873 1.6215344071388234 3441.5987992561422 6.0871456074528396 72.598959431052208 18.271343021187935 14.287922237068413 3.4661995465867212 0.80379285011440416 24.911797583568841
leaf_count=7149 5572 163 128 2068 385 161 251 34 34 23 15 3 3285 2099 493 410 394 4 3033 3 65 13 19854 143 1052 173 231 220 45 2497
internal_value=-0.000110445 0.000136841 -0.000562242 -0.00049181 -0.00034322 -0.020872 -0.000141747 -0.00336411 0.0122024 0.0085481 0.0108371 0.0120567 0.0128098 0.0129605 0.00824064 0.00327805 -0.00437359 0.01228 0.0130978 -0.00218138 -0.0003015 -6.62731e-05 -0.000217832 -0.0353817 -0.00738887 -0.00366551 -0.015023 -0.00179381 -0.0439483 0.000299678
internal_weight=3901.18 3881.97 3678.38 3672.28 3661.51 35.5856 3625.92 20.4398 203.593 179.309 175.116 172.164 169.357 168.772 118.043 105.233 54.9144 50.3186 50.099 30.9232 3601.4 3485.71 3449.31 7.70868 115.689 108.624 36.0255 21.7375 6.09111 30.1737
internal_count=50000 42851 24986 24813 22745 358 22387 197 17865 12293 12270 12236 12221 12218 8933 6834 887 5947 5943 2910 22002 20261 20010 156 1741 1676 624 393 173 2907
cat_boundaries=0 1 3 5 6 7 9 11 13 14
cat_threshold=8 2147483907 6291464 2147483648 8 2 8192 0 8388608 0 8388608 8388608 1048576 4
is_linear=0
shrinkage=0.05


Tree=114
num_leaves=31
num_cat=9
split_feature=17 21 1 9 13 5 9 6 27 6 24 3 3 0 4 6 4 19 9 10 3 11 28 0 3 9 7 3 10 10
split_gain=15.9823 16.0749 11.6399 10.7908 12.4102 9.19342 9.59434 8.04733 7.66373 3.96058 3.09254 2.6549 2.19574 1.79624 2.36664 1.48881 1.14178 1.04943 0.879904 5.27273 0.853859 0.851886 0.830019 13.3024 1.5666 1.79984 3.54168 2.63053 2.53114 2.22627
threshold=0 1 2 100.50000000000001 2.5000000000000004 1.0000000180025095e-35 114.00000000000001 1681.0000000000002 3 1135.5000000000002 4 54800.000000000007 34059.000000000007 5 54809.500000000007 593.50000000000011 8051.0000000000009 6 1309.0000000000002 9.5000000000000018 46690.500000000007 10553.500000000002 7 8 51488.000000000007 21228.000000000004 234.50000000000003 54800.000000000007 10.500000000000002 16.500000000000004
decision_type=9 9 9 8 8 10 8 8 9 10 9 10 10 9 8 10 8 9 10 8 10 8 9 9 10 10 8 10 8 10
left_child=18 9 -3 8 -5 6 11 -8 -4 13 -11 -6 16 14 -2 22 -10 -7 20 -20 -1 -14 -9 -24 -25 26 -26 -27 -28 -29
right_child=1 2 3 4 5 17 7 15 12 10 -12 -13 21 -15 -16 -17 -18 -19 19 -21 -22 -23 23 24 25 27 28 29 -30 -31
leaf_value=0.039978182265581967 0.04058662072607009 -0.032601704373018695 0.027229967330378708 -0.069723246004132586 0.028120436650674308 -0.04268107863133077 -0.049225624650838511 0.0069470313309275659 -0.048630249726211154 0.016543461467288134 -0.017561115059654572 0.082027841436305302 -0.026348939103618609 0.065594734878314298 -0.050636696454014286 -0.030005960027397818 -0.08713678816664866 -0.083541534915302806 0.1752645882068542 0.039508698802510678 0.020823504111927807 -0.059289069325737714 -0.051412270423949538 0.00011505461614981807 -0.052692951919091437 0.055885237707145152 -0.0013552793761575045 0.050367348533819779 -0.027768000087054902 -0.03829902780511233
leaf_weight=17.56246606470086 19.179432502714921 18.595962482970208 4.0708236694335938 6.4393663676455617 5.5785329416394216 5.9856310018803924 8.3733752463012916 31.099297039210796 3.6568949306383791 10.759859797079116 1.6627092063426943 3.8673473559319973 8.3693720316514355 7.735422961413863 0.73835561075247724 4.1720621865242711 4.0650952737778425 2.1308039352297765 0.78889283537864685 7.6620516059920174 8.7002145505975914 2.5641082571819416 12.636240968480706 3632.8937270994065 4.5439870934933415 2.63366043427959 44.153975552879274 1.0225972507614645 11.415521397721021 2.3007694156840444
leaf_count=4840 3698 7149 18 100 68 122 361 307 47 1219 7 33 95 55 134 163 36 14 4 553 391 84 489 27402 36 172 1673 176 409 145
internal_value=-0.000105836 -0.000448643 -0.000815443 -0.000574855 -0.000369803 -0.000251432 -0.00013683 -0.000263424 -0.0349267 0.0276995 0.0111595 0.0501913 -0.0484899 0.0451464 0.037205 -0.000154005 -0.0689013 -0.0534082 0.0296166 0.0521815 0.0336327 -0.034074 -0.000120729 -0.000198132 -2.37123e-05 -0.00765383 -0.0102517 0.0185614 -0.00678119 -0.0110165
internal_weight=3895.36 3860.64 3820.57 3801.97 3779.25 3772.81 3764.69 3755.25 22.7263 40.0758 12.4226 9.44588 18.6555 27.6532 19.9178 3746.87 7.72199 8.11643 34.7136 8.45094 26.2627 10.9335 3742.7 3711.6 3698.96 66.0705 60.1135 5.95703 55.5695 3.32337
internal_count=50000 44212 39099 31950 31670 31570 31434 31333 280 5113 1226 101 262 3887 3832 30972 83 136 5788 557 5231 179 30809 30502 30013 2611 2118 493 2082 321
cat_boundaries=0 2 4 5 6 8 9 10 13 14
cat_threshold=2155872257 8 1077068288 8 8 2 0 16777216 1 1 0 0 4194304 2
is_linear=0
shrinkage=0.05


Tree=115
num_leaves=31
num_cat=6
split_feature=24 19 1 17 3 5 8 3 9 17 9 3 17 9 4 10 8 8 8 8 7 8 3 7 3 13 13 13 13 4
split_gain=20.3143 25.2672 11.5656 10.6382 5.52369 4.18629 3.24958 5.25943 2.66301 2.3652 4.60772 4.25262 2.32345 9.25443 22.3858 6.99721 6.71302 3.07528 2.65218 37.1373 2.47858 2.30025 9.56496 8.37996 2.05247 7.51094 34.6527 285.239 150.023 1.62053
threshold=0 1 2 3 60518.000000000007 202.00000000000003 59.500000000000007 43593.500000000007 1798.0000000000002 4 245.50000000000003 1500.5000000000002 5 903.50000000000011 59032.500000000007 27.500000000000004 498.50000000000006 559.50000000000011 1109.5000000000002 702.50000000000011 8240.0000000000018 507.50000000000006 40268.000000000007 2481.5000000000005 55990.500000000007 38.500000000000007 4.5000000000000009 8.5000000000000018 431.50000000000006 444.00000000000006
decision_type=9 9 9 9 10 10 8 8 10 9 8 10 9 10 8 8 10 10 8 10 10 8 10 8 8 10 8 10 8 10
left_child=-1 5 -3 12 6 -2 9 8 -8 11 -11 -5 13 14 18 17 -16 -15 19 -4 -17 22 -9 -23 -25 26 -26 28 -28 -30
right_child=1 2 3 4 -6 -7 7 21 -10 10 -12 -13 -14 15 16 20 -18 -19 -20 -21 -22 23 -24 24 25 -27 27 -29 29 -31
leaf_value=0.032965874969542001 -0.064229468260008915 -0.032227435053766004 -0.44980441612652566 0.051037035588531267 -0.045497363059695518 0.027129574157226322 -0.0090606095110458678 -0.058237887281907021 -0.048436873683904452 -0.059565303313479902 0.0046797141926098506 0.010904273917549922 0.026322143518715587 -0.0068864976674962875 -0.048151907755188225 -0.11048125000500049 0.031858998874570617 0.027289165731799032 -0.076217528888304464 -0.020713414355653569 -0.021997035944925605 -0.055272923243606512 -0.00014438380812544749 0.010114476284489445 -0.064360061667306873 -0.05043086239108352 0.031157325439006935 -0.054150622712243392 -0.00025218938438139433 -0.027598814274913338
leaf_weight=35.894660528050736 17.797876800876114 18.002549165161327 0.78988856449723055 10.044941872358324 6.7905808635987333 1.3489474020898331 8.8483506431803125 8.8593979142606241 8.3418365716934186 2.973270625807344 45.50593726336956 19.251624966040254 32.842739948770031 7.6776890032924703 3.9607026427984238 0.98710523545741935 7.7536074826493859 46.145908107981086 0.96139601618051518 1.3944712821394203 3.992367441765964 6.9203626979142419 35.38611957244575 47.597329708747566 20.939870244357735 7.4673559772782019 437.74680176842958 226.11020148452371 2812.8846318582073 5.4278434710577121
leaf_count=5509 450 7149 9 68 172 17 95 82 87 57 340 157 5784 467 122 4 394 4828 28 74 129 96 323 824 280 1982 2389 1773 15435 876
internal_value=-0.000104167 -0.000496341 -0.000211618 2.37136e-05 -0.000442163 -0.057793 -0.000360764 -0.000577637 -0.0281686 0.00975162 0.000613056 0.0183881 0.0149014 0.00727185 -0.026995 0.0171681 0.00480667 0.0224142 -0.14542 -0.175877 -0.0395377 -0.00044623 -0.0117766 -0.000305611 -0.000198704 -0.000338533 -0.000231755 0.000153878 0.00392494 -0.000304857
internal_weight=3890.65 3854.75 3835.6 3817.6 3711.1 19.1468 3704.31 3626.53 17.1902 77.7758 48.4792 29.2966 106.506 73.6631 14.8601 58.8031 11.7143 53.8236 3.14576 2.18436 4.97947 3609.34 44.2455 3565.09 3558.17 3510.58 3503.11 3482.17 3256.06 2818.31
internal_count=50000 44491 44024 36875 25036 467 24864 24242 182 622 397 225 11839 6055 627 5428 516 5295 111 83 133 24060 405 23655 23559 22735 20753 20473 18700 16311
cat_boundaries=0 2 3 4 6 8 9
cat_threshold=0 16777216 1 8 2147483905 8 0 8388608 256
is_linear=0
shrinkage=0.05


Tree=116
num_leaves=31
num_cat=6
split_feature=30 30 13 1 9 12 16 12 6 10 8 8 6 8 7 3 4 19 3 3 6 6 8 8 11 28 6 7 12 8
split_gain=156.38 21.8396 29.7127 11.2018 6.55636 2.70152 2.04885 3.44511 2.0741 1.91264 1.52549 3.1857 2.27082 2.20193 2.86738 2.57335 1.23133 1.13642 1.05645 1.02104 4.49179 1.70907 1.95365 0.915599 4.42669 0.777887 0.742375 1.36503 1.35508 2.9929
threshold=0 1 232.50000000000003 2 17691.000000000004 12.500000000000002 3 4.5000000000000009 721.00000000000011 8.5000000000000018 450.50000000000006 325.50000000000006 547.00000000000011 1503.5000000000002 35679.500000000007 54228.000000000007 105.50000000000001 4 53525.500000000007 44588.000000000007 87.000000000000014 221.50000000000003 562.50000000000011 1018.5000000000001 29.500000000000004 5 7566.0000000000009 1411.5000000000002 362.00000000000006 476.50000000000006
decision_type=9 9 8 9 10 8 9 8 10 8 10 10 10 10 10 10 10 9 8 10 8 10 10 8 8 9 8 10 8 10
left_child=-1 -2 5 -4 6 -3 8 -8 9 18 11 12 -6 23 -15 -16 17 -10 -5 20 -11 -22 -23 -12 -25 -9 27 -21 29 -28
right_child=1 2 3 4 10 -7 7 25 16 19 13 -13 -14 14 15 -17 -18 -19 -20 26 21 22 -24 24 -26 -27 28 -29 -30 -31
leaf_value=0.066082381244300312 0.042522058741951425 -0.011829078026395361 -0.031854150943855748 -0.028250141090498955 -0.008748786172800534 -0.037043155985860041 -0.05117309303738387 0.0067102091216854152 0.050347270513055334 -0.060767219997890531 0.049033864941455368 0.048831239410575371 -0.1126320367206928 0.045910444120382282 0.011031875868528662 -0.058367551130508233 -0.076016002234001401 -0.0075638580088956747 0.0053354378322164747 -0.0041880639960047922 0.040349374783637808 -0.019852223923325349 0.050280844245504455 0.050288667987738046 -0.14302288828440271 -0.00022351459887791451 0.066098029861449276 0.031387766398289198 -0.019827791660438698 -0.010086593548116812
leaf_weight=77.263764724135399 17.855884730815887 574.51870836585294 17.434467778075486 3.353752747178075 1.8207133444957464 10.823481518309562 3.3096277439035475 31.000861585140228 0.90095027722418308 1.3823824874125419 10.77586830034852 1.745605733245611 0.7398075908422469 4.2359964018687588 5.4859328782185912 1.765673693269491 0.61973844468593675 14.18336306791752 7.7571282815188178 4.0802429942414147 15.289092838065704 2.8205017629079512 1.5325213707983492 1.4449216225184498 0.37248729169368822 3044.0486009619199 2.0088949128985405 7.9496440906077623 4.4136454178951698 3.5980442222207785
leaf_count=489 99 4667 7149 51 373 350 834 307 135 46 2288 183 3 432 231 73 5 1334 66 340 5076 178 290 258 2 22814 10 1315 524 78
internal_value=-9.75487e-05 -0.0016139 -0.00193408 -4.13517e-05 0.000232791 -0.0122953 1.78279e-05 -0.000186787 0.00792329 0.013694 0.0241552 -0.00325466 -0.0387636 0.0290567 0.0132263 -0.005866 -0.00694283 -0.00410496 -0.00480217 0.018465 0.0263485 0.0324796 0.00483876 0.0434971 0.0106685 -0.000132518 0.0109482 0.0193213 0.00089607 0.0172094
internal_weight=3874.53 3797.27 3779.41 3194.07 3176.64 585.342 3148.25 3078.36 69.8899 54.1859 28.387 4.30613 2.56052 24.0809 11.4876 7.25161 15.7041 15.0843 11.1109 43.075 21.0245 19.6421 4.35302 12.5933 1.81741 3075.05 22.0505 12.0299 10.0206 5.60694
internal_count=50000 49511 49412 44395 37246 5017 33403 23955 9448 7974 3843 559 376 3284 736 304 1474 1469 117 7857 5590 5544 468 2548 260 23121 2267 1655 612 88
cat_boundaries=0 40 78 79 80 81 84
cat_threshold=0 0 16384 0 0 0 0 0 0 0 0 0 0 0 0 0 0 0 0 0 0 0 0 0 0 0 0 0 0 0 8388608 0 0 0 0 3544186880 2955827780 85 4194304 1152 0 0 0 0 0 0 0 0 0 0 0 0 0 0 0 0 0 0 0 0 0 0 0 0 0 0 0 0 0 0 0 0 0 0 0 142606336 67118113 160 8 16 4 0 0 4194304
is_linear=0
shrinkage=0.05


Tree=117
num_leaves=31
num_cat=7
split_feature=24 24 1 13 13 12 17 12 11 7 7 11 3 3 10 4 3 9 14 4 11 8 9 3 16 27 27 3 3 10
split_gain=12.8481 18.5375 10.5638 158.63 43.2101 7.6416 6.97187 5.67095 4.66173 3.21104 8.02332 3.77784 3.43182 5.74586 6.61184 2.98632 5.38025 3.82228 3.68158 4.10183 3.02642 4.45536 7.52142 3.08467 1.46253 3.49522 2.73096 2.20761 1.29246 1.21263
threshold=0 1 2 10.500000000000002 127.50000000000001 12.500000000000002 3 1.5000000000000002 1.5000000000000002 19149.500000000004 1292.5000000000002 15.500000000000002 61301.500000000007 50020.500000000007 3.5000000000000004 4330.5000000000009 53302.500000000007 1286.0000000000002 10640.000000000002 2603.0000000000005 9.5000000000000018 414.50000000000006 17985.000000000004 65191.000000000007 4 5 6 58057.500000000007 45743.000000000007 14.500000000000002
decision_type=9 9 9 10 8 8 9 10 8 10 8 10 8 10 10 10 10 10 8 10 10 10 8 8 9 9 9 10 10 8
left_child=-1 -2 -3 4 5 7 -6 -4 24 10 12 -11 13 -10 -15 18 -17 -18 -12 20 21 22 -20 28 25 -8 -27 -26 -22 -14
right_child=1 2 3 -5 6 -7 8 -9 9 11 15 -13 29 14 -16 16 17 -19 19 -21 23 -23 -24 -25 27 26 -28 -29 -30 -31
leaf_value=-0.0415777113210586 0.032273718585203483 -0.031482089280720979 0.017923715470087375 -0.04624342351083547 0.025013275567172213 -0.031820339102359679 0.05220917960092826 -0.0061011375169409679 0.022354051618074397 0.044410115846334745 0.028778753329560831 -0.00076063626126093766 -0.034163651117373732 -0.046386566587106742 0.0018095917941022503 -0.055487571291330667 0.037323395916536571 -0.072285791565803836 -0.055234557351769048 -0.05023982730296013 -0.024438398509474879 0.0090721542913608511 -0.00023744332474615813 -0.041412525121953675 0.018310953904420765 0.012195191832654868 -0.035656600189023786 0.051840411881635906 -0.0020577228793061111 -0.089309172033153097
leaf_weight=8.5635345950722677 34.309710671193898 16.890500292880461 466.53921307995915 177.07551310490817 17.699851565063 8.2649867567233724 2.2949989940971136 25.927673468366265 9.7113218931481224 8.6689714929088968 10.996739685535429 9.9320308463647944 16.716143891215324 14.171782290562989 14.29284457862377 6.5019082063809019 3.7897794540040195 1.0066332714632151 6.23062336212024 4.0905158682726315 8.2697401428595168 131.0744871199131 2782.7238742327318 7.8653806410729876 25.493502912111584 5.2338767349720001 6.9290216062217933 6.0799938561394802 29.327778366394341 1.0601107901893581
leaf_count=42 5509 7149 2608 3424 5481 216 62 176 89 1252 56 596 389 172 203 97 77 20 284 861 129 5066 14902 197 190 23 91 50 571 18
internal_value=-8.07631e-05 0.000118749 -0.000253094 -3.24809e-05 0.0022211 0.0158587 3.94976e-05 0.0166588 -0.000182302 -0.000419971 -0.000546372 0.0202911 -0.0193056 -0.0108558 -0.022186 -0.000195549 -0.0258528 0.0143195 -9.8291e-05 -0.000205226 -0.00013621 6.30963e-05 -0.000360309 -0.0129374 0.0156107 -0.00259291 -0.0150653 0.0188101 -0.00698045 -0.0374523
internal_weight=3867.73 3859.17 3824.86 3807.97 3630.89 500.732 3130.16 492.467 3112.46 3066.43 3047.83 18.601 55.9522 38.1759 28.4646 2991.88 11.2983 4.79641 2980.58 2969.58 2965.49 2920.03 2788.95 45.4629 46.0314 14.4579 12.1629 31.5735 37.5975 17.7763
internal_count=50000 49958 44449 37300 33876 3000 30876 2784 25395 24979 23131 1848 871 464 375 22260 194 97 22066 22010 21149 20252 15186 897 416 176 114 240 700 407
cat_boundaries=0 2 4 5 6 7 8 9
cat_threshold=12 67108992 0 16777216 8 2147483648 32 1 2
is_linear=0
shrinkage=0.05


Tree=118
num_leaves=31
num_cat=4
split_feature=1 23 19 6 8 6 9 7 11 5 9 7 3 3 11 7 11 4 7 16 12 9 8 3 4 3 4 9 4 3
split_gain=10.2266 9.32531 6.18941 5.49273 5.3822 4.49566 3.06007 2.35529 3.20701 2.50929 8.23575 5.15204 5.58259 2.65558 4.04762 2.84602 2.38418 1.60901 1.52102 1.965 2.20175 1.41965 2.37583 2.72668 2.5016 2.45047 1.40432 1.29968 1.19921 1.10211
threshold=0 1 2 292.50000000000006 93.500000000000014 2161.5000000000005 4772.5000000000009 11927.000000000002 15.500000000000002 205.00000000000003 785.50000000000011 1943.5000000000002 57642.000000000007 50320.000000000007 3.5000000000000004 1876.5000000000002 39.500000000000007 136.00000000000003 2526.0000000000005 3 15.500000000000002 18336.500000000004 1305.0000000000002 60310.000000000007 23.500000000000004 53171.500000000007 137.50000000000003 21814.500000000004 8088.5000000000009 50279.000000000007
decision_type=9 9 9 10 8 10 8 10 8 8 8 8 8 8 8 10 8 10 8 9 8 10 10 10 10 8 8 8 10 10
left_child=-1 5 -3 4 18 -2 -7 9 21 26 13 12 -12 15 17 16 -11 -15 19 -4 -21 22 23 25 -24 -9 -6 -8 -26 -22
right_child=1 2 3 -5 7 6 27 8 -10 10 11 -13 -14 14 -16 -17 -18 -19 -20 20 29 -23 24 -25 28 -27 -28 -29 -30 -31
leaf_value=-0.031111488366563966 0.039002559280030165 -0.078818557816879103 0.00012447307517724575 -0.046179291324568529 0.00082581201113182841 0.049905983373173264 -0.026910749093317671 -0.061081996891723556 -0.0014455275403650039 -0.0253146252219206 -0.038792397715676032 -0.00023982545356601056 0.040090521320578512 -0.015173374789968695 -0.043516751941671851 0.18013395027692472 0.015859433560358821 0.041545346862371768 0.0033164857280633358 0.00017100593096732944 0.02459764459416075 0.050299521999106957 -0.11464439700675109 -0.10169055471021789 0.050509040720809285 0.0636356792644278 -0.052804834937045624 0.013355785171255347 -0.064052528312518883 0.045128559275850112
leaf_weight=16.36948437592946 26.724888717057183 2.4982341751456261 26.945955101866275 6.4539964478462926 1.8559975083917377 2.5198370213620338 5.6477585923857978 0.44790233857929562 14.162611765554177 6.7531536100432277 2.6672019716352251 3574.7104563479079 14.099111151881514 20.706847513094548 18.39635667973198 0.21331018209457475 7.3342865172307903 1.3307503731921304 44.02104976773262 7.8267731368541718 27.970180318923667 6.2090634959749877 0.6156102493405341 0.32857423927634943 0.69193383026868083 3.2637555156834424 3.5655121770687401 3.1060454985126862 0.34101465344429016 8.5299350507557374
leaf_count=7149 4184 22 283 280 28 378 324 42 930 115 182 26466 931 467 534 4 1606 15 332 82 3497 1177 4 38 72 215 210 255 2 176
internal_value=-8.02652e-05 0.000132695 -0.000143425 -9.2071e-05 -1.36509e-05 0.0220338 0.001353 -0.000347134 0.014631 -0.000454028 -0.000403487 -0.000110131 0.0275417 -0.0196524 -0.0262021 -0.00113361 -0.00387834 -0.0117484 0.010624 0.0151373 0.0197744 0.0337676 0.0157238 0.0363642 -0.0348609 0.0485854 -0.0344449 -0.0126233 0.012688 0.0293956
internal_weight=3856.31 3839.94 3801.94 3799.44 3792.99 37.9985 11.2736 3677.69 26.0605 3651.63 3646.21 3591.48 16.7663 54.7347 40.434 14.3008 14.0874 22.0376 115.294 71.2728 44.3269 11.8979 5.68879 4.04023 1.64856 3.71166 5.42151 8.7538 1.03295 36.5001
internal_count=50000 42851 37710 37688 37408 5141 957 33038 2480 30558 30320 27579 1113 2741 1016 1725 1721 482 4370 4038 3755 1550 373 295 78 257 238 579 74 3673
cat_boundaries=0 1 2 3 4
cat_threshold=8 1351692 4 32
is_linear=0
shrinkage=0.05


Tree=119
num_leaves=31
num_cat=4
split_feature=21 1 5 17 6 6 9 3 9 11 7 9 8 11 9 8 10 7 7 8 11 4 0 14 14 13 8 3 3 9
split_gain=10.0772 9.6259 7.74283 10.546 3.74265 2.37479 2.8431 3.23687 3.07097 3.2077 1.83601 1.66221 1.87948 1.34941 1.20814 2.91771 1.20097 5.29018 2.59824 4.84662 7.52506 9.0523 1.42173 8.18412 4.42895 2.26701 2.09274 1.10406 1.10073 1.09411
threshold=0 1 1.0000000180025095e-35 2 2097.0000000000005 3527.0000000000005 80.500000000000014 33254.500000000007 14559.500000000002 26.500000000000004 30042.000000000004 1279.5000000000002 865.50000000000011 19.500000000000004 35708.500000000007 329.50000000000006 25.500000000000004 247.50000000000003 1899.5000000000002 606.50000000000011 5905.0000000000009 54809.500000000007 3 25097.500000000004 31118.000000000004 8.5000000000000018 2362.0000000000005 52500.000000000007 64804.000000000007 486.50000000000006
decision_type=9 9 10 9 10 8 8 10 10 8 10 10 8 10 10 8 10 8 8 10 8 8 9 8 10 8 10 10 8 8
left_child=4 -2 3 27 11 29 7 -7 13 -10 -11 -1 -13 16 -6 -16 17 -8 19 20 21 -19 23 25 -25 -20 -24 -3 -21 -5
right_child=1 2 -4 5 14 6 8 -9 9 10 -12 12 -14 -15 15 -17 -18 18 22 28 -22 -23 26 24 -26 -27 -28 -29 -30 -31
leaf_value=0.051711001827930453 -0.030742571380459573 0.038788315975997606 -0.050963630867130044 -0.052862362072545223 0.01157412144363029 -0.051816476576190089 0.018032510279265768 -0.0058767775109842234 0.038347399939603816 0.03110641256562266 -0.015717309350793119 0.029778956714995516 -0.070531740579896515 -0.034518869229747645 -0.10442245400610002 0.050516984334457074 -0.033720631655267307 -0.078088357852207246 -0.050622235464629628 -0.0036671248590875931 0.00778259401089244 -0.014032886017753486 -7.4842741907227804e-05 -0.043778353702690044 0.054932215298656301 0.011521655925310903 -0.026580377828218388 0.017051074077149481 0.026068875026200894 -0.01499941712698428
leaf_weight=15.70472864224576 15.870320958318189 23.184359730454165 7.4788552408572277 2.3725733533501598 7.2754637179896218 5.5537918927148011 39.353701766580343 12.384720946662126 10.55540147423744 3.0215199431404489 6.8167389372829348 6.9644942330196491 0.50052317860536266 2.8708934201858929 0.74776573479175534 0.51182725233957183 2.6743303705006829 8.8344353586435336 1.5579500640742479 5.0699340328574154 14.416286517865954 14.681446099653838 3569.1927687606076 15.576247625052931 1.2257784157991398 25.295511074364189 7.4625973175279787 7.8090225588530293 8.0591330574825406 9.7434508537407964
leaf_count=1690 7149 5505 154 60 790 69 355 144 1774 305 247 1823 70 111 3 54 24 70 139 262 200 552 25928 485 15 231 175 279 545 792
internal_value=-7.98555e-05 -0.000345555 -0.000138531 -3.8806e-05 0.024366 -0.00031239 -0.000241901 -0.0200998 -0.00014657 0.019203 -0.00133684 0.0424778 0.0230532 -0.000252754 0.00374685 -0.0414638 -0.000226262 -0.000202123 -0.000397581 -0.0115977 -0.0206604 -0.0380972 -0.000239613 -0.0092082 -0.036577 0.00791627 -0.000130146 0.0251854 0.014586 -0.0224138
internal_weight=3852.77 3821.06 3805.19 3797.71 31.7048 3766.72 3754.6 17.9385 3736.66 20.3937 9.83826 23.1697 7.46502 3716.27 8.53506 1.25959 3713.4 3710.73 3671.37 51.0612 37.9322 23.5159 3620.31 43.6555 16.802 26.8535 3576.66 30.9934 13.1291 12.116
internal_count=50000 45570 38421 38267 4430 32483 31631 213 31418 2326 552 3583 1893 29092 847 57 28981 28957 28602 1629 822 622 26973 870 500 370 26103 5784 807 852
cat_boundaries=0 1 2 4 5
cat_threshold=1077035008 8 2147483649 8 2
is_linear=0
shrinkage=0.05


Tree=120
num_leaves=31
num_cat=4
split_feature=30 13 24 0 1 9 12 11 7 10 9 9 4 10 4 3 11 10 10 7 8 10 8 8 4 3 3 11 9 3
split_gain=147.133 18.2919 16.4573 24.2199 9.37964 3.43533 2.17612 10.6366 1.83865 2.77276 3.12347 2.48225 8.19914 5.56229 7.95712 6.41635 3.96936 4.13997 7.55472 3.34085 4.76764 16.1273 3.22879 9.82971 2.29916 2.11422 1.87128 2.98742 2.32768 1.99786
threshold=0 418.50000000000006 1 2 3 172.00000000000003 33.000000000000007 1.0000000180025095e-35 21664.000000000004 23.500000000000004 4261.5000000000009 708.00000000000011 50212.500000000007 4.5000000000000009 49156.000000000007 50020.500000000007 1.5000000000000002 1.5000000000000002 2.5000000000000004 2583.0000000000005 659.50000000000011 5.5000000000000009 606.50000000000011 546.50000000000011 74.000000000000014 56366.000000000007 60672.000000000007 10.500000000000002 19019.500000000004 51756.500000000007
decision_type=9 8 9 9 9 8 8 8 10 8 8 8 8 8 8 8 10 8 8 8 10 10 8 10 10 10 8 10 10 10
left_child=-1 -2 -3 -4 -5 6 -6 -8 11 -10 -11 12 16 14 -13 19 25 -18 -19 20 21 -15 23 -14 -21 -7 29 -28 -29 -17
right_child=1 2 3 4 5 8 7 -9 9 10 -12 13 22 15 -16 26 17 18 -20 24 -22 -23 -24 -25 -26 -27 27 28 -30 -31
leaf_value=0.06525274161567339 -0.0095722974625672749 0.031087718791260977 -0.057864773369402933 -0.030375556051021282 -0.051010890952040158 0.025758598772842714 -0.037151946732554446 0.020563338053346241 0.042435485777298054 0.070867630114246669 -0.0099784580896087466 -0.048513937273891444 -0.11804403825231942 0.045379054130286159 0.038296802448620416 0.016529445947999526 -0.060177589618694433 -0.066492627710103502 0.011956528613806999 0.042001778176841822 0.037532968722771905 -0.52157057285794639 -0.01483997563281165 0.041265558178765732 -0.03422725298560781 -0.029984821827351172 -6.8982793364142256e-05 -0.035211348115653983 0.048188112984087941 -0.0014899288658678485
leaf_weight=74.299954824149609 596.58040124026593 31.931492281146348 18.258525077835657 15.391963615082204 1.375085836276412 12.802720425184814 9.2729326440021396 57.381658816942945 6.351661623455584 1.374414466321469 9.1368916763458401 3.0934578124433783 4.0575365014374229 0.45379506936297076 17.994352209381759 34.901337445015088 4.140984445810318 3.9028140194714069 14.362626871094113 1.0330639816820646 3.7776027617510408 0.17334868013858795 2.9516509547829637 1.2717564068734644 23.277513834880665 1.9616223396733392 2859.4157529161312 9.0420484729111159 0.92194046126678664 27.505027289967984
leaf_count=492 5721 5509 1528 7149 81 1351 122 3953 1258 10 562 111 56 165 1384 847 40 29 332 38 301 2 98 47 632 44 16510 217 168 1243
internal_value=-7.97603e-05 -0.00153478 -3.05608e-05 -0.000443868 -0.000110042 0.000136825 0.0112496 0.012534 -0.00011109 0.0163533 0.000592639 -0.00020281 -0.0117994 -2.60291e-05 0.0255622 -0.000208295 -0.00177598 -0.0150392 -0.00480586 -0.0237285 0.0163378 -0.111331 -0.0567919 -0.0800272 -0.0309879 0.0183524 2.20728e-05 -0.000164219 -0.0274946 0.00858757
internal_weight=3848.4 3774.1 3177.52 3145.58 3127.33 3111.93 68.0297 66.6546 3043.9 16.863 10.5113 3027.04 45.4517 2981.59 21.0878 2960.5 37.1708 22.4064 18.2654 28.7153 4.40475 0.627144 8.28094 5.32929 24.3106 14.7643 2931.79 2869.38 9.96399 62.4064
internal_count=50000 49508 43787 38278 36750 29601 4156 4075 25445 1830 572 23615 1997 21618 1495 20123 1796 401 361 1138 468 167 201 103 670 1395 18985 16895 385 2090
cat_boundaries=0 40 42 43 44
cat_threshold=0 0 16384 0 0 0 0 0 0 0 0 0 0 0 0 0 0 0 0 0 0 0 0 0 0 0 0 0 0 0 8388608 0 0 0 0 3552575488 2752404036 212 4194304 1152 0 16777216 1 8
is_linear=0
shrinkage=0.05


Tree=121
num_leaves=31
num_cat=9
split_feature=30 30 1 23 6 18 3 8 9 9 16 10 6 10 9 19 3 0 13 28 7 13 9 12 3 7 9 3 3 4
split_gain=140.651 118.553 9.17869 5.7893 2.18485 2.43307 0.77849 2.30892 2.05473 1.19079 0.757935 5.80941 2.0381 1.80692 1.87834 1.50923 1.90285 1.43682 10.88 6.22735 2.57027 1.5137 5.75016 2.53057 0.9085 0.803961 2.45511 3.11634 3.52392 5.56936
threshold=0 1 2 3 133.00000000000003 4 47075.500000000007 670.50000000000011 18623.500000000004 31884.000000000004 5 239.50000000000003 3520.5000000000005 23.500000000000004 20258.500000000004 6 38737.500000000007 7 28.500000000000004 8 24868.500000000004 147.50000000000003 16684.000000000004 14.500000000000002 50767.500000000007 1448.0000000000002 340.50000000000006 43002.500000000007 55192.000000000007 129.00000000000003
decision_type=9 9 9 9 10 9 10 10 10 8 9 8 8 10 8 9 10 9 10 9 10 8 10 10 10 8 8 8 8 10
left_child=-1 -2 -3 -4 5 -5 7 9 -8 -6 11 24 15 17 -15 16 -13 19 20 -12 21 23 25 -19 -7 -23 -27 -28 -29 -30
right_child=1 2 3 4 6 10 8 -9 -10 -11 13 12 -14 14 -16 -17 -18 18 -20 -21 -22 22 -24 -25 -26 26 27 28 29 -31
leaf_value=-0.059794035826482156 0.065302399742292003 -0.030010644187234054 0.025709796562545004 0.014581253147991514 -0.0085454941966414642 -0.00088139389901945595 -0.017097821325326692 -0.09076376287596849 0.041286028452551471 -0.06999694065309893 0.0059007770185679313 -0.093357559820313241 0.025646998354725406 -0.053647594690907179 -0.0073128837901592445 -0.040203913498676434 0.03258034714363691 0.0033018756917697041 -0.051110437604352993 -0.02811520716520698 0.038847586899491304 -0.0050821353795194972 0.052796699428966365 -0.033631019835643032 -0.044265999136570852 -0.055824199065232775 -0.020448470092396351 0.012838264630178113 0.00010129565483836113 -0.041620662058041241
leaf_weight=86.111287691630423 61.342114828526974 14.933419316308573 12.511761344969273 19.849553275853395 5.8523165131919104 1.6020791772752998 9.7572087193839234 1.2511141607537863 1.7822569627314795 0.91105683939531434 30.952519372105598 0.34611230250448022 21.931076851207767 3.0241283699870083 7.9040494845248768 2.2461993135511875 2.2482453999109566 504.21650361269712 10.246327663771806 12.158700547646729 4.3612927387002847 78.124705447815359 5.1510542768519363 4.6810752674937239 4.889296832960099 1.9641998633742321 18.345377147197723 54.33308860193938 2849.7876759858336 8.0211489452049118
leaf_count=848 410 7149 2119 280 388 14 847 22 196 21 307 27 7137 92 289 142 300 2858 2091 563 882 1072 778 78 125 63 544 1520 17907 931
internal_value=-6.59671e-05 0.00145921 0.000225389 0.000429169 0.000273181 0.000363313 -0.0163948 -0.0283659 -0.0080805 -0.0168233 0.000244611 0.00682465 0.0191657 0.000164928 -0.020135 -0.0101992 0.015779 0.000227315 0.000337831 -0.0088456 0.00048721 0.000439744 1.40934e-05 0.00296215 -0.0335586 -7.6217e-05 5.71479e-05 9.46031e-05 0.000224017 -1.58074e-05
internal_weight=3840.84 3754.73 3693.38 3678.45 3665.94 3646.38 19.554 8.01449 11.5395 6.76337 3626.53 33.263 26.7716 3593.27 10.9282 4.84056 2.59436 3582.34 3539.23 43.1112 3528.99 3524.62 3015.73 508.898 6.49138 3010.58 2932.45 2930.49 2912.14 2857.81
internal_count=50000 49152 48742 41593 39474 38000 1474 431 1043 409 37720 7745 7606 29975 381 469 327 29594 28724 870 26633 25751 22815 2936 139 22037 20965 20902 20358 18838
cat_boundaries=0 35 75 76 77 79 80 81 82 85
cat_threshold=0 1610612736 0 0 0 0 0 0 0 0 0 0 0 0 0 0 0 0 0 0 0 0 30172720 128 0 0 0 0 16 2 0 0 536870912 8324 132 0 0 16384 0 0 0 0 0 0 0 0 0 0 0 0 1024 0 0 0 0 0 0 0 0 0 0 0 0 0 0 8388608 0 0 0 0 1124073472 271216709 85 4194304 1152 8 8192 0 1572864 16 4 2 0 0 4194304
is_linear=0
shrinkage=0.05


Tree=122
num_leaves=31
num_cat=4
split_feature=1 13 8 16 7 9 4 6 3 27 27 4 9 4 4 3 7 12 3 11 6 9 9 11 10 4 12 10 10 6
split_gain=8.62986 4.75832 2.58648 2.28803 2.73846 4.13748 2.71678 2.22987 2.35176 1.85193 2.83228 1.36882 1.34022 4.13885 2.34375 1.59022 19.7863 6.35773 2.55172 2.17069 2.0434 4.62272 1.69502 10.0728 1.97813 4.59239 1.9904 1.06693 1.02719 1.01604
threshold=0 52.500000000000007 1011.5000000000001 1 20161.500000000004 37284.500000000007 4330.5000000000009 3635.0000000000005 51488.000000000007 2 3 129.00000000000003 157.00000000000003 416.00000000000006 67.500000000000014 54800.000000000007 1103.0000000000002 556.00000000000011 64849.500000000007 1638.5000000000002 732.00000000000011 296.00000000000006 3940982.0000000005 11.500000000000002 6.5000000000000009 57375.000000000007 362.00000000000006 26.500000000000004 12.500000000000002 294.50000000000006
decision_type=9 10 8 9 10 8 10 10 8 9 9 10 8 10 8 8 8 8 8 8 8 8 8 10 10 8 8 8 8 8
left_child=-1 2 3 9 6 -6 7 8 11 -2 -11 -5 14 15 -10 17 18 -14 19 -17 -18 -22 23 24 26 -26 -23 -12 -13 -19
right_child=1 -3 -4 4 5 -7 -8 -9 12 10 27 28 13 -15 -16 16 20 29 -20 -21 21 22 -24 -25 25 -27 -28 -29 -30 -31
leaf_value=-0.029648035906619619 0.0023919632174287434 -0.050191737391020008 -0.00015166262024955235 0.011562598932440844 0.050262031311186645 -0.015400803155403717 -0.049131097173405427 -0.023264113666429651 0.043382572818419535 0.029799731077997223 -0.039440887684169909 -0.014238171565481761 0.081003546305257634 -0.057166772834901139 0.0064712452174943112 -0.014684442136177032 0.043261024878613843 0.050438770820307371 -0.071369450157389505 -0.061044824969508117 -0.12610690583936074 -0.057356860122883768 0.0033538541206823594 -0.21625426446789217 0.039579111786041177 -0.020854708987066713 0.028497140585716892 -0.0027764089136932922 0.034916743419725768 -0.006412299201552462
leaf_weight=14.493744961568154 17.549825865775347 4.6926804438699028 3571.0027719892096 28.160127296345308 8.1395098040811682 3.4016305268742153 2.2211427725851527 6.1069712266325942 5.6960743293166187 2.226524543017149 9.3460994707420468 1.1603649463504551 3.2377370931208134 2.8456711233593515 17.554640561807901 6.7734185270965099 4.6825100337155163 0.87136364541947842 6.6320162303745738 4.025454926304521 0.62521578371524711 0.69056619703769684 43.787705808877945 0.45720076654106279 5.246631185524163 7.8422657060436913 30.114620604086671 2.518988784868271 12.641280401032416 8.0140537545084918
leaf_count=7149 108 1860 24567 1886 2144 452 26 365 42 63 204 24 14 77 320 128 934 141 135 49 5 7 331 22 63 325 2666 32 4999 862
internal_value=-6.41486e-05 0.000125468 0.000187714 0.00518386 0.00690148 0.0309086 0.005858 0.00647748 0.00742813 -0.0064187 -0.0219466 0.0178847 0.00448523 0.00244762 0.015514 0.00382683 0.00194694 0.0210201 -0.046958 -0.031966 0.0110693 0.00937115 0.0103322 0.0172218 0.0196537 0.00336994 0.0265725 -0.0316569 0.0307841 -0.000837102
internal_weight=3832.76 3818.27 3813.57 242.57 210.928 11.5411 199.387 197.166 191.059 31.6414 14.0916 41.9618 149.097 125.846 23.2507 123.001 110.878 12.1232 17.4309 10.7989 93.4467 88.7642 88.139 44.3513 43.8941 13.0889 30.8052 11.8651 13.8016 8.88542
internal_count=50000 42851 40991 16424 16017 2596 13421 13395 13030 407 299 6909 6121 5759 362 5682 4665 1017 312 177 4353 3419 3414 3083 3061 388 2673 236 5023 1003
cat_boundaries=0 1 2 3 4
cat_threshold=8 36 2 1
is_linear=0
shrinkage=0.05


Tree=123
num_leaves=31
num_cat=6
split_feature=1 24 19 5 3 13 3 9 14 8 11 8 13 8 0 14 14 12 3 7 8 2 13 0 8 10 10 3 7 8
split_gain=8.27491 14.7707 19.2059 4.19556 2.47035 8.63608 3.14806 2.99087 2.47371 1.99084 3.14628 2.69195 31.8155 9.35879 7.69206 8.73634 4.46118 2.23168 6.23387 3.78225 4.91615 2.07725 2.08229 2.03966 1.97114 2.26776 6.99132 1.59513 1.35817 1.37966
threshold=0 1 2 205.00000000000003 51525.000000000007 30.500000000000004 53220.000000000007 2965.0000000000005 14231.500000000002 1744.5000000000002 22.500000000000004 542.50000000000011 4.5000000000000009 655.50000000000011 3 5402.0000000000009 6154.0000000000009 4.5000000000000009 54739.000000000007 361.00000000000006 145.50000000000003 4 1807.5000000000002 5 59.500000000000007 5731.0000000000009 1.0000000180025095e-35 19185.500000000004 2276.0000000000005 1560.5000000000002
decision_type=9 9 9 10 8 10 8 10 10 10 8 10 8 10 9 8 8 8 8 10 10 9 8 9 8 8 10 10 10 10
left_child=-1 -2 3 -3 -4 6 7 28 9 11 -11 12 -8 -13 15 -14 -17 18 -16 20 21 22 -19 -20 25 26 -23 -26 -6 -30
right_child=1 2 4 -5 5 -7 8 -9 -10 10 -12 13 14 -15 17 16 -18 19 23 -21 -22 24 -24 -25 27 -27 -28 -29 29 -31
leaf_value=-0.029287914447794983 0.03023318118081697 -0.058540783315743777 0.0075622255092788679 0.042722776526684179 -0.051356576486771194 -0.050794349789988716 -0.063903406014049743 0.029637896929356696 0.018489059938050792 -0.031688482303908187 0.0070510138639159935 0.047937776422470477 0.0099662242086990052 0.0022559363090422445 0.070117462969899499 0.060737873717916113 -0.058677863784821364 -0.010312368374265923 -0.024892549301159875 -0.01954867398007697 -0.056227238985199816 -0.020063904434319931 -0.05027348725811092 0.0029804130079685133 -0.00013548138008105226 0.0027372661364519651 0.045036478787365351 0.017084931298400201 0.050473629775201506 -0.054630322322447203
leaf_weight=14.072044321568683 30.292535368585959 16.533182136714462 106.14436794468202 1.0903346957638849 6.5032082144170982 8.4068194674327952 19.501406289171427 1.7860303935594855 18.033127203583717 12.358841945882885 9.1006225743331033 12.842687164666129 9.2746666409075242 88.284798672189936 3.4460330018773666 0.82866945303976536 13.919154174625874 24.867739524692297 6.6349696195684373 25.18382068676874 3.893935775384306 6.1584073677659044 3.7517221667803851 608.91039941459894 2705.9963553547859 44.177733414340764 12.485054404474795 13.51491312170401 0.72359558939933755 0.54921283479779959
leaf_count=7149 5509 455 7581 12 137 2068 280 211 239 289 172 1052 100 3717 25 10 447 249 119 848 63 46 873 3762 13816 358 102 220 78 13
internal_value=-6.46391e-05 0.000119602 -0.000200446 -0.0522758 4.26333e-05 -0.000175376 -5.88758e-05 -0.0287103 1.63244e-05 -7.55678e-05 -0.0152597 1.48518e-05 -0.000217354 0.0080573 0.000139221 -0.0280563 -0.051968 0.000335035 0.00305541 -0.000257876 -8.52857e-05 -7.51375e-06 -0.0115242 0.00267997 0.000151822 0.00890858 0.0235322 -4.99026e-05 -0.042112 0.0051216
internal_weight=3829.27 3815.19 3784.9 17.6235 3767.28 3661.13 3652.73 9.56205 3643.17 3625.13 21.4595 3603.67 3502.54 101.127 3483.04 24.0225 14.7478 3459.02 618.991 2840.03 2814.85 2810.95 28.6195 615.545 2782.33 62.8212 18.6435 2719.51 7.77602 1.27281
internal_count=50000 42851 37342 467 36875 29294 27226 439 26787 26548 461 26087 21318 4769 21038 557 457 20481 3906 16575 15727 15664 1122 3881 14542 506 148 14036 228 91
cat_boundaries=0 1 3 4 5 6 7
cat_threshold=8 0 16777216 1 2 1 4
is_linear=0
shrinkage=0.05


Tree=124
num_leaves=31
num_cat=4
split_feature=30 1 23 6 6 12 19 7 4 13 9 3 3 10 9 9 3 13 9 12 3 7 11 8 13 11 5 3 12 10
split_gain=27.2491 8.17816 7.84976 5.46257 2.37385 3.17351 2.63886 4.01242 1.63003 2.9898 1.44913 1.33875 2.75663 1.133 1.21497 0.984662 2.46046 69.1755 3.82269 6.98687 5.21498 2.37145 11.4747 9.8551 1.7902 3.81895 1.85791 1.5623 1.04852 1.52307
threshold=0 1 2 293.50000000000006 726.50000000000011 16.500000000000004 3 17833.500000000004 49809.000000000007 91.500000000000014 33021.000000000007 34059.000000000007 34659.000000000007 15.500000000000002 2441.5000000000005 24648.500000000004 61386.500000000007 13.500000000000002 296.00000000000006 1.5000000000000002 43183.000000000007 1826.5000000000002 17.500000000000004 651.50000000000011 343.50000000000006 38.500000000000007 1.0000000180025095e-35 49473.500000000007 13.500000000000002 14.500000000000002
decision_type=9 9 9 8 10 10 9 10 8 10 10 8 8 10 10 10 10 10 10 10 8 8 8 10 8 8 10 8 8 10
left_child=-1 -2 10 -4 5 6 -5 8 9 11 -3 13 -13 14 -8 16 17 18 19 20 -14 22 23 -20 -22 -26 27 -27 -23 -30
right_child=1 2 3 4 -6 -7 7 -9 -10 -11 -12 12 15 -15 -16 -17 -18 -19 21 -21 24 28 -24 -25 25 26 -28 -29 29 -31
leaf_value=-0.040878027594656974 -0.028930454850706819 0.036508226132744723 -0.064101476180770542 -0.055580803851836405 -0.022553753090700804 -0.052404422542005072 -0.0078559930968848408 0.021808873025622521 -0.00014240954498153722 -0.050111557548754487 -0.086108739035738624 -0.080844969447667045 0.042833064276994431 0.047179278223490884 -0.04365029018726363 0.048214267782546741 -0.022047448301018693 -0.034127082713391176 -0.11025443600181964 -0.011506240360626127 0.012156584711039158 -0.030272151826535032 0.015796529688738341 0.0046898386211087053 0.010659683846970846 0.0062208389784865013 0.013296945896460244 -0.039734698203721212 0.0067366614158449302 -0.02411704171322189
leaf_weight=30.45994196087122 13.667466819635592 23.165025790687654 3.2856816693674773 2.0960353938862681 11.233550564385949 2.836187546607106 11.402044275077055 22.03762091929093 2904.504077793099 2.7022312275366849 0.24349376559257407 0.98258006596006353 13.360659372992812 0.76416132645681578 2.9930207345169046 1.1999325696378935 9.7717328225262445 107.09387042024173 4.5523494854569435 33.611909068189561 483.50911888107657 2.1932176388800144 11.404113467782738 3.158646821975708 37.951404171064496 2.3638135914225105 3.2617457956075659 8.4980852042790502 65.11853143083863 4.2616411452181628
leaf_count=441 7149 3133 119 105 833 221 366 3562 18321 1477 1 14 3500 34 92 8 483 1365 43 285 2508 65 470 133 405 983 36 1255 2447 146
internal_value=-6.18645e-05 0.000372677 0.000554704 0.000339162 0.000396485 0.000465389 0.000505495 0.000536956 0.000410758 0.00239393 0.0246867 0.00256964 0.00285126 -0.0121489 -0.0152983 0.00295519 0.00288645 0.00319868 0.00913614 0.0106227 0.0119776 -0.000412928 -0.0160584 -0.0631699 0.0112079 0.00239956 -0.0197961 -0.0297337 0.0037655 0.00484149
internal_weight=3823.68 3793.22 3779.56 3756.15 3752.86 3741.63 3738.79 3736.7 3714.66 810.155 23.4085 807.453 792.293 15.1592 14.3951 791.311 790.111 780.339 673.245 582.557 548.945 90.6885 19.1151 7.711 535.584 52.075 14.1236 10.8619 71.5734 69.3802
internal_count=50000 49559 42410 39276 39157 38324 38103 37998 34436 16115 3134 14638 14146 492 458 14132 14124 13641 12276 8972 8687 3304 646 176 5187 2679 2274 2238 2658 2593
cat_boundaries=0 35 36 37 38
cat_threshold=0 0 0 0 0 0 0 0 0 0 0 0 0 0 0 0 0 0 0 0 0 0 0 0 0 0 0 0 0 0 0 0 536870912 8192 4 8 565260 4
is_linear=0
shrinkage=0.05


Tree=125
num_leaves=31
num_cat=6
split_feature=30 30 24 13 6 9 1 4 18 12 9 7 4 11 8 8 3 10 9 12 9 10 0 14 11 3 9 8 14 4
split_gain=69.7596 35.3594 15.1459 18.0009 8.48278 8.42391 7.72817 3.88212 2.68114 3.36359 4.12873 2.4204 2.2183 1.87815 5.99159 1.44729 1.39802 2.04349 1.39849 1.35189 1.32512 1.32876 1.18627 7.14 4.86654 8.66203 8.0024 4.93282 2.3762 1.56201
threshold=0 1 2 335.50000000000006 115.50000000000001 1.0000000180025095e-35 3 479.50000000000006 4 21.500000000000004 17691.000000000004 2348.5000000000005 2603.0000000000005 5.5000000000000009 512.50000000000011 363.50000000000006 55937.000000000007 11.500000000000002 27186.500000000004 12.500000000000002 23922.000000000004 56.500000000000007 5 2942.0000000000005 8.5000000000000018 26848.000000000004 2552.0000000000005 598.50000000000011 486.00000000000006 129.00000000000003
decision_type=9 9 9 8 10 8 9 10 9 8 10 8 8 8 10 10 10 10 8 8 10 10 9 10 8 8 10 10 10 8
left_child=-1 -2 3 -3 5 -4 -7 8 15 -10 13 19 -6 14 -11 -8 17 22 -18 -9 -12 -22 23 28 25 26 -24 -27 -15 -26
right_child=1 2 4 -5 12 6 7 11 9 10 20 -13 -14 16 -16 -17 18 -19 -20 -21 21 -23 24 -25 29 27 -28 -29 -30 -31
leaf_value=0.067683001139286839 0.047479885952115566 -0.0073524871716829088 -0.043454184992951124 -0.072738783609981594 0.033983862227856869 -0.028575823353287268 0.031987112536634298 -0.052385267864541001 -0.037281678498069536 -0.0028441834373491796 0.044301592605126117 0.0035370547036091601 -0.071336161463839032 -0.051215619934722616 0.022765299242838447 0.00081327672441099455 -0.00931454923951156 -0.019934878664208785 -0.05373885867859686 0.035013620711059339 0.023384305220060297 -0.014781213701422762 -0.34728741172555 0.0055319515696653524 0.023750523806277832 -0.086807193482942774 -0.046562935649532178 -0.0080607551413995338 -0.0024612847066426326 0.00013698448501515441
leaf_weight=27.620811730623245 27.651136413216591 599.29726880486123 11.127669387962667 10.714141781907527 21.001069159246985 13.279204466962256 13.696237022057177 0.45621727965772152 6.0296179936267436 60.720950686372817 5.4344577521551427 14.017197777982799 0.51215548068284888 9.8674589358270151 36.609076145105064 5.1131443679332724 15.05062923487276 13.042797851376234 2.0079124374315134 14.668379665352404 10.380622421158476 2.9226843267679206 0.38837555237114685 28.767545491456985 7.0206032074056557 2.2575228326022652 0.51398628950119019 16.701973057352006 3.3468522662296882 2836.0183921284042
leaf_count=172 193 5494 155 1311 3517 7149 231 13 202 686 1322 608 5 427 2934 37 909 297 53 5102 1859 53 27 390 489 64 37 504 53 15707
internal_value=-6.87298e-05 -0.000739369 -0.00121885 -0.00836381 0.000186466 -2.80413e-05 0.000126925 0.00034061 0.000169622 2.59131e-05 9.97269e-05 0.0185052 0.0314766 -4.48588e-05 0.0067884 0.0153513 -0.000271464 -0.000188027 -0.0145436 0.0323773 0.0234979 0.0149995 -9.93643e-05 -0.00844329 2.29918e-05 -0.0246407 -0.175994 -0.0174372 -0.0388674 0.000195296
internal_weight=3816.24 3788.62 3760.96 610.011 3150.95 3129.44 3118.31 3105.03 3075.89 3057.08 3051.05 29.1418 21.5132 3032.31 97.33 18.8094 2934.98 2917.93 17.0585 15.1246 18.7378 13.3033 2904.88 41.9819 2862.9 19.8619 0.902362 18.9595 13.2143 2843.04
internal_count=50000 49828 49635 6805 42830 39308 39153 32004 26281 26013 25811 5723 3522 22577 3620 268 18957 17995 962 5115 3234 1912 17698 870 16828 632 64 568 480 16196
cat_boundaries=0 40 80 82 83 85 86
cat_threshold=0 0 16384 0 0 0 0 0 0 0 0 0 0 0 0 0 0 0 0 0 0 0 0 0 0 0 0 0 0 0 8388608 0 0 0 0 33554432 16384 80 4194304 1024 0 0 0 0 0 0 0 0 0 0 0 0 0 0 0 0 0 0 0 0 0 0 0 0 0 0 0 0 0 0 0 0 0 0 0 1224736768 5220 36 16777728 2176 8388612 67108992 8 0 1572864 2
is_linear=0
shrinkage=0.05


Tree=126
num_leaves=31
num_cat=4
split_feature=30 0 14 23 7 13 6 13 13 9 9 8 3 8 11 2 7 3 12 4 10 9 11 3 7 8 7 9 11 4
split_gain=37.077 7.63301 14.0939 4.54134 2.4872 2.31715 3.81363 2.43911 17.6149 1.65198 2.58743 2.1937 2.14195 1.74052 4.01987 1.51836 2.68626 1.95325 1.92386 4.02432 4.50239 1.87367 1.49874 3.4063 4.36244 2.26523 2.54764 1.66679 1.46144 2.03426
threshold=0 1 3346.0000000000005 2 13863.000000000002 2201.5000000000005 3629.5000000000005 127.50000000000001 16.500000000000004 44731.000000000007 34607.500000000007 1560.5000000000002 60518.000000000007 498.50000000000006 39.500000000000007 3 3805.5000000000005 54380.500000000007 286.50000000000006 84.000000000000014 30.500000000000004 5317.0000000000009 7.5000000000000009 55990.500000000007 4471.0000000000009 615.50000000000011 541.00000000000011 1661.0000000000002 749.50000000000011 56083.000000000007
decision_type=9 9 10 9 10 8 10 8 10 10 10 10 10 8 8 9 10 8 8 10 8 10 8 10 10 10 10 10 8 8
left_child=-1 2 -2 -3 5 7 15 8 -5 10 12 -12 -6 14 -11 16 -7 28 -19 21 -21 22 25 24 -24 -20 -27 -25 -17 -30
right_child=1 3 -4 4 9 6 -8 -9 -10 13 11 -13 -14 -15 -16 17 -18 18 19 20 -22 -23 23 27 -26 26 -28 -29 29 -31
leaf_value=-0.044166666816568168 -0.045477612099580567 0.023912228796359191 0.0055878176529695796 0.0065428623710141022 0.03484075573669683 -0.023166589914378515 -0.053635588959147384 -0.050089252399292399 -0.020068723462332017 -0.30405394448503648 0.010519582232333218 -0.11351628131383229 -0.0123960907890301 0.0078109370576869164 -0.025159933105688061 0.0031550865236238696 0.034193120082192184 -0.024456697836905829 0.00091512806929627691 -0.075610171242724955 0.011387451920792506 -0.026826385606068062 3.0830690959732865e-05 -0.068197050328183781 -0.047698994135995466 0.083099894710754074 0.01476561465666873 -0.0053962306829845215 0.019296800983651989 -0.031030911484855064
leaf_weight=37.047161460854113 25.211412756587379 11.090938612818718 29.117067405721173 544.00493114860728 16.236150408163677 17.933879944728691 3.3160559395328155 2.1306148786679833 70.209616442560218 0.14086814410984516 0.85754678444936761 0.61006366042420268 2.8161138726864001 7.4321338571608075 1.5603106892667682 92.302248001098633 2.3032949529588214 8.1085590822622162 57.237059747800231 3.6742437677457929 2.4984918325208119 6.4857318829745045 2800.5560270026326 2.7233275249600402 4.7954886741936198 1.4379603266716028 26.502612899523228 1.7262791600078342 28.512405156856406 2.159958876669406
leaf_count=607 6961 2119 1058 2930 2915 2383 141 1364 1374 11 181 83 451 360 229 2217 351 164 1331 67 135 224 14896 52 57 6 2007 23 5279 24
internal_value=-5.33727e-05 0.000495423 -0.0181094 0.000768514 0.000633103 0.00051855 -4.44326e-05 0.00331569 0.00350095 0.0150575 0.0229309 -0.0410403 0.0278587 -0.00263178 -0.0482541 1.36628e-05 -0.0111356 0.000124152 -0.000135777 -6.79527e-05 -0.0403968 1.78451e-05 7.79853e-05 -0.000120092 -5.0759e-05 0.00661208 0.0182824 -0.0438327 0.00629719 0.0157527
internal_weight=3810.74 3773.69 54.3285 3719.36 3708.27 3678.62 3062.27 616.345 614.215 29.6532 20.5199 1.46761 19.0523 9.13331 1.70118 3058.96 20.2372 3038.72 2915.75 2907.64 6.17274 2901.46 2894.98 2809.8 2805.35 85.1776 27.9406 4.44961 122.975 30.6724
internal_count=50000 49393 8019 41374 39255 35025 29357 5668 4304 4230 3630 264 3366 600 240 29216 2734 26482 18962 18798 202 18596 18372 15028 14953 3344 2013 75 7520 5303
cat_boundaries=0 35 36 37 38
cat_threshold=0 0 0 0 0 0 0 0 0 0 0 0 0 0 0 0 0 0 0 0 0 0 524288 0 0 0 0 0 0 2 0 0 536870912 8192 4 2 8192 1
is_linear=0
shrinkage=0.05


Tree=127
num_leaves=31
num_cat=4
split_feature=17 13 1 10 3 9 4 6 8 6 4 11 10 19 14 0 11 3 3 10 7 8 7 8 3 4 11 11 7 4
split_gain=10.5881 29.1974 6.93648 2.88264 2.84376 1.60711 3.61026 6.32572 3.48734 2.18959 1.56748 1.37722 5.51166 2.17094 1.08303 9.407 1.50486 2.00678 1.22449 2.7725 1.22335 1.04734 3.712 8.75787 4.01602 1.58111 20.0805 2.34385 1.10929 5.24528
threshold=0 4.5000000000000009 1 15.500000000000002 54228.000000000007 605.50000000000011 264.00000000000006 1009560.0000000001 592.50000000000011 3519.5000000000005 137.50000000000003 18.500000000000004 7.5000000000000009 2 26178.000000000004 3 10.500000000000002 56366.000000000007 34059.000000000007 16.500000000000004 21113.000000000004 596.50000000000011 4009.5000000000005 341.50000000000006 19185.500000000004 2603.0000000000005 7.5000000000000009 1707.0000000000002 1646.0000000000002 53728.500000000007
decision_type=9 8 9 10 8 8 8 8 8 8 8 8 8 9 8 9 10 8 8 8 10 10 10 8 10 8 8 8 10 8
left_child=-1 -2 -3 5 -5 6 7 -4 -9 10 -7 12 -8 -13 -11 -16 18 -18 19 -17 21 22 25 24 -24 26 -20 -27 29 -23
right_child=1 2 3 4 -6 9 11 8 -10 14 -12 13 -14 -15 15 16 17 -19 20 -21 -22 28 23 -25 -26 27 -28 -29 -30 -31
leaf_value=0.025988316534050246 -0.063656279955227602 -0.027745402247155944 -0.075720912852744432 0.0031474903701815254 -0.033724538037611711 0.020008397706414077 -0.008440824559891499 0.00064936481684325182 0.048758371211073813 0.010365334192134902 -0.069678142279960206 0.016132270581750562 -0.10731741883985418 -0.057028898318893045 -0.041341618456969244 -0.042663024129197424 0.05655329403565889 0.0034198658367735136 -0.15718269364756771 0.002597673249193634 0.027379029646688521 -0.078116436013269591 -0.20136320900846735 -0.0067296438455258832 -0.046612971834628647 0.024336870981729274 0.011245771668291183 0.00029294704609613456 0.0054489062481586177 0.040656415857559615
leaf_weight=28.636799275875092 18.109077959321439 12.417429234832525 2.5934846443124115 9.0594457406550664 12.368597000138832 17.986887240083892 20.243884294293821 51.492042901460081 4.0641861155163488 26.677437007427216 0.50074131414294143 1.2758650127798319 1.5148708214983369 4.9397487079259035 13.54142764955759 5.3662461843341589 2.7684438272844991 4.9625087634194642 2.1327772215008736 9.1575231498572958 4.2038375831907606 1.9743418041616672 0.96613803505897233 6.3957573322113612 0.74065293441526592 10.166234765201805 10.39335082657635 3386.8197317619342 132.40516190021299 1.7565829176455734
leaf_count=5788 280 7149 42 519 685 3149 244 586 205 311 5 56 34 154 485 269 265 740 30 451 1080 35 11 439 40 524 124 21244 4935 121
internal_value=-5.40413e-05 -0.000319453 -1.51668e-05 0.000150399 -0.0181356 0.000255992 -0.00649474 0.000605664 0.00416875 0.000415765 0.0175792 -0.0212542 -0.0153247 -0.0420113 0.000328121 0.000253611 0.000410937 0.0224469 0.000363251 -0.0141253 0.000422394 0.000390506 0.000219191 -0.0335832 -0.13421 0.00029952 -0.0174319 0.000364904 0.00469127 -0.0221962
internal_weight=3805.63 3776.99 3758.89 3746.47 21.428 3725.04 86.1241 58.1497 55.5562 3638.92 18.4876 27.9744 21.7588 6.21561 3620.43 3593.75 3580.21 7.73095 3572.48 14.5238 3557.95 3553.75 3417.61 8.10255 1.70679 3409.51 12.5261 3396.99 136.136 3.73092
internal_count=50000 44212 43932 36783 1204 35579 1321 833 791 34258 3154 488 278 210 31104 30793 30308 1005 29303 720 28583 27503 22412 490 51 21922 154 21768 5091 156
cat_boundaries=0 2 3 4 5
cat_threshold=2155872257 8 8 4 2
is_linear=0
shrinkage=0.05


Tree=128
num_leaves=31
num_cat=3
split_feature=30 1 4 4 13 7 9 7 11 8 7 11 8 7 12 3 3 3 5 6 7 11 10 11 27 7 8 3 6 10
split_gain=66.2217 6.32905 4.75173 3.29796 2.81495 2.1017 2.01125 4.78871 1.53129 2.21807 2.51119 5.26454 1.70286 5.394 1.70715 4.24376 1.49308 4.59842 7.37 2.52442 2.16075 1.28356 1.27178 1.06684 1.02901 1.01386 1.87737 0.889444 0.82126 3.16767
threshold=0 1 84.000000000000014 9999.0000000000018 62.500000000000007 18281.500000000004 31634.500000000004 18767.000000000004 23.500000000000004 817.50000000000011 2635.0000000000005 41.500000000000007 112.50000000000001 1719.5000000000002 77.000000000000014 57469.500000000007 61301.500000000007 52256.500000000007 205.00000000000003 454.00000000000006 152.50000000000003 113.00000000000001 4213.5000000000009 15.500000000000002 2 4874.5000000000009 2049.5000000000005 56077.500000000007 952.50000000000011 8.5000000000000018
decision_type=9 9 10 8 10 10 10 10 10 8 10 8 10 10 8 10 10 10 8 8 8 8 8 10 9 10 10 8 10 8
left_child=-1 -2 3 6 16 25 7 8 9 10 12 -12 24 14 15 -14 17 20 -19 -18 22 -20 -4 -7 27 -5 -27 -3 29 -11
right_child=1 2 4 5 -6 23 -8 -9 -10 28 11 -13 13 -15 -16 -17 19 18 21 -21 -22 -23 -24 -25 -26 26 -28 -29 -30 -31
leaf_value=0.06646484629253685 -0.027401387651135097 0.0095450648903755899 -0.0038036851214291456 -5.8879026388342584e-05 -0.050128345821591917 0.050251088426506857 -0.019582270580020957 0.045957325723132894 0.053758562588299558 0.031914434961040038 -0.13238530298656795 -0.0097453582271563449 -0.035542810140603287 0.033828035892941109 -0.016121643428759724 0.064446126339803012 0.050814917241490336 0.041692922880055751 -0.080098097204063329 -0.061131380358086435 -0.0035959606461405031 -0.040015803211729317 0.05010496358217742 0.010820245882571182 0.017839499658544367 0.00092918725890367123 -0.038338461380193138 -0.015293799810215405 -0.020269012257272755 0.00016372031631305662
leaf_weight=27.055478692054749 12.07881675241515 12.164670154452326 1.7258630981668828 2886.9427454005927 3.3242535870522252 2.931843183701857 6.4647727003321043 8.2221200066851434 1.699748683720826 18.786506241187453 0.96763086318969727 9.1466323344502563 1.9881215337663887 8.1597650549374503 28.145253951661289 2.276016996242106 0.63115694932639599 2.3073764368891716 3.9346589925698936 2.4917240268550809 690.170769168064 4.0565494019538146 2.9884784081950775 4.1344924482982606 26.737430983688682 7.9424121361225826 4.9351530307903886 5.121435632929205 1.4158003740012635 13.500725983874871
leaf_count=170 7149 65 29 17866 1775 729 680 1883 20 1804 33 1012 38 1644 1463 17 40 25 77 67 10087 205 1433 206 314 377 67 43 134 548
internal_value=-5.18406e-05 -0.000702703 -0.000544619 0.000311897 -0.00422526 -5.4953e-05 0.00767664 0.00895055 0.00661196 0.00598788 0.00206774 -0.0214783 0.00488301 -0.00250688 -0.011655 0.0178271 -0.00400983 -0.00385706 -0.0370229 -0.0385062 -0.00336553 -0.0597513 0.0303697 0.0271802 0.011693 -0.00012132 -0.0141196 0.00218594 0.0170036 0.0186381
internal_weight=3802.45 3775.39 3763.31 3051.68 711.631 2906.89 144.797 138.332 130.11 128.41 94.707 10.1143 84.5927 40.5692 32.4094 4.26414 708.307 705.184 10.2986 3.12288 694.885 7.99121 4.71434 7.06634 44.0235 2899.82 12.8776 17.2861 33.703 32.2872
internal_count=50000 49830 42681 28943 13738 19245 9698 9018 7135 7115 4629 1045 3584 3162 1518 55 11963 11856 307 107 11549 282 1462 935 422 18310 444 108 2486 2352
cat_boundaries=0 40 41 42
cat_threshold=0 0 16384 0 0 0 0 0 0 0 0 0 0 0 0 0 0 0 0 0 0 0 0 0 0 0 0 0 0 0 8388608 0 0 0 0 1107296256 0 80 4194304 1024 8 2
is_linear=0
shrinkage=0.05


Tree=129
num_leaves=31
num_cat=3
split_feature=17 1 3 8 14 9 11 3 8 9 8 12 0 7 3 3 4 6 10 10 12 3 3 8 7 3 11 8 9 6
split_gain=10.1235 6.26629 1.42491 2.23142 0.892231 2.52326 2.6632 5.39257 4.93482 6.4779 3.40074 6.57967 3.49947 4.10284 2.35791 1.99062 1.91952 1.75448 1.65314 2.30692 1.46212 1.73029 0.843612 0.768519 2.27887 0.713048 0.689221 1.89518 0.704359 0.680549
threshold=0 1 55584.000000000007 467.50000000000006 3694.0000000000005 19380.500000000004 7.5000000000000009 56735.000000000007 421.50000000000006 1199.0000000000002 496.50000000000006 1.5000000000000002 2 1891.5000000000002 45078.000000000007 50409.000000000007 479.50000000000006 615.00000000000011 16.500000000000004 27.500000000000004 337.00000000000006 54694.000000000007 53726.500000000007 1093.5000000000002 29595.500000000004 50409.000000000007 5.5000000000000009 363.50000000000006 17824.000000000004 952.50000000000011
decision_type=9 9 10 10 8 10 10 10 10 10 10 8 9 8 8 8 10 8 8 10 8 10 10 10 8 8 10 10 10 8
left_child=2 -2 26 -4 -3 6 8 14 9 29 11 -10 -13 -14 -8 -11 20 22 -7 -20 21 -12 -18 24 25 -22 28 -28 -1 -6
right_child=1 4 3 -5 5 18 7 -9 10 15 16 12 13 -15 -16 -17 17 -19 19 -21 23 -23 -24 -25 -26 -27 27 -29 -30 -31
leaf_value=0.037985780668971382 -0.027060796372429582 0.016447867835902973 -0.00090949570284617684 0.072432938109367864 -0.02230713287738393 0.050235687323458816 -0.028140387251425064 -0.060697374973220766 0.065032053184376923 0.0014677449045617922 0.015391861865703361 -0.016051827754951876 -0.15988510405083109 -0.020867824754539504 -0.0032029301214353207 -0.065923742557696674 -0.035789828903661086 -0.064868721521909589 0.025985460604108238 -0.011580164481820678 0.0041395158786085599 -0.054058876123616331 0.050849418297159554 0.031328138967014252 0.079482393913780258 0.017893330463738626 0.1192509584053531 0.042884304200059647 -0.0089030255033994109 -0.00020599734212890274
leaf_weight=14.883570112171586 11.753436190658249 8.0825773049145919 5.0861971536651245 1.3026955300010739 3.4865801325067878 3.2219456825405359 10.457537136040626 4.6135990181937805 1.8084609620273111 1.4104693315457542 2.1513603171333675 4.0386478046420953 1.1409534998238089 0.99238020554184903 101.3021779442206 4.9111452135257423 0.45438126847147919 1.3936706893146031 10.380705231800681 6.7406838848255566 12.059210991021244 1.5379140386357901 0.73618416581302881 10.310944001190363 1.4000455141067494 43.115450830431655 0.97356870770454307 4.9083418752998114 0.84648444736376482 3524.2237306567258
leaf_count=5175 7149 94 183 16 215 842 166 173 10 135 38 362 21 24 1946 182 5 25 2221 181 1427 46 46 676 6 4968 12 138 264 23254
internal_value=-4.37294e-05 -0.000301532 0.0256349 0.014045 -0.000146326 -0.000182464 -0.000278204 -0.00772322 -3.85473e-05 -0.00031846 0.012153 -0.0188398 -0.0434152 -0.0952173 -0.00553637 -0.0508875 0.0155338 -0.0267906 0.017379 0.0111959 0.0170836 -0.0135594 0.0177834 0.0187738 0.0164858 0.0148872 0.0409226 0.0555244 0.0354625 -0.000227841
internal_weight=3799.73 3771.72 28.0009 6.38889 3759.97 3751.89 3731.54 116.373 3615.17 3534.03 81.1396 7.98044 6.17198 2.13333 111.76 6.32161 73.1592 2.58424 20.3433 17.1214 70.5749 3.68927 1.19057 66.8857 56.5747 55.1747 21.612 5.88191 15.7301 3527.71
internal_count=50000 44212 5788 199 37063 36969 33725 2285 31440 23786 7654 417 407 45 2112 317 7237 76 3244 2402 7161 84 51 7077 6401 6395 5589 150 5439 23469
cat_boundaries=0 2 3 4
cat_threshold=2155872257 8 8 1
is_linear=0
shrinkage=0.05


Tree=130
num_leaves=31
num_cat=5
split_feature=30 30 13 17 1 9 4 3 19 3 8 9 12 11 7 8 8 4 8 9 14 14 7 11 8 6 9 11 12 11
split_gain=129.218 115.166 68.4907 9.37934 6.00334 2.41852 4.1955 6.17831 4.71537 3.16045 2.86954 2.22934 2.15331 1.96003 8.15493 12.5202 8.92164 6.23192 1.77516 1.57651 1.55192 4.61998 1.57087 2.73078 1.84501 3.58446 1.37501 2.59267 1.33425 3.85766
threshold=0 1 142.50000000000003 2 3 19019.500000000004 105.50000000000001 51351.000000000007 4 58811.500000000007 1269.0000000000002 26365.000000000004 5.5000000000000009 3.5000000000000004 1807.5000000000002 229.00000000000003 641.50000000000011 129.00000000000003 1798.5000000000002 3120.5000000000005 7139.5000000000009 3389.5000000000005 813.50000000000011 45.000000000000007 1018.5000000000001 6067.5000000000009 3591.5000000000005 16.500000000000004 802.00000000000011 1.5000000000000002
decision_type=9 9 8 9 9 10 10 8 9 10 8 10 10 10 8 10 8 8 10 10 8 8 10 8 8 8 8 8 8 8
left_child=-1 -2 12 26 -5 6 9 10 -9 13 -8 -7 -3 20 16 -16 17 -15 -17 -12 21 -6 -22 -24 25 -25 -4 -28 -11 -30
right_child=1 2 3 4 5 11 7 8 -10 28 19 -13 -14 14 15 18 -18 -19 -20 -21 22 -23 23 24 -26 -27 27 -29 29 -31
leaf_value=-0.059584338157438646 -0.058195569526254369 0.019321681798896713 0.029221227112286488 -0.026723738066602012 -0.019432835747474623 0.042878811855642018 -0.052684018357096823 0.012369066603513303 -0.049162891925053097 0.053572617582297269 0.00075560864268654554 0.0063722382252487013 0.040444174060194793 -0.17812503458659004 -0.26177661953790765 0.00098954065194963785 -0.00033969145379274973 -0.057569842793501171 -0.02229657007934796 -0.053968956464296149 -0.00011317538710851 0.050354504674697625 0.026465171179331299 0.0083244859224740741 0.043058820433728627 -0.036266514848459164 0.12046068720492971 0.034815890140118995 0.050445220672891894 0.0025339696080611124
leaf_weight=79.002483109012246 69.42497042089235 488.70091998833232 22.973748563788835 11.44067445199471 4.1863320916891098 5.9182087957160574 2.8026239778846493 3.9153558649122715 15.203685769287405 2.3302811062894762 49.218951224349439 14.254016473074442 12.371224329690447 1.6550175659358473 0.46355856955051322 83.975046025589108 4.2955280281603345 3.0430014003068209 9.0681050373241288 1.3522029817104328 2839.9159133702051 5.4705350548028928 15.289477131329477 14.921120224753393 2.1883684089407316 6.4571420098654988 1.2564639672636984 2.9781933706253758 5.5060260891914368 17.730681939050562
leaf_count=832 1325 3305 5360 7149 24 1644 66 76 1945 27 766 1647 167 15 3 3005 198 74 140 59 15694 23 1154 2313 144 432 9 419 58 1927
internal_value=-4.46919e-05 0.00137688 0.00266629 -5.9483e-05 -0.000355716 -0.000173326 -0.000286575 -0.0121732 -0.0365619 -9.14327e-07 -0.0034369 0.0170827 0.0198432 -0.000150548 -0.00694519 -0.00257136 -0.0524203 -0.100039 -0.00127995 -0.000707651 9.057e-05 0.0201011 2.34445e-05 0.0100087 -0.000667843 -0.00514389 0.0248966 0.0602275 0.0175039 0.0138867
internal_weight=3797.31 3718.31 3648.88 3147.81 3120.6 3109.16 3088.99 72.4928 19.119 3016.5 53.3738 20.1722 501.072 2990.93 102.5 93.5067 8.99355 4.69802 93.0432 50.5712 2888.43 9.65687 2878.77 38.8561 23.5666 21.3783 27.2084 4.23466 25.567 23.2367
internal_count=50000 49168 47843 44371 38583 31434 28143 2912 2021 25231 891 3291 3472 23219 3435 3148 287 89 3145 825 19784 47 19737 4043 2889 2745 5788 428 2012 1985
cat_boundaries=0 35 81 83 84 85
cat_threshold=0 1073741824 0 0 0 0 0 0 0 0 0 0 0 0 0 0 0 0 0 0 0 0 30171696 128 0 0 0 2147483648 16 2 536870912 0 536870912 8322 132 524288 536870912 0 0 0 0 0 0 0 0 0 0 0 0 0 0 0 0 0 0 0 1048576 2149614596 0 2147483904 8 1610612736 0 268435456 0 2415919104 256 0 65565 275 0 0 0 0 0 0 0 0 0 0 1073741824 2155872257 8 8 4
is_linear=0
shrinkage=0.05


Tree=131
num_leaves=31
num_cat=5
split_feature=30 30 14 17 13 12 0 14 7 10 11 13 13 10 11 4 9 11 8 11 7 3 3 4 8 6 14 28 11 9
split_gain=21.8748 14.7586 6.73518 8.5379 8.55599 0.855373 1.79193 6.28161 2.36797 8.75095 4.09876 28.1776 1.77255 1.92916 10.09 4.69551 4.08965 4.77646 3.28743 1.70047 1.54461 1.46686 6.58491 8.27377 6.58739 1.65452 1.46081 1.42733 1.40378 1.37454
threshold=0 1 2738.0000000000005 2 28.500000000000004 3.5000000000000004 3 27003.500000000004 20319.500000000004 13.500000000000002 1.0000000180025095e-35 5.5000000000000009 149.50000000000003 5.5000000000000009 4.5000000000000009 444.00000000000006 341.50000000000006 50.500000000000007 906.50000000000011 11.500000000000002 51641.000000000007 50767.500000000007 49473.500000000007 6118.0000000000009 1503.5000000000002 3955.0000000000005 830.00000000000011 4 34.500000000000007 4057.5000000000005
decision_type=9 9 8 9 10 10 9 8 10 10 8 8 8 8 8 8 8 8 8 8 8 10 10 8 8 10 10 9 10 8
left_child=-1 -2 -3 -4 5 6 7 27 9 10 -8 -12 -13 18 15 -15 17 -16 19 20 -14 22 23 24 -18 -23 -9 -5 -10 -11
right_child=1 2 3 4 -6 -7 8 26 28 29 11 12 13 14 16 -17 21 -19 -20 -21 -22 25 -24 -25 -26 -27 -28 -29 -30 -31
leaf_value=0.053407841449298381 -0.035664889895324729 -0.036946476482014413 0.024133321414388054 0.0075356783575911586 -0.051054082114209601 -0.0091103476935850431 -0.034632298114573475 -0.051060259074999108 0.025219498890409094 -0.063339475773421652 -0.062692865514180032 0.0031210757846954016 0.008782799066975374 -0.17637307858547518 -0.12704660524453101 -0.043342798392458505 -0.0042146268875456932 -0.01947751251941 0.060052028332635343 -0.015131327213985227 -0.052969104232833179 0.010299127927278738 0.027304489570392568 -3.6595856692360245e-05 -0.049679485570643084 -0.025289677122881622 -0.015342328182433538 -0.012236875451574952 -0.0048996305880207973 -0.027309553564398067
leaf_weight=9.031561940908432 19.326242815703154 12.332021826994604 26.490174934267998 23.220064923167229 8.2432168669183721 25.912842022953555 8.4458940280601382 8.6214555799961072 14.706543294945734 5.3054862671997371 17.699192076921463 564.98470494709909 76.095080092549324 1.0873082205653193 1.2026072833687067 1.7010511225089429 16.927499286830429 7.2735051074996573 2.8613116298802188 8.8911811225116235 1.0263029653578986 52.255967531818897 21.731297719990835 2816.8746765761171 15.051122273551298 3.4834783347323528 4.2855287864804259 3.2156849784078103 5.2495256941765538 5.2829576588701466
leaf_count=37 281 6213 5788 233 2091 283 115 424 3079 116 215 3416 2297 9 15 60 1743 311 284 178 23 3975 697 15468 942 240 55 1094 113 205
internal_value=-6.33597e-05 -0.000331547 -5.58488e-05 6.53791e-05 -0.000170322 -5.78259e-05 5.78846e-06 -0.010608 0.000120251 2.57762e-05 0.000158626 0.000240041 0.000550184 7.02458e-05 -0.000149327 -0.0952174 -5.90027e-05 -0.0347396 0.00732789 0.00557395 0.00796103 4.14499e-05 -0.000114541 -0.000323696 -0.0256132 0.00807498 -0.0392008 0.00335217 0.0172965 -0.0453628
internal_weight=3788.82 3779.78 3760.46 3748.13 3721.64 3713.39 3687.48 39.3427 3648.14 3628.18 3617.59 3609.15 3591.45 3026.46 2937.59 2.78836 2934.8 8.47611 88.8739 86.0126 77.1214 2926.32 2870.58 2848.85 31.9786 55.7394 12.907 26.4357 19.9561 10.5884
internal_count=50000 49963 49682 43469 37681 35590 35307 1806 33501 30309 29988 29873 29658 26242 23460 69 23391 326 2782 2498 2320 23065 18850 18153 2685 4215 479 1327 3192 321
cat_boundaries=0 3 37 39 40 43
cat_threshold=0 0 16384 0 0 0 0 0 0 0 0 0 0 0 0 0 0 0 0 0 0 0 0 0 0 0 0 0 0 0 0 0 0 0 0 536870912 8192 2155872257 8 2 0 0 4194304
is_linear=0
shrinkage=0.05


Tree=132
num_leaves=31
num_cat=4
split_feature=17 0 14 13 17 23 4 8 10 7 10 9 4 3 7 11 7 4 10 14 11 9 13 12 13 13 11 3 7 7
split_gain=6.45371 5.2341 5.36374 3.86975 3.50574 5.1438 4.38581 22.161 7.52714 3.13653 3.31016 3.05969 3.61433 6.56067 2.95865 3.53563 2.58827 7.57169 2.49119 1.92536 1.80595 4.629 300.091 102.59 1.61503 6.47025 1.13007 2.26298 12.422 1.35028
threshold=0 1 5606.0000000000009 25.500000000000004 2 3 416.00000000000006 278.50000000000006 13.500000000000002 4091.5000000000005 9.5000000000000018 196.50000000000003 74.000000000000014 37978.000000000007 5314.0000000000009 38.500000000000007 3475.5000000000005 105.50000000000001 35.500000000000007 30029.000000000004 5.5000000000000009 13193.500000000002 8.5000000000000018 18.500000000000004 252.50000000000003 55.500000000000007 113.00000000000001 60397.000000000007 1581.5000000000002 2469.5000000000005
decision_type=9 9 10 10 9 9 10 10 8 8 8 10 8 10 10 8 8 8 8 8 8 8 10 8 10 10 8 8 10 10
left_child=4 2 19 11 5 -1 7 8 -7 -6 -11 20 13 -13 16 -16 17 -14 -19 -2 -3 -22 23 -23 25 -5 27 28 -9 -30
right_child=1 3 -4 24 9 6 -8 26 -10 10 -12 12 14 -15 15 -17 -18 18 -20 -21 21 22 -24 -25 -26 -27 -28 -29 29 -31
leaf_value=-0.023705136851178525 -0.022397153429628999 0.0092926970583746688 0.0023096048916731553 0.035677023715139124 0.024299302058004221 -0.20223419910097074 -0.072934923493666995 -0.12166293020727191 -0.041621187822136717 0.12044880927600342 0.041650340956091277 0.024577197457751065 0.013015710082449342 -0.059880624029958932 -0.060543928218901623 -0.0025100821875403256 0.00019588027528545491 -0.054752569101009278 0.023870739016101761 -0.051007480039151093 -0.054255677138976846 0.026309083381673006 -0.060608665319636247 7.144593067400919e-06 -0.050053883292900107 -0.050171690558931309 0.023532739351051088 0.018835144901517886 0.031907409118377576 0.0030242479999652732
leaf_weight=4.7599837658926845 20.728531985427253 50.94530768878758 21.840356449596584 16.800338431959979 20.612464678590189 1.5139416749589143 1.5949281901121128 1.9496928006410623 1.4078022523317479 1.8602373898029327 4.7002581758424631 3.2636197134852392 9.8600769666954893 7.7824830850586295 5.0982442642562091 5.4088872682768834 104.02675702283159 10.166433320846407 1.1183264451101411 8.2092537581920642 3.9546179722528896 428.20684677548707 193.38101843139157 2762.5829755039886 0.7555853552184989 2.5246052239090195 27.444640730391257 38.855559844523668 5.332911069039258 16.774237867444754
leaf_count=106 7290 473 305 359 5317 33 9 57 77 8 468 18 83 95 96 107 1752 200 51 424 139 2526 1563 15177 732 1101 5482 3571 482 1899
internal_value=-5.60519e-05 -0.000453594 -0.0163959 -0.000230352 0.010607 0.00483795 0.00839381 0.0106843 -0.124845 0.024768 0.0639938 -0.000352927 -0.00742399 -0.0349272 -0.00518486 -0.0306691 -0.00304566 -0.0189932 -0.046961 -0.0305135 -5.12462e-05 -0.000191746 -0.000128569 0.00353689 0.0216579 0.0244618 0.0150667 0.0113735 -0.000678248 0.00999174
internal_weight=3783.46 3656.65 50.7781 3605.88 126.807 99.6337 94.8737 93.2788 2.92174 27.173 6.5605 3585.8 146.725 11.0461 135.679 10.5071 125.172 21.1448 11.2848 28.9378 3439.07 3388.13 3384.17 3190.79 20.0805 19.3249 90.357 62.9124 24.0568 22.1071
internal_count=50000 32491 8019 24472 17509 11716 11610 11601 110 5793 476 22280 2402 113 2289 203 2086 334 251 7714 19878 19405 19266 17703 2192 1460 11491 6009 2438 2381
cat_boundaries=0 2 3 4 5
cat_threshold=2155872513 2097160 2 256 2232326
is_linear=0
shrinkage=0.05


Tree=133
num_leaves=31
num_cat=7
split_feature=24 19 1 3 5 18 12 9 27 12 27 4 4 8 9 5 7 4 7 5 7 6 28 4 7 7 10 10 8 3
split_gain=11.6257 15.893 5.41429 2.89953 1.90184 1.50297 2.73146 2.00568 9.11847 1.6372 3.73501 4.24751 4.1183 1.61463 0.84036 0.819596 0.663514 4.43302 0.5824 0.454845 1.15595 1.53966 0.423618 1.4094 2.58216 2.56728 2.62248 2.4097 1.41405 7.32075
threshold=0 1 2 51525.000000000007 202.00000000000003 3 16.500000000000004 122.00000000000001 4 117.50000000000001 5 105.50000000000001 479.50000000000006 586.50000000000011 245.50000000000003 1.0000000180025095e-35 179.50000000000003 50212.500000000007 1607.5000000000002 205.00000000000003 1197.5000000000002 382.00000000000006 6 105.50000000000001 38361.000000000007 1695.5000000000002 5731.0000000000009 24.500000000000004 768.50000000000011 49201.500000000007
decision_type=9 9 9 10 10 9 10 8 9 8 9 8 8 8 10 10 8 8 10 8 8 10 9 8 10 8 8 10 8 8
left_child=15 3 -3 -2 19 14 7 9 -9 -7 -11 -12 -13 16 -4 18 -14 -18 -1 -5 -21 -22 -10 24 -24 26 -25 -26 -27 -30
right_child=1 2 5 4 -6 6 -8 8 22 10 11 12 13 -15 -16 -17 17 -19 -20 20 21 -23 23 25 27 28 -28 -29 29 -31
leaf_value=0.05031684983325474 -0.070036878598771293 -0.025709524679991293 0.03096662014249037 -0.014714824468091468 0.030226516372455211 -0.050793345966067917 -0.052191259371361855 -0.060282928476159882 0.005046973819360979 0.037508881770941777 -0.023231242988284821 -0.061629746082717374 0.027625996292603879 -0.056411074426785869 0.0090902171840306686 0.061246918186091931 0.058555179274204887 -0.09604000576111528 0.030992640862606249 -0.081520513024065128 0.03139456971346271 -0.046933611488907408 0.0099889714620477622 -0.02488473402357097 -0.13209076679210871 0.0072328566466612525 0.016897456084938794 -0.016456236513512145 -0.034502636131432202 -0.00010688550319379114
leaf_weight=4.9675129561219427 8.3644615127705055 10.551122675300576 7.2702152300626066 1.5911023523658514 1.1942493095993993 1.0594591242261231 2.511229508847463 6.2944320160895586 30.308308348059654 10.825063891708851 10.129074057564141 1.586178468074652 17.653951726155363 0.63531661033630271 11.080510310828684 3.4589450806379309 1.1602225132519366 0.77243423461914074 18.127305765054189 1.5484094866551439 0.79901871271431479 2.9205771018750966 56.132648295722902 19.022303633391857 0.5480226266663516 64.11390022514388 4.6793551894370493 2.5326317856088281 15.539443617686628 3454.0283525019768
leaf_count=909 256 7149 195 29 15 80 221 54 307 54 160 31 3547 17 85 27 53 9 4573 18 51 98 3201 678 80 2761 1533 88 240 23481
internal_value=-5.8812e-05 -0.000331682 -0.00011642 -0.0494189 -0.0280045 2.52943e-05 -6.2424e-05 -2.7184e-05 -0.000154735 0.0106061 0.0121273 0.00352426 0.0159512 0.0220366 0.0114938 0.0280029 0.0245811 -0.00323262 0.0351491 -0.0381432 -0.0452193 -0.0301077 -5.09556e-05 -0.000107336 0.00754292 -0.000234978 -0.0166358 -0.0370267 -0.000124972 -0.000260937
internal_weight=3771.41 3744.85 3728.43 16.4178 8.05336 3717.88 3699.53 3697.02 3653.2 43.8217 42.7622 31.9372 21.8081 20.2219 18.3507 26.5538 19.5866 1.93266 23.0948 6.85911 5.26801 3.7196 3646.9 3616.6 59.2133 3557.38 23.7017 3.08065 3533.68 3469.57
internal_count=50000 44491 44024 467 211 36875 36595 36374 32423 3951 3871 3817 3657 3626 280 5509 3609 62 5482 196 167 149 32369 32062 3369 28693 2211 168 26482 23721
cat_boundaries=0 2 3 4 6 7 8 11
cat_threshold=0 16777216 1 8 0 1572864 2 2 0 0 4194304
is_linear=0
shrinkage=0.05


Tree=134
num_leaves=31
num_cat=4
split_feature=24 6 13 12 1 2 9 10 8 5 7 7 4 3 19 11 11 8 11 6 11 9 10 8 4 8 7 7 8 3
split_gain=10.7838 10.1664 46.519 8.5603 5.14634 4.54425 2.42198 2.65253 1.92056 1.14446 2.59822 1.33118 4.46506 1.86695 1.18122 0.987057 2.04086 0.921567 1.35046 0.8501 0.847851 3.68045 4.50032 2.40689 5.73592 17.7507 3.31595 21.0318 2.63097 4.66139
threshold=0 401.00000000000006 13.500000000000002 14.500000000000002 1 2 11394.000000000002 5.5000000000000009 1018.5000000000001 202.00000000000003 247.50000000000003 778.50000000000011 56143.500000000007 43183.000000000007 3 318.50000000000006 30.500000000000004 738.50000000000011 10.500000000000002 5069.5000000000009 14.500000000000002 712.50000000000011 10.500000000000002 897.50000000000011 57680.500000000007 759.50000000000011 1516.0000000000002 2060.5000000000005 980.00000000000011 49473.500000000007
decision_type=9 10 10 8 9 9 10 8 10 8 8 8 8 8 9 8 10 8 8 10 10 8 10 10 8 8 8 10 10 8
left_child=19 2 3 -2 -5 -6 9 -8 15 14 -11 12 -12 17 -7 16 -9 -13 -19 -1 21 -15 23 24 25 26 -23 -28 -25 -30
right_child=1 -3 -4 4 5 6 7 8 -10 10 11 13 -14 20 -16 -17 -18 18 -20 -21 -22 22 -24 28 -26 -27 27 -29 29 -31
leaf_value=0.042313322894489809 0.0065321117510462011 -0.062890424707068238 -0.03330751959162314 -0.025387790117938902 -0.022356716552676563 -0.039028501041909025 -0.14145499660836949 0.054147627712318847 0.0076375338467238145 0.010625600494277068 -0.001139505694413561 0.0188723966381113 -0.055999996973288758 -0.027500843618600695 -0.00070471557371311875 -0.01285589443646214 -0.052910930804699108 -0.028101101419387084 0.019596219446226151 0.018845042299039157 -0.016379372645939413 -0.21266917036616811 -0.041105880770068486 0.045945170097836691 4.0413732473005807e-05 0.021972296704479845 0.024878628475819536 -0.46409639870104286 -0.035571655306030479 0.0087794385092360878
leaf_weight=20.896150368382227 541.03565712831914 6.480432467069476 103.23412092466606 10.284109190339223 12.803594434633851 3.8243237938731909 0.25999352382495999 6.0103045939467847 12.830383334541692 56.271418580668978 18.422915530740287 1.5365856506396056 4.6438259836286297 12.109468048787674 4.2396292202174664 0.79355520568788662 0.48076172452419985 11.637729894369839 1.7008897266350693 4.7327172895893446 7.9149343520402899 1.2067639678716653 6.6044806353747836 4.2986836805939665 2808.0026083113626 3.5389341423287988 0.89697890961542703 0.29133390611968935 6.3197577940300098 94.708984947297722
leaf_count=4986 3478 120 3011 7149 1269 56 27 1025 1108 3950 1583 241 82 355 37 270 27 393 132 523 176 10 113 534 16664 241 50 46 101 2243
internal_value=-5.85555e-05 -0.000318201 -0.000210513 0.000730047 -0.000285314 -0.000118757 4.63514e-05 0.0172279 0.019279 -6.83441e-05 -1.84464e-05 -0.00021918 -0.0121841 -0.000125964 -0.0188797 0.039783 0.0462183 -0.0177949 -0.0220189 0.0273198 -3.67449e-05 7.28226e-06 0.000121132 0.000214403 -6.33605e-05 -0.0491698 -0.154289 -0.0950014 0.00763515 0.0060051
internal_weight=3768.01 3742.38 3735.9 3632.67 3091.63 3081.35 3068.55 20.375 20.115 3048.17 3040.11 2983.83 23.0667 2960.77 8.06395 7.28462 6.49107 14.8752 13.3386 25.6289 2945.89 2937.98 2925.87 2919.26 2813.94 5.93401 2.39508 1.18831 105.327 101.029
internal_count=50000 44491 44371 41360 37882 30733 29464 2457 2430 27007 26914 22964 1665 21299 93 1322 1052 766 525 5509 20533 20357 20002 19889 17011 347 106 96 2878 2344
cat_boundaries=0 2 3 4 5
cat_threshold=0 16777216 8 1 1
is_linear=0
shrinkage=0.05


Tree=135
num_leaves=31
num_cat=5
split_feature=24 19 1 5 18 13 13 12 12 0 9 8 3 3 4 5 10 10 3 11 7 8 3 4 9 8 8 11 7 14
split_gain=10.0057 13.7266 5.01694 2.69045 1.27556 129.877 35.4369 6.0554 4.95498 1.76517 1.61096 1.37813 2.07449 4.64796 4.73219 5.19534 2.38088 2.05835 3.92294 8.118 4.00945 2.00061 1.77215 1.50737 1.49947 2.43608 1.27612 1.27404 1.11329 0.935166
threshold=0 1 2 202.00000000000003 3 10.500000000000002 609.00000000000011 10.500000000000002 2.5000000000000004 4 1249.0000000000002 69.500000000000014 49473.500000000007 51570.500000000007 416.00000000000006 202.00000000000003 239.50000000000003 34.500000000000007 43886.000000000007 8.5000000000000018 1379.5000000000002 2546.5000000000005 60081.500000000007 129.00000000000003 1107.5000000000002 906.50000000000011 906.50000000000011 41.500000000000007 1292.5000000000002 5606.0000000000009
decision_type=9 9 9 10 9 10 8 8 8 9 8 8 10 10 10 8 8 8 10 8 10 8 8 10 10 10 8 8 10 8
left_child=28 3 -3 -2 -4 6 7 -6 -8 10 -10 -11 17 16 21 -16 -14 18 20 -20 22 24 -13 29 26 -26 -15 -17 -1 -19
right_child=1 2 4 -5 5 -7 8 -9 9 11 -12 12 13 14 15 27 -18 23 19 -21 -22 -23 -24 -25 25 -27 -28 -29 -30 -31
leaf_value=0.055291739820821743 -0.052864424809169391 -0.025069994226497607 0.012234344129614719 0.022663737132885772 0.01539909061540917 -0.044255776685500764 -0.052434320178576105 -0.029516051902282577 0.016210622539820578 0.0066191019844171507 -0.052238593791478029 -0.0018421952935269749 0.022787831814539208 0.0029554981449681182 0.020482028627187308 -0.081556084275309859 -0.047305428677918621 0.01624210909376984 0.00757671280454047 -0.08141724826668939 0.00038455051313494209 -0.030912211571572104 -0.031658993572816249 0.019700765281829166 -0.027734909804226271 0.026432102372421093 -0.037444336900462394 -0.032643724596894179 0.031130363959842623 -0.00013678091343346092
leaf_weight=6.450203544227409 14.561922793276606 10.027049670228735 11.26282911002636 1.2829714119434363 465.46342018805444 158.99790327134542 4.5035015172325075 7.6270315730944267 1.2098270896822212 78.858352865092456 2.9692314199637622 7.1813334515318301 37.371453410945833 21.132509040646259 2.7037081383168697 3.6272628495935351 1.2520930846221734 8.7426995262503606 5.2267935425043106 5.0271910761948657 102.28639934468083 3.7081069704145184 16.281483201310039 9.6604792143916693 2.419280324131253 14.615089014405383 2.1538974246941498 2.1033110183197987 18.277036699117161 2735.9402577308938
leaf_count=602 450 7149 122 17 2777 3424 188 223 56 2108 869 101 1002 374 28 82 87 43 139 74 4150 87 424 3849 205 1603 123 149 4907 14588
internal_value=-6.16523e-05 -0.000308844 -0.000111993 -0.0467489 2.28895e-05 -4.71387e-05 0.00193719 0.014675 -2.63777e-05 5.06402e-05 -0.0324227 9.4985e-05 -7.75766e-05 0.00735195 -0.00233914 -0.036649 0.0205156 -0.000311712 -0.00631639 -0.0360541 -0.00389148 0.00423334 -0.0225329 -1.52144e-05 0.0074655 0.0187391 -0.000781321 -0.0636036 0.0266538 -8.46089e-05
internal_weight=3762.92 3738.2 3722.35 15.8449 3712.33 3701.06 3542.06 473.09 3068.97 3064.47 4.17906 3060.29 2981.43 91.0867 52.4632 8.43428 38.6235 2890.35 136.003 10.254 125.749 44.0289 23.4628 2754.34 40.3208 17.0344 23.2864 5.73057 24.7272 2744.68
internal_count=50000 44491 44024 467 36875 36753 33329 3000 30329 30141 925 29216 27108 3740 2651 259 1089 23368 4888 213 4675 2392 525 18480 2305 1808 497 231 5509 14631
cat_boundaries=0 2 3 4 6 7
cat_threshold=0 16777216 1 8 0 1049600 1
is_linear=0
shrinkage=0.05


Tree=136
num_leaves=31
num_cat=7
split_feature=24 6 1 17 0 10 11 9 4 3 3 3 3 12 0 3 9 10 4 16 3 3 10 7 7 14 0 14 13 8
split_gain=9.27222 10.0551 4.80643 4.1044 5.62027 3.74692 2.67106 3.8134 4.97838 4.23221 5.87411 4.6164 3.98801 3.35054 3.03796 1.41687 1.19481 1.13962 1.314 1.04893 2.70707 1.24419 1.03498 0.938597 0.90961 0.840629 2.56403 5.51974 2.43128 2.03613
threshold=0 221.50000000000003 1 2 3 1.0000000180025095e-35 1.5000000000000002 1626.5000000000002 479.50000000000006 50508.000000000007 58353.500000000007 59905.000000000007 32559.000000000004 191.50000000000003 4 54228.000000000007 19674.500000000004 87.500000000000014 67.500000000000014 5 59959.000000000007 56314.500000000007 1.5000000000000002 2348.5000000000005 25085.500000000004 7618.0000000000009 6 1810.0000000000002 249.50000000000003 2121.0000000000005
decision_type=9 10 9 9 9 8 8 8 8 10 10 10 8 8 9 8 8 8 8 9 10 10 8 10 8 8 9 10 8 10
left_child=16 2 -2 4 17 15 19 8 9 22 13 -12 -9 -11 -10 -5 -1 18 -4 20 -7 -21 -8 -3 -16 28 27 -27 -14 -28
right_child=1 23 3 5 -6 6 7 12 14 10 11 -13 25 -15 24 -17 -18 -19 -20 21 -22 -23 -24 -25 -26 26 29 -29 -30 -31
leaf_value=0.029794236790986507 -0.024756186749729996 -0.039863942499614044 0.041362750122529525 -0.067337457663643102 -0.070221154245481629 -0.014953124874436891 0.055052688108311869 -0.050108665431795901 -0.058574598346029905 -0.010856737494602071 0.059057639232198957 -0.052961032543739808 -0.050547932741629657 -0.057907867397724737 0.051477122971935421 -0.021200937324028293 0.054568713080199061 0.025928784384590488 0.0089110224837938238 0.01706288322975013 0.046724677323288333 0.045674191048919816 0.013328444696518563 -0.073413279630388795 -0.050161817248652645 -0.050957182420384509 -2.4482854197268359e-05 -0.0014822355987718224 0.021784021738212131 -0.02276663601598386
leaf_weight=17.075283421436328 9.7794962958432734 4.6779458504170162 3.2512351907789698 2.2488557994365683 2.0997881470248094 10.851547459140418 2.5938622886314988 4.0016851779073468 8.2470228418242186 8.5482369507662934 3.6893272474408141 1.2251629738602785 1.3137390054762361 6.7884275927208391 0.90401075780391393 6.3998004104942092 6.8065874839667222 13.504917594720608 76.875990280183032 19.63871698174626 2.1278677051886925 4.7112501310184589 3.4806212466210154 3.7606998067349195 0.29098242567852151 7.8148389458656338 3481.3371842135675 20.234115935862064 10.042105607688425 9.8698582728393358
leaf_count=4022 7149 113 67 12 48 147 21 38 131 150 30 53 139 93 50 56 1487 5486 6318 164 29 43 42 36 118 424 22969 257 50 258
internal_value=-6.14422e-05 -0.000296991 -0.000174179 -4.2612e-05 0.00966823 -0.000325629 -0.000247728 -0.00038684 -0.0166309 -0.00545939 -0.0164392 0.0311318 -0.000222462 -0.0316829 -0.0477786 -0.0331975 0.0259777 0.0124924 0.0102278 0.0130577 -0.00273465 0.0160197 0.0311451 -0.0548153 0.0267279 -0.00016592 -0.000209746 -0.0152667 0.0134161 -8.87763e-05
internal_weight=3754.19 3730.31 3721.87 3712.09 95.7319 3616.36 3607.71 3570.38 35.7677 26.3256 20.2512 4.91449 3534.61 15.3367 9.44202 8.64866 23.8819 93.6321 80.1272 37.3294 12.9794 24.35 6.07448 8.43865 1.19499 3530.61 3519.26 28.049 11.3558 3491.21
internal_count=50000 44491 44342 37193 11919 25274 25206 24823 688 389 326 83 24135 243 299 68 5509 11871 6385 383 176 207 63 149 168 24097 23908 681 189 23227
cat_boundaries=0 2 3 5 6 7 8 9
cat_threshold=0 16777216 8 2147483905 6291464 4 4 32 2
is_linear=0
shrinkage=0.05


Tree=137
num_leaves=31
num_cat=3
split_feature=17 14 13 12 8 7 0 3 8 3 3 10 7 4 7 9 8 3 7 11 7 3 4 8 13 12 0 10 10 3
split_gain=6.7739 7.02826 4.61264 2.63594 1.67199 12.9784 5.11234 3.28714 2.4688 2.33709 2.22736 12.9148 25.8726 8.61761 2.49493 2.08347 3.01104 2.18369 5.9687 2.21623 2.5609 2.7554 1.69774 1.59875 119.802 36.1692 2.71109 3.02729 2.3272 1.64082
threshold=0 3094.0000000000005 1.5000000000000002 15.500000000000002 363.50000000000006 2583.0000000000005 1 60459.500000000007 1144.5000000000002 56033.500000000007 51756.500000000007 7.5000000000000009 4217.0000000000009 8088.5000000000009 29595.500000000004 13825.500000000002 671.50000000000011 49693.500000000007 10233.000000000002 4.5000000000000009 2492.5000000000005 55968.000000000007 84.000000000000014 2676.0000000000005 10.500000000000002 221.50000000000003 2 56.500000000000007 22.500000000000004 51107.000000000007
decision_type=9 8 8 10 8 10 9 10 8 10 10 8 10 8 8 10 10 10 10 8 10 8 10 8 10 8 9 8 8 8
left_child=-1 -2 -3 4 5 7 -7 -4 15 10 11 12 13 -10 -12 16 -6 18 19 -18 21 -21 -16 28 25 -25 -27 -28 29 -13
right_child=1 2 3 -5 8 6 -8 -9 9 -11 14 23 -14 -15 22 -17 17 -19 -20 20 -22 -23 -24 24 -26 26 27 -29 -30 -31
leaf_value=0.022051362521012682 -0.038482888607075771 -0.064467501885783221 -0.0013785589243629033 -0.05208597712190402 0.014853818311579947 -0.15271343636552831 -0.043025976241179986 -0.055074017815434563 0.0063645145113718953 -0.020867763202075632 -0.015485567434698651 -0.00018275477896888685 0.087403946925399711 -0.15811496691097082 0.052027106862667427 0.030765125808873129 0.017061338702440195 0.008439473530162684 -0.14538513749539217 -0.013844077036223238 0.0038306284837361843 -0.079690490864053831 -0.0026358392526532066 0.014828361401489741 -0.043213404288840046 -0.046158890006688741 -0.034516330920014493 -8.4436704030721853e-05 -0.062156640909578065 0.013212578305178647
leaf_weight=24.317537673865445 11.99123597354628 2.7848233277909458 116.30943832360208 2.4362013826612374 40.665249079931527 1.8859838796779513 2.4323247317224732 2.921855049673467 0.98591455258429039 13.447246655588968 3.0186940680723611 40.361251720925793 1.9519795728847382 4.1417501587420702 5.6539796153083453 9.4725594876799715 4.918616100680083 14.753163387533275 0.87012709584087033 3.4668868475128054 4.9659402649849653 2.9327679798007011 1.8970345286652444 467.07989745028317 153.75663733953843 3.2075934824533761 6.398570685647428 2747.2305532171158 1.2181111630052317 52.724697937723249
leaf_count=5788 6303 61 1277 224 4075 47 128 81 64 744 278 908 37 57 136 2753 441 1961 34 324 428 41 48 2830 3240 1066 156 15586 67 817
internal_value=-6.19193e-05 -0.000264719 -0.000142035 -9.37645e-05 -5.96112e-05 -0.00577846 -0.090931 -0.00269441 0.00013747 -6.33294e-05 1.68403e-05 -5.27865e-05 -0.0675157 -0.12649 0.0229348 0.00871098 0.00583237 -0.00566523 -0.0177956 -0.010978 -0.0231125 -0.0440195 0.0382942 8.47759e-05 -9.45028e-05 0.00196195 -0.00021796 -0.000164446 0.00650597 0.00740448
internal_weight=3750.2 3725.88 3713.89 3711.11 3708.67 123.55 4.31831 119.231 3585.12 3503.07 3489.63 3479.06 7.07964 5.12766 10.5697 82.0453 72.5728 31.9075 17.1543 16.2842 11.3656 6.39965 7.55101 3471.98 3377.67 3223.92 2756.84 2753.63 94.3041 93.0859
internal_count=50000 44212 37909 37848 37624 1533 175 1358 36091 26034 25290 24828 158 121 462 10057 7304 3229 1268 1234 793 365 184 24670 22878 19638 16808 15742 1792 1725
cat_boundaries=0 2 3 4
cat_threshold=2155872257 8 4 1
is_linear=0
shrinkage=0.05


Tree=138
num_leaves=31
num_cat=5
split_feature=30 13 1 13 18 12 12 7 3 11 3 3 11 3 16 0 3 7 3 8 11 9 7 11 7 4 5 3 9 10
split_gain=142.338 20.8759 4.46521 1.87673 1.75377 2.61174 3.01819 1.88689 2.55088 4.44375 4.16331 3.86891 0.641466 1.0401 0.370822 2.96809 4.35368 6.04439 4.7681 18.6881 4.1194 2.82332 2.42723 1.65938 1.32516 1.25207 2.82978 0.955686 2.99879 1.50911
threshold=0 374.00000000000006 1 123.50000000000001 2 51.500000000000007 1.5000000000000002 247.50000000000003 60518.000000000007 1.0000000180025095e-35 56366.000000000007 59417.500000000007 18.500000000000004 52054.500000000007 3 4 49473.500000000007 813.50000000000011 54228.000000000007 813.50000000000011 38.500000000000007 80.500000000000014 65231.000000000007 50.500000000000007 1143.5000000000002 416.00000000000006 408.00000000000006 64388.500000000007 36710.500000000007 44.500000000000007
decision_type=9 8 9 8 9 8 10 8 10 8 8 10 10 10 9 9 8 8 8 8 8 10 8 8 10 10 8 8 8 8
left_child=-1 3 -3 -2 12 6 -6 8 9 10 -7 -11 13 -4 23 -16 20 21 19 -19 22 -18 -17 -9 -22 27 -27 28 -20 -30
right_child=1 2 4 -5 5 7 -8 14 -10 11 -12 -13 -14 -15 15 16 17 18 25 -21 24 -23 -24 -25 -26 26 -28 -29 29 -31
leaf_value=-0.060155893586031232 0.010794774328810737 -0.024051775895195058 0.046556770222268062 -0.050067230065999981 -0.052225519595117953 -0.056172923924577449 0.047130058561342281 0.12948692726172303 -0.050488975810623449 0.012805759312528552 0.029838897809198014 0.06998713122438692 0.051745297666155168 0.011369832533293267 -0.050190799088993293 -0.026001021269233378 0.028447867398858857 -0.16587012277924504 -0.0022518024899485191 0.021835439504310414 0.001911740757686982 -0.050156902251676287 -0.12448691583236304 0.0046067788402428663 0.051576547484016758 0.032095084975870124 -0.059732575256429887 6.2022855221588477e-05 -0.12417711534743006 -0.037978770908941015
leaf_weight=86.004194422625005 533.43954361777287 9.2452418997418135 2.4289169553667369 1.2696409979835142 4.4042149521992542 4.2656698990613222 0.92488301551202301 0.26799402385950089 1.7240943089127529 42.403287791297771 2.0992777496576309 3.179986505303531 1.3602983057498921 15.516152450814841 2.964007536531426 24.018138451036069 1.3235304243862618 1.3668962419033039 16.888757520588118 44.347915240563452 7.273556334897874 8.3453057166188938 0.64234030339866777 35.929485764121637 1.6472901767119763 1.2634170204401016 2.4972930592484763 2882.2382215217222 0.62327348161488771 2.7398872319608922
leaf_count=888 4137 7149 48 1084 468 57 37 3 54 3757 19 42 53 233 1076 846 13 16 1405 1568 88 138 31 7701 69 11 82 18822 52 53
internal_value=-5.63967e-05 0.00151751 -4.18481e-05 0.0106503 0.000106394 -8.91031e-06 -0.034982 5.14145e-05 0.00934451 0.0113303 -0.0278046 0.0167949 0.0122806 0.0161325 -0.000112963 -0.000180505 -0.000131619 7.13681e-05 0.000200642 0.0162229 -0.0180336 -0.039397 -0.0285663 0.00433402 0.0110827 -5.13857e-05 -0.0288829 -1.40291e-05 -0.0108377 -0.0539534
internal_weight=3742.64 3656.64 3121.93 534.709 3112.68 3093.38 5.3291 3088.05 53.6723 51.9482 6.36495 45.5833 19.3054 17.9451 3034.38 2998.18 2995.22 2961.63 2951.97 45.7148 33.5813 9.66884 24.6605 36.1975 8.92085 2906.25 3.76071 2902.49 20.2519 3.36316
internal_count=50000 49112 43891 5221 36742 36408 505 35903 3929 3875 76 3799 334 281 31974 24270 23194 22160 22009 1584 1034 151 877 7704 157 20425 93 20332 1510 105
cat_boundaries=0 35 36 38 39 40
cat_threshold=0 1610612736 0 0 0 0 0 0 0 0 0 0 0 0 0 0 0 0 0 0 0 0 30172720 128 0 0 0 2147483648 268435472 2 0 0 536870912 8326 132 8 0 1573888 16 1
is_linear=0
shrinkage=0.05


Tree=139
num_leaves=31
num_cat=4
split_feature=23 6 17 0 6 14 9 14 10 8 14 6 3 7 8 8 9 8 10 4 11 3 4 19 12 3 7 3 9 7
split_gain=5.35899 6.92147 5.19846 3.95264 3.23021 2.79304 1.804 1.66508 1.60145 8.88372 1.59742 1.37533 1.34734 4.60516 15.2442 10.967 1.16804 5.31513 3.23734 5.63683 2.71231 2.99224 2.10748 2.54074 1.88757 1.58331 1.18374 1.95025 0.797205 0.729647
threshold=0 2589.0000000000005 1 2 3619.0000000000005 18637.000000000004 21814.500000000004 1586.0000000000002 39.500000000000007 329.50000000000006 1776.0000000000002 5.0000000000000009 57132.000000000007 1695.5000000000002 356.50000000000006 594.50000000000011 1156.0000000000002 1039.5000000000002 1.5000000000000002 4330.5000000000009 9002.5000000000018 101.50000000000001 444.00000000000006 3 8.5000000000000018 58830.500000000007 1429192.0000000002 56448.500000000007 846.00000000000011 541.00000000000011
decision_type=9 8 9 9 10 10 10 10 8 10 8 10 8 10 10 10 10 10 10 8 8 10 10 9 8 10 10 10 10 10
left_child=6 -2 4 5 8 7 -1 10 9 28 -4 -8 13 14 -11 -16 18 -18 20 24 -5 -22 23 -23 -20 26 27 29 -3 -19
right_child=1 2 3 16 -6 -7 11 -9 -10 12 -12 -13 -14 -15 15 -17 17 25 19 -21 21 22 -24 -25 -26 -27 -28 -29 -30 -31
leaf_value=0.036134950576463397 -0.051456837243082303 -0.071620195298360376 -0.0092886869790347066 0.013430384215267967 -0.026930726276960078 0.0066726427421046749 -0.14244291737596915 -0.014589309636878562 0.027287340480231889 0.051859843692428798 -0.050909609964418713 0.0017696987330081014 0.020254545590047343 0.018081357734415864 -0.18305507378448094 0.0095568577739505427 -0.055977013483989015 0.021113650352270499 0.011777530468757029 -0.054668461266509705 -2.8580003052130028e-05 0.021496424375259143 -0.064079973605613447 -0.05315321240329357 -0.014564148793293225 -0.055476436233677595 0.034704964895407274 -0.05646672823513213 -0.032835169094658098 -0.0029003039476059806
leaf_weight=17.95479131303728 6.5828287831973284 2.5933048836886874 3.3403224457288161 37.452522376552224 5.1396341857034704 11.570940561592577 0.23479962395504017 25.605826235027052 17.786963967140764 2.8110598921775845 7.4403126984834653 0.55874456185847521 46.737871659686789 18.431884434306994 1.9144229069352152 1.2037020474672315 4.9424195113824672 3.2666397960856548 10.518233210546894 7.1596855456009498 3369.3067766372114 2.6753548309206963 2.9917055764235556 1.9859706761781115 19.242029873887081 1.4162865334656078 2.1226383708417407 1.6788520033005614 2.7087973775342107 99.887369797099382
leaf_count=3051 358 28 1641 335 393 163 16 5791 7412 89 424 67 4100 1998 10 59 156 81 155 115 21441 38 29 96 239 43 43 38 50 1541
internal_value=-6.62127e-05 -0.000231672 -0.000141452 -0.000464886 0.0106015 -0.014725 0.0214391 -0.0215295 0.0137751 0.0106293 -0.0380136 -0.040901 0.0152853 0.00575153 -0.0325778 -0.1087 -0.00027434 -0.00526941 -0.000110342 -0.0148368 4.88952e-05 -9.95136e-05 -0.0313286 -0.0103083 -0.00525415 -0.00295683 -0.00226137 -0.00300986 -0.0518053 -0.00213984
internal_weight=3737.26 3718.51 3711.93 3612.6 99.3276 47.9574 18.7483 36.3865 94.188 76.401 10.7806 0.793544 71.0989 24.3611 5.92918 3.11812 3564.65 113.314 3451.33 36.9199 3414.41 3376.96 7.65303 4.66133 29.7603 108.372 106.955 104.833 5.3021 103.154
internal_count=50000 46866 46508 32369 14139 8019 3134 7856 13746 6334 2065 83 6256 2156 158 69 24350 1902 22448 509 21939 21604 163 134 394 1746 1703 1660 78 1622
cat_boundaries=0 1 3 4 5
cat_threshold=565260 2155872513 2097160 2 1
is_linear=0
shrinkage=0.05


Tree=140
num_leaves=31
num_cat=4
split_feature=24 17 6 3 14 13 13 12 4 9 9 11 12 13 14 14 0 10 8 9 7 2 7 3 8 7 3 10 8 7
split_gain=7.99412 6.0873 8.85944 1.8226 2.55294 6.45426 12.5475 8.6667 1.88159 5.28339 3.6433 2.49662 1.62222 44.5618 3.26138 2.80616 3.24559 1.59379 1.53488 4.99463 1.98067 1.34519 1.26163 1.08314 0.885729 9.77272 3.53189 2.56149 0.855581 1.14571
threshold=0 1 115.50000000000001 19185.500000000004 4658.0000000000009 16.500000000000004 15.500000000000002 3.5000000000000004 84.000000000000014 1513.5000000000002 13913.000000000002 828.00000000000011 556.00000000000011 5.5000000000000009 12450.000000000002 22751.500000000004 2 12.500000000000002 1173.5000000000002 18623.500000000004 20519.500000000004 3 14334.000000000002 50508.000000000007 405.50000000000006 1884.5000000000002 65220.000000000007 239.50000000000003 731.50000000000011 1963.0000000000002
decision_type=9 9 10 8 8 10 10 8 10 10 10 8 8 8 8 8 9 10 10 10 10 9 10 8 10 10 8 8 10 10
left_child=-1 24 3 8 21 6 12 -7 9 11 -11 -3 13 -6 -14 -16 28 -18 -19 20 22 -5 -20 -4 26 27 -2 -26 29 -17
right_child=1 2 23 4 5 7 -8 -9 -10 10 -12 -13 14 -15 15 16 17 18 19 -21 -22 -23 -24 -25 25 -27 -28 -29 -30 -31
leaf_value=0.024687294364657997 0.032817262484585358 0.05227165996870882 -0.070981656308212029 -0.022828700515558114 -0.059264953969585893 -0.019237242651635532 -0.057858088964960336 0.08615520673873793 -0.047461099108268984 -0.13703167553981327 0.050528091996842994 -0.014601147717353708 -0.041298072231207232 0.0059339329022198694 0.025778030794569917 -0.058465223119557 -8.499369534863176e-05 0.017560821990457734 -0.062323564551577906 0.0052552486474455873 0.0335908232176126 0.0041532765760953 0.013428220022370152 -0.034503800456308478 -0.16247209380812275 0.046038126712825159 0.18402588356312413 -0.027647494494495439 -0.0071932797412709989 0.050487922858932124
leaf_weight=22.345481768483296 15.961745706037624 2.6410570042207837 4.032261531800029 8.3826307023409754 27.570998143404722 62.091802944836672 9.3205118998885137 2.0138957391027352 4.1036473559215665 1.0651552490890024 0.34206137340515841 2.9599202424287778 4.8257319573312998 529.86808952176943 10.390975713729857 3.6481332164257787 2979.6390694936272 3.2243473695125457 6.7914067986421305 9.1476101533044112 0.66996166948229063 9.2414692332968116 0.59805354475975026 4.108472377527506 0.77897192165255547 5.3261433595325798 0.39575904607772727 0.6431441114982579 1.5341171487234531 0.25837703421711911
leaf_count=5509 5190 72 27 6891 387 2551 89 197 59 78 57 26 322 3340 138 1068 21450 655 196 671 10 140 59 122 5 228 2 363 70 28
internal_value=-6.27506e-05 -0.000277524 -0.000467853 -0.000353873 -0.000292641 -0.000201015 7.99842e-05 -0.0159263 -0.0205732 -0.00482893 -0.0914403 0.0169317 0.000230903 0.00270919 -0.000226435 -0.000160716 -0.000250395 -0.000180424 -0.0140976 -0.02003 -0.0487292 -0.0192768 -0.0561927 -0.052572 0.0210693 0.0149465 0.0364757 -0.101498 -0.0388336 -0.051259
internal_weight=3733.92 3711.58 3688.47 3680.33 3669.22 3651.59 3587.49 64.1057 11.1118 7.00819 1.40722 5.60098 3578.17 557.439 3020.73 3015.9 3005.51 3000.07 20.4314 17.207 8.05942 17.6241 7.38946 8.14073 23.1058 6.74826 16.3575 1.42212 5.44063 3.90651
internal_count=50000 44491 38703 38554 38262 31231 28483 2748 292 233 135 98 28394 3727 24667 24345 24207 23041 1591 936 265 7031 255 149 5788 596 5192 368 1166 1096
cat_boundaries=0 2 4 5 6
cat_threshold=0 16777216 2155872257 8 1 16
is_linear=0
shrinkage=0.05


Tree=141
num_leaves=31
num_cat=1
split_feature=30 12 14 13 14 9 13 10 3 4 8 8 7 10 9 3 3 11 6 3 9 3 7 8 7 6 8 9 7 14
split_gain=60.4443 5.14852 6.2476 2.78441 1.44118 0.722801 17.2026 1.66409 0.603694 1.07153 3.7537 2.06029 1.59485 2.35944 1.65688 2.97819 1.34355 0.836846 0.950844 5.48781 1.02076 3.33485 2.27676 1.63369 1.65641 1.37712 1.06393 0.899708 0.801868 0.792722
threshold=0 17.500000000000004 3236.0000000000005 388.50000000000006 548.00000000000011 1538.0000000000002 17.500000000000004 46.000000000000007 60594.500000000007 39.000000000000007 724.50000000000011 1052.5000000000002 4009.5000000000005 1614.0000000000002 13913.000000000002 61301.500000000007 61376.000000000007 7.5000000000000009 282.50000000000006 57301.000000000007 31199.500000000004 52054.500000000007 1349.5000000000002 645.50000000000011 12902.500000000002 723.50000000000011 828.50000000000011 19963.500000000004 24147.500000000004 26994.000000000004
decision_type=9 8 8 8 8 10 10 10 8 10 10 10 8 8 10 8 10 10 8 10 10 10 8 8 10 8 8 10 8 8
left_child=-1 5 4 -4 -3 6 -2 -7 17 29 12 -12 16 -14 15 -15 -11 18 -5 20 21 27 -23 24 25 -24 -25 28 -20 -10
right_child=1 2 3 8 -6 7 -8 -9 9 10 11 -13 13 14 -16 -17 -18 -19 19 -21 -22 22 23 26 -26 -27 -28 -29 -30 -31
leaf_value=-0.051448030017810245 0.0078405865205230883 0.04370465927816472 -0.051402836261742406 -0.018001489469444475 -0.041279339404208713 -0.052979306986820657 -0.022733066328279154 0.02492413109946295 0.0091535359169614815 0.019580182533517822 0.048273485034733381 -0.0058440215527960976 -0.21543849693546974 -0.27810349575967747 0.015116388680762014 -0.051624844436194174 -0.030051342659845649 -0.0018366380890919441 0.010221805120606551 0.031741881384513039 -0.032041390562436149 -0.024337130679631364 0.022586497415268629 -0.030372950487254247 0.050300168007131323 -0.054142146410871665 0.018873696396010699 0.050205554822081215 -0.0084654332691242642 -7.2792232226026932e-05
leaf_weight=46.361155077815056 527.19443953991868 0.52326045546215028 2.6267771075945348 4.1697342528495938 10.700916723231781 1.6307742013595992 50.40785792726092 1.1825954932719467 23.47139543958474 1.9523864462971694 2.8916094504529601 4.4889110648073256 0.2155621163547039 0.15219885390251997 0.88062365632504214 3.1372346921125427 4.5213601200375706 60.12158688204363 52.708623006008565 17.822880297084339 2.2191800822038195 15.833965630736204 0.7456635010894388 1.240059841191395 0.63453351228963573 2.7104265291709431 9.4888796275481582 1.3019855441525567 6.4421553760766974 2871.3666066208389
leaf_count=685 3130 337 268 511 5991 54 2485 9 1115 130 478 360 10 25 222 987 343 1959 7620 1306 494 310 229 394 184 261 659 495 81 18868
internal_value=-5.95103e-05 0.00072513 -8.15243e-05 5.36822e-05 -0.0373175 0.00504925 0.0051724 -0.0202327 9.74459e-05 -7.41044e-05 -0.0121549 0.0153586 -0.0308544 -0.0541348 -0.0457966 -0.0621038 -0.0150832 0.00294594 0.00543936 0.00631875 0.00146355 0.00227967 -0.0111542 0.00293104 -0.0239546 -0.0375877 0.0131817 0.00909154 0.00818656 2.01499e-06
internal_weight=3729.15 3682.78 3102.37 3091.14 11.2242 580.416 577.602 2.81337 3088.52 2913.08 18.2399 7.38052 10.8594 4.38562 4.17006 3.28943 6.47375 175.44 115.318 111.148 93.3255 91.1063 30.6535 14.8196 4.09062 3.45609 10.7289 60.4528 59.1508 2894.84
internal_count=50000 49315 43637 37309 6328 5678 5615 63 37041 22538 2555 838 1717 1244 1234 1012 473 14503 12544 12033 10727 10233 2037 1727 674 490 1053 8196 7701 19983
cat_boundaries=0 35
cat_threshold=0 0 0 0 0 0 0 0 0 0 0 0 0 0 0 0 0 0 0 0 0 0 21520928 0 0 0 0 0 0 2 0 0 536870912 8192 4
is_linear=0
shrinkage=0.05


Tree=142
num_leaves=31
num_cat=4
split_feature=17 1 7 9 3 10 7 9 7 4 10 11 3 4 8 3 9 11 8 8 6 8 4 3 18 13 13 13 4 19
split_gain=5.47473 3.81986 2.13947 3.07151 1.94684 3.30727 2.25659 1.78536 2.47498 2.43388 1.88803 2.96587 2.26021 1.46372 3.96797 1.45498 1.37685 1.43623 1.27118 1.23129 1.20673 1.12823 1.04592 0.961712 0.946271 155.943 16.0758 13.2963 2.75898 4.39475
threshold=0 1 18281.500000000004 3118.5000000000005 55584.000000000007 12.500000000000002 21927.000000000004 672.00000000000011 3338.0000000000005 23.500000000000004 14.500000000000002 1.0000000180025095e-35 20120.500000000004 52240.500000000007 630.50000000000011 63382.500000000007 3031.0000000000005 5905.0000000000009 592.50000000000011 906.50000000000011 587.50000000000011 1503.5000000000002 6118.0000000000009 50909.000000000007 2 6.5000000000000009 51.500000000000007 16.500000000000004 56083.000000000007 3
decision_type=9 9 10 10 8 10 8 8 8 10 8 8 10 8 10 10 10 8 10 10 8 10 8 8 9 8 8 10 8 9
left_child=16 -2 3 7 6 -6 -5 9 13 18 11 -11 -13 20 -15 -12 -1 19 -3 -18 -9 23 -22 -4 -10 -26 27 -27 29 -28
right_child=1 2 21 4 5 -7 -8 8 24 10 15 12 -14 14 -16 -17 17 -19 -20 -21 22 -23 -24 -25 25 26 28 -29 -30 -31
leaf_value=0.023293378878565744 -0.022934680662043627 -0.028709963756887415 0.0030576980440987847 -0.0083804841744297906 -0.013949239405141473 -0.063591072530613579 0.039751958688287535 0.026068700874161712 0.009365816024257784 -0.031227711309441953 -0.030227834875517584 0.057391565332509824 0.0031769312086569628 0.042207182975342449 -0.0047000926294884634 0.050017900966724982 0.1201965019302414 0.0044667547501618101 0.0017745202189995528 0.052121011192828318 0.0021588068721733827 0.004685375916117277 -0.059787796940206743 0.038214214986112244 -0.076331057937309849 0.011997756922900719 0.014776687244929369 -0.01299849451715443 2.094421352341235e-06 -0.034291884133151283
leaf_weight=17.956568117369901 8.454549269285053 16.166944109136242 2.6952577928313994 31.340541077079251 16.368372064200233 4.2202256412710986 2.640241587534546 5.575865457765758 16.567883192095906 6.2255395278334618 7.7658482310362142 2.0097299152985206 44.266754847485572 10.588045411743225 7.8518004817888132 0.60918929032050062 0.90775313973426852 1.0933873468311492 4.3371369214728466 2.4759593289345503 28.138942338759083 10.345122278435154 0.6983126699924459 6.9904190636007124 65.825951976235956 483.8489316990599 6.7713715857826173 59.773399740457535 2838.2771088131703 13.992837273050101
leaf_count=5321 7149 234 617 1073 1136 105 70 1136 312 101 307 28 583 725 710 60 4 369 140 94 3216 714 14 2249 728 2948 162 874 15779 3042
internal_value=-6.40959e-05 -0.000242449 -0.000128731 -0.000217932 -0.0119919 -0.0241248 -0.00464069 -4.04117e-05 0.000128015 -0.00736247 -0.00234423 0.00117261 0.00553141 0.0108667 0.0222338 -0.0243909 0.0203897 0.0542856 -0.0222617 0.0703837 0.00477584 0.0161674 0.00065873 0.0284311 -3.48444e-05 -0.000106444 0.00136784 0.00924932 -0.000130756 -0.0182902
internal_weight=3724.78 3702.35 3693.89 3673.86 54.5694 20.5886 33.9808 3619.29 3537.91 81.3811 60.8771 52.502 46.2765 52.853 18.4398 8.37504 22.4337 4.4771 20.5041 3.38371 34.4131 20.0308 28.8373 9.68568 3485.06 3468.49 3402.66 543.622 2859.04 20.7642
internal_count=50000 44212 37063 33483 2384 1241 1143 31099 29646 1453 1079 712 611 5801 1435 367 5788 467 374 98 4366 3580 3230 2866 23845 23533 22805 3822 18983 3204
cat_boundaries=0 2 3 5 6
cat_threshold=2155872257 8 8 0 2048 1
is_linear=0
shrinkage=0.05


Tree=143
num_leaves=31
num_cat=10
split_feature=30 30 30 23 6 12 1 7 12 5 19 6 19 4 19 3 7 0 13 13 14 14 11 3 27 8 10 9 8 3
split_gain=64.3425 67.5961 128.144 4.77126 5.33252 4.17207 3.77052 3.56055 2.79449 2.03449 1.38411 1.17531 1.66627 1.70653 0.924002 0.652752 0.65216 0.583674 44.3743 5.69249 4.29538 3.70693 2.08397 1.67434 1.26774 1.23914 4.50349 2.27041 1.74287 3.27432
threshold=0 1 2 3 1287.5000000000002 2.5000000000000004 4 30796.000000000004 6.5000000000000009 351.00000000000006 5 604.50000000000011 6 129.00000000000003 7 60081.500000000007 20846.000000000004 8 17.500000000000004 115.50000000000001 31538.000000000004 392.00000000000006 1.5000000000000002 48232.500000000007 9 594.50000000000011 60.500000000000007 1325.5000000000002 801.50000000000011 52839.500000000007
decision_type=9 9 9 9 8 10 9 10 8 8 9 10 9 10 9 10 8 9 10 8 8 10 8 8 9 8 8 8 10 8
left_child=-1 -2 -3 7 -5 6 -6 -4 -7 10 -8 12 13 16 -13 -16 -11 20 19 -19 -14 -22 23 -21 -25 26 -24 28 -27 -30
right_child=1 2 3 4 5 8 9 -9 -10 11 -12 14 17 -15 15 -17 -18 18 -20 22 21 -23 25 24 -26 27 -28 -29 29 -31
leaf_value=0.066768442533391384 0.052276227663728886 -0.05900240901811446 0.035711500410137292 -0.052390812042343506 -0.022650002367109144 -0.045526382794739299 -0.067335869177216734 -0.10864476166855237 -0.0086205749199550815 0.015638269855273404 -0.014548716326335129 0.050221369433044921 0.0027043118104799371 -0.058631857015224609 -0.016418986259272499 -0.055297092653945681 0.058062135617854553 0.0065640393248583692 -0.052485942522380119 -0.005611909195892344 -0.050864327211498798 0.054699065417456984 -0.015364032862135391 0.045857290374383401 0.013860096851485254 0.02985814255297824 0.0047883656326349645 5.3648459174590256e-05 0.042428199756054913 -0.014067083374978306
leaf_weight=25.67038457095623 49.245589517056942 84.597523642703891 17.366647477261726 4.8874125899747014 8.2633152396883816 7.9070795226143673 1.6277247294783592 0.43792660534381767 14.600382366625128 1.4494537044083702 5.2376270475797355 0.45479744276963174 30.072185610886663 0.47122624143958081 6.21814689063467 1.3064771839417515 2.4155974751338363 388.18488648533821 39.426884118060116 10.42335806135088 7.0825025439262372 0.94226572662591923 54.992382932920009 3.5257582664489746 25.372779381927106 11.25502676703036 55.906090527540073 2847.8816066381987 3.641430135467087 8.6736357959453017
leaf_count=163 359 919 3132 195 7149 63 18 2 348 639 254 110 434 9 517 137 979 2065 2410 132 424 12 1517 15 269 886 5754 20267 280 542
internal_value=-6.38136e-05 -0.000707102 -0.00156409 -3.77217e-05 -0.000199109 -0.00012756 9.85027e-06 0.0205941 -0.0215859 0.000127479 -0.0270642 0.000181185 0.000224987 0.0312002 -0.0189863 -0.0231693 0.0421525 0.000186472 0.000254452 0.00086427 -0.00596849 -0.0384691 0.000132038 0.0115675 0.0177639 -1.87372e-05 -0.00520481 0.000181555 0.0156359 0.00263795
internal_weight=3719.54 3693.87 3644.62 3560.02 3542.22 3537.33 3514.83 17.8046 22.5075 3506.56 6.86535 3499.7 3491.72 4.33628 7.97942 7.52462 3.86505 3487.38 3449.28 3409.86 38.097 8.02477 3021.67 39.3219 28.8985 2982.35 110.898 2871.45 23.5701 12.3151
internal_count=50000 49837 49478 48559 45425 45230 44819 3134 411 37670 272 37398 36634 1627 764 654 1618 35007 34137 31727 870 436 29662 416 284 29246 7271 21975 1708 822
cat_boundaries=0 40 80 115 116 117 118 119 120 121 122
cat_threshold=0 0 16384 0 0 0 0 0 0 0 0 0 0 0 0 0 0 0 0 0 0 0 0 0 0 0 0 0 0 0 8388608 0 0 0 0 16777216 20480 16 4194304 128 0 0 0 0 0 0 0 0 0 0 0 0 0 0 0 1024 0 0 0 0 0 0 0 0 0 0 0 0 0 0 0 0 0 0 0 3527409664 3032033804 449 16777728 3072 0 1610612736 0 0 0 0 0 0 0 0 0 0 0 0 0 0 0 0 0 0 0 1048576 30172720 128 0 0 0 2147483648 268435472 2 536870912 0 536870912 8326 132 565260 8 4 1 4 2 2
is_linear=0
shrinkage=0.05


Tree=144
num_leaves=31
num_cat=6
split_feature=30 30 13 30 1 6 9 11 11 11 8 18 7 12 14 10 9 8 3 0 14 14 7 8 10 4 4 9 8 10
split_gain=38.3072 86.3957 20.9876 66.9138 3.62878 0.831126 1.57391 2.56621 1.86462 1.20697 3.18468 1.10995 2.37733 2.10128 1.31581 1.04867 0.866059 3.07903 0.821076 1.4168 2.62468 4.32264 0.845993 0.816569 0.734899 0.66536 0.622134 0.62187 4.07725 4.81747
threshold=0 1 534.50000000000011 2 3 5693.0000000000009 12291.000000000002 19.500000000000004 20.500000000000004 17.500000000000004 1985.0000000000002 4 7322.0000000000009 58.000000000000007 3734.0000000000005 6623.5000000000009 14559.500000000002 341.50000000000006 63584.000000000007 5 31118.000000000004 3624.0000000000005 1467.5000000000002 664.50000000000011 7.5000000000000009 53722.500000000007 137.50000000000003 3943.5000000000005 582.50000000000011 5.5000000000000009
decision_type=9 9 8 9 9 10 10 8 8 10 10 9 10 8 8 8 10 10 10 9 8 10 10 10 8 8 10 10 10 8
left_child=-1 -2 3 -3 -4 6 11 9 -9 -8 -11 -6 13 26 -15 23 -7 -18 19 20 -16 -22 24 -14 -20 -25 -13 -21 29 -29
right_child=1 2 4 -5 5 16 7 8 -10 10 -12 12 15 14 18 -17 17 -19 22 27 21 -23 -24 25 -26 -27 -28 28 -30 -31
leaf_value=-0.045583858942753519 -0.057773170538953339 -0.051728652572428514 -0.022369477756466898 0.015579062361806121 0.010098263085963019 -0.032641271871024329 0.039417411775390855 -0.11081632599055274 0.0019595692506055385 -0.13776346279886126 0.04977974682277006 -0.015385093612976453 -0.0048681796461208073 0.021083998038094756 -0.0018304529505976327 0.050142931594667629 -0.073067665469167223 0.042852418746529189 -0.039107203624476727 7.8915453833798882e-05 -0.050821459895257909 0.05451382742242105 0.04695113727343974 -0.020548221860174173 0.049433972713272302 -0.050016262616882745 -0.051478920356883964 -0.21711300475831435 0.030126734648574766 -0.010570349200633608
leaf_weight=35.638216888532043 52.517920833081007 30.502898572012782 8.0786907597212121 483.04401796305319 17.186424914747477 3.90485846530646 8.3809424336068297 0.37833030568435788 11.74041429173667 0.35878205951303321 0.61331025138497353 2.4325662939809263 3.2050208263099176 7.4435730651021004 21.2910066395998 0.47101143840700288 0.85456185042858157 1.7376579539850352 0.69510158523917198 2991.7209901952301 6.7426239252090481 1.1383990645408628 1.8514958021696655 3.9272059337235987 0.35356152430176668 3.7395919011905789 2.3445485482807271 0.36905256286263466 6.922998794587329 1.2012642732588554
leaf_count=658 332 608 7149 4735 279 231 1717 33 2053 40 74 97 102 38 254 186 4 287 28 29232 424 15 293 211 47 57 185 17 504 110
internal_value=-5.67049e-05 0.000507428 0.00150905 0.0108773 -3.35141e-05 9.65002e-05 0.000134319 0.0136244 -0.00156114 0.0333003 -0.0194391 4.00616e-05 -4.93909e-05 3.55714e-05 8.76451e-05 -0.0228975 -0.0177676 0.00463773 3.61038e-05 1.06466e-05 -0.0109551 -0.035606 0.0266276 -0.0260619 -0.00925514 -0.0349217 -0.0330995 0.00011727 0.0136276 -0.0591116
internal_weight=3710.79 3675.15 3622.63 513.547 3109.08 3101.01 3094.51 21.4718 12.1187 9.35303 0.972092 3073.04 3055.85 3044.51 3039.73 11.3428 6.49708 2.59222 3032.29 3029.39 29.172 7.88102 2.90016 10.8718 1.04866 7.6668 4.77711 3000.21 8.49332 1.57032
internal_count=50000 49342 49010 5343 43667 36518 35996 3917 2086 1831 114 32079 31800 31244 30962 556 522 291 30924 30556 693 439 368 370 75 268 282 29863 631 127
cat_boundaries=0 35 70 116 117 119 120
cat_threshold=0 0 0 0 0 0 0 0 0 0 0 0 0 0 0 0 0 0 0 0 0 0 16777216 128 0 0 0 0 0 2 0 0 536870912 8322 4 0 1610612736 0 0 0 0 0 0 0 0 0 0 0 0 0 0 0 0 0 0 0 0 13395504 0 0 0 1073741824 2147483648 268435472 0 805306368 0 0 4 129 524288 0 0 0 0 0 0 0 0 0 0 0 0 0 0 0 0 0 0 0 0 1048576 2415951872 0 256 8 0 0 0 0 2147483648 256 0 9 258 0 0 0 0 0 0 0 0 0 0 1073741824 8 0 1572864 2
is_linear=0
shrinkage=0.05


Tree=145
num_leaves=31
num_cat=4
split_feature=30 1 13 3 7 9 11 14 3 16 9 11 0 14 13 8 7 7 9 10 10 3 3 3 11 11 6 8 9 6
split_gain=21.8081 3.40099 16.501 2.61192 0.909273 2.90968 2.07283 0.857167 2.16761 1.83554 1.91636 2.8822 1.6021 7.52026 4.55025 1.42998 1.47458 8.87816 0.866887 1.22778 0.824022 1.47153 0.821782 0.897591 0.766095 0.698261 0.651113 0.705859 0.632009 1.66216
threshold=0 1 3.5000000000000004 58926.500000000007 14460.500000000002 33021.000000000007 38.500000000000007 7038.5000000000009 52500.000000000007 2 172.00000000000003 28.500000000000004 3 16655.500000000004 33.500000000000007 1113.5000000000002 3415.5000000000005 7098.0000000000009 296.00000000000006 5.5000000000000009 13.500000000000002 55919.500000000007 54739.000000000007 50909.000000000007 28.500000000000004 113.00000000000001 649.50000000000011 635.50000000000011 18336.500000000004 3607.5000000000005
decision_type=9 9 8 10 10 10 10 8 10 9 10 8 9 10 10 8 10 10 8 8 10 8 10 8 8 8 10 10 10 10
left_child=-1 -2 -3 4 7 24 20 -4 12 -10 25 15 13 -9 -14 16 -12 -18 -13 -20 -7 -22 23 -8 -6 -11 27 -26 29 -5
right_child=1 2 3 28 5 6 22 8 9 10 11 18 14 -15 -16 -17 17 -19 19 -21 21 -23 -24 -25 26 -27 -28 -29 -30 -31
leaf_value=0.053301828923181152 -0.022093098214421271 -0.058896946959581364 0.014410465209405244 0.015484860761659648 0.040382518427229633 -0.012049272748017132 0.051438958432670878 -0.042029359758178592 0.0077171320247088337 0.0065038228836687556 -0.041447608551056184 -0.047898780117648365 2.6578280539580372e-05 0.011131462606944642 -0.050443676961407662 -0.010477796312529084 -0.012758422163750262 -0.32651406090490703 0.014379609139529088 -0.016309991338613324 -0.1013325978115085 -0.02134471472514371 -0.037502553873123609 0.0035630221520915866 0.050147156660172443 -0.030089363019435201 0.050297583650238224 -0.0046511709032143467 0.041545957506230392 -0.038712009979213063
leaf_weight=9.0382559299468994 7.9003928061574697 11.952436309773473 9.9649650352075678 26.825384421390488 5.8219605428166687 2.172406174708156 1.5289621027186511 11.881299689412119 9.1834104300942272 9.2429375750944001 10.338490911759431 1.2283690338954336 3534.7893166452413 15.116696566343306 4.4714969976630519 3.4213182688690731 0.79109625890851087 0.3153377827256918 5.4309005700051785 8.1490064348326978 0.9863278656266633 1.378752911230549 0.70503600314259518 2.7217621542513371 0.71243731654249298 1.5176980772521336 0.98264017957262684 3.3552339392481372 2.0242896130075669 1.4934623423032451
leaf_count=37 7149 271 111 2075 1343 508 70 469 117 92 482 31 31112 216 2027 193 91 11 46 1105 106 165 10 61 352 160 186 627 649 128
internal_value=-7.54734e-05 -0.000349243 -0.000243061 -5.30386e-05 -0.000174612 0.0103608 -0.00986458 -0.000233787 -0.000274145 -0.0106527 -0.0134155 -0.0232881 -0.000129745 -0.0122636 -3.71858e-05 -0.0388403 -0.0473189 -0.10218 -0.00767499 -0.00403655 -0.0342816 -0.0547027 0.0124916 0.0207837 0.0280209 0.00134266 0.0137705 0.00494655 0.014556 0.0126267
internal_weight=3705.44 3696.4 3688.5 3676.55 3646.21 20.3655 9.49325 3625.84 3615.88 49.6186 40.4352 29.6745 3566.26 26.998 3539.26 14.8662 11.4449 1.10643 14.8083 13.5799 4.53749 2.36508 4.95576 4.25072 10.8723 10.7606 5.05031 4.06767 30.3431 28.3188
internal_count=50000 49963 42814 42543 39691 3428 920 36263 36152 2328 2211 1959 33824 685 33139 777 584 102 1182 1151 779 271 141 131 2508 252 1165 979 2852 2203
cat_boundaries=0 3 4 5 6
cat_threshold=0 0 16384 8 2 2
is_linear=0
shrinkage=0.05


Tree=146
num_leaves=31
num_cat=4
split_feature=17 23 0 13 12 28 4 3 11 13 12 8 10 3 8 6 9 10 11 8 11 9 8 7 7 4 3 7 9 8
split_gain=4.97606 3.31561 2.93098 134.301 13.4172 5.68194 2.57146 5.80526 4.67965 4.16069 3.10636 2.49486 2.31236 2.30411 2.00599 1.09635 1.56273 1.61539 2.38728 1.46933 1.33879 2.41489 8.01635 1.49454 1.25729 1.70642 9.97087 0.939467 0.921268 0.808254
threshold=0 1 2 6.5000000000000009 3.5000000000000004 3 105.50000000000001 49718.500000000007 8497.0000000000018 214.50000000000003 5.5000000000000009 778.50000000000011 17.500000000000004 56278.000000000007 3078.0000000000005 5517.0000000000009 19674.500000000004 20.500000000000004 1.0000000180025095e-35 1011.5000000000001 6.5000000000000009 1116.5000000000002 486.00000000000006 4996.5000000000009 1516.0000000000002 60.000000000000007 34659.000000000007 2481.5000000000005 1123.5000000000002 69.500000000000014
decision_type=9 9 9 8 8 9 10 8 8 8 8 10 8 10 8 10 10 10 8 8 8 10 10 10 8 10 10 10 10 8
left_child=28 11 5 -4 13 -3 15 12 14 10 -10 -2 -8 -5 -9 16 17 18 -6 -18 21 24 -23 -22 25 -20 -27 -14 29 -1
right_child=1 2 3 4 6 -7 7 8 9 -11 -12 -13 27 -15 -16 -17 19 -19 20 -21 23 22 -24 -25 -26 26 -28 -29 -30 -31
leaf_value=0.050077926377841711 0.041078280428946366 0.0033413548462681536 -0.075069621076522208 0.0087389860685930104 -0.029465415662344938 -0.029657751890691697 -0.043442502885376238 0.013187903033726687 -0.065600429920816369 -0.049128738428744725 0.00031716329794209111 -0.11265300459698629 -0.014328272216280809 -0.024264937798094494 -0.054457282719430317 -0.021240372181430378 0.039636240015001496 -0.038663955455437257 0.0002888053059697903 0.0048852845613437806 -4.246780688174512e-05 -0.070097587986696644 0.026113085642877117 -0.01742877096913133 0.01925835613079507 0.078915943859875437 -0.10349434688748452 0.041216894809528663 0.044660209151663993 0.017395701426837756
leaf_weight=2.2037181656342009 10.756372143630868 30.578057957929559 58.912083345465362 522.23386932990979 6.8534642551094294 14.322391374036668 14.135404054075478 32.625299480510876 1.9620056049898265 7.2910885551827986 20.067848700913604 0.27055199770256955 3.3338983487337854 5.3423566252458832 1.1340555634815235 6.0580927615519604 4.6976909504737678 2.7025894527323535 57.056152260862291 8.629116996191442 2820.1277456693351 2.3613574104383614 26.044778018724173 12.414856036775744 8.1071092137135548 1.1784914452582591 2.0564023479819298 0.98651043837890018 6.3182811541482797 13.363379088812508
leaf_count=1482 2141 473 589 5422 90 7546 130 692 12 1101 316 8 61 111 65 489 2026 46 847 850 16710 42 2640 1166 535 14 51 39 602 3704
internal_value=-6.65448e-05 -0.000236033 -0.000348489 -0.000192234 0.00104429 -0.0130458 -0.000233157 -0.00899269 -0.00177621 -0.0163892 -0.00555354 0.0195642 -0.033658 0.00840478 0.0109155 8.27255e-06 5.18756e-05 -2.55897e-05 9.97446e-06 0.017135 7.89347e-05 0.00586097 0.0181152 -0.000118671 0.000771709 -0.00171412 -0.0370412 -0.00164524 0.0196014 0.0220223
internal_weight=3704.13 3682.24 3671.21 3626.31 3567.4 44.9004 3039.82 81.5361 63.0803 29.3209 22.0299 11.0269 18.4558 527.576 33.7594 2958.29 2952.23 2938.9 2936.2 13.3268 2929.35 96.8043 28.4061 2832.54 68.3982 60.291 3.23489 4.32041 21.8854 15.5671
internal_count=50000 44212 42063 34044 33455 8019 27922 2416 2186 1429 328 2149 230 5533 757 25506 25017 22141 22095 2876 22005 4129 2682 17876 1447 912 65 100 5788 5186
cat_boundaries=0 2 3 4 7
cat_threshold=2155872257 8 8196 2 8388608 2148532224 1080303620
is_linear=0
shrinkage=0.05


Tree=147
num_leaves=31
num_cat=6
split_feature=30 1 17 12 11 9 3 27 8 7 3 10 9 7 9 3 4 8 4 10 19 6 8 7 3 10 4 19 3 9
split_gain=30.6894 3.36742 5.00566 1.86789 2.11396 17.2921 8.61822 3.42829 3.02261 7.13678 6.25457 2.12346 6.39505 3.19676 1.86497 1.25477 1.21265 1.19829 1.70033 3.01071 3.74972 1.00597 0.95745 2.60001 5.53111 17.3336 1.48571 2.24968 1.18396 8.23311
threshold=0 1 2 63.500000000000007 1.5000000000000002 100.50000000000001 51015.500000000007 3 294.00000000000006 33729.500000000007 51158.000000000007 11.500000000000002 9829.5000000000018 22779.500000000004 1325.5000000000002 50263.000000000007 49809.000000000007 536.50000000000011 6118.0000000000009 12.500000000000002 4 2203.5000000000005 768.50000000000011 22338.000000000004 20120.500000000004 3.5000000000000004 137.50000000000003 5 20578.500000000004 1571.0000000000002
decision_type=9 9 9 8 8 10 10 9 8 8 8 10 10 8 10 10 8 10 8 8 9 10 10 8 10 10 8 9 10 10
left_child=-1 -2 14 -4 5 6 -5 -7 9 10 -6 17 13 -13 -3 -15 -12 18 19 -10 21 -21 23 24 -19 -26 27 -24 29 -29
right_child=1 2 3 4 8 7 -8 -9 11 -11 16 12 -14 15 -16 -17 -18 22 -20 20 -22 -23 26 -25 25 -27 -28 28 -30 -31
leaf_value=-0.04260824097891075 -0.02146422578797845 0.019281835673588807 0.0029599381889220239 -0.075492801123757766 0.0050889871029763086 -0.017431278771524276 0.0039364249444594742 0.044146721411996374 -0.070291099568995472 0.0017814319544130295 -0.037714948944568429 -0.066144653552833249 0.0076510866535582332 0.033314567180855452 0.050357647962371882 -0.029388069268500561 -0.064582876797653538 0.028119301175194844 -6.6468377000085448e-05 0.015706111802207951 -0.050245626545181034 -0.013154080458360154 -0.033376807057451878 0.057091545616402277 0.014030157291991273 -0.13132962409074053 -0.00020811080674006081 0.076462846301618953 0.022690222621580474 -0.10123762319767499
leaf_weight=31.91697469772771 7.5074496975285001 15.584746101172643 575.39622066018637 6.3795034880749864 8.0955086317844707 2.5309170931577682 7.3491861307993531 21.139125766232613 2.1823266297578812 43.458936657756567 11.077592956367882 6.4821791257709274 13.209462546859866 1.2553240610286605 6.9949420725461087 2.1894683176651597 6.763754083774983 14.677087748888885 2756.2445099342149 8.2303052492206898 3.9992512125172697 4.7690915775019684 2.3135771590750664 2.9345114575698963 9.4260975966462848 2.6211769357323638 102.254276674008 1.2919817892834609 19.451326471404172 1.3155064810998736
leaf_count=652 7149 5232 5795 62 87 12 92 228 34 343 132 147 1530 34 561 42 117 1703 15376 870 1059 458 276 889 2588 95 1838 93 2405 101
internal_value=-6.758e-05 0.000417725 0.000520984 0.000345228 -0.000145046 0.0116696 -0.0329731 0.0375625 -0.000291149 -0.0106058 -0.0313614 -4.89061e-05 -0.0151371 -0.0454605 0.0200355 -0.00653847 -0.0479007 7.01667e-05 -0.000169708 -0.015005 -0.00790721 0.00511817 0.00433003 0.0124164 0.00751078 -0.0175964 0.00243602 0.0135294 0.0184491 -0.013189
internal_weight=3699.04 3667.13 3659.62 3637.04 3061.64 37.3987 13.7287 23.67 3024.24 69.3958 25.9369 2954.85 23.1364 9.92697 22.5797 3.44479 17.8413 2931.71 2775.43 19.181 16.9986 12.9994 156.286 29.6589 26.7244 12.0473 126.627 24.3724 22.0588 2.60749
internal_count=50000 49348 42199 36406 30611 394 154 240 30217 679 336 29538 1753 223 5793 76 249 27785 17797 2421 2387 1328 9988 5275 4386 2683 4713 2875 2599 194
cat_boundaries=0 35 36 38 39 40 41
cat_threshold=0 0 0 0 0 0 0 0 0 0 0 0 0 0 0 0 0 0 0 0 0 0 0 128 0 0 0 0 0 2 0 0 536870912 8322 4 8 2155872257 2097160 2 1 1
is_linear=0
shrinkage=0.05


Tree=148
num_leaves=31
num_cat=3
split_feature=14 23 6 9 14 9 9 7 3 3 3 3 18 4 4 10 8 12 10 7 4 0 7 3 12 7 9 10 5 3
split_gain=5.10161 2.98784 2.04059 0.873804 0.854513 0.771499 1.23968 1.24647 1.34825 0.748895 3.96423 11.5336 2.6231 2.03258 1.78253 1.61531 1.61062 1.65409 1.57769 2.24179 1.53329 1.26893 1.0781 1.0428 2.93916 1.28456 10.2321 1.14436 0.973469 0.953041
threshold=3128.0000000000005 0 382.00000000000006 30283.000000000004 916.00000000000011 20084.000000000004 1490.5000000000002 7322.0000000000009 61401.500000000007 49880.500000000007 55968.000000000007 56910.000000000007 1 137.50000000000003 4330.5000000000009 19.500000000000004 637.50000000000011 480.50000000000006 4.5000000000000009 4822.5000000000009 74.000000000000014 2 1103.0000000000002 51107.000000000007 129.00000000000003 19499.500000000004 680.00000000000011 1276.5000000000002 1.0000000180025095e-35 61979.500000000007
decision_type=8 9 10 10 10 8 8 10 8 10 10 10 9 10 10 8 8 8 8 10 10 9 10 8 8 8 10 8 10 10
left_child=4 3 9 -2 -1 6 -4 -8 -9 12 14 21 13 -3 16 -15 17 -11 19 20 -14 22 -12 24 -20 26 -25 -27 -18 -13
right_child=1 2 5 -5 -6 -7 7 8 -10 10 11 29 18 15 -16 -17 28 -19 23 -21 -22 -23 -24 25 -26 27 -28 -29 -30 -31
leaf_value=0.015880012451455424 0.041046024876413553 -0.00079207159082548368 -0.0695033933358227 -0.06716163790520488 -0.039893963808698224 0.0088849839182806086 0.0010554238064181105 -0.029745307226615711 -0.12699521384049969 0.029281612251040662 -0.069128838925812369 0.010285605487376379 0.0095390198958349593 -0.038785901443434863 -0.024441950079566139 -0.002956985653864454 0.017471588599900979 -0.0040549119889344868 0.12786295722198335 0.10851375442856966 -0.041639109382364314 0.0096743084226395444 -0.036070963540992276 -0.10181048580430969 0.0082698196688234579 0.023530553197703363 -0.0030818818803172842 -9.1835607860016666e-05 0.05979263249541477 -0.0092628648827051459
leaf_weight=0.74182298296363924 9.6846832042792776 9.9013183934148419 1.5241510905325366 0.19023315608501512 9.2494050727109407 1.6298272365238524 3.5319711107295015 2.9424812125507747 0.40551033243536938 4.6450250018388033 6.3643117994070053 29.643434823374264 45.078005916438997 12.124719019979237 3.3002564576454452 4.2479201294481781 42.655162413604558 18.704945226782005 0.52876675594598055 0.560034588444977 1.5126209100708354 0.78334379743318727 4.0267700569238514 2.7243006415665141 18.088210105313923 5.1346982104005292 71.517248296877369 3374.1385897417786 1.4034896939992894 7.8954978697001925
leaf_count=575 2470 874 11 1 5736 198 472 166 17 77 98 1696 1745 60 69 65 2180 576 6 35 29 209 268 66 6130 855 1468 23196 7 645
internal_value=-7.27799e-05 2.39633e-05 -8.04445e-05 0.0193581 -0.0357529 -0.0225981 -0.0287037 -0.0196651 -0.0415243 -1.90155e-05 0.00387542 -0.00709996 -0.000150189 -0.0135268 0.0114367 -0.02949 0.0131932 0.00257674 -1.18525e-05 0.00907277 0.00787746 -0.051692 -0.0563182 -0.000135253 0.0116666 -0.000198874 -0.00670474 -5.59421e-05 0.0188197 0.00617401
internal_weight=3694.88 3684.89 3675.01 9.87492 9.99123 10.0339 8.40411 6.87996 3.34799 3664.98 119.422 48.7134 3545.56 26.274 70.7089 16.3726 67.4086 23.35 3519.28 47.1507 46.5906 11.1744 10.3911 3472.13 18.617 3453.51 74.2415 3379.27 44.0587 37.5389
internal_count=50000 43689 41218 2471 6311 864 666 655 183 40354 5825 2916 34529 999 2909 125 2840 653 33530 1809 1774 575 366 31721 6136 25585 1534 24051 2187 2341
cat_boundaries=0 1 3 4
cat_threshold=40960 32768 2048 4
is_linear=0
shrinkage=0.05


Tree=149
num_leaves=31
num_cat=5
split_feature=30 12 1 7 9 13 8 10 3 11 8 10 9 0 9 27 3 10 4 8 3 10 8 7 3 4 3 7 8 0
split_gain=33.5883 2.06714 2.9832 1.01638 4.05331 0.850716 1.1131 4.92831 1.6408 1.82904 1.33209 4.83615 1.31614 1.4301 1.73104 1.27417 1.39677 1.18491 1.39641 1.18262 3.8065 0.808137 5.0107 0.729069 2.15863 0.748864 0.706476 3.30078 2.71081 2.14036
threshold=0 14.500000000000002 1 19149.500000000004 33708.500000000007 194.50000000000003 4465.0000000000009 16.500000000000004 64165.500000000007 1.5000000000000002 578.50000000000011 28.500000000000004 1513.5000000000002 2 16684.000000000004 3 54380.500000000007 9.5000000000000018 9999.0000000000018 678.50000000000011 44588.000000000007 12.500000000000002 1831.5000000000002 14334.000000000002 54694.000000000007 105.50000000000001 56043.500000000007 19149.500000000004 727.50000000000011 4
decision_type=9 8 9 10 10 8 10 10 10 8 8 8 8 9 8 9 8 10 8 8 10 10 10 10 10 10 10 8 8 9
left_child=-1 -2 -3 5 -5 -4 8 -8 9 15 11 -11 21 14 -14 -7 -17 -15 -19 20 -16 22 26 25 -25 -13 28 -28 -12 -30
right_child=1 2 3 4 -6 6 7 -9 -10 10 12 23 13 17 19 16 -18 18 -20 -21 -22 -23 -24 24 -26 -27 27 -29 29 -31
leaf_value=-0.044180235269507311 0.0032144412959414928 -0.020862247950152488 -0.019386002521654157 0.037873282076477409 -0.0098508238297484937 0.051747507253679596 0.075887341503215855 -0.068792822857345254 0.035731307573592372 -0.019181774332339623 0.037639990804091784 0.0010774958906268044 -0.0027432594996587736 -0.00012978426083444267 0.050252355872895331 -0.0022065961091984479 0.017629198021143749 0.0023677315411972134 0.019841919037778277 -0.046574354466171058 -0.35599260737452093 -0.046605960884468361 -0.17870439467784538 0.050471605721376406 -0.12438865810578835 0.016539151599155279 -0.017493671143430391 0.071968713965541206 0.010826608489989823 -0.049121917724793351
leaf_weight=32.658757199998945 569.06122333108215 7.1469858235795982 5.6593615823658183 8.1810790890594962 9.7532372646965069 1.8205945733934641 0.80165577027946655 2.2146970422472805 3.2180623440071932 40.72221579356119 9.9040040489053478 57.692866425029933 3.5069986680755392 2813.9914779104292 0.1084527762141082 15.887712460942565 20.106596843805164 42.276775594102219 15.670789303956552 2.0626744478940964 0.12312492763157934 0.60942304274067183 0.34210799541324277 0.31491046189330418 0.40155356505420059 9.0612181962933374 5.4346387492259955 1.2724432647228239 11.296115935081616 1.7149599787080632
leaf_count=660 5657 7149 296 2776 943 62 11 72 397 969 1392 2129 586 16945 33 146 200 880 309 991 63 19 8 49 19 5101 911 6 939 282
internal_value=-6.92206e-05 0.000443837 -6.47536e-05 5.09193e-05 0.0119194 -1.83336e-05 1.74797e-05 -0.0303412 4.74294e-05 9.83252e-06 -0.000127162 -0.00557478 7.54958e-05 -3.4139e-05 -0.0248343 0.0109379 0.00887378 1.59567e-05 0.00709328 -0.0586027 -0.165739 0.0103948 0.0115541 0.0026378 -0.0475316 0.00317627 0.0137514 -0.000521192 0.0179289 0.00292493
internal_weight=3693.02 3660.36 3091.3 3084.15 17.9343 3066.22 3060.56 3.01635 3057.54 3054.32 3016.51 108.193 2908.31 2877.74 5.80125 37.8149 35.9943 2871.94 57.9476 2.29425 0.231578 30.5737 29.9643 67.4705 0.716464 66.7541 29.6222 6.70708 22.9151 13.0111
internal_count=50000 49340 43683 36534 3719 32815 32519 83 32436 32039 31631 8267 23364 19807 1673 408 346 18134 1189 1087 96 3557 3538 7298 68 7230 3530 917 2613 1221
cat_boundaries=0 35 36 37 38 39
cat_threshold=0 0 0 0 0 0 0 0 0 0 0 0 0 0 0 0 0 0 0 0 0 0 0 128 0 0 0 0 16 2 0 0 536870912 8322 4 8 1 1 4
is_linear=0
shrinkage=0.05


Tree=150
num_leaves=31
num_cat=4
split_feature=24 6 13 13 0 14 14 19 3 9 10 4 7 11 7 19 3 3 3 8 12 9 11 7 3 3 9 8 7 7
split_gain=6.52975 6.34342 115.254 31.7211 4.62224 1.21145 1.94057 1.18949 1.1401 3.37045 1.14119 1.85039 1.62074 1.59953 1.09671 1.16754 1.45694 2.69479 0.800943 0.733083 0.732388 1.59612 1.56563 1.41792 0.963524 1.55379 0.648877 1.22369 1.62262 1.6193
threshold=0 12210.500000000002 10.500000000000002 272.50000000000006 1 4520.0000000000009 2816.0000000000005 2 22014.000000000004 774.00000000000011 10.500000000000002 84.000000000000014 3383.5000000000005 828.00000000000011 1867.5000000000002 3 54228.000000000007 48926.500000000007 52500.000000000007 195.50000000000003 6.5000000000000009 3848.5000000000005 18.500000000000004 430.00000000000006 61401.500000000007 57642.000000000007 22467.000000000004 586.50000000000011 32294.000000000004 683.00000000000011
decision_type=9 8 10 8 9 8 10 9 8 8 10 10 8 10 10 9 10 10 8 10 8 10 8 10 8 8 8 10 8 10
left_child=14 7 3 -3 -5 6 -6 -2 9 19 26 12 -12 -13 15 -1 17 -17 -16 -7 -14 -22 -23 -24 25 -25 27 28 -10 -29
right_child=1 2 -4 4 5 8 -8 -9 10 -11 11 13 20 -15 18 16 -18 -19 -20 -21 21 22 23 24 -26 -27 -28 29 -30 -31
leaf_value=0.052913230177580331 -0.051463076739731987 0.01418543544201349 -0.043124962753293972 -0.052808769192181783 -0.030141593690525888 -0.007388511520143512 0.006193120429414012 -0.0015367795862147194 -0.00078631354930253138 -0.041851476849448385 -0.061210075580863256 -0.042033248163139456 0.032338053247387533 0.029778398958021864 0.039639137507856206 -0.21638445401057171 0.050132295385380936 0.050147312852677012 0.012666175921031766 0.027964316992128799 -0.029758871787682578 0.019285311077586371 0.045629539152883918 -0.054924228067121043 -0.0039471419826152543 0.052752970890502605 -4.7461363948026418e-05 0.054400689454174624 -0.053974349566245187 0.00520662670096389
leaf_weight=8.2509158686734736 7.1696334918960929 442.29742682515644 149.73900012762169 4.1595761158969253 8.4125667322077771 2.7577470010146472 6.5249390754615879 1.4311387715861181 93.457713028299622 5.9930888139642784 1.1394891068339408 5.887048735166899 1.6159014515578745 0.89306093845516432 4.7046443702420193 0.18744649831205684 0.47079655108973384 0.19194611092098057 6.6319012432359168 3.1314680194482207 4.3093117112293902 8.6161671062000078 0.97587890177965331 2.5483673298731451 4.5040652451571077 0.38574535539373744 2780.0294272585306 1.6944664940237988 1.4562780568376172 130.75045335770119
leaf_count=1848 156 3000 3424 1109 6196 33 691 54 6604 287 25 268 16 39 1492 28 182 66 1893 59 85 1328 7 131 156 19 15682 10 33 5079
internal_value=-7.46717e-05 -0.000265036 -0.000165005 0.00166689 -0.00013711 -6.56299e-05 -0.01427 -0.0431555 3.93339e-06 -0.0154537 6.43866e-05 -0.00949936 -0.00300624 -0.0325744 0.0229892 0.0471646 -0.00862492 -0.081538 0.0238599 0.0114096 -0.000117047 -0.00257466 0.00430401 -0.0110371 -0.0184717 -0.040768 0.000162572 0.00273075 -0.00160238 0.005836
internal_weight=3690.32 3669.88 3661.28 3511.54 3069.24 3065.08 14.9375 8.60077 3050.15 11.8823 3038.26 30.875 24.0949 6.78011 20.4377 9.10111 0.850189 0.379393 11.3365 5.88922 22.9554 21.3395 17.0302 8.41406 7.43818 2.93411 3007.39 227.359 94.914 132.445
internal_count=50000 44491 44281 40857 37857 36748 6887 210 29861 379 29482 2074 1767 307 5509 2124 276 94 3385 92 1742 1726 1641 313 306 150 27408 11726 6637 5089
cat_boundaries=0 2 3 4 5
cat_threshold=0 16777216 1 1 1
is_linear=0
shrinkage=0.05


Tree=151
num_leaves=31
num_cat=5
split_feature=24 19 5 3 0 14 8 8 10 14 3 19 13 7 6 9 10 7 9 3 11 3 7 16 9 13 12 3 4 3
split_gain=6.03592 9.4384 2.28717 2.18504 2.48049 8.83448 2.19706 16.5535 4.78251 2.11636 1.01937 1.68619 0.952113 0.905402 0.819989 0.625643 0.491107 2.51903 1.03753 3.83634 6.93283 3.59084 2.1621 1.37293 3.64544 79.8134 17.1512 5.78678 2.57093 4.31215
threshold=0 1 205.00000000000003 58773.500000000007 2 3378.0000000000005 645.50000000000011 708.50000000000011 1.0000000180025095e-35 1664.0000000000002 50801.500000000007 3 98.500000000000014 5782.0000000000009 1498.5000000000002 1207.5000000000002 25.500000000000004 24147.500000000004 21228.000000000004 56519.000000000007 1.0000000180025095e-35 54800.000000000007 5624.0000000000009 4 100.50000000000001 11.500000000000002 8.5000000000000018 59931.000000000007 105.50000000000001 50087.000000000007
decision_type=9 9 10 10 9 10 10 8 8 8 10 9 8 10 8 10 10 10 10 10 8 10 10 9 8 10 8 8 8 10
left_child=10 2 -2 4 5 9 8 -8 -5 -3 11 14 -7 15 -1 -12 18 -18 19 21 -21 23 -22 28 27 26 -26 -25 -6 -30
right_child=1 3 -4 6 16 12 7 -9 -10 -11 13 -13 -14 -15 -16 -17 17 -19 -20 20 22 -23 -24 24 25 -27 -28 -29 29 -31
leaf_value=-0.076692801318817783 -0.046967091038818271 -0.0034280632534138982 0.032005722293658077 -0.057191327005042161 0.048923235639367374 -0.050478277072991067 -0.31579323531880965 0.0099824133589825545 0.036217614531006179 -0.050325326620027248 0.05089439842341377 0.052490544551441989 0.0065944962864767382 0.0065055900909742771 0.050206972915014782 0.020157762869000676 -0.065187164714999954 0.00039822353253377029 0.022594337247001866 0.098972368875787517 -0.047037035103601466 -0.027832809116318014 0.034187479792916128 -0.0079089576847826502 0.010721319691049277 -0.03867789904127189 0.00021683681964244418 -0.086855461155221234 0.026519602366484166 -0.041217085004037451
leaf_weight=0.39366075862199068 12.922089678118935 2.9509727710974403 0.98683536332100708 1.5256286915391684 4.9235660172998896 0.75114552024751902 0.4075502157211276 9.0214419575640932 13.460081508150324 13.018469693313817 3.2977438366506231 8.0394060749094933 26.916749836760577 4.5564844041364267 0.18813844840042293 3.324741558288224 1.7726102487649757 8.4109172471798939 5.0637732134200624 0.97540270164608955 9.8232386652380175 11.517875335179268 0.89384698355570513 9.8649022881872916 447.79044935107231 127.59085082434467 2938.9892164040357 3.0354225225746641 7.5450057091657072 3.4121027395594865
leaf_count=86 455 1786 12 22 25 92 10 1027 302 5180 1106 1834 961 1491 54 938 74 244 1348 13 236 335 35 118 2873 3273 20861 34 4959 216
internal_value=-7.1971e-05 -0.000253389 -0.041364 -9.741e-05 -0.000197809 -0.0120468 0.0148105 -0.00409862 0.0267081 -0.0416592 0.0223404 0.046542 0.00504505 0.0236604 -0.0356568 0.0354634 -5.34447e-05 -0.011018 -2.21805e-05 -5.42931e-05 -0.0286474 3.97593e-05 -0.0402626 0.000130366 4.5678e-05 0.000143195 0.00160571 -0.0264849 0.0116044 0.00542603
internal_weight=3683.37 3663.57 13.9089 3649.66 3625.25 43.6373 24.4147 9.42899 14.9857 15.9694 19.8002 8.62121 27.6679 11.179 0.581799 6.62249 3581.61 10.1835 3571.43 3566.36 11.6925 3554.67 10.7171 3543.15 3527.27 3514.37 3386.78 12.9003 15.8807 10.9571
internal_count=50000 44491 467 44024 42663 8019 1361 1037 324 6966 5509 1974 1053 3535 140 2044 34644 318 34326 32978 284 32694 271 32359 27159 27007 23734 152 5200 5175
cat_boundaries=0 2 3 4 5 6
cat_threshold=0 16777216 1 2 4 16
is_linear=0
shrinkage=0.05


Tree=152
num_leaves=31
num_cat=4
split_feature=13 23 0 14 14 13 13 14 14 6 5 19 4 18 12 6 8 9 8 7 9 11 11 8 4 6 8 9 4 4
split_gain=16.1614 2.33094 2.48988 2.50586 2.16791 1.77858 31.9348 0.9236 6.87729 0.841693 1.13364 1.52598 1.16504 1.10864 1.9347 1.06476 0.898807 0.763408 2.09408 4.2586 1.97953 1.97544 2.40207 4.90239 6.99165 1.55311 0.979486 11.2462 11.7926 2.31427
threshold=14.500000000000002 0 1 4014.0000000000005 4152.0000000000009 47.500000000000007 5.5000000000000009 1254.0000000000002 3378.0000000000005 610.50000000000011 202.00000000000003 2 6118.0000000000009 3 22.500000000000004 155.00000000000003 371.50000000000006 38347.000000000007 1.0000000180025095e-35 21409.000000000004 230.50000000000003 726.50000000000011 36.500000000000007 2001.0000000000002 9999.0000000000018 221.50000000000003 586.50000000000011 633.50000000000011 23.500000000000004 60.000000000000007
decision_type=10 9 9 10 8 8 10 10 8 10 8 9 10 9 8 8 8 10 8 10 8 10 8 8 8 8 8 8 10 10
left_child=1 -1 3 4 7 6 -4 -3 -9 10 11 -7 13 -12 -15 -14 -11 18 -16 20 25 22 23 24 -19 -20 27 28 -22 -30
right_child=-2 2 5 -5 -6 9 -8 8 -10 16 12 -13 15 14 17 -17 -18 21 19 -21 26 -23 -24 -25 -26 -27 -28 -29 29 -31
leaf_value=0.017541788754326881 -0.022816992932654861 0.026797523491621417 -0.057869048533561576 -0.00045032967089476001 -0.050691749007732767 -0.0073561947959101693 0.0057959779528474614 -0.044688948903163557 0.032148302805714804 -0.045133517638897475 0.010414522812002135 -0.065970154653815088 0.0084176646796864842 -0.032436365798891587 -0.022789131136153312 -0.049233275600861832 -0.0072854982525202994 -0.42908058248922293 -0.11422656124239759 0.042008042008817248 -0.16965588709256194 0.021336187075751731 -0.0070281077741132002 -0.023207036922928574 -0.072813709859267481 0.010396688746761473 9.8294877814055918e-05 0.0019946909154622159 -0.065956747036032617 -0.0088832029738763717
leaf_weight=9.7615574682131392 76.456630515574943 1.2531786123872724 20.531058774329722 23.082503048004583 5.7067867219448116 4.5765120051801205 484.90592800499871 8.4365775152109546 4.4472622789908192 1.8923298702575237 15.997841233387589 1.4661539029330013 1.2424171762540934 4.5776119895745069 9.9293813249096257 2.2537438038270916 9.170043766265735 0.20857307733967867 0.25121569726616144 6.0817149201757266 1.8481979444622973 2.4706928450614214 3.3336298485519356 1.3384878002107143 0.40533397765830159 51.756276225089096 2854.3632128612371 61.790330874966457 2.7519987253472209 5.009088255581446
leaf_count=2149 2918 841 387 815 424 243 2980 5701 238 46 268 17 53 202 86 91 1167 32 2 2182 30 78 340 74 64 4511 21309 1643 32 1077
internal_value=-6.91756e-05 0.000413829 0.000317538 -0.0116514 -0.0246805 0.000463235 0.00320988 -0.0141803 -0.0181662 6.97938e-06 5.72137e-05 -0.0215779 0.000100423 0.000133794 4.42908e-05 -0.0287461 -0.0137598 9.39742e-05 0.000134563 0.000210846 0.000125481 -0.0155716 -0.0328224 -0.076865 -0.193854 0.00979471 -4.63966e-05 -0.00583077 -0.0561506 -0.0291209
internal_weight=3677.3 3600.84 3591.08 42.9263 19.8438 3548.15 505.437 14.137 12.8838 3042.71 3031.65 6.04267 3025.61 3022.11 3006.12 3.49616 11.0624 3001.54 2993.78 2983.85 2977.77 7.75672 5.28602 1.95239 0.613907 52.0075 2925.76 71.3996 9.60928 7.76109
internal_count=50000 47082 44933 8019 7204 36914 3367 6780 5939 33547 32334 260 32074 31930 31662 144 1213 31460 30872 30786 28604 588 510 170 96 4513 24091 2782 1139 1109
cat_boundaries=0 1 2 3 5
cat_threshold=8196 2 1 0 1572864
is_linear=0
shrinkage=0.05


Tree=153
num_leaves=31
num_cat=2
split_feature=30 4 13 13 12 3 13 6 14 3 3 10 12 5 3 12 9 10 8 8 8 7 7 7 1 12 7 9 6 11
split_gain=88.1711 7.99551 269.415 268.521 64.0227 1.9187 1.75132 1.70466 1.34032 1.59507 1.9562 4.25546 2.26741 1.24526 2.9196 2.56617 2.60159 2.47445 1.3751 2.96177 2.42729 1.82887 1.72554 1.45362 1.22072 0.950047 0.831499 0.885968 0.738577 0.719368
threshold=0 105.50000000000001 7.5000000000000009 6.5000000000000009 1189.0000000000002 61386.500000000007 4.5000000000000009 649.50000000000011 4794.0000000000009 49473.500000000007 50829.000000000007 6.5000000000000009 39.000000000000007 351.00000000000006 54211.000000000007 1264.0000000000002 1229.5000000000002 1.5000000000000002 1396.5000000000002 536.50000000000011 278.50000000000006 5314.0000000000009 8525997.0000000019 98021.000000000015 1 7.5000000000000009 4938.5000000000009 30503.000000000004 721.00000000000011 28.500000000000004
decision_type=9 10 10 10 8 8 10 8 8 10 10 8 8 10 10 8 8 8 8 10 10 8 8 8 9 8 10 10 10 8
left_child=-1 8 3 4 6 29 -3 -7 24 -10 11 -11 -13 14 15 -12 -17 -16 19 20 -19 -22 25 -20 -2 -21 28 -28 -18 -6
right_child=1 2 -4 -5 5 7 -8 -9 9 10 13 12 -14 -15 17 16 26 18 23 22 21 -23 -24 -25 -26 -27 27 -29 -30 -31
leaf_value=0.065564200432238623 -0.019159434238988627 -0.058857229038009051 -0.044938121590997554 0.055256587693796905 -0.0045969326326164477 0.050582240372256164 -0.078921614869784093 -0.053294140669975579 -4.3816163758208513e-05 0.0053127679093120999 0.055047886771218281 0.20073627511091013 0.065990890523947243 0.073408888534878244 0.018766007145833586 -0.0081844125962097173 0.053398438150185391 -0.034842344901779392 -0.0046862889430382701 -0.055508357241667833 0.012477382812327124 -0.036082362022545653 0.068670296710875253 -0.050393578363195295 0.0046072794370315842 0.0085646267011385297 -0.0014531167018793259 0.05088568528439924 -0.0045192971771039342 0.0068396673670996656
leaf_weight=40.481540247797966 6.2030185427283868 14.439483711263163 258.80493287343415 224.30535339191556 47.448020346462727 0.45512243453413248 44.064449322409928 2.9873394811293106 2918.0801839038613 4.8754711835645139 4.1743735391646624 0.37220768630504608 1.9367182701826089 0.6515905112028112 11.782552141230552 8.5381843667710253 3.9502011440927145 9.7251326064579207 3.5043841142905867 0.59733059629797935 7.5912605616031188 2.6041112921666363 1.1877763867378224 3.4538911450654268 8.9163280990906042 18.393806020903874 2.7523473055916843 1.1448917428497223 0.63956344476900984 19.360134213697165
leaf_count=264 7013 340 4078 1354 885 40 383 904 21885 162 27 2 452 3 149 373 236 159 315 10 398 205 6 60 147 3462 692 227 117 5652
internal_value=-6.25182e-05 -0.000971588 -0.00618641 0.0222199 -0.0353338 -0.00315848 -0.0739695 -0.0395608 8.13658e-05 0.000156057 0.00679322 0.0317944 0.0877124 0.00456722 0.00400679 0.0199162 0.0113023 -0.00172519 -0.00685589 -0.00329545 -0.016972 7.4208e-05 0.0102059 -0.0273741 -0.0147684 0.00654933 0.0309065 0.0139225 0.0453279 -0.00128275
internal_weight=3673.42 3632.94 611.865 353.06 128.755 70.2506 58.5039 3.44246 3021.08 3005.96 87.8758 7.1844 2.30893 80.6914 80.0398 21.1996 17.0252 58.8402 47.0577 40.0994 19.9205 10.1954 20.1789 6.95828 15.1193 18.9911 8.487 3.89724 4.58976 66.8082
internal_count=50000 49736 13636 9558 8204 7481 723 944 36100 28940 7055 616 454 6439 6436 1672 1645 4764 4615 4240 762 603 3478 375 7160 3472 1272 919 353 6537
cat_boundaries=0 40 41
cat_threshold=0 0 16384 0 0 0 0 0 0 0 0 0 0 0 0 0 0 0 0 0 0 0 0 0 0 0 0 0 0 0 8388608 0 0 0 0 159383552 283681 16 20972032 3200 8
is_linear=0
shrinkage=0.05


Tree=154
num_leaves=31
num_cat=5
split_feature=30 30 30 4 0 14 5 12 13 3 5 8 7 11 10 27 5 14 11 7 7 7 8 8 12 7 11 14 4 10
split_gain=23.7681 96.3941 71.317 0.722366 2.08086 6.85087 1.2446 0.859874 1.59453 0.881263 1.27282 1.37767 1.36833 1.32985 2.70182 1.19688 0.939115 0.834301 0.597062 1.93763 7.86772 0.63662 0.524482 0.627702 0.523702 0.456012 0.476927 0.438842 0.421743 2.50631
threshold=0 1 2 4330.5000000000009 3 3094.0000000000005 351.00000000000006 19.500000000000004 73.500000000000014 56077.500000000007 1.0000000180025095e-35 1503.5000000000002 16150.500000000002 5.5000000000000009 4.5000000000000009 4 408.00000000000006 25443.000000000004 15.500000000000002 1719.5000000000002 2021.5000000000002 24147.500000000004 954.50000000000011 278.50000000000006 362.00000000000006 1850.5000000000002 37.500000000000007 4180.0000000000009 56975.000000000007 3.5000000000000004
decision_type=9 9 9 8 9 10 10 10 10 10 10 8 10 8 8 9 8 10 8 8 8 8 10 8 8 10 8 8 8 10
left_child=-1 -2 -3 6 5 27 7 8 9 16 11 12 13 15 24 -11 -4 -7 19 -16 -21 -22 23 -20 -15 -13 -27 -5 29 -6
right_child=1 2 3 4 28 17 -8 -9 -10 10 -12 25 -14 14 18 -17 -18 -19 22 20 21 -23 -24 -25 -26 26 -28 -29 -30 -31
leaf_value=-0.039842431142293001 0.063561556886643999 -0.057379940610877089 0.045388218916084515 -0.032563341705076534 0.00024615990050884883 0.0071436415564598279 0.071752024190903804 -0.051210476677073902 -0.050066803707340395 -0.015266461884106004 -0.052754627424702438 -0.054804590836921629 0.043169407849544351 -0.062379593010680683 -0.11527352209386482 0.014463754265608961 0.0022896205861000674 -0.015346499634515429 -0.019152921282170908 -0.20345981148143799 -0.0012204053007710918 0.037101318091675384 -0.041292843885354688 0.011555933750547063 -0.015078695669561291 -0.0090621738202580539 -0.044897187812354758 -0.05065752788399519 5.0023664729073887e-05 -0.069724862480635239
leaf_weight=27.151607528328896 49.336790099740028 44.63836763985455 1.2667347565293312 8.7473516482859832 8.5764665484894049 23.10573710908648 0.63375677168369193 0.7684419165016142 1.4833017503551662 4.3977310378104448 1.3333304142579425 1.1292228060774494 1.7484920772840258 2.5992576556745917 0.45043164119124401 14.704369809012862 576.48484251700575 5.0194162875413886 2.0249047640245434 0.47214877605438221 3.9353420780971646 1.4956352133303878 0.61584744974970895 9.3376397733809426 0.75519262999296222 3.2483319640159607 1.3001057722140101 5.4318032488226882 2856.7006902082358 1.5042571552330617
leaf_count=640 354 267 9 6303 146 1224 3 179 1586 43 36 40 761 74 4 698 16371 68 93 13 313 9 40 1471 84 210 67 424 18390 80
internal_value=-5.25969e-05 0.000353444 -0.000691129 0.0001835 -0.000148447 -0.0111567 0.00171876 0.00164826 0.00171286 0.0018353 -0.00456415 -0.00323149 -0.000143654 -0.00200037 -0.0104736 0.00761919 0.00238412 0.00312989 -0.00292422 -0.0153141 -0.00768677 0.009333 0.00364759 0.00608335 -0.0517307 -0.0263655 -0.0193051 -0.0394949 1.39982e-05 -0.010195
internal_weight=3660.4 3633.25 3583.91 3539.27 2909.09 42.3043 630.185 629.551 628.783 627.3 49.548 48.2147 42.537 40.7885 21.6864 19.1021 577.752 28.1252 18.3319 6.35356 5.90313 5.43098 11.9784 11.3625 3.35445 5.67766 4.54844 14.1792 2866.78 10.0807
internal_count=50000 49360 49006 48739 26635 8019 22104 22101 21922 20336 3956 3920 3603 2842 2101 741 16380 1292 1943 339 335 322 1604 1564 158 317 277 6727 18616 226
cat_boundaries=0 35 75 110 111 112
cat_threshold=0 0 0 0 0 0 0 0 0 0 0 0 0 0 0 0 0 0 0 0 0 0 0 0 0 0 0 0 0 2 0 0 536870912 8322 4 0 0 16384 0 0 0 0 0 0 0 0 0 0 0 0 1024 0 0 0 0 0 0 0 0 0 0 0 0 0 0 8388608 0 0 0 0 197132288 23589 52 20972032 3200 0 1610612736 0 0 0 0 0 0 0 0 0 0 0 0 0 0 0 0 0 0 0 0 30155312 128 0 0 1073741824 2147483648 268435472 0 536870912 0 0 12 128 2 2
is_linear=0
shrinkage=0.05


Tree=155
num_leaves=31
num_cat=4
split_feature=24 19 13 3 19 3 3 9 9 9 9 5 6 6 8 8 14 28 3 7 8 4 11 4 7 8 11 7 3 11
split_gain=5.34106 8.73766 4.56784 1.34055 1.45767 0.910229 1.4952 0.857298 1.73646 1.0898 0.804181 0.803666 0.558654 0.452656 0.575566 1.6049 0.441731 1.95347 1.10665 1.07612 0.949983 2.02139 2.0518 1.30872 0.628889 0.50044 1.82984 0.630046 5.90869 1.39559
threshold=0 1 30.500000000000004 51756.500000000007 2 43183.000000000007 51015.500000000007 19380.500000000004 2182.0000000000005 4772.5000000000009 1158.5000000000002 202.00000000000003 382.00000000000006 3365.5000000000005 615.50000000000011 683.50000000000011 964.00000000000011 3 61401.500000000007 1779951.0000000002 3078.0000000000005 57375.000000000007 56.500000000000007 137.50000000000003 1786.5000000000002 556.50000000000011 29.500000000000004 1702.5000000000002 60267.500000000007 23.500000000000004
decision_type=9 9 10 10 9 10 8 8 8 10 10 10 10 10 10 10 10 9 10 10 10 8 10 10 10 10 10 8 8 10
left_child=3 5 16 4 10 -2 -7 8 -5 13 -1 -8 -11 14 -10 -16 18 -18 19 20 25 22 23 -22 -20 -3 27 28 -27 -29
right_child=1 2 -4 7 -6 6 11 -9 9 12 -12 -13 -14 -15 15 -17 17 -19 24 -21 21 -23 -24 -25 -26 26 -28 29 -30 -31
leaf_value=-0.064963367888747056 -0.056853069099262687 -1.8782958735979458e-05 -0.050566220559727343 0.037110960793608309 0.052089301043527159 -0.083940854064425321 -0.02874068950005991 0.051182278228377301 0.050225432495721437 -0.088286400139396343 0.050185536114329701 0.018374545812514142 -0.020959890952673199 0.050253954459025522 -0.11063177043503186 0.050367034220102705 0.0026135665863916209 -0.018866283470226883 -0.032403985498957934 0.034932509322037834 0.025265228438101098 -0.04645063623566445 -0.078766912482643933 -0.024027299270658543 -0.0043088292481927278 -0.061288839786273912 -0.059916697572958005 0.003721326084398706 0.020196588243985635 0.050307845524466738
leaf_weight=0.43365411483682692 5.2142779115820312 3411.7985484784585 4.4740250338800243 3.8347805161029056 8.4416096514905803 1.1148934583179624 6.0054213614203045 1.7814432034501813 0.34466325724497504 0.36128296481911126 0.23314482311252505 1.0657078288495538 2.0936231347732246 0.74904703651554883 0.31057212362065911 0.30859268503263593 29.837794594175648 6.042957746598403 4.0451295523671424 2.213845780119299 4.2718342342413935 3.430045339744539 0.73184580076485861 1.9663892108947036 3.9240044883918017 3.4617711505852613 1.1495323963463295 138.20420892012771 6.2255128622055063 1.6265117404982437
leaf_count=94 245 27282 2068 1583 2177 9 198 865 85 177 75 15 189 173 48 43 526 6442 181 76 94 38 13 134 357 98 33 6286 353 43
internal_value=-5.49686e-05 -0.000224318 -7.58937e-05 0.0213584 0.0464677 -0.0405253 -0.0301249 0.0198129 0.0128298 -0.00951137 -0.0247018 -0.0216398 -0.0308682 0.0210974 -0.00156188 -0.0303897 -1.34733e-05 -0.00553367 4.18061e-05 8.32931e-05 6.16996e-05 -0.0150278 0.000435664 0.00972742 -0.0185699 0.000105751 0.00292577 0.00340892 -0.0089224 0.00426322
internal_weight=3655.7 3636.8 3623.4 18.8924 9.10841 13.4003 8.18602 9.784 8.00256 4.16778 0.666799 7.07113 2.45491 1.71288 0.963828 0.619165 3618.93 35.8808 3583.05 3575.08 3572.87 10.4001 6.97007 6.23822 7.96913 3562.47 150.668 149.518 9.68728 139.831
internal_count=50000 44491 44024 5509 2346 467 222 3163 2298 715 169 213 366 349 176 91 41956 6968 34988 34450 34374 279 241 228 538 34095 6813 6780 451 6329
cat_boundaries=0 2 3 4 7
cat_threshold=0 16777216 1 4 8388608 2282749952 4481024
is_linear=0
shrinkage=0.05


Tree=156
num_leaves=31
num_cat=4
split_feature=22 5 19 18 10 7 27 13 14 3 3 8 11 11 10 11 12 10 9 12 10 8 3 3 12 13 12 13 4 9
split_gain=4.09391 3.17443 1.33153 1.27221 2.44592 3.5284 1.84608 5.17757 2.17319 0.854289 4.84331 6.91728 3.65545 3.73029 2.28593 1.05298 1.64098 1.37452 4.16137 0.729369 2.24232 6.28587 2.94934 1.89675 1.03342 109.442 89.2307 0.839238 0.813835 0.55913
threshold=0 205.00000000000003 1 2 1.0000000180025095e-35 152.50000000000003 3 28.500000000000004 2788.0000000000005 51624.500000000007 56910.000000000007 738.50000000000011 56.500000000000007 6.5000000000000009 35.500000000000007 8.5000000000000018 4.5000000000000009 16.500000000000004 6038.0000000000009 2.5000000000000004 4.5000000000000009 565.50000000000011 48926.500000000007 49661.500000000007 1.5000000000000002 7.5000000000000009 113.00000000000001 10.500000000000002 60.000000000000007 1158.5000000000002
decision_type=9 8 9 9 8 10 9 10 8 10 10 10 10 8 8 8 10 8 10 10 8 10 10 8 10 10 8 8 8 10
left_child=-1 2 -2 -3 5 -5 -6 8 -8 19 11 14 13 -12 -11 -15 17 18 29 20 21 22 28 -23 25 26 -22 -21 -10 -17
right_child=1 3 -4 4 6 -7 7 -9 9 10 12 -13 -14 15 -16 16 -18 -19 -20 27 24 23 -24 -25 -26 -27 -28 -29 -30 -31
leaf_value=0.023971916246159367 -0.022334802138025387 0.01057885976033195 -0.076055316116746721 0.0060146089940213568 0.051655632618502673 -0.061090507834701539 -0.026959985505032827 -0.050788911244788827 -0.017819844136189835 -0.066084245587422472 0.029075627472255769 0.0042482758202114926 -0.14492360059424308 -0.047478783759637648 -0.02452752107060446 -0.10150046230486778 0.12028378295383618 0.0060133769031018207 0.024060934131909122 -0.013142964647312589 0.029558186557066476 0.20347237061859738 0.029592445694243765 0.042099195703563297 0.015631357446275997 -0.032070256077450947 -0.00015866079261352421 0.0098350296738656095 -0.00013130494219408401 -0.052624115571886169
leaf_weight=7.6453373995027505 4.1111917643574998 17.623068667948246 1.6033249986357985 3.8538045734167099 1.7199710197746754 3.9838471598923206 7.5073491645161994 5.0421550807659505 9.1196892559528369 7.2256425265222788 13.46333312243223 12.958448079123626 0.38673007488250633 1.4492083252407608 6.1052565691061336 0.96068145334720645 0.26603610604070205 9.225588191882709 2.104803811875172 19.679863291792572 276.3918341351673 0.18534860014915189 7.5314655797556034 10.358384855091572 10.507611224427817 248.07494574971497 2935.71042472095 4.9791393671184805 22.660344886593521 1.4968181648291645
leaf_count=664 245 334 18 22 62 46 6219 2091 68 148 713 1272 4 89 1336 58 9 1849 275 176 2043 1 70 1199 108 1798 28484 95 475 29
internal_value=-5.42862e-05 -0.00016994 -0.0374072 -0.000111957 -0.000192628 -0.0280947 -0.000132668 -0.00015732 -8.65692e-05 -3.05411e-05 -0.00617788 -0.0217654 0.00778259 0.00982136 -0.0470522 -0.00689955 -0.00271511 -0.00508837 -0.0275376 6.59425e-05 0.000125964 0.0106545 0.00145982 0.044936 -2.52744e-05 -7.28193e-05 0.00239839 -0.00850325 -0.00520726 -0.0717308
internal_weight=3653.93 3646.29 5.71452 3640.57 3622.95 7.83765 3615.11 3613.39 3608.35 3600.84 55.6425 26.2893 29.3532 28.9665 13.3309 15.5031 14.0539 13.7879 4.5623 3545.2 3520.54 49.8552 39.3115 10.5437 3470.68 3460.18 3212.1 24.659 31.78 2.4575
internal_count=50000 49336 263 49073 48739 68 48671 48609 46518 40299 5782 2756 3026 3022 1484 2309 2220 2211 362 34517 34246 1813 613 1200 32433 32325 30527 271 543 87
cat_boundaries=0 2 3 5 6
cat_threshold=4 18432 1 0 1573888 1
is_linear=0
shrinkage=0.05


Tree=157
num_leaves=31
num_cat=4
split_feature=30 30 0 4 12 7 10 4 14 1 9 11 8 8 3 3 11 7 10 9 7 11 7 12 7 3 8 7 8 6
split_gain=63.9429 14.8854 7.19815 1.17628 2.56369 0.920188 0.855108 4.60488 0.864541 1.26637 0.836425 1.58605 3.84776 5.19421 3.86053 1.1577 1.31631 1.28283 0.915451 1.218 0.717041 0.546242 0.503383 0.47027 0.393579 0.381303 2.25948 1.31101 1.21647 0.385565
threshold=0 1 2 84.000000000000014 79.500000000000014 6761.5000000000009 273.00000000000006 416.00000000000006 4476.0000000000009 3 846.00000000000011 7.5000000000000009 1113.5000000000002 580.50000000000011 56366.000000000007 61741.500000000007 19.500000000000004 745.00000000000011 125.00000000000001 24049.000000000004 813.50000000000011 726.50000000000011 5399.0000000000009 1102.5000000000002 30796.000000000004 47577.000000000007 750.50000000000011 715.00000000000011 531.50000000000011 3608.5000000000005
decision_type=9 9 9 8 8 8 10 8 8 9 8 8 8 10 10 10 8 10 10 10 10 8 8 8 10 10 8 8 10 8
left_child=-1 -2 5 10 -5 25 7 -6 9 -9 23 -12 13 -13 18 16 17 -16 19 -14 -21 -17 -19 -4 -22 26 28 -27 -3 -29
right_child=1 2 3 4 6 -7 -8 8 -10 -11 11 12 14 -15 15 21 -18 22 -20 20 24 -23 -24 -25 -26 27 -28 29 -30 -31
leaf_value=0.067246510580259239 0.038128826874778587 -0.0085835368935298448 0.013924416383180638 -0.051384614015219932 -0.055846382135063655 -0.0066067911095071376 0.029893199926846865 -0.017693035971014372 -4.2484021189010868e-05 0.0052223122299976527 0.023198336519188494 0.01613772777950016 0.046399545597876235 -0.086917591953640266 -0.055662616970357473 0.032274881799340717 -0.059704620245264274 -0.053010144613986926 -0.042833108174113017 0.05258626558803689 0.050138511150651356 -0.052371110778521607 0.046766534012064466 5.1827032267575036e-05 -0.0074402645271749229 -0.057599176836502376 -0.081889650931547944 0.012380874903627161 0.044535320066883072 0.050220186908684628
leaf_weight=24.964406058192253 14.531824707984923 3.6000292133539942 6.936674825148657 2.443407645681873 3.7093476783484212 530.38276969763683 2.3669526092708102 5.4693587214569561 2942.4274574271403 8.7017316941637528 15.989584781229496 2.3917998932302025 6.8311701728962362 2.501438211533241 0.67050840333104123 1.1671407097019253 2.247487487737089 0.14692891016602483 0.40380890294909555 0.80380152910947833 0.33560759900137815 0.22779462952166785 0.90516364690847706 51.201269917190075 2.5658542952733114 0.661165392957625 0.82354636257514346 9.7038240995025244 1.5383883593603966 0.72339738113805729
leaf_count=119 91 469 114 132 118 9296 84 6842 25600 129 1828 17 362 178 9 114 46 3 4 6 127 9 174 739 281 15 25 2321 559 189
internal_value=-4.71997e-05 -0.000694688 -0.000956019 -1.41127e-05 -0.000189871 -0.00623924 -0.00014765 -0.000171669 -0.00010182 -0.012422 0.00545287 0.0113089 0.002341 -0.0365445 0.0140106 -0.0207316 -0.0344992 -0.00161361 0.0310479 0.0338794 0.0107968 0.0184521 0.0328323 0.00170702 -0.000780217 0.00519403 -0.0050031 0.0106768 0.00731969 0.015006
internal_weight=3647.37 3622.41 3607.88 3060.44 2965.12 547.433 2962.67 2960.31 2956.6 14.1711 95.326 37.1881 21.1985 4.89324 16.3053 5.36502 3.97009 1.7226 10.9402 10.5364 3.70526 1.39494 1.05209 58.1379 2.90146 17.0504 5.96196 11.0884 5.13842 10.4272
internal_count=50000 49881 49790 36916 32905 12874 32773 32689 32571 6971 4011 3158 1330 195 1135 355 232 186 780 776 414 123 177 853 408 3578 1053 2525 1028 2510
cat_boundaries=0 40 80 81 82
cat_threshold=0 0 16384 0 0 0 0 0 0 0 32768 0 0 0 0 67111936 0 0 0 0 0 0 0 0 0 0 0 0 0 0 8388608 0 0 0 0 0 0 16 512 1152 0 0 0 0 0 0 0 0 0 0 0 0 0 0 0 0 0 0 0 0 0 0 0 0 0 0 0 0 0 0 0 0 0 0 0 0 9764872 384 20971520 2048 1 8
is_linear=0
shrinkage=0.05


Tree=158
num_leaves=31
num_cat=2
split_feature=30 13 7 11 9 11 8 11 10 3 10 7 4 7 3 7 8 8 3 3 3 9 8 8 6 7 27 8 12 7
split_gain=82.005 7.03604 1.05404 3.40626 1.68108 1.28225 1.71641 3.86507 1.67851 1.00043 3.7346 3.76255 4.11336 3.66281 1.69024 1.21455 1.56361 1.21292 2.81846 2.56788 8.20233 3.80842 2.29483 2.11585 1.45489 2.3364 1.43813 2.11315 2.55533 3.10808
threshold=0 214.50000000000003 18767.000000000004 18.500000000000004 33527.500000000007 2105.5000000000005 414.50000000000006 20.500000000000004 2599.0000000000005 49661.500000000007 6.5000000000000009 1143.5000000000002 416.00000000000006 1103.0000000000002 58830.500000000007 6470.5000000000009 837.50000000000011 1082.5000000000002 54347.000000000007 55192.000000000007 56586.000000000007 157.00000000000003 476.50000000000006 472.50000000000006 5693.0000000000009 1143.5000000000002 1 832.50000000000011 191.50000000000003 1244.0000000000002
decision_type=9 8 10 8 10 10 8 8 8 10 10 10 10 10 8 10 10 10 10 10 10 8 10 10 8 10 9 10 8 10
left_child=-1 -2 9 -4 -5 6 8 -8 -6 10 13 -12 15 -3 -15 -13 -17 19 -19 26 22 -22 -21 -23 25 -25 -11 28 -28 -30
right_child=1 2 3 4 5 -7 7 -9 -10 17 11 12 -14 14 -16 16 -18 18 -20 20 21 23 -24 24 -26 -27 27 -29 29 -31
leaf_value=0.062633939769463548 -0.0063220677407919076 -0.00016064455565370064 0.050213067362916912 0.022616456442513637 -0.20591536925560933 0.051063788766352328 -0.13827639705936576 0.0024235731183652573 -0.047411746361474022 0.031466507928778212 -0.083347746481310506 -0.0017627099314579025 -0.035766621640462702 0.0028624410865723971 0.026084166040714448 0.00074818249411200729 -0.038787970688329364 0.017854370827742338 -0.013540741937784899 -0.069502288856384167 0.031129552822288672 -0.019684990917949851 -0.013140171089771566 -0.10320097820206645 -0.0023740791711610249 0.048292662049359142 0.033411348880419633 0.042180919586066436 0.0029569383752799014 -0.046848395613253102
leaf_weight=41.473066993057728 517.5066604053136 2832.9363271946204 4.4122828349936754 5.1333406983176273 0.1941739097237587 0.7112513296306141 0.52943381853401661 6.2521348232403406 1.1946706683374895 6.8994433060288429 1.7424054676666845 60.376323913224041 12.312817000783978 13.142636848846449 19.407568359747529 4.6474642904940975 5.4141615200787783 33.533655542880297 9.0855595745379087 5.7475115808192623 9.0888533773832005 13.941470935358668 2.6334884898969904 0.27646331232972476 8.1225949111394566 3.2045429514255375 4.5769365709275007 3.4477992106694719 13.609051528619611 4.0689994817366815
leaf_count=287 5218 29362 1524 1458 7 48 55 474 214 36 77 972 75 1817 1776 214 138 951 605 135 229 368 428 7 741 1042 73 447 413 809
internal_value=-3.18575e-05 -0.000924173 -2.21565e-05 0.0119003 -0.000161494 -0.0133265 -0.0189318 -0.00856081 -0.0695721 -9.37614e-05 -0.000274514 -0.0106348 -0.00910373 3.09736e-05 0.016708 -0.00444296 -0.0205262 0.004416 0.0111616 0.000614078 -0.00740753 0.00333301 -0.0517921 -0.00655691 0.00921619 0.036261 0.0111977 0.00575689 0.000113981 -0.00850688
internal_weight=3645.62 3604.15 3086.64 18.4273 14.015 8.88166 8.17041 6.78157 1.38884 3068.22 2949.98 84.4932 82.7508 2865.49 32.5502 70.4379 10.0616 118.236 42.6192 75.6172 43.0149 34.6339 8.381 25.5451 11.6036 3.48101 32.6022 25.7028 22.255 17.6781
internal_count=50000 49713 44495 3780 2256 798 750 529 221 40715 34431 1476 1399 32955 3593 1324 352 6284 1556 4728 2950 2387 563 2158 1790 1049 1778 1742 1295 1222
cat_boundaries=0 40 41
cat_threshold=0 0 16384 0 0 0 0 0 0 0 32768 0 0 0 0 67111936 0 0 0 0 0 0 0 0 0 0 0 0 0 0 8388608 0 0 0 0 3489660928 805970496 65 16777216 2048 2
is_linear=0
shrinkage=0.05


Tree=159
num_leaves=31
num_cat=6
split_feature=24 19 0 3 17 3 11 7 5 3 6 7 8 3 4 28 28 5 6 7 9 10 4 3 3 8 12 8 11 7
split_gain=4.82125 7.94275 1.82374 1.65528 1.95911 7.54926 2.4659 5.61254 1.33981 1.54516 1.12279 1.0607 1.01091 2.22855 0.910323 0.737852 2.2679 0.666322 0.52836 0.473551 3.06286 2.18478 2.52724 1.04755 1.79635 2.27291 2.01594 3.44917 1.66496 1.18689
threshold=0 1 2 57456.500000000007 3 54402.000000000007 25.500000000000004 163.50000000000003 202.00000000000003 53204.500000000007 1287.5000000000002 1884.5000000000002 1475.0000000000002 57456.500000000007 8051.0000000000009 4 5 202.00000000000003 6067.5000000000009 430.00000000000006 215.00000000000003 2.5000000000000004 74.000000000000014 51158.000000000007 52231.000000000007 522.00000000000011 28.500000000000004 683.50000000000011 15.500000000000002 35679.500000000007
decision_type=9 9 9 10 9 10 8 8 10 10 10 10 10 8 8 9 9 8 10 8 8 8 8 10 10 10 8 8 8 8
left_child=17 8 15 4 12 19 7 -7 9 -2 -11 -9 13 -4 -5 -3 -17 -1 -19 21 -21 -6 -23 -22 25 -25 -26 -28 -27 -29
right_child=1 2 3 14 5 6 -8 11 -10 10 -12 -13 -14 -15 -16 16 -18 18 -20 20 23 22 -24 24 26 28 27 29 -30 -31
leaf_value=0.056921263722587705 -0.059513558052030339 -0.019319063764889635 0.024246953212776538 0.01032841106867427 -0.00078637712572609891 0.023743130404675489 -0.059970740353834845 -0.05173094751359758 0.014011205979867426 -0.0093467513229248799 -0.065557487321865823 -0.021288917269383652 0.052196853095839019 -0.11454032703462032 0.05352244941195991 0.0043282753248196897 -0.018417324304479486 0.033449506556160295 0.012294985600984396 0.036718443388640651 1.6551017248398085e-05 0.0036366490524531768 -0.068235063853951713 -0.065947259069095168 0.051800750625840192 0.033735356951559943 -0.085174349995370213 -0.00012019954020700218 -0.042130457044395282 0.041382596630635676
leaf_weight=2.318717435002327 6.8994695950532314 6.2689466325682588 7.7327058834489408 25.959434789605442 32.300681811757386 5.0838993377983597 5.0583489970304099 6.9003411203157139 1.0758714890107519 3.7206444495823234 1.1670420714654026 4.8886928503634408 3.2246283683925876 0.30048222839832384 1.2799399765208352 29.385887242853642 5.7350798236438996 11.956750190292952 3.9191155813168725 5.7125636655837289 3450.4098526549351 2.1938508823513976 2.7642617551609874 1.4333240073174263 4.025361679494381 2.2541029647691175 0.87725455500185301 3.5380672204773873 1.064815267454833 3.3572759407106787
leaf_count=27 265 6638 5318 1467 311 53 140 117 17 164 21 366 160 9 52 307 1074 4984 498 177 26916 20 57 34 24 170 10 457 62 85
internal_value=-2.09204e-05 -0.000180577 -4.13939e-05 7.95779e-05 -1.48185e-05 -0.000105565 -0.0293499 -0.0201701 -0.0394015 -0.0442767 -0.0227683 -0.0391072 0.0151188 0.0190556 0.012358 -0.0104766 -0.00264456 0.0205755 0.0282273 7.68634e-05 0.00013702 -0.00553002 -0.0364335 7.67446e-05 0.012626 -0.0133289 0.0230807 0.00820677 0.00939517 0.0200871
internal_weight=3642.81 3624.61 3611.75 3570.36 3543.12 3531.86 21.9313 16.8729 12.863 11.7872 4.88769 11.789 11.2578 8.03319 27.2394 41.3899 35.121 18.1946 15.8759 3509.93 3472.67 37.2588 4.95811 3466.96 16.5502 4.75224 11.798 7.7726 3.31892 6.89534
internal_count=50000 44491 44024 36005 34486 28999 676 536 467 450 185 483 5487 5327 1519 8019 1381 5509 5482 28323 27935 388 77 27758 842 266 576 552 232 542
cat_boundaries=0 2 3 4 6 10 13
cat_threshold=0 16777216 1 2 2147483648 8 2149580800 81920 142672384 129 0 0 4194304
is_linear=0
shrinkage=0.05


Tree=160
num_leaves=31
num_cat=5
split_feature=30 13 0 14 14 1 4 12 3 11 9 11 8 7 7 4 10 7 7 12 9 6 8 3 3 19 19 7 7 3
split_gain=119.898 19.3139 1.45636 1.54589 2.86219 1.40243 0.804206 2.6469 2.10314 3.34206 1.16466 14.6728 1.82499 3.32744 2.4626 1.63739 1.59224 0.961092 3.71631 1.58968 3.83933 1.12 1.92415 0.836702 0.794248 1.22114 0.978547 0.749805 0.652575 1.13109
threshold=0 229.50000000000003 1 1564.0000000000002 4042.0000000000005 2 129.00000000000003 48.000000000000007 54294.500000000007 25.500000000000004 672.00000000000011 1.5000000000000002 648.50000000000011 32600.000000000004 2507.5000000000005 479.50000000000006 7.5000000000000009 8307.5000000000018 18281.500000000004 2.5000000000000004 29451.500000000004 277.00000000000006 1269.0000000000002 51635.500000000007 40353.500000000007 3 4 18281.500000000004 1764.5000000000002 54452.500000000007
decision_type=9 8 9 10 8 9 8 8 10 8 8 10 8 8 10 8 8 10 10 10 8 8 10 8 10 9 9 10 8 10
left_child=-1 -2 3 4 -3 -5 17 -8 10 -10 11 15 13 14 -12 -9 -13 21 -19 20 -20 24 28 -17 25 -4 -26 -16 -23 -30
right_child=1 2 6 5 -6 -7 7 8 9 -11 12 16 -14 -15 27 23 -18 18 19 -21 -22 22 -24 -25 26 -27 -28 -29 29 -31
leaf_value=-0.056699519941889903 0.010788835649177897 0.020339247862365309 -0.028799982744812436 -0.016613684646698476 -0.050613321439016291 0.0022184137809307444 -0.051039542483928724 -0.034729447344261997 -0.072332693643331822 0.0070712685244664446 0.042048157554499893 -0.058264388521032821 -4.8165928599979893e-05 0.00093784259401990882 0.0013562419550036096 0.028433739573300615 -0.12435482349825294 -0.034244498174486541 0.05112859320235992 -0.084178960539988953 -0.0098001651437282095 0.0022110508516390826 0.032017453539747345 0.0074785321672249175 0.050128088469906233 -0.15562227673755763 -0.023309404400907213 0.050294946173702795 0.021333410753940161 0.0011634920068178927
leaf_weight=80.998383497819304 476.85485483714729 1.9742202088236807 0.87292663753032684 4.9695568411843851 5.0754719935357562 28.135827053338289 2.5442098926869221 1.7285418445244491 2.5751165945548564 2.7300694116856894 10.58298855496105 7.1640397068113089 2823.4654493961716 44.036181069212034 7.8925656878855062 8.0421855275053549 1.0441464800387601 7.2379239468136829 4.4327366634970486 0.41483446955680925 6.2045250331284487 61.355192029033788 7.168026211205869 11.684297373518346 0.59820235555525869 0.24254801869392417 1.8767220964655282 0.86883859219960857 14.176239642780276 13.637015366693957
leaf_count=1007 4580 931 78 6227 424 298 907 36 62 198 1042 174 18041 568 492 4740 43 597 1745 3 880 1872 327 207 252 24 231 312 1915 1787
internal_value=-2.44929e-05 0.00142044 -2.4106e-05 -0.009484 -0.0307435 -0.00495685 0.000100743 -6.26965e-05 -1.83078e-05 -0.0314711 3.89055e-05 -0.009818 0.000140188 0.00853095 0.0258161 0.0119328 -0.0666716 0.00414379 -0.00639393 0.0118452 0.0155899 0.00607255 0.00709446 0.0160216 -0.0213471 -0.0563761 -0.00555917 0.00620933 0.00509097 0.011444
internal_weight=3640.58 3559.59 3082.73 40.1551 7.04969 33.1054 3042.58 2924.36 2921.81 5.30519 2916.51 29.6632 2886.85 63.3806 19.3444 21.455 8.20819 118.217 18.29 11.0521 10.6373 99.9269 96.3365 19.7265 3.5904 1.11547 2.47492 8.7614 89.1684 27.8133
internal_count=50000 48993 44413 7880 1355 6525 36533 26822 25915 260 25655 5200 20455 2414 1846 4983 217 9711 3225 2628 2625 6486 5901 4947 585 102 483 804 5574 3702
cat_boundaries=0 35 36 37 38 39
cat_threshold=0 1610612736 0 0 0 0 0 0 0 0 0 0 0 0 0 0 0 0 0 0 0 1048576 30205488 128 0 0 0 2147483648 268435472 2 805306368 0 536870912 8334 133 2 8 1 4
is_linear=0
shrinkage=0.05


Tree=161
num_leaves=31
num_cat=4
split_feature=22 17 5 3 4 10 9 6 10 10 7 14 19 7 9 10 8 10 7 7 3 9 3 6 3 8 9 12 0 13
split_gain=3.71546 3.7606 2.65598 2.30651 1.50285 1.64072 2.74973 1.55631 1.3402 4.77416 2.87523 1.87559 1.31758 1.30253 6.6453 2.67816 1.24321 6.57529 1.01022 2.47321 1.80132 0.869235 0.831833 0.928138 1.78081 1.19261 0.735882 0.726112 0.635807 6.20997
threshold=0 1 202.00000000000003 34659.000000000007 137.50000000000003 41.500000000000007 149.50000000000003 282.50000000000006 21.500000000000004 37.500000000000007 20161.500000000004 2738.0000000000005 2 2770.5000000000005 3067.5000000000005 2.5000000000000004 865.50000000000011 7.5000000000000009 30338.500000000004 4009.5000000000005 55192.000000000007 261.50000000000006 42330.000000000007 3619.0000000000005 60459.500000000007 496.50000000000006 12291.000000000002 891.00000000000011 3 27.500000000000004
decision_type=9 9 8 8 8 10 10 8 10 10 10 8 9 8 10 10 10 10 10 10 8 10 8 10 10 10 10 8 9 10
left_child=-1 16 12 4 5 6 -4 -8 10 -10 11 -5 -3 21 15 -15 17 18 19 20 -2 -9 -13 28 -25 -26 -16 -23 -24 -30
right_child=1 2 3 8 -6 -7 7 13 9 -11 -12 22 -14 14 26 -17 -18 -19 -20 -21 -22 27 23 24 25 -27 -28 -29 29 -31
leaf_value=0.023116851359868615 0.031377901151881778 -0.07539790492102412 -0.052332828462126182 -0.025740356668278022 -0.060648148093019806 -0.13607088275067789 -0.069656594483810841 -0.028984192741300926 -0.059891103516561017 0.0089454225769968632 0.036545475420282039 0.015248902332666171 -0.019941379330520474 -0.0050465355708926539 -0.01077462972407274 -0.18605502472766844 0.052015026490207089 -0.33639654934986396 -0.044899361433406115 0.095449512737377229 -0.0078339425742672761 -0.054582762694813464 -0.0069514745692789356 -0.0051707810067209096 -0.17251248432383764 -0.045851740625786203 0.031864100837046168 0.02531638719985595 4.1326575162639037e-05 -0.051131090379854971
leaf_weight=7.2492779171443544 9.8818432827247271 1.5048755537718534 3.2607284837868162 7.144692744652275 1.8321077895816404 0.26666462048888107 0.78346284944564104 0.95701571903191052 4.1300738526042533 6.4564733025617898 5.3467179083963847 8.8092522770166379 3.7153613221598789 0.28870095266029316 1.9428876736201344 0.69943627808243036 3.8408967450959599 0.12814613804221231 0.52613224321976382 1.1689766232157115 4.1625693999230871 0.29717292636632919 33.643600817595143 2.3394398253876711 0.28973421826958645 0.51831163768656552 2.1117650187225081 6.59194564842619 3509.8218595708022 5.9387103308399665
leaf_count=664 5028 16 63 6213 19 10 58 23 294 137 2410 362 242 36 142 37 225 2 199 155 179 4 1806 199 8 56 440 616 28239 2118
internal_value=-3.40335e-05 -0.000143602 -0.000288661 -0.000237833 -0.0175981 -0.0130125 -0.0110745 -0.00123482 -0.000145657 -0.0179094 -9.30365e-05 -0.000147932 -0.0359282 0.00292425 -0.0169023 -0.13317 0.0175738 0.0203123 0.0232166 0.0255722 0.0197561 0.015667 -9.65895e-05 -0.000134642 -0.0272741 -0.0912674 0.0114327 0.0218698 -0.000110575 -4.51122e-05
internal_weight=3635.65 3628.4 3608.69 3603.47 19.0319 17.1998 16.9331 13.6724 3584.44 10.5865 3573.85 3568.51 5.22024 12.8889 5.04279 0.988137 19.7086 15.8677 15.7395 15.2134 14.0444 7.84613 3561.36 3552.55 3.14749 0.808046 4.05465 6.88912 3549.4 3515.76
internal_count=50000 49336 43548 43290 1448 1429 1419 1356 41842 431 41411 39001 258 1298 655 73 5788 5563 5561 5362 5207 643 32788 32426 263 64 582 620 32163 30357
cat_boundaries=0 2 4 5 6
cat_threshold=4 18432 2155872257 8 4 2
is_linear=0
shrinkage=0.05


Tree=162
num_leaves=31
num_cat=4
split_feature=30 13 13 14 7 11 1 7 9 4 6 11 19 6 12 7 8 3 7 3 11 11 12 11 4 10 8 12 3 27
split_gain=52.4204 53.1617 2.3219 0.756052 6.3645 2.80915 1.20366 1.05546 0.730182 3.58219 1.26698 2.95828 1.96795 1.24244 3.40776 1.43207 5.76833 1.56504 1.02761 1.17418 0.916746 0.657208 0.59825 1.39626 3.23561 0.613712 0.527165 0.509739 0.451473 0.873479
threshold=0 15.500000000000002 24.500000000000004 4578.0000000000009 78.500000000000014 3.5000000000000004 1 1777.5000000000002 633.50000000000011 50212.500000000007 639.50000000000011 4.5000000000000009 2 707.50000000000011 1.5000000000000002 1807.5000000000002 467.50000000000006 60772.000000000007 2248.5000000000005 60542.000000000007 28.500000000000004 24.500000000000004 157.50000000000003 5.5000000000000009 39.000000000000007 239.50000000000003 639.50000000000011 480.50000000000006 38737.500000000007 3
decision_type=9 10 10 8 8 8 9 10 8 8 8 8 9 8 10 8 10 8 8 8 8 8 8 8 10 10 10 8 8 9
left_child=2 3 -1 6 -5 7 -2 28 9 10 12 -12 -7 26 15 16 20 21 19 27 -15 -18 -17 24 -24 -25 -10 -13 29 -6
right_child=1 -3 -4 4 5 8 -8 -9 13 -11 11 18 -14 14 -16 22 17 -19 -20 -21 -22 -23 23 25 -26 -27 -28 -29 -30 -31
leaf_value=0.073818056802678583 -0.016980046299685733 -0.052953274729085655 0.10558418991855906 -0.063467467568882677 0.021833701551104912 -0.061177162752154159 0.0051744909615118739 0.035007668197858922 0.031391382754352118 -0.063605840578639716 -0.071564213705191809 -0.0062670005923539593 0.021466690398443788 -0.026167076432923233 -0.016479837221739305 0.0019257494808242398 -0.089285392847528719 -0.012654560670225549 0.050684354269452239 -0.054431133079223371 0.024940699686211244 -0.033539127029928353 -0.0085603531168940584 -0.00012759920833039823 0.036564662510734362 0.024404912255068491 -5.4396963277293745e-05 0.012385372519988662 0.010250090996331545 -0.015405389555465493
leaf_weight=16.021648764610291 5.1361522606457584 47.881923637178261 8.974825322628023 3.9295817599631837 2.3502796590328217 2.0240714598912746 8.7013091060798597 4.0711100092157713 4.5032052039168775 2.6329142218455663 1.2731073466129601 5.219960923306644 1.1183209763839843 1.0845369435846806 30.983374799136072 452.82644222257659 2.6626750789582729 1.2537607275880871 1.2646199762821186 0.81901783146895368 4.5948859354248253 0.65969158639200065 7.6909503568895135 2931.1063353339559 8.2162948339246213 2.5515158651396623 1.8930738059571011 12.279155470663701 55.90730277588591 4.771781785413622
leaf_count=113 6872 2779 36 61 14 42 133 615 1348 146 20 142 90 29 375 3067 61 78 8 80 227 68 560 24916 1145 89 561 5078 1176 71
internal_value=-2.88808e-05 -0.000617574 0.0608715 8.43047e-05 0.000129802 0.000200323 -0.0115804 0.0103334 4.75104e-06 -0.00824272 -0.00216868 0.00229076 -0.0317657 6.84142e-05 2.7521e-05 0.000177391 -0.0184787 -0.0602538 0.0070922 0.00408275 0.0151812 -0.0782164 0.000233624 -2.61559e-05 0.0147473 -0.000106262 0.0220845 0.0068214 0.00873972 -0.00311649
internal_weight=3634.4 3609.41 24.9965 3561.53 3547.69 3543.76 13.8375 67.1005 3476.66 26.6312 23.9983 20.8559 3.14239 3450.03 3443.63 3412.65 10.2556 4.57613 19.5828 18.3181 5.67942 3.32237 3402.39 2949.57 15.9072 2933.66 6.39628 17.4991 63.0294 7.12206
internal_count=50000 49851 149 47072 40067 40006 7005 1876 38130 5606 5460 5328 132 32524 30615 30240 463 207 5308 5300 256 129 29777 26710 1705 25005 1909 5220 1261 85
cat_boundaries=0 40 41 42 43
cat_threshold=0 0 16384 0 0 0 0 0 0 0 0 0 0 0 0 1024 0 0 0 0 0 0 0 0 0 0 0 0 0 0 8388608 0 0 0 0 0 2216706048 16 0 128 8 1 2
is_linear=0
shrinkage=0.05


Tree=163
num_leaves=31
num_cat=6
split_feature=23 17 8 4 5 6 18 18 8 10 4 10 14 8 10 14 0 11 3 3 3 10 19 7 6 7 14 14 14 13
split_gain=1.42559 3.42635 2.86204 4.61681 1.70643 1.50083 1.35974 1.35219 8.19639 2.07693 1.39576 1.17638 3.6703 2.04947 1.97966 1.67701 4.90369 1.13404 1.53114 4.29685 1.02848 0.945253 0.788518 1.05617 0.701606 0.572045 0.549072 2.39927 0.9691 0.644966
threshold=0 1 324.50000000000006 49156.000000000007 205.00000000000003 3955.0000000000005 2 3 572.50000000000011 7.5000000000000009 136.00000000000003 56.500000000000007 14231.500000000002 2939.0000000000005 10.500000000000002 2048.0000000000005 4 26.500000000000004 60397.000000000007 58582.000000000007 54294.500000000007 9.5000000000000018 5 2147.5000000000005 11292.000000000002 14460.500000000002 1688.0000000000002 5606.0000000000009 2630.0000000000005 153.50000000000003
decision_type=9 9 10 8 10 10 9 9 10 8 10 8 8 8 10 10 9 8 10 10 10 8 9 10 8 10 10 10 8 8
left_child=4 2 3 5 -1 21 -3 8 -4 25 -9 13 26 17 -15 16 -14 18 19 -8 -11 -2 -12 -24 -23 -10 -13 28 -28 -30
right_child=1 6 7 -5 -6 -7 11 10 9 20 22 12 15 14 -16 -17 -18 -19 -20 -21 -22 24 23 -25 -26 -27 27 -29 29 -31
leaf_value=-0.037492116125112378 -0.019937168358107132 0.011362232270413825 -0.11485311252148521 -0.057104462126005034 0.042845511032995297 -0.063220190639214177 -0.0037684988005276076 0.020930253878211527 0.019294692787080368 0.0024665253978728981 -0.07780924181504785 -0.0020061717438209004 -0.050578937165107522 0.063413581264081378 -0.056387362339266389 0.015731425891520556 8.2928388272804712e-06 -0.030072026358838946 -0.036309716351978716 0.044027583408450366 -0.031376616106694913 -0.020604936524435694 -0.024365403494069269 0.051539736559078043 0.026403870867490215 -0.029882940833654306 -0.037510971887353486 -0.057841709585415901 -0.050404031612416168 -0.0011264272695663145
leaf_weight=7.6492248813156021 1.8037110939621925 15.137523169862105 1.4601562619209314 3.9498081165365884 0.7235004799440502 0.70642847567796785 145.70940475165844 54.605456863471773 15.968522421084344 5.1761412356281671 0.42870992422103882 2.892289359529971 4.7974583255127072 0.3890750184655184 3.0326104145497084 16.887590613216162 3306.5411592212331 3.9596387001220128 3.3687757728621355 4.8590619652532032 3.9641446949681267 0.90740321343764663 1.7116566549520937 0.62584497150965024 6.3362191352061874 0.61407658888492811 3.2054783181520179 4.2582397736841804 0.72531426372006536 7.8567633907077852
leaf_count=285 24 145 6 56 8 5 2066 8542 1845 745 2 2196 424 4 171 239 21717 178 82 44 393 65 751 64 4701 82 3266 66 102 1726
internal_value=-2.95885e-05 4.0853e-05 0.00880274 -0.0114984 -0.0139221 0.00696985 -0.000227697 0.013134 0.000280759 0.00692547 0.0163288 -0.000309854 -0.000109741 -0.00448116 -0.042765 1.51541e-05 -6.49978e-05 -0.00365154 -0.00297194 -0.00222605 -0.0122113 0.0124504 -0.0154749 -0.00404249 0.0205151 0.0174736 -0.022059 -0.0256736 -0.0140529 -0.00529112
internal_weight=3630.25 3621.88 98.2583 13.7036 8.37273 9.75376 3523.62 84.5547 27.183 25.7229 57.3717 3508.48 3347.16 161.319 3.42169 3328.23 3311.34 157.897 153.937 150.568 9.14029 9.04733 2.76621 2.3375 7.24362 16.5826 18.9381 16.0458 11.7876 8.58208
internal_count=50000 49707 17281 4851 293 4795 32426 12430 3071 3065 9359 32281 29736 2545 175 22380 22141 2370 2192 2110 1138 4790 817 815 4766 1927 7356 5160 5094 1828
cat_boundaries=0 1 3 5 6 7 8
cat_threshold=2233346 2155872513 2097160 32768 1048576 32768 2 4
is_linear=0
shrinkage=0.05


Tree=164
num_leaves=31
num_cat=3
split_feature=23 6 5 3 17 13 13 7 4 17 10 3 10 7 3 9 8 8 4 8 8 8 3 4 5 10 6 12 7 3
split_gain=1.29328 1.98557 1.55563 1.18958 1.86598 24.1273 3.8705 1.54646 3.24386 1.46205 2.93283 1.6386 1.21046 1.80805 2.14297 1.14764 3.79558 2.91779 2.01827 3.00711 2.91142 1.91966 2.63987 0.821539 4.22422 0.803898 0.747415 0.903081 0.968751 0.685267
threshold=0 3955.0000000000005 205.00000000000003 57469.500000000007 1 13.500000000000002 429.50000000000006 363.00000000000006 60.000000000000007 2 2.5000000000000004 45743.000000000007 16.500000000000004 22579.500000000004 53681.500000000007 877.00000000000011 325.50000000000006 1018.5000000000001 6118.0000000000009 675.50000000000011 496.50000000000006 2778.0000000000005 25381.000000000004 136.00000000000003 202.00000000000003 46.000000000000007 3619.0000000000005 1.5000000000000002 21279.500000000004 53389.000000000007
decision_type=9 8 10 10 9 10 8 10 8 9 8 8 10 10 10 10 10 10 8 10 10 10 8 10 8 8 10 10 8 10
left_child=2 -2 -1 4 9 6 -6 23 -9 10 -3 -11 15 -14 -15 18 -17 -18 19 -12 -20 22 -19 -8 -25 -24 27 28 -5 -26
right_child=1 3 -4 26 5 -7 7 8 -10 11 12 -13 13 14 -16 16 17 21 20 -21 -22 -23 25 24 29 -27 -28 -29 -30 -31
leaf_value=-0.035977610804313977 0.021359472883874766 -0.19249910081929389 0.04105614251909407 0.0072279496337287518 0.0045659647910456383 -0.027303634879643979 -3.0087735356782775e-05 -0.050483038381995526 -0.0043385076859758917 0.018719155698889638 -0.086510801175283758 0.05358476062946671 -0.067474989470147448 0.014451423804894659 -0.058663472474951586 -0.041796399716389161 0.024396544890240568 -0.075207350834718134 -0.029290684330651497 0.013593985356367931 0.025236709175446549 0.052062405216828589 0.00089396809753162186 0.023877656062600117 -0.03970401419623077 -0.082264220022304185 -0.01829968042547258 0.098594412553433777 0.033416838998715746 -0.096484501894924496
leaf_weight=7.5746212475933117 10.88908146554604 0.19227583706378937 0.71743984846398223 21.972325130424007 471.07774862577207 80.693570121686207 2825.6517933880095 3.9356368351727715 117.9648215220077 10.995734765776429 1.7067085959715744 4.8590860082767913 1.3933926196768869 4.0628516281722113 1.3303251385223118 3.1812078651273614 24.289982513466384 1.5875856780912707 4.0289049167186022 1.3386056541930882 6.2388325836509466 1.1318045072257517 6.0350788927171379 3.7754276879131794 4.1310789077542704 0.30532684037461866 2.1390948402695349 0.30061733396723767 4.2073222632170646 0.60981514421291638
leaf_count=285 3137 1 8 1365 3413 3011 22706 46 1944 5268 95 257 23 628 74 97 4215 140 121 112 394 45 768 51 957 13 197 13 590 26
internal_value=-2.6407e-05 4.0564e-05 -0.0132878 -2.36446e-05 -0.000104801 -0.000278724 0.000356776 -0.000313999 -0.00582831 0.00732076 0.00208102 0.0180316 0.00310914 -0.0167016 -0.0035837 0.00580649 0.0103866 0.0153643 -0.0067613 -0.0425085 0.00384098 -0.00885185 -0.017548 -7.68223e-05 -0.015583 -0.00311057 0.0101297 0.0124262 0.0114368 -0.0470076
internal_weight=3628.32 3620.03 8.29206 3609.14 3580.52 3507.84 3427.15 2956.07 121.9 72.6777 56.8229 15.8548 56.6306 6.78657 5.39318 49.844 36.531 33.3498 13.3131 3.04531 10.2677 9.0598 7.92799 2834.17 8.51632 6.34041 28.6194 26.4803 26.1796 4.74089
internal_count=50000 49707 293 46570 44405 32154 29143 25730 1990 12251 6726 5525 6725 725 702 6000 5278 5181 722 207 515 966 921 23740 1034 781 2165 1968 1955 983
cat_boundaries=0 1 3 4
cat_threshold=2233346 2155872512 6291464 256
is_linear=0
shrinkage=0.05


Tree=165
num_leaves=31
num_cat=3
split_feature=24 19 3 9 8 9 7 0 14 14 14 13 3 3 12 4 8 10 3 9 8 8 8 7 8 8 3 8 12 7
split_gain=4.0598 7.04995 2.71657 0.827672 0.665595 0.772321 0.422052 1.39496 6.5371 1.19938 0.936153 0.833621 0.709981 0.584402 1.24303 4.84184 0.776127 2.46104 1.38147 1.94604 0.846144 1.95178 1.4526 0.64164 0.636558 5.18427 0.566627 4.84018 0.994771 0.693162
threshold=0 1 53525.500000000007 33021.000000000007 2184.0000000000005 486.50000000000006 12621.000000000002 2 3378.0000000000005 2738.0000000000005 1704.0000000000002 182.50000000000003 54347.000000000007 54211.000000000007 70.500000000000014 136.00000000000003 2503.0000000000005 10.500000000000002 59053.000000000007 80.500000000000014 1052.5000000000002 1151.0000000000002 1242.0000000000002 3952.5000000000005 1151.0000000000002 363.50000000000006 56519.000000000007 987.50000000000011 28.500000000000004 6761.5000000000009
decision_type=9 9 10 8 8 10 10 9 10 8 10 8 10 8 8 10 10 10 8 8 10 10 10 10 10 10 10 10 8 8
left_child=3 2 -2 -1 5 -4 7 8 9 10 -3 -10 -8 14 15 -9 18 -18 20 -20 -15 -22 -23 26 25 -25 27 -21 -28 -30
right_child=1 6 4 -5 -6 -7 12 13 11 -11 -12 -13 -14 16 -16 -17 17 -19 19 23 21 22 -24 24 -26 -27 28 -29 29 -31
leaf_value=0.025615477579401549 -0.059190162065776736 -0.0032398726522998586 -0.075654926646061882 0.055059317632092264 0.011504343584978115 -0.013701191152792237 0.013109939371251964 0.056580207898614267 -0.050427065434153519 -0.054904616290000409 -0.040619893204551234 0.0059002759199134301 -0.0094160052267020164 -0.0073036696320137847 0.0024865551109148356 -0.051278853489596779 0.041440722027945548 -0.038845688148723939 -0.039233127612103624 3.5851994171608149e-05 -0.079525404112894604 0.029601801392753369 -0.039133084242303273 -0.088767170050230271 0.0073895726558418848 0.014780983496909636 -0.065088018843567505 -0.039860188476988148 0.015841783062616761 -0.053342743776493076
leaf_weight=14.187704502313865 6.7950766404392198 2.9693579430459067 0.61606886796653304 2.8694897027453399 1.9763012761250136 2.7418589724693447 13.959657657542268 3.8504101000726223 0.67348211724311113 6.0586933839949761 3.8424360278295353 26.607368722907271 4.6676140336785457 23.264000280527402 93.099137023789808 1.4257705542258916 1.2598009728826571 3.9386532412609085 3.1520301587879649 3327.698205765686 1.4187996922992159 1.3764052777551117 1.7408151824492959 1.5667157671414305 48.933308808598667 5.2907075514085591 0.41618935740552843 7.6196557749062768 11.153905198443676 0.37418559449724931
leaf_count=5166 269 2327 13 343 44 141 2032 36 92 753 3886 961 423 621 7276 71 36 125 107 23073 125 94 50 9 726 378 19 103 684 17
internal_value=-2.50625e-05 -0.000169209 -0.0382249 0.0192709 -0.0115179 -0.0250677 -4.1331e-05 -8.04144e-05 -0.00934765 -0.0387204 -0.0243254 0.00450972 0.0074654 2.47683e-05 0.00382455 0.0274337 -8.39211e-05 -0.019389 -5.46968e-05 3.59032e-05 -0.0111555 -0.0309104 -0.00878327 7.22756e-05 0.00539024 -0.00887667 -1.63619e-05 -5.5292e-05 0.0108545 0.0135962
internal_weight=3625.54 3608.49 12.1293 17.0572 5.33423 3.35793 3596.36 3577.73 40.1513 12.8705 6.81179 27.2809 18.6273 3537.58 98.3753 5.27618 3439.2 5.19845 3434 3406.2 27.8 4.53602 3.11722 3403.05 55.7907 6.85742 3347.26 3335.32 11.9443 11.5281
internal_count=50000 44491 467 5509 198 154 44024 41569 8019 6966 6213 1053 2455 33550 7383 107 26167 161 26006 25116 890 269 144 25009 1113 387 23896 23176 720 701
cat_boundaries=0 2 3 4
cat_threshold=0 16777216 1 2
is_linear=0
shrinkage=0.05


Tree=166
num_leaves=31
num_cat=4
split_feature=17 3 8 7 10 10 0 13 14 14 28 7 9 12 7 3 9 7 11 3 12 8 8 12 19 4 4 10 7 8
split_gain=3.03074 0.828102 1.08053 0.794339 0.685389 0.590137 1.29569 4.81904 1.1569 3.33617 1.56014 1.14452 3.811 9.04461 0.936977 0.523661 0.298764 2.38275 2.06682 1.27359 0.884892 1.6772 1.65584 0.787448 0.792364 1.84036 0.745388 0.821016 1.62792 1.37811
threshold=0 58953.500000000007 645.50000000000011 27745.500000000004 1928.5000000000002 6.5000000000000009 1 17.500000000000004 1564.0000000000002 1424.0000000000002 2 19149.500000000004 605.50000000000011 96.000000000000014 28255.000000000004 61741.500000000007 1156.0000000000002 1737.5000000000002 17.500000000000004 53260.000000000007 362.00000000000006 522.00000000000011 620.50000000000011 48.000000000000007 3 56083.000000000007 74.000000000000014 5731.0000000000009 683.00000000000011 450.50000000000006
decision_type=9 8 10 10 8 10 9 10 10 8 9 8 10 8 8 10 10 10 8 8 8 10 10 8 9 10 10 8 8 10
left_child=1 2 3 4 -1 6 8 16 9 -2 -10 12 13 -7 -13 -3 17 19 -19 23 -18 -22 -23 -8 25 -25 -26 29 -29 -28
right_child=5 15 -4 -5 -6 11 7 -9 10 -11 -12 14 -14 -15 -16 -17 20 18 -20 -21 21 22 -24 24 26 -27 27 28 -30 -31
leaf_value=0.00064509313399841513 0.029870996840547861 0.048896451364611418 0.056901906428702721 -0.048747118061531369 0.026111206796732629 0.054309771687500244 -0.051549800789157767 -0.017180535491622167 0.0023799535279977716 -0.050958619793362116 -0.017357931047300181 0.037825144290956396 -0.0039727381041538721 -0.16152255780278302 0.0039625522865705948 0.012586596128407622 -0.054820627776653752 0.048479597338399183 -0.025456772508305289 0.000282145656394224 -0.013864685400524435 0.033074647739452262 0.0045497438861232175 -0.071180481755959854 -0.00056047693816543441 0.035660424321244978 -0.00072314766932362966 -0.059032795933116326 0.0029989101981841935 -0.06093339677182117
leaf_weight=4.5707423575222492 1.7665771193569524 4.4257040319498619 1.5590194817632426 0.50567308696918267 6.2616643428336829 0.82020137785002589 1.0615213867276905 39.972620184067637 27.931290060281754 4.6023851060890584 5.3027138055767855 2.3491405149688971 117.20820947410539 1.1891192342154675 15.665771696832961 1.2802203372120855 0.60952590964734554 4.4342174511402845 1.2012710528215382 3311.4276518399129 8.1299059113371168 6.9360603364766602 19.089724057354033 1.3421761535573749 21.702823994681239 0.5760444998741151 1.6679002400487664 1.2589895613491515 6.6139277608599514 2.2090174816548824
leaf_count=108 922 186 151 195 5106 8 44 2645 298 450 6349 879 2440 39 1012 42 10 486 245 20605 1067 1770 3934 67 195 3 29 15 640 60
internal_value=-2.38491e-05 0.0161879 0.017873 0.0125064 0.0153658 -0.000151988 -2.515e-05 7.87269e-05 -0.00901727 -0.0285387 -0.00527618 -0.00336822 -0.00514322 -0.0734202 0.00837823 0.0407497 0.000282341 0.000234537 0.0327192 0.000179855 0.00489362 0.00595926 0.0121518 -0.0091176 -0.00784416 -0.039096 -0.00605214 -0.0161956 -0.00692083 -0.0350302
internal_weight=3623.67 18.603 12.8971 11.3381 10.8324 3605.07 3467.84 3428.23 39.603 6.36896 33.234 137.232 119.218 2.00932 18.0149 5.70592 3388.26 3353.5 5.63549 3347.86 34.7652 34.1557 26.0258 36.4324 35.3709 1.91822 33.4527 11.7498 7.87292 3.87692
internal_count=50000 5788 5560 5409 5214 44212 39834 31815 8019 1372 6647 4378 2487 47 1891 228 29170 22389 731 21658 6781 6771 5704 1053 1009 70 939 744 655 89
cat_boundaries=0 2 3 6 7
cat_threshold=2155872257 8 2 0 0 4194304 4
is_linear=0
shrinkage=0.05


Tree=167
num_leaves=31
num_cat=7
split_feature=22 5 13 12 19 19 9 27 3 3 0 9 7 10 10 3 7 7 3 14 2 14 7 27 3 3 10 3 4 4
split_gain=3.87439 2.14445 11.5317 1.54219 1.23158 0.642738 1.04876 2.63125 2.07163 2.34868 0.804409 1.89891 1.77504 1.71041 1.32396 0.867323 1.55538 0.785364 1.21195 0.728878 1.18135 1.01357 0.481434 0.491001 1.41401 2.16983 0.507671 2.88612 2.00263 0.472852
threshold=0 202.00000000000003 14.500000000000002 36.500000000000007 1 2 197.50000000000003 3 61046.500000000007 56487.000000000007 4 1043.0000000000002 3338.0000000000005 35.500000000000007 5.5000000000000009 40345.000000000007 2000.5000000000002 2565.5000000000005 60397.000000000007 5038.0000000000009 5 15847.500000000002 1922.5000000000002 6 50829.000000000007 54380.500000000007 7.5000000000000009 10856.500000000002 39.000000000000007 57375.000000000007
decision_type=9 8 10 8 9 9 8 9 10 10 9 8 10 8 8 10 10 8 10 8 9 8 10 9 10 10 10 8 8 8
left_child=-1 4 3 -3 -2 -5 8 -8 9 22 12 13 15 -12 17 -9 -17 29 -19 20 -16 -21 23 -7 26 -26 27 -25 -29 -13
right_child=1 2 -4 5 -6 6 7 10 -10 -11 11 14 -14 -15 19 16 -18 18 -20 21 -22 -23 -24 24 25 -27 -28 28 -30 -31
leaf_value=0.023380426544874797 -0.073110691528242483 0.0028890089521005236 -0.020578427443367162 -0.0094399155748844839 -0.017460503198367505 0.01275904316786494 -0.055850929134599894 -0.060342032184492557 -0.053955994196487694 0.032876293213416161 -0.016358696539455177 0.048018146426241554 0.050708129194472318 0.020980488149969327 -0.016878801219738972 0.050129557667287966 -0.075992985701418214 0.01385128412415767 -0.047524716176945578 -0.019628393993565106 0.0051024274956748914 3.6881782302749762e-05 0.05832599550514829 -0.051692461432130771 -0.0031294528946856958 -0.073434192952282637 -0.050888990283226535 -0.056723309106318766 0.012899588696167764 0.019202622275902775
leaf_weight=7.5963617500383407 1.3851752025075257 493.58703222987242 67.419626922055613 18.401530692994129 3.5221620134543628 10.645870506763458 2.1219978518784046 1.910480733728037 1.369190040975808 8.2445803179871273 28.232505319174379 1.9965924010612042 0.65167620201827947 3.440762567799541 5.089972652553115 0.58110707520972915 0.4219479113817215 3.9960826777387419 1.0070048714987931 6.5671257156645879 8.7265621630940569 2905.9419653632212 0.40220124460756679 2.0374134145677152 3.8879874848062164 1.5291075555142013 0.40264039719477196 1.0766631513834024 25.379571632132865 4.9614996686577797
leaf_count=828 16 3637 2918 4476 242 56 34 896 38 147 1127 251 221 1353 7076 263 2 426 76 144 156 20812 5 40 97 36 27 10 3804 786
internal_value=-2.47195e-05 -0.000138198 -9.36801e-05 0.000296166 -0.0331687 -0.000123572 -6.70049e-05 -0.00019343 0.00677604 0.00832724 -0.000153712 -0.000125218 -0.0238896 -0.0123024 6.04576e-06 -0.040575 -0.0029255 0.016607 0.00149773 -6.18098e-05 -0.0115188 -7.45948e-06 0.00386538 0.00337818 0.000467724 -0.0229747 0.0048624 0.00565021 0.0100662 0.0274711
internal_weight=3622.53 3614.94 3610.03 3542.61 4.90734 3049.02 3030.62 2975.65 54.9752 53.606 2973.53 2969.96 3.56521 31.6733 2938.29 2.91354 1.00305 11.9612 5.00309 2926.33 13.8165 2912.51 45.3615 44.9593 34.3134 5.4171 28.8963 28.4936 26.4562 6.95809
internal_count=50000 49172 48914 45996 258 42359 37883 33623 4260 4222 33589 32207 1382 2480 29727 1161 265 1539 502 28188 7232 20956 4075 4070 4014 133 3881 3854 3814 1037
cat_boundaries=0 2 3 4 5 6 7 8
cat_threshold=132 18432 4 1 2 1 16 2
is_linear=0
shrinkage=0.05


Tree=168
num_leaves=31
num_cat=2
split_feature=24 6 14 17 4 3 3 3 7 11 11 8 14 9 11 7 11 6 3 7 9 8 3 9 3 12 8 7 8 3
split_gain=3.68616 4.7321 2.51276 3.63517 1.7644 1.45693 1.45239 1.36604 4.92644 2.28212 7.1834 2.85924 1.90296 1.62757 2.9546 1.93054 2.10221 1.59847 1.60869 1.28384 1.13369 1.30357 2.55675 1.04311 0.799626 1.30737 1.03372 0.858516 0.77779 5.78795
threshold=0 752.50000000000011 3128.0000000000005 1 8088.5000000000009 58953.500000000007 56349.000000000007 55990.500000000007 78.500000000000014 62.000000000000007 1.5000000000000002 750.50000000000011 3861.0000000000005 1207.5000000000002 3830.0000000000005 1860.5000000000002 15.500000000000002 647.50000000000011 22955.500000000004 14460.500000000002 8835.0000000000018 1128.5000000000002 52791.000000000007 734.50000000000011 63382.500000000007 113.00000000000001 69.500000000000014 2583.0000000000005 641.50000000000011 49596.500000000007
decision_type=9 10 8 9 10 8 8 10 8 10 8 8 8 10 8 8 8 8 8 10 8 10 10 10 8 8 10 10 8 10
left_child=23 2 -2 5 7 6 -4 8 -5 10 -9 13 -10 15 -15 16 -12 -14 19 -19 21 22 -7 -1 25 26 -20 -28 -27 -30
right_child=1 -3 3 4 -6 20 -8 9 12 -11 11 -13 17 14 -16 -17 -18 18 24 -21 -22 -23 -24 -25 -26 28 27 -29 29 -31
leaf_value=0.053721519814007405 -0.028980594660354173 -0.059918247322195028 0.019743428748175352 -0.065546357825490106 -0.040837915007188058 -0.092526589139214729 -0.037409141147311517 0.034574602989418425 0.032918228710653176 -0.12172886197542843 -0.066799687936461377 -0.0052393595133883343 -0.040431501208457593 -0.16006689492156789 -0.027190664418286738 0.02000127643986567 -0.019931503230675298 -0.037985927226681322 0.046101280504565967 0.050474184616550233 0.10503429528184823 0.061055943151100467 0.033114817803666124 0.02319963584620624 -0.00010830051027281619 -0.0043608521203490199 -0.023621769643480409 0.031919088876098983 -0.017196852531186604 0.016430000772389743
leaf_weight=3.5734400701476288 7.5176528930314817 3.3096224803011856 15.091513943159958 2.869976080954074 2.6684682439081362 0.47481545805931036 1.1999945263378311 7.7384787406772375 4.3818905670777895 0.44871710985898872 3.9070744458585978 15.950668713194316 2.4491991903632879 0.71053918730467558 1.0173584581352759 1.6660733968019492 6.1721418367233127 4.2100726328790179 3.2772166673094034 0.45443512615747739 0.66738133807666589 2.84366106800735 2.7504069923888892 12.921478960604871 3424.2576088888454 25.078501890413463 1.3660436975769701 1.4179890339728443 18.455059997038916 41.735468330094591
leaf_count=496 6311 47 5553 34 83 10 35 106 436 5 59 1482 32 16 46 21 165 212 47 95 27 52 145 5013 26711 260 52 29 655 1765
internal_value=-2.2059e-05 -0.000158162 -0.000103673 -4.32582e-05 -0.000195343 0.016469 0.0155337 -0.00016549 -6.44979e-05 -0.00964404 -0.00829067 -0.0195642 -1.12156e-05 -0.0365232 -0.0818315 -0.0298577 -0.0380993 -5.21765e-05 -2.40828e-05 -0.0293678 0.0431792 0.0363771 0.014618 0.0185599 1.48507e-05 0.00463217 0.0270697 0.00466681 0.00303722 0.00611965
internal_weight=3620.58 3604.09 3600.78 3593.26 3570.23 23.0278 16.2915 3567.56 3529.95 37.6111 37.1623 29.4239 3527.08 13.4732 1.7279 11.7453 10.0792 3522.7 3520.25 4.66451 6.73626 6.06888 3.22522 16.4949 3515.59 91.3303 6.06125 2.78403 85.269 60.1905
internal_count=50000 44491 44444 38133 32311 5822 5588 32228 30328 1900 1895 1789 30294 307 62 245 224 29858 29826 307 234 207 155 5509 29519 2808 128 81 2680 2420
cat_boundaries=0 2 4
cat_threshold=0 16777216 2155872257 6291464
is_linear=0
shrinkage=0.05


Tree=169
num_leaves=31
num_cat=4
split_feature=22 5 19 6 3 3 3 13 7 14 9 28 14 10 8 8 11 7 7 7 7 12 9 8 11 18 10 6 8 6
split_gain=3.65229 2.41519 1.03374 0.691962 1.87413 3.72094 2.19619 6.77972 1.05451 0.948749 0.93851 0.900024 5.88932 0.773419 1.77 2.15327 1.05605 1.6699 1.14834 0.988257 0.77532 0.54129 0.498066 1.5537 4.95876 0.492134 1.12749 0.465584 0.425969 0.421286
threshold=0 408.00000000000006 1 952.50000000000011 58702.500000000007 60672.000000000007 52839.500000000007 23.500000000000004 7716.5000000000009 26178.000000000004 1199.0000000000002 2 30204.000000000004 4.5000000000000009 698.50000000000011 630.50000000000011 8.5000000000000018 1782.5000000000002 21927.000000000004 1448.0000000000002 2602.0000000000005 16.500000000000004 1325.5000000000002 846.50000000000011 15.500000000000002 3 17.500000000000004 723.50000000000011 615.50000000000011 285.50000000000006
decision_type=9 8 9 10 10 10 10 10 10 10 8 9 8 8 10 10 10 10 10 10 8 10 8 10 8 9 8 8 10 8
left_child=-1 2 -2 4 6 10 7 9 28 11 -6 -3 -13 -8 15 27 20 -18 -19 -17 -16 -9 -12 24 -24 -7 -27 -15 -5 -28
right_child=1 3 -4 8 5 25 13 21 -10 -11 22 12 -14 14 16 19 17 18 -20 -21 -22 -23 23 -25 -26 26 29 -29 -30 -31
leaf_value=0.022881572628047672 -0.070490726975078397 0.0078924419730343476 -0.020514571371689036 0.015794730827571435 0.040242535020726444 0.0044100111274670171 -0.004044874102902685 0.032721810656144837 -0.03408489686664342 -0.023058980705299017 0.050360920982024854 -0.050088418867717581 -0.00012850498790212264 -0.019211277471455002 0.02180785639787329 -0.055588483176304694 0.010500752935152867 -0.073333177888850798 -0.019903195925232139 0.05806212294073923 -0.0099154690839622465 -0.050176844595750614 -0.35700459133860307 0.015848862955161063 0.026598071834468651 -0.052104421040854956 -0.039680102028232654 -0.056798987679299889 -0.01510770567787802 0.0096822891061578223
leaf_weight=7.3250986306229606 1.4195925146341324 24.596956215798855 3.8165782745927572 2.4609377339947951 9.5206169408047572 5.8679220027988777 16.622030078899115 16.537895024404865 3.7590960920788348 4.5188496708869925 0.58476833999157074 5.9087739352835342 3484.7392260987544 0.9879345775116235 3.4258583576884103 0.2577360700815915 2.3278449781937525 1.7411342544946817 2.3806288498453796 0.7418196618091315 4.3993905236129649 0.19928616360993956 0.12197985779494047 2.1635865648277104 0.27233790169702876 2.7431279710726812 0.59583861089777201 4.960174607345837 2.039182584383525 1.5742469499818965
leaf_count=828 21 246 252 446 517 594 240 2068 311 61 137 7288 33320 218 452 4 35 100 208 234 451 162 12 311 193 95 61 271 327 537
internal_value=-2.08044e-05 -0.00013026 -0.0340637 -8.1348e-05 -4.81627e-05 0.0140425 -0.000140584 -1.23746e-05 -0.0145372 -0.000163339 0.0324221 -0.000133906 -0.000212466 -0.0121215 -0.0184474 -0.0391452 -0.00837362 -0.0233535 -0.0424733 0.0287572 0.00397286 0.0317348 0.0087302 -0.000787097 -0.0920671 -0.00754577 -0.0101474 -0.050556 0.00179161 -0.0038711
internal_weight=3618.61 3611.29 5.23617 3606.05 3597.79 23.4444 3574.35 3536.5 8.25922 3519.76 12.6633 3515.24 3490.65 37.8446 21.2225 6.94766 14.2749 6.44961 4.12176 0.999556 7.82525 16.7372 3.14267 2.5579 0.394318 10.7811 4.91321 5.94811 4.50012 2.17009
internal_count=50000 49172 273 48899 47815 2457 45358 43145 1084 40915 1170 40854 40608 2213 1973 727 1246 343 308 238 903 2230 653 516 205 1287 693 489 773 598
cat_boundaries=0 2 3 6 8
cat_threshold=132 18432 4 0 0 4194304 32768 524288
is_linear=0
shrinkage=0.05


Tree=170
num_leaves=31
num_cat=4
split_feature=30 13 0 14 14 1 27 3 4 12 3 5 11 9 11 10 8 7 7 11 3 12 11 11 12 10 8 8 11 8
split_gain=74.7197 6.30724 0.851668 2.30913 1.34881 1.34005 0.338044 0.903376 0.619214 2.31739 3.88468 3.81952 1.48744 0.876178 2.38382 0.719611 1.53526 0.885911 0.669141 1.1758 0.515107 0.791204 0.716044 1.71189 0.696381 0.822415 0.619533 3.52097 1.30861 0.953914
threshold=0 121.50000000000001 1 964.00000000000011 31275.500000000004 2 3 54365.500000000007 129.00000000000003 173.00000000000003 52316.500000000007 202.00000000000003 25.500000000000004 17985.000000000004 17.500000000000004 6.5000000000000009 984.50000000000011 304.00000000000006 20946.000000000004 1.5000000000000002 59053.000000000007 24.500000000000004 14.500000000000002 18.500000000000004 33.000000000000007 10.500000000000002 594.50000000000011 651.50000000000011 50.500000000000007 773.50000000000011
decision_type=9 8 9 10 8 9 9 10 10 8 8 8 8 10 8 10 8 10 8 10 10 8 10 10 8 10 10 10 8 10
left_child=-1 -2 3 4 -3 -5 7 -4 13 -10 18 -12 -13 20 -15 16 -16 -17 19 -11 22 -22 24 -24 -8 26 -26 28 -28 -29
right_child=1 2 6 5 -6 -7 8 -9 9 10 11 12 -14 14 15 17 -18 -19 -20 -21 21 -23 23 -25 25 -27 27 29 -30 -31
leaf_value=0.06017593729545008 -0.0060364099571178506 0.02835819148418145 0.051263274113435155 -0.015037187291945142 -0.050494984257348233 0.0031186035310255891 0.013278365740807813 -0.023857275045284444 -0.050763908490193299 0.021029310318723047 0.030952257200179585 -0.078830317204182654 -0.031806597009215107 0.050172569996179778 0.030612080296897139 0.044210605384841305 -0.087775660606508141 -0.012743923868691796 -0.01251972979441477 0.00057635064333179376 -0.067676207373122743 0.01010127160670702 -0.048982563487356648 0.0098543991355168718 -4.7330542113994092e-05 -0.019488200705656503 0.047353517772052683 -0.015865807413577911 -0.0057345430127621324 0.0028843816738798782
leaf_weight=40.839738175272942 507.07496392377652 0.62463000731077045 1.0422993730753658 4.296236252062954 4.1154021620750418 28.997534740716219 9.9788519251160306 0.64966633822768938 2.6213243027741555 8.5020386322867108 1.8262915294617414 2.7585966996848583 4.3078226285870169 3.2480601038550958 3.1662633515079492 0.75794658064842213 0.29977431590668846 6.8836571150459349 6.8866165067302054 40.497520429082215 0.33327821129933 17.301553662749942 2.4216453526169053 2.5256461622193456 2819.9099962429609 5.3775032793637356 6.0066690295934677 7.4513759873807421 1.4388525472022582 75.651329030748457
leaf_count=258 4753 621 46 6529 424 306 138 17 1485 5088 28 71 1158 1411 1637 7 16 352 451 742 16 1879 36 95 17210 215 689 1036 543 2743
internal_value=-1.49138e-05 -0.000867947 -1.70598e-05 -0.00745261 -0.0401039 -0.00280405 7.62175e-05 0.0224191 6.37418e-05 -0.00467513 -0.00281012 -0.033505 -0.0501638 0.000171547 0.0124941 0.00147624 0.0203728 -0.00709478 0.00207411 0.0041252 0.000111549 0.00863137 6.02841e-05 -0.0189457 9.24215e-05 4.72953e-05 8.339e-05 0.00415437 0.0370942 0.00120315
internal_weight=3617.79 3576.95 3069.88 38.0338 4.74003 33.2938 3031.84 1.69197 3030.15 67.4002 64.7789 8.89271 7.06642 2962.75 14.3557 11.1076 3.46604 7.6416 55.8862 48.9996 2948.4 17.6348 2930.76 4.94729 2925.81 2915.84 2910.46 90.5482 7.44552 83.1027
internal_count=50000 49742 44989 7880 1045 6835 37109 63 37046 9023 7538 1257 1229 28023 3423 2012 1653 359 6281 5830 24600 1895 22705 131 22574 22436 22221 5011 1232 3779
cat_boundaries=0 39 40 41 42
cat_threshold=0 0 16384 0 0 0 0 0 0 0 0 0 0 0 0 0 0 0 0 0 0 0 0 0 0 0 0 0 0 0 8388608 0 0 0 0 163577856 9772072 416 4194816 2 8 1
is_linear=0
shrinkage=0.05


Tree=171
num_leaves=31
num_cat=7
split_feature=24 19 13 7 5 3 0 28 28 9 6 8 8 8 3 19 3 7 10 10 11 7 9 12 4 5 10 10 27 8
split_gain=3.34357 5.91871 3.8314 1.27216 1.20801 1.19502 1.05994 0.743278 1.55647 0.513829 0.902578 0.881054 0.416427 0.530628 0.395232 0.366244 0.241089 3.51154 0.682688 1.86468 0.556497 0.540648 4.90216 1.41166 0.747497 1.72865 0.429458 0.404729 0.784669 1.98679
threshold=0 1 29.500000000000004 18767.000000000004 205.00000000000003 52231.000000000007 2 3 4 1586.0000000000002 297.00000000000006 765.50000000000011 517.00000000000011 633.50000000000011 54270.500000000007 5 51208.000000000007 78.500000000000014 72.000000000000014 23.500000000000004 14.500000000000002 31197.500000000004 1434576.0000000002 3.5000000000000004 57541.500000000007 202.00000000000003 40.500000000000007 32.500000000000007 6 2235.5000000000005
decision_type=9 9 10 8 10 10 9 9 9 8 10 10 10 10 10 9 8 8 10 10 10 10 10 10 8 8 8 8 9 8
left_child=3 4 6 9 5 -2 7 -3 -9 11 12 -1 -11 -14 -7 -13 17 -8 19 20 21 23 -23 24 25 -19 -21 28 -27 -30
right_child=1 2 -4 -5 -6 14 16 8 -10 10 -12 15 13 -15 -16 -17 -18 18 -20 26 -22 22 -24 -25 -26 27 -28 -29 29 -31
leaf_value=0.03968288588124963 -0.056674714989479402 -0.017007838979526881 -0.050541091202403181 0.052993415636442456 0.021670285850933616 0.0017233340867880695 -0.072826868211736548 0.0040874599647196209 -0.015266494815578475 0.050102590474987413 0.016413171097418435 -0.038260193393431563 0.050088454063139179 -0.10263954766972633 -0.030965972941246617 0.050126163929902802 5.7354426354930703e-05 -0.084307726354973078 0.051267807825825941 -0.036131036688866525 0.036041329555143449 -0.29197409315329304 0.050132825864254195 0.12412274224550496 0.070955251279656462 0.051053483670253565 -0.098116973967900478 0.014764508969934404 0.0012450670187244516 0.06217037894735862
leaf_weight=4.7762856234330657 5.5481445710174722 5.1378067772020586 3.7491029406955922 4.121672928216868 0.83839081786573011 1.2225038395263252 1.5067228004336346 29.07817043364048 4.345286132360342 0.078275182517246189 5.8770071881590411 0.56472073553595692 0.068830210482701659 0.32732374826446176 3.795213078148663 0.14789877086877812 3463.5329197788378 0.5530686229467392 0.7635836573317637 0.86593447392806411 1.3947738293791179 0.14614946953952213 0.36933983117341995 0.24590961076319118 0.41622081398963828 0.84287051483988762 0.41256188158877083 8.3902828111313266 64.751258651725948 1.3663607006892551
leaf_count=2257 260 6666 2079 1611 12 16 12 307 1046 40 1129 217 40 154 179 61 26477 3 46 61 198 52 140 2 2 42 28 5098 1726 39
internal_value=-7.07745e-06 -0.000135647 -2.17117e-05 0.0178722 -0.0360994 -0.0406834 3.11332e-05 -0.00821377 -0.00136497 0.0207407 0.0110579 0.0319452 -0.0552811 -0.0761037 -0.0230016 -0.0199163 0.000120804 0.00279999 0.00421518 0.00376469 0.00474052 0.00417414 -0.04686 0.00451774 0.00413236 0.00376593 -0.0561335 0.00441239 0.00311524 0.00250413
internal_weight=3615.23 3599.27 3587.87 15.962 11.4043 10.5659 3584.12 38.5613 33.4235 11.8403 6.35144 5.48891 0.474429 0.396154 5.01772 0.71262 3545.56 82.025 80.5183 79.7547 78.4762 77.0815 0.515489 76.566 76.3201 75.9038 1.2785 75.3508 66.9605 66.1176
internal_count=50000 44491 44024 5509 467 455 41945 8019 1353 3898 1363 2535 234 194 195 278 33926 7449 7437 7391 7302 7104 192 6912 6910 6908 89 6905 1807 1765
cat_boundaries=0 2 3 4 8 11 12 13
cat_threshold=0 16777216 1 2 2149580800 81920 142803456 129 0 0 4194304 4 1
is_linear=0
shrinkage=0.05


Tree=172
num_leaves=31
num_cat=6
split_feature=30 30 12 0 29 1 13 3 3 12 10 10 8 9 3 7 11 6 11 3 3 3 12 9 16 10 7 8 3 9
split_gain=8.16179 47.3742 2.20575 0.963904 3.75538 1.00727 1.72458 0.708411 1.73897 1.22103 0.807758 1.18028 1.56474 0.7996 2.76616 1.97482 1.72874 1.04429 0.916729 0.853402 1.19992 0.811643 0.767715 1.32138 0.676803 1.85629 1.10819 0.644519 0.583108 0.580631
threshold=0 1 11.500000000000002 2 3 4 138.50000000000003 54739.000000000007 56366.000000000007 443.50000000000006 20.500000000000004 39.500000000000007 1985.0000000000002 708.00000000000011 60594.500000000007 13863.000000000002 5.5000000000000009 3955.0000000000005 20.500000000000004 61155.000000000007 58830.500000000007 60518.000000000007 165.50000000000003 1571.0000000000002 5 1.5000000000000002 2770.5000000000005 641.50000000000011 59931.000000000007 18336.500000000004
decision_type=9 9 10 9 9 9 8 8 8 8 10 10 10 8 8 10 8 10 8 8 10 10 8 8 9 8 10 10 10 10
left_child=-1 -2 3 4 -3 6 -5 9 22 -7 13 12 -12 14 18 16 19 21 -10 20 -15 -17 -9 27 25 -11 29 -24 -14 -26
right_child=1 2 -4 5 -6 7 -8 8 10 24 11 -13 28 15 -16 17 -18 -19 -20 -21 -22 -23 23 -25 26 -27 -28 -29 -30 -31
leaf_value=-0.029776126891148971 0.05825258470292876 0.0039414435084044325 -0.027940880448648044 -0.002159049832073605 -0.02425195005869657 0.025881289701790041 -0.050061746955457592 -0.058179246061836387 0.01641291103012342 -0.02735239214654811 -0.095666703881917864 0.002739702583553656 -0.030798228902566477 0.05032853394345093 -0.017308774672264795 0.050137275422395738 -1.3354594619133264e-06 -0.016732211115903169 -0.018060929632867442 0.017580622987467705 -0.051960180610756745 0.0057850871741246725 -0.010454200849256325 -0.039474711683256475 0.0095885319453748383 0.0085490054078890786 -0.00025295306790876503 0.025375185066951123 0.027156963112274248 0.057367681142692133
leaf_weight=12.884989330545066 24.778916694223881 29.019622411578894 7.2483052652678444 501.25473779064487 9.3320197018329036 5.9752452573738992 1.8859628506761499 1.1260554438922552 11.577058082213624 7.1743911541998386 0.87479144881945048 3.7108408546773717 1.9871660568751397 0.40099733555689709 24.264327241340652 3.6910060245427294 2822.2266740841442 1.0622048252262173 2.3138436279259613 18.614994336152449 1.0059097642078993 1.4315972742042502 5.8917861783411327 3.6614346285932706 44.254880546010099 7.2278375886380672 56.384917342744302 1.5949283716036005 0.5552965827519073 0.64513200428336759
leaf_count=281 163 307 305 4342 7712 111 2068 39 163 82 99 81 72 63 695 1240 16915 132 195 1883 185 420 139 368 7834 76 3736 256 32 6
internal_value=-1.05133e-05 0.000178178 -0.000385493 -0.000330613 -0.00821466 -0.000244977 -0.00229303 0.000102608 -5.35447e-05 0.00384085 2.61148e-05 -0.0167847 -0.0379865 6.76271e-05 -0.00712255 0.000163941 0.000102527 0.0283866 0.0106705 0.0147427 -0.0228058 0.0377423 -0.0188338 -0.0148595 0.00270246 -0.00550958 0.00401749 -0.00282131 -0.0181403 0.010275
internal_weight=3614.06 3601.17 3576.39 3569.15 38.3516 3530.79 503.141 3027.65 2905.99 121.662 2893.72 7.12809 3.41725 2886.59 38.1552 2848.43 2842.25 6.18481 13.8909 20.0219 1.40691 5.1226 12.2742 11.1481 115.687 14.4022 101.285 7.48671 2.54246 44.9
internal_count=50000 49719 49556 49251 8019 41232 6410 34822 22977 11845 22175 284 203 21891 1053 20838 19046 1792 358 2131 248 1660 802 763 11734 158 11576 395 104 7840
cat_boundaries=0 34 74 75 76 77 78
cat_threshold=0 0 0 0 0 0 0 0 0 0 0 0 0 0 0 0 0 0 0 0 0 0 0 0 0 0 0 0 0 0 0 0 536870912 8192 0 0 16384 0 0 0 0 0 0 0 32768 0 0 0 0 2048 0 0 0 0 0 0 0 0 0 0 0 0 0 0 8388608 0 0 0 0 33554432 5 4 0 1024 2 4 2 32
is_linear=0
shrinkage=0.05


end of trees

feature_importances:
src_port=643
bytes=493
bytes_in=490
dest_port=418
bytes_out=378
event_id=329
packets_in=325
packets_out=317
duration=259
process_id=223
http_content_length=211
protocol=143
subject_type=140
object_type=134
http_method=116
http_status=112
command_line=101
dns_rcode=87
transport=64
site=40
edge_type=33
app_proto=32
http_content_type=31
process_name=23
http_user_agent=17
user=11
image=10
http_referrer=5
dns_qtype=2
registry_value=2
suricata_event_type=1

parameters:
[boosting: gbdt]
[objective: binary]
[metric: auc]
[tree_learner: serial]
[device_type: cpu]
[data_sample_strategy: bagging]
[data: ]
[valid: ]
[num_iterations: 10000]
[learning_rate: 0.05]
[num_leaves: 31]
[num_threads: 6]
[seed: 42]
[deterministic: 0]
[force_col_wise: 0]
[force_row_wise: 0]
[histogram_pool_size: -1]
[max_depth: -1]
[min_data_in_leaf: 20]
[min_sum_hessian_in_leaf: 0.001]
[bagging_fraction: 1]
[pos_bagging_fraction: 1]
[neg_bagging_fraction: 1]
[bagging_freq: 0]
[bagging_seed: 400]
[bagging_by_query: 0]
[feature_fraction: 1]
[feature_fraction_bynode: 1]
[feature_fraction_seed: 30056]
[extra_trees: 1]
[extra_seed: 12879]
[early_stopping_round: 0]
[early_stopping_min_delta: 0]
[first_metric_only: 0]
[max_delta_step: 0]
[lambda_l1: 0]
[lambda_l2: 0]
[linear_lambda: 0]
[min_gain_to_split: 0]
[drop_rate: 0.1]
[max_drop: 50]
[skip_drop: 0.5]
[xgboost_dart_mode: 0]
[uniform_drop: 0]
[drop_seed: 17869]
[top_rate: 0.2]
[other_rate: 0.1]
[min_data_per_group: 100]
[max_cat_threshold: 32]
[cat_l2: 10]
[cat_smooth: 10]
[max_cat_to_onehot: 4]
[top_k: 20]
[monotone_constraints: ]
[monotone_constraints_method: basic]
[monotone_penalty: 0]
[feature_contri: ]
[forcedsplits_filename: ]
[refit_decay_rate: 0.9]
[cegb_tradeoff: 1]
[cegb_penalty_split: 0]
[cegb_penalty_feature_lazy: ]
[cegb_penalty_feature_coupled: ]
[path_smooth: 0]
[interaction_constraints: ]
[verbosity: -1]
[saved_feature_importance_type: 0]
[use_quantized_grad: 0]
[num_grad_quant_bins: 4]
[quant_train_renew_leaf: 0]
[stochastic_rounding: 1]
[linear_tree: 0]
[max_bin: 255]
[max_bin_by_feature: ]
[min_data_in_bin: 3]
[bin_construct_sample_cnt: 200000]
[data_random_seed: 175]
[is_enable_sparse: 1]
[enable_bundle: 1]
[use_missing: 1]
[zero_as_missing: 0]
[feature_pre_filter: 1]
[pre_partition: 0]
[two_round: 0]
[header: 0]
[label_column: ]
[weight_column: ]
[group_column: ]
[ignore_column: ]
[categorical_feature: 0,1,2,16,17,18,19,20,21,22,23,24,25,26,27,28,29,30,31,32,33,34,35,36,37]
[forcedbins_filename: ]
[precise_float_parser: 0]
[parser_config_file: ]
[objective_seed: 16083]
[num_class: 1]
[is_unbalance: 0]
[scale_pos_weight: 1]
[sigmoid: 1]
[boost_from_average: 1]
[reg_sqrt: 0]
[alpha: 0.9]
[fair_c: 1]
[poisson_max_delta_step: 0.7]
[tweedie_variance_power: 1.5]
[lambdarank_truncation_level: 30]
[lambdarank_norm: 1]
[label_gain: ]
[lambdarank_position_bias_regularization: 0]
[eval_at: ]
[multi_error_top_k: 1]
[auc_mu_weights: ]
[num_machines: 1]
[local_listen_port: 12400]
[time_out: 120]
[machine_list_filename: ]
[machines: ]
[gpu_platform_id: -1]
[gpu_device_id: -1]
[gpu_use_dp: 0]
[num_gpu: 1]

end of parameters

pandas_categorical:[["Host", "Process", "Socket"], ["File", "Host", "Process", "Registry", "Socket", "Url"], ["ACCESS", "CONNECT", "EXEC", "FORK", "MODIFY_REG", "WRITE"], ["IPv6-ICMP", "TCP", "UDP", "icmp", "tcp", "udp"], ["", "arp", "ip:HOPOPT", "ip:icmp", "ip:icmp6", "ip:tcp:dcerpc", "ip:tcp:dcerpc:msrpc", "ip:tcp:dcerpc:msrpc:epm", "ip:tcp:http", "ip:tcp:http:akamai:cnn", "ip:tcp:http:akamai:live_hotmail", "ip:tcp:http:amazon_aws", "ip:tcp:http:appnexus", "ip:tcp:http:bing", "ip:tcp:http:cnn", "ip:tcp:http:google_gen:chrome_update", "ip:tcp:http:google_gen:google_ads", "ip:tcp:http:google_gen:google_play", "ip:tcp:http:microsoft", "ip:tcp:http:nielsen", "ip:tcp:http:ocsp", "ip:tcp:http:oracle", "ip:tcp:http:outbrain", "ip:tcp:http:rss", "ip:tcp:http:rubiconproject", "ip:tcp:http:scorecardresearch", "ip:tcp:http:stickyads", "ip:tcp:http:turner:cnn", "ip:tcp:http:twitter", "ip:tcp:krb5", "ip:tcp:ldap", "ip:tcp:mysql", "ip:tcp:netbios:smb", "ip:tcp:netbios:smb:dcerpc:msrpc", "ip:tcp:smtp", "ip:tcp:ssh", "ip:tcp:ssl:amazon_aws", "ip:tcp:ssl:appnexus", "ip:tcp:ssl:http2", "ip:tcp:ssl:http2:google_gen:google", "ip:tcp:ssl:http2:google_gen:google_ads", "ip:tcp:ssl:http2:google_gen:google_docs", "ip:tcp:ssl:http2:google_gen:gstatic", "ip:tcp:ssl:http2:twitter", "ip:tcp:ssl:http2:youtube", "ip:tcp:ssl:https", "ip:tcp:ssl:https:moat", "ip:tcp:ssl:ldaps", "ip:tcp:ssl:mozilla:firefox_update", "ip:tcp:ssl:office365", "ip:tcp:ssl:optimizely", "ip:tcp:ssl:sizmek", "ip:tcp:ssl:unknown", "ip:tcp:unknown", "ip:udp:dhcp", "ip:udp:dns", "ip:udp:ldap", "ip:udp:nbns", "ip:udp:netbios:smb", "ip:udp:ntp", "ip:udp:ssdp", "ip:udp:syslog", "ip:udp:unknown"], ["amazon_aws", "appnexus", "bittorrent", "cnn", "cnn-video", "dcerpc", "dhcp", "dns", "facebook-base", "failed", "google", "google-docs-base", "google_ads", "google_play", "gstatic", "http", "http2", "incomplete", "kerberos", "krb5", "ldap", "microsoft", "moat", "ms-ds-smb", "msrpc", "mysql", "netbios-ss", "nielsen", "ntp", "ocsp", "office365", "optimizely", "outbrain", "outlook-web-online", "ping", "reddit-base", "rss", "rubiconproject", "scorecardresearch", "smb", "smtp", "splunk", "ssh", "ssl", "symantec-endpoint-manager", "syslog", "tcp", "tls", "twitter", "twitter-base", "udp", "unknown", "web-browsing", "youtube"], ["GET", "OPTIONS", "POST"], ["", "*", "/", "/.a/2.34.0/js/featured-video-collection-player.min.js", "/.a/bundles/weather.d08048cb1d216f486b32.bundle.js", "/.a/fonts/cnn/3.5.0/cnnsans-light.woff2", "/.hg/dirstate", "/05/", "/102/", "/1031/", "/110/", "/1195/", "/1257/", "/1320/", "/1430/", "/20061212/", "/2017/08/15/politics/donald-trump-jack-posobiec/index.html", "/2368/gr?url=http%3a//ib.adnxs.com/setuid%3fentity%3d51%26code%3d__EFGCK__", "/237/", "/245/", "/292/", "/296/", "/317/", "/318/", "/323/", "/338/", "/342/", "/364/", "/369/", "/37/", "/454/", "/500/", "/720/", "/732/", "/80/", "/C/", "/Design/", "/EN/", "/GwkBd.html", "/MFEwTzBNMEswSTAJBgUrDgMCGgUABBRIt2RJ89X%2B%2BhEzqoBeQg8PymQ2UQQUANhaTCXBIuWLMe9tuvPMXynxDWECECUM6OA", "/MFEwTzBNMEswSTAJBgUrDgMCGgUABBTMbSIc9rRVLC%2BHkV9a%2FvDh7s6DzAQUgqJwdN28Uz%2FPe9T3zX%2BnYMYKTL8CEEK", "/MFQwUjBQME4wTDAJBgUrDgMCGgUABBQmECJms4f7i5EbxtN7NbzQCBwAdAQUUa8kJpz0aCJXgCYrO0ZiFXsezKUCE1oABPpJ3ZB", "/PHP/", "/Satellite/", "/Technology/", "/__media__/pics/800015191/tran.png", "/a/api/fastlane.json?account_id=11078&size_id=15&p_pos=atf&rp_floor=0.01&rf=http%3A%2F%2Fwww.cnn.com", "/a/vendor_sync/user", "/ad/l/1", "/ad/l/1?cn=resellerNoAd&et=i&s=a166&n=48804%3B48804%3B151933%3B193466%3B372496%3B379619%3B380903%3B3", "/ad/l/1?ct=30&init=0&s=g007&n=48804%3B48804%3B379619%3B381963&t=1502816047026103004&f=&cn=videoView&", "/ad/l/1?s=c048&n=48804%3B48804%3B151933%3B193466%3B372496%3B379619%3B380903%3B381963%3B510702%3B5108", "/admin/index.php?module=user-titles&action=edit&utid=2%22%3E%3Cscript%3E%0Awindow.onload%3Dfunction(", "/admin/jscripts/jqueryui/js/jquery-ui.min.js", "/admin/styles/default/images/thead.png", "/admin/styles/default/user.css", "/advertise/", "/adview/", "/aggregator/", "/aix/", "/architecture/", "/archive/", "/artists/", "/assets/fave/theoplayer/1.6.110/theoplayer.js", "/attachment.php", "/b/ss/cnn-adbp-domestic/1/H.26.1/s96613967616913", "/b/ss/cnn-adbp-domestic/1/H.26.1/s98287320026420", "/b/ss/cnn-adbp-domestic/1/H.26.1/s99835305418474?AQB=1&ndh=1&t=15%2F7%2F2017%209%3A51%3A23%202%20420", "/banners/", "/beacon/ev/9a74eeac-d3a2-441c-8709-7fb4b7293d89?accountId=11078&siteId=52356&zoneId=646592&e=BA3E72E", "/bot/", "/bottom/", "/bounce/init1.js?tojQ=function&cts=1502815390680&tzo=420&is_preview=false&website_id=340&resolution=", "/brand/", "/btn/", "/buyersGuideForVendors/", "/c.gif?", "/cache/themes/theme1/css3.css", "/cache/themes/theme1/global.css", "/cache/themes/theme1/showthread.css", "/cache/themes/theme1/star_ratings.css", "/cache/themes/theme1/thread_status.css", "/cache/themes/theme1/usercp.css", "/captcha.php", "/cgi-bin/", "/cgi-bin/m", "/ciu/", "/cnn/.e/img/3.0/weather/weatherIcon_07.png", "/cnn/.element/video/assets/blank.mp4", "/cnnnext/dam/assets/160822103039-joe-scarborough-and-mika-brzezinski-story-tablet.jpg", "/cnnnext/dam/assets/170814180409-confederate-statue-2-large-tease.jpg", "/cnnnext/dam/assets/170815075305-late-night-trump-charlottesville-response-trump-colbert-fallon-kimm", "/collapse_tcat/", "/congress/", "/contest/", "/cp/", "/css/2.34.0/wp-video.css", "/css/bootstrap.css", "/css/simple-line-icons.css", "/d2/", "/desktop/", "/devices/", "/drivers/", "/e/dtb/bid?src=3159&u=http%3A%2F%2Fwww.cnn.com%2F2017%2F08%2F15%2Fpolitics%2Fdonald-trump-jack-posob", "/edgedl/chromewebstore/L2Nocm9tZV9leHRlbnNpb24vYmxvYnMvODQzQUFWRnZjSDZEZlFKSFlmOEVoVm9VZw/0.57.44.24", "/edgedl/release2/NWZjpcLNQCI/7.54_all_easylist.crx3", "/edgedl/release2/fxSaHLavG-k/26.0.0.151_win64_PepperFlashPlayer.crx3", "/edgedl/release2/fxSaHLavG-k/26.0.0.151_win64_PepperFlashPlayer.crx3?cms_redirect=yes&expire=1502829", "/encryption/", "/event.gif?impid=37d686bc01214603b6b484f01deae54a&strp=0&isavmms=626&avmin=100&avmax=100&dvp_vidMino", "/external/", "/favicon.ico", "/filters/", "/forgot_password/", "/forumdisplay.php", "/forums/", "/fs/", "/funding/", "/gaming/", "/glossary/", "/graphql?query=%7BwsiForecast(locCode%3A%22USNY9472%22%2Ccelcius%3A%22false%22)%7BcurrentConditions%", "/gui/", "/handbook/", "/i/adsct", "/i/cnn/big/cnnmoney/2017/06/29/panel-spars-trump-twitter-morning-joe-ath.cnn_1501840_ios_,440,650,84", "/i/cnn/big/cnnmoney/2017/06/30/trump-joe-scarborough-national-enquirer-stelter-ath.cnn_1503428_ios_,", "/i/cnn/big/politics/2017/02/19/trump-sweden-tweet-jones-nr.cnn_1237309_ios_,440,650,840,1240,3000,55", "/i/cnn/big/politics/2017/06/26/trump-modi-social-media-world-leaders-sot.cnn_1496867_ios_,440,650,84", "/i/cnn/big/politics/2017/06/29/paul-ryan-reaction-trump-tweets-morning-joe.cnn_1501753_ios_,440,650,", "/i/cnn/big/politics/2017/06/29/trump-critics-women-response-orig-bw.cnn_1502140_ios_,440,650,840,124", "/ibm/", "/icon3/", "/icon6/", "/images/", "/images/2-512.png", "/images/buddy_delete.png", "/images/buddy_offline.png", "/images/buddy_online.png", "/images/buttons_bg.png", "/images/buttons_sprite.png", "/images/close.png", "/images/collapse.png", "/images/default_avatar.png", "/images/error.png", "/images/folders_sprite.png", "/images/forum_icon_sprite.png", "/images/headerlinks_sprite.png", "/images/icons/biggrin.png", "/images/icons/brick.png", "/images/icons/bug.png", "/images/icons/exclamation.png", "/images/icons/heart.png", "/images/icons/information.png", "/images/icons/lightbulb.png", "/images/icons/music.png", "/images/icons/photo.png", "/images/icons/question.png", "/images/icons/rainbow.png", "/images/icons/sad.png", "/images/icons/shocked.png", "/images/icons/smile.png", "/images/icons/star.png", "/images/icons/thumbsdown.png", "/images/icons/thumbsup.png", "/images/icons/tongue.png", "/images/icons/video.png", "/images/icons/wink.png", "/images/jump.png", "/images/nav_bit.png", "/images/old_pm.png", "/images/paperclip.png", "/images/printable.png", "/images/send.png", "/images/showthread_sprite.png", "/images/smilies/angel.png", "/images/smilies/angry.png", "/images/smilies/arrow.png", "/images/smilies/at.png", "/images/smilies/biggrin.png", "/images/smilies/blush.png", "/images/smilies/confused.png", "/images/smilies/cool.png", "/images/smilies/cry.png", "/images/smilies/dodgy.png", "/images/smilies/exclamation.png", "/images/smilies/heart.png", "/images/smilies/huh.png", "/images/smilies/lightbulb.png", "/images/smilies/my.png", "/images/smilies/rolleyes.png", "/images/smilies/sad.png", "/images/smilies/shy.png", "/images/smilies/sick.png", "/images/smilies/sleepy.png", "/images/smilies/smile.png", "/images/smilies/tongue.png", "/images/smilies/undecided.png", "/images/smilies/wink.png", "/images/spinner.gif", "/images/star.png", "/images/star_rating.png", "/images/tcat.png", "/images/thead.png", "/images/widgetIcons/ob_logo_67x12.png", "/index.php", "/index3/", "/india/", "/internal/", "/ipv6/", "/itunes/", "/js/chartbeat_mab.js", "/js/jquery.easing.1.3.js", "/js/jquery.min.js", "/js/modernizr-2.6.2.min.js", "/js/owl.carousel.min.js", "/jscripts/bbcodes_sceditor.js", "/jscripts/captcha.js", "/jscripts/general.js", "/jscripts/general.js?ver=1800", "/jscripts/inline_edit.js", "/jscripts/jeditable/jeditable.min.js", "/jscripts/jquery.js", "/jscripts/jquery.js?ver=1800", "/jscripts/jquery.plugins.min.js", "/jscripts/post.js", "/jscripts/rating.js", "/jscripts/report.js", "/jscripts/sceditor/editor_themes/famfamfam.png", "/jscripts/sceditor/editor_themes/mybb.css", "/jscripts/sceditor/editor_themes/php.png", "/jscripts/sceditor/editor_themes/video.png", "/jscripts/sceditor/jquery.sceditor.bbcode.min.js", "/jscripts/sceditor/textarea_styles/jquery.sceditor.mybb.css", "/jscripts/select2/select2.css", "/jscripts/select2/select2.min.js", "/jscripts/select2/select2.png", "/jscripts/thread.js", "/jscripts/usercp.js", "/jscripts/validate/jquery.validate.min.js", "/k/", "/latest/meta-data/", "/leadership/", "/levitra/", "/loggerServices/widgetGlobalEvent", "/m2/", "/magento2", "/magento2/", "/magento2/admin/admin/index/index/key/a888050ba9b8b461b33a2a7d638f0b1560d2146d7af0b8fb1028bd25a7c356", "/magento2/admin/catalog/product/edit/id/2051/key/6a2703bdee338f6cdae6dd5925118b0cbd71232d24b7f031eb9", "/magento2/brewers-yeast.html", "/magento2/california-ale-yeast-white-labs.html", "/magento2/checkout/", "/magento2/checkout/cart/add/uenc/aHR0cDovL3N0b3JlLmZyb3RoLmx5L21hZ2VudG8yL2JyZXdlcnMteWVhc3QuaHRtbA%", "/magento2/checkout/cart/add/uenc/aHR0cDovL3N0b3JlLmZyb3RoLmx5L21hZ2VudG8yL2Zyb3RoLWx5LWJldmVyYWdlcy5", "/magento2/customer/account/createpost/", "/magento2/customer/section/load/", "/magento2/customer/section/load/?sections=&update_section_id=false&_=1502815129728", "/magento2/customer/section/load/?sections=cart%2Cmessages&update_section_id=true&_=1502813406802", "/magento2/customer/section/load/?sections=cart%2Cmessages&update_section_id=true&_=1502814006474", "/magento2/customer/section/load/?sections=cart%2Cmessages&update_section_id=true&_=1502814040361", "/magento2/customer/section/load/?sections=cart%2Cmessages&update_section_id=true&_=1502814195656", "/magento2/customer/section/load/?sections=cart%2Cmessages&update_section_id=true&_=1502815120138", "/magento2/customer/section/load/?sections=cart&update_section_id=false&_=1502815426332", "/magento2/customer/section/load/?sections=directory-data&update_section_id=false&_=1502814821924", "/magento2/froth-ly-beverages.html", "/magento2/pub/media/catalog/product/cache/f073062f50e48eb0f0998593e568d857/f/r/frothly_mug.png", "/magento2/pub/media/catalog/product/cache/f073062f50e48eb0f0998593e568d857/f/r/frothly_tee_mens_1.pn", "/magento2/pub/media/catalog/product/cache/f073062f50e48eb0f0998593e568d857/h/e/heady_topper.png", "/magento2/pub/media/catalog/product/cache/f073062f50e48eb0f0998593e568d857/m/b/mb02-gray-0.jpg", "/magento2/pub/media/catalog/product/cache/f073062f50e48eb0f0998593e568d857/m/h/mh07-gray_main.jpg", "/magento2/pub/media/catalog/product/cache/f9c7fbe9b524c081a3ccf800cbd963eb/f/r/frothly_tee_mens.png", "/magento2/pub/media/catalog/product/cache/fd4c882ce4b945a790b629f572e4ef93/s/c/screen_shot_2017-08-0", "/magento2/pub/media/catalog/product/cache/fd4c882ce4b945a790b629f572e4ef93/w/s/wsh01-black_main.jpg", "/magento2/pub/media/catalog/product/cache/fd4c882ce4b945a790b629f572e4ef93/w/s/wsh01-green_main.jpg", "/magento2/pub/media/catalog/product/cache/fd4c882ce4b945a790b629f572e4ef93/w/s/wsh06-orange_main.jpg", "/magento2/pub/media/catalog/product/cache/fd4c882ce4b945a790b629f572e4ef93/w/s/wsh10-black_main.jpg", "/magento2/pub/media/wysiwyg/home/home-eco.jpg", "/magento2/pub/static/version1501014192/adminhtml/Magento/backend/en_US/Magento_Ui/templates/grid/fil", "/magento2/pub/static/version1501014192/adminhtml/Magento/backend/en_US/mage/backend/notification.js", "/magento2/pub/static/version1501014192/adminhtml/Magento/backend/en_US/requirejs-config.js", "/magento2/pub/static/version1501014192/frontend/Magento/luma/en_US/FormData.js", "/magento2/pub/static/version1501014192/frontend/Magento/luma/en_US/Magento_Braintree/js/validator.js", "/magento2/pub/static/version1501014192/frontend/Magento/luma/en_US/Magento_Braintree/js/view/payment", "/magento2/pub/static/version1501014192/frontend/Magento/luma/en_US/Magento_Captcha/js/action/refresh", "/magento2/pub/static/version1501014192/frontend/Magento/luma/en_US/Magento_Captcha/js/view/checkout/", "/magento2/pub/static/version1501014192/frontend/Magento/luma/en_US/Magento_Captcha/template/checkout", "/magento2/pub/static/version1501014192/frontend/Magento/luma/en_US/Magento_Catalog/js/catalog-add-to", "/magento2/pub/static/version1501014192/frontend/Magento/luma/en_US/Magento_Catalog/js/price-utils.js", "/magento2/pub/static/version1501014192/frontend/Magento/luma/en_US/Magento_Catalog/js/product/storag", "/magento2/pub/static/version1501014192/frontend/Magento/luma/en_US/Magento_Catalog/js/view/image.js", "/magento2/pub/static/version1501014192/frontend/Magento/luma/en_US/Magento_Checkout/js/action/create", "/magento2/pub/static/version1501014192/frontend/Magento/luma/en_US/Magento_Checkout/js/action/select", "/magento2/pub/static/version1501014192/frontend/Magento/luma/en_US/Magento_Checkout/js/checkout-data", "/magento2/pub/static/version1501014192/frontend/Magento/luma/en_US/Magento_Checkout/js/model/authent", "/magento2/pub/static/version1501014192/frontend/Magento/luma/en_US/Magento_Checkout/js/model/full-sc", "/magento2/pub/static/version1501014192/frontend/Magento/luma/en_US/Magento_Checkout/js/model/new-cus", "/magento2/pub/static/version1501014192/frontend/Magento/luma/en_US/Magento_Checkout/js/model/payment", "/magento2/pub/static/version1501014192/frontend/Magento/luma/en_US/Magento_Checkout/js/model/quote.j", "/magento2/pub/static/version1501014192/frontend/Magento/luma/en_US/Magento_Checkout/js/model/resourc", "/magento2/pub/static/version1501014192/frontend/Magento/luma/en_US/Magento_Checkout/js/model/shippin", "/magento2/pub/static/version1501014192/frontend/Magento/luma/en_US/Magento_Checkout/js/model/sidebar", "/magento2/pub/static/version1501014192/frontend/Magento/luma/en_US/Magento_Checkout/js/sidebar.js", "/magento2/pub/static/version1501014192/frontend/Magento/luma/en_US/Magento_Checkout/js/view/authenti", "/magento2/pub/static/version1501014192/frontend/Magento/luma/en_US/Magento_Checkout/js/view/estimati", "/magento2/pub/static/version1501014192/frontend/Magento/luma/en_US/Magento_Checkout/js/view/form/ele", "/magento2/pub/static/version1501014192/frontend/Magento/luma/en_US/Magento_Checkout/js/view/minicart", "/magento2/pub/static/version1501014192/frontend/Magento/luma/en_US/Magento_Checkout/js/view/progress", "/magento2/pub/static/version1501014192/frontend/Magento/luma/en_US/Magento_Checkout/js/view/registra", "/magento2/pub/static/version1501014192/frontend/Magento/luma/en_US/Magento_Checkout/js/view/summary/", "/magento2/pub/static/version1501014192/frontend/Magento/luma/en_US/Magento_Checkout/template/billing", "/magento2/pub/static/version1501014192/frontend/Magento/luma/en_US/Magento_Checkout/template/form/el", "/magento2/pub/static/version1501014192/frontend/Magento/luma/en_US/Magento_Checkout/template/minicar", "/magento2/pub/static/version1501014192/frontend/Magento/luma/en_US/Magento_Checkout/template/onepage", "/magento2/pub/static/version1501014192/frontend/Magento/luma/en_US/Magento_Checkout/template/progres", "/magento2/pub/static/version1501014192/frontend/Magento/luma/en_US/Magento_Checkout/template/shippin", "/magento2/pub/static/version1501014192/frontend/Magento/luma/en_US/Magento_Checkout/template/sidebar", "/magento2/pub/static/version1501014192/frontend/Magento/luma/en_US/Magento_Cookie/js/require-cookie.", "/magento2/pub/static/version1501014192/frontend/Magento/luma/en_US/Magento_Customer/js/action/login.", "/magento2/pub/static/version1501014192/frontend/Magento/luma/en_US/Magento_Customer/js/addressValida", "/magento2/pub/static/version1501014192/frontend/Magento/luma/en_US/Magento_Customer/js/model/custome", "/magento2/pub/static/version1501014192/frontend/Magento/luma/en_US/Magento_OfflineShipping/js/view/s", "/magento2/pub/static/version1501014192/frontend/Magento/luma/en_US/Magento_Payment/images/cc/mi.png", "/magento2/pub/static/version1501014192/frontend/Magento/luma/en_US/Magento_Payment/images/cc/vi.png", "/magento2/pub/static/version1501014192/frontend/Magento/luma/en_US/Magento_Payment/js/model/credit-c", "/magento2/pub/static/version1501014192/frontend/Magento/luma/en_US/Magento_Payment/js/view/payment/p", "/magento2/pub/static/version1501014192/frontend/Magento/luma/en_US/Magento_ProductVideo/js/fotorama-", "/magento2/pub/static/version1501014192/frontend/Magento/luma/en_US/Magento_SalesRule/js/model/paymen", "/magento2/pub/static/version1501014192/frontend/Magento/luma/en_US/Magento_SalesRule/js/view/payment", "/magento2/pub/static/version1501014192/frontend/Magento/luma/en_US/Magento_SalesRule/template/paymen", "/magento2/pub/static/version1501014192/frontend/Magento/luma/en_US/Magento_Shipping/js/view/checkout", "/magento2/pub/static/version1501014192/frontend/Magento/luma/en_US/Magento_Shipping/template/checkou", "/magento2/pub/static/version1501014192/frontend/Magento/luma/en_US/Magento_Swatches/css/swatches.css", "/magento2/pub/static/version1501014192/frontend/Magento/luma/en_US/Magento_Tax/js/view/checkout/summ", "/magento2/pub/static/version1501014192/frontend/Magento/luma/en_US/Magento_Tax/template/checkout/sum", "/magento2/pub/static/version1501014192/frontend/Magento/luma/en_US/Magento_Theme/js/theme.js", "/magento2/pub/static/version1501014192/frontend/Magento/luma/en_US/Magento_Ui/js/block-loader.js", "/magento2/pub/static/version1501014192/frontend/Magento/luma/en_US/Magento_Ui/js/form/adapter.js", "/magento2/pub/static/version1501014192/frontend/Magento/luma/en_US/Magento_Ui/js/form/element/post-c", "/magento2/pub/static/version1501014192/frontend/Magento/luma/en_US/Magento_Ui/js/form/element/region", "/magento2/pub/static/version1501014192/frontend/Magento/luma/en_US/Magento_Ui/js/lib/core/class.js", "/magento2/pub/static/version1501014192/frontend/Magento/luma/en_US/Magento_Ui/js/lib/core/events.js", "/magento2/pub/static/version1501014192/frontend/Magento/luma/en_US/Magento_Ui/js/lib/key-codes.js", "/magento2/pub/static/version1501014192/frontend/Magento/luma/en_US/Magento_Ui/js/lib/knockout/bindin", "/magento2/pub/static/version1501014192/frontend/Magento/luma/en_US/Magento_Ui/js/lib/knockout/templa", "/magento2/pub/static/version1501014192/frontend/Magento/luma/en_US/Magento_Ui/js/lib/logger/console-", "/magento2/pub/static/version1501014192/frontend/Magento/luma/en_US/Magento_Ui/js/lib/logger/formatte", "/magento2/pub/static/version1501014192/frontend/Magento/luma/en_US/Magento_Ui/js/lib/logger/levels-p", "/magento2/pub/static/version1501014192/frontend/Magento/luma/en_US/Magento_Ui/js/lib/logger/message-", "/magento2/pub/static/version1501014192/frontend/Magento/luma/en_US/Magento_Ui/js/lib/view/utils/asyn", "/magento2/pub/static/version1501014192/frontend/Magento/luma/en_US/Magento_Ui/js/lib/view/utils/dom-", "/magento2/pub/static/version1501014192/frontend/Magento/luma/en_US/Magento_Ui/js/model/messages.js", "/magento2/pub/static/version1501014192/frontend/Magento/luma/en_US/Magento_Ui/templates/form/element", "/magento2/pub/static/version1501014192/frontend/Magento/luma/en_US/Magento_Ui/templates/form/field.h", "/magento2/pub/static/version1501014192/frontend/Magento/luma/en_US/Magento_Ui/templates/modal/modal-", "/magento2/pub/static/version1501014192/frontend/Magento/luma/en_US/Magento_Ui/templates/tooltip/tool", "/magento2/pub/static/version1501014192/frontend/Magento/luma/en_US/Magento_Vault/js/view/payment/vau", "/magento2/pub/static/version1501014192/frontend/Magento/luma/en_US/Magento_Weee/js/view/checkout/sum", "/magento2/pub/static/version1501014192/frontend/Magento/luma/en_US/Magento_Weee/template/checkout/su", "/magento2/pub/static/version1501014192/frontend/Magento/luma/en_US/Magento_Wishlist/js/view/wishlist", "/magento2/pub/static/version1501014192/frontend/Magento/luma/en_US/css/styles-l.css", "/magento2/pub/static/version1501014192/frontend/Magento/luma/en_US/css/styles-m.css", "/magento2/pub/static/version1501014192/frontend/Magento/luma/en_US/es6-collections.js", "/magento2/pub/static/version1501014192/frontend/Magento/luma/en_US/fonts/Luma-Icons.woff2", "/magento2/pub/static/version1501014192/frontend/Magento/luma/en_US/fonts/opensans/bold/opensans-700.", "/magento2/pub/static/version1501014192/frontend/Magento/luma/en_US/fonts/opensans/regular/opensans-4", "/magento2/pub/static/version1501014192/frontend/Magento/luma/en_US/jquery.js", "/magento2/pub/static/version1501014192/frontend/Magento/luma/en_US/jquery/jquery-migrate.js", "/magento2/pub/static/version1501014192/frontend/Magento/luma/en_US/jquery/jquery.metadata.js", "/magento2/pub/static/version1501014192/frontend/Magento/luma/en_US/jquery/jquery.validate.js", "/magento2/pub/static/version1501014192/frontend/Magento/luma/en_US/js-translation.json", "/magento2/pub/static/version1501014192/frontend/Magento/luma/en_US/knockoutjs/knockout-fast-foreach.", "/magento2/pub/static/version1501014192/frontend/Magento/luma/en_US/mage/accordion.js", "/magento2/pub/static/version1501014192/frontend/Magento/luma/en_US/mage/apply/scripts.js", "/magento2/pub/static/version1501014192/frontend/Magento/luma/en_US/mage/bootstrap.js", "/magento2/pub/static/version1501014192/frontend/Magento/luma/en_US/mage/calendar.js", "/magento2/pub/static/version1501014192/frontend/Magento/luma/en_US/mage/dropdown.js", "/magento2/pub/static/version1501014192/frontend/Magento/luma/en_US/mage/dropdowns.js", "/magento2/pub/static/version1501014192/frontend/Magento/luma/en_US/mage/gallery/gallery.css", "/magento2/pub/static/version1501014192/frontend/Magento/luma/en_US/mage/gallery/gallery.js", "/magento2/pub/static/version1501014192/frontend/Magento/luma/en_US/mage/menu.js", "/magento2/pub/static/version1501014192/frontend/Magento/luma/en_US/mage/requirejs/mixins.js", "/magento2/pub/static/version1501014192/frontend/Magento/luma/en_US/mage/requirejs/text.js", "/magento2/pub/static/version1501014192/frontend/Magento/luma/en_US/mage/storage.js", "/magento2/pub/static/version1501014192/frontend/Magento/luma/en_US/mage/template.js", "/magento2/pub/static/version1501014192/frontend/Magento/luma/en_US/mage/translate-inline.js", "/magento2/pub/static/version1501014192/frontend/Magento/luma/en_US/mage/translate.js", "/magento2/pub/static/version1501014192/frontend/Magento/luma/en_US/mage/utils/compare.js", "/magento2/pub/static/version1501014192/frontend/Magento/luma/en_US/mage/utils/objects.js", "/magento2/pub/static/version1501014192/frontend/Magento/luma/en_US/mage/utils/template.js", "/magento2/pub/static/version1501014192/frontend/Magento/luma/en_US/requirejs-config.js", "/magento2/rest/default/V1/carts/mine/estimate-shipping-methods", "/magento2/rest/default/V1/carts/mine/payment-information", "/magento2/rest/default/V1/guest-carts/790c03dc4689debf7d630b9e249d9b89/payment-information", "/magento2/review/product/post/id/2054/", "/magento2/wishlist/index/fromcart/", "/magento2/womens-frothly-tee.html", "/mapuid?member=280&user=27517234561E6CED005078EB521E6FEE;", "/member.php", "/memberlist.php", "/memberlist/", "/migration/", "/month/", "/mysql/", "/newreply.php", "/news_events/", "/newspapers/", "/newsvine/", "/newthread.php", "/next/", "/opera/", "/oral/", "/organizations/", "/outlook/", "/p", "/p2p/", "/p?c1=2&c2=6035748&ns_type=hidden&ns_st_sv=5.2.0.160629&ns_st_smv=5.3&ns_st_it=r&ns_st_id=1502815402", "/p?c1=2&c2=6035748&ns_type=hidden&ns_st_sv=5.2.0.160629&ns_st_smv=5.3&ns_st_it=r&ns_st_id=1502815680", "/p?c1=2&c2=6035748&ns_type=hidden&ns_st_sv=5.2.0.160629&ns_st_smv=5.3&ns_st_it=r&ns_st_id=1502815929", "/pagead/gen_204", "/pagead/gen_204?feature=attributionDiv&lid=58&sdkv=h.3.176.0&e=420706009&id=ima_html5&c=248317892439", "/pagead/gen_204?request_type=adsense&lid=6&sdkv=h.3.176.0&id=ima_html5&c=1669747707133187&domain=www", "/pagead/gen_204?rt=adsense&lid=17&sdkv=h.3.176.0&e=324123020&id=ima_html5&c=3518559825312533&domain=", "/pagead/gen_204?rt=adsense&lid=17&sdkv=h.3.176.0&e=495644003&id=ima_html5&c=3844822888573385&domain=", "/parenting/", "/passport/", "/phpmyadmin/index.php", "/ping", "/pixel?marketerId=006eb1f8dded486e0974a6b4a7b9805f5f&obApiVersion=1.0&name=Video-View&dl=http%3A%2F%", "/pollArchive/", "/portals/", "/private.php", "/private/", "/profile/", "/programming/", "/promos/", "/ratethread.php", "/records/", "/ref/", "/reference/", "/reports/", "/reputation.php", "/resources/", "/results/", "/rpg/", "/rum?cm_dsp_id=46&external_user_id=8526239867242290157&C=1", "/script/", "/search.php", "/secars/secars.dll", "/secars/secars.dll?h=049D6C9583D1B9FAD14EA4A9D9B843B8F522E25E20BA4DEDAA1FA7E0779492971285F498F5F9EDD", "/secars/secars.dll?h=310A4D1306B2FC180C91917B7CBD8421F522E25E20BA4DEDAA1FA7E0779492971285F498F5F9EDD", "/secars/secars.dll?h=907CADAB0F2239BBC0EE99ED23530A24F522E25E20BA4DEDAA1FA7E0779492971285F498F5F9EDD", "/secars/secars.dll?h=9B73E34A5AB2DD28A03BC27C3D283119A75D656C74C8EEF9517CEA5E4E0DBD9E1285F498F5F9EDD", "/secars/secars.dll?h=9F7B373E2AC477AB606741FB1E36680A31DA1925F318FDB32749E0F934BD3BA547D4F27558545D8", "/secars/secars.dll?h=B5E1231A33D920BCFC34773BB0C05815F522E25E20BA4DEDAA1FA7E0779492971285F498F5F9EDD", "/secars/secars.dll?h=B73DBAE0AE5F0F60A094BCFB283E8AF331DA1925F318FDB32749E0F934BD3BA547D4F27558545D8", "/secars/secars.dll?h=C1A9DBBC94462D7F82E8E1D31D72B6A4F522E25E20BA4DEDAA1FA7E0779492971285F498F5F9EDD", "/secars/secars.dll?h=C2C465AD9C31231E527E40F50413319E43CDF3D162FFE38AE27A21BBB57F720B64AA25A7C199DF9", "/secars/secars.dll?h=C2C465AD9C31231E527E40F50413319EE1239DC1258F9EEFC3C242FAF78CC49805FE6BBB125DEEB", "/secars/secars.dll?h=DBE63A6C009DD971151BCFC509975075FF1CD5EED2B9A808DBE1B750EFBAD23B47D4F27558545D8", "/secars/secars.dll?h=F6929949853F24EDED523AF8A478D04431DA1925F318FDB32749E0F934BD3BA547D4F27558545D8", "/secars/secars.dll?h=F72FE9DAAF5BA8218AF9F41763BCC627F522E25E20BA4DEDAA1FA7E0779492971285F498F5F9EDD", "/secreg/secreg.dll", "/sep/", "/separator/", "/services/collector/raw", "/services/collector/raw?channel=6097FCB4-BEDF-4922-A75D-EE766DDFE9C5&token=6097FCB4-BEDF-4922-A75D-E", "/setuid", "/setuid?entity=145&code=A0MMo3MrtEMPg9etFNZ9PSpY", "/showthread.php", "/site/26357?dt=0&r=2120236714&sig=4178435545&bkca=KJpnEncNuuGmX6LoBkzguAlJnnnBvYAoLBnUE6oBE1fw6XLr3A", "/sitemanifest.txt", "/slideshow/", "/speakers/", "/sshd/", "/stat/", "/statement/", "/strona_9/", "/style/", "/sub/", "/talk/", "/tapestry/1", "/task.php", "/tenant/amp/entityid/AA4YRaD.img?h=16&w=16&m=6&q=60&u=t&o=t&l=f&f=png", "/tenant/amp/entityid/AAgkoN8.img?h=333&w=311&m=6&q=60&u=t&o=t&l=f&f=jpg&x=1389&y=910", "/tenant/amp/entityid/AAq8137.img?h=75&w=100&m=6&q=60&u=t&o=t&l=f&f=jpg", "/tenant/amp/entityid/AAq8NNa.img?h=166&w=310&m=6&q=60&u=t&o=t&l=f&f=jpg&x=782&y=572", "/tenant/amp/entityid/AAq8rmq.img?h=333&w=311&m=6&q=60&u=t&o=t&l=f&f=jpg&x=917&y=632", "/tenant/amp/entityid/AAq9IqH.img?h=75&w=100&m=6&q=60&u=t&o=t&l=f&x=1039&y=285", "/tenant/amp/entityid/AAq9k2a.img?h=166&w=310&m=6&q=60&u=t&o=t&l=f&f=jpg&x=811&y=372", "/tenant/amp/entityid/BBj2BBP.img", "/tenant/amp/entityid/BBlPHfm.img", "/term/", "/topstories/", "/tp/", "/track/", "/upgrade/", "/upload/", "/uploads/", "/usa/", "/usercp.php", "/users/", "/usersync", "/video/client_events?event=2&web_property=ca-video-pub-7439281311086140&cpn=0&break_type=0&slot_pos=", "/visiting/", "/w/1.0/sd?id=537072399&val=8526239867242290157", "/webhosting/", "/wlan/", "/www-data/", "/xmlhttp.php", "/zh-cn/", "/~admin/", "/~tinysnmp/"], ["() { test; }; ping -c 13 127.0.0.1", "Apache/2.4.7 (Ubuntu) (internal dummy connection)", "Microsoft BITS/7.5", "Microsoft-CryptoAPI/6.1", "Mozilla/4.0 (compatible; MSIE 6.0; Windows NT 5.1)", "Mozilla/4.0 (compatible; MSIE 7.0; Windows NT 6.0)", "Mozilla/4.0 (compatible; MSIE 8.0; Windows NT 5.1; Trident/4.0; .NET CLR 2.0.50727; InfoPath.2; .NET", "Mozilla/4.0 (compatible; MSIE 8.0; Windows NT 5.1; Trident/4.0; InfoPath.2)", "Mozilla/4.0 (compatible; MSIE 8.0; Windows NT 6.1)", "Mozilla/4.0 (compatible; MSIE 8.0; Windows NT 6.1; Trident/4.0; w3af.org)", "Mozilla/4.0 (compatible; MSIE 8.0; Windows NT 6.1; WOW64; Trident/4.0; SLCC2; .NET CLR 2.0.50727; .N", "Mozilla/4.0 (compatible;)", "Mozilla/5.0 (MSIE 10.0; Windows NT 6.1; Trident/5.0)", "Mozilla/5.0 (MSIE 9.0; Windows NT 6.1; Trident/5.0)", "Mozilla/5.0 (Macintosh; Intel Mac OS X 10.12; rv:54.0) Gecko/20100101 Firefox/54.0", "Mozilla/5.0 (Macintosh; Intel Mac OS X 10_10_5) AppleWebKit/537.36 (KHTML, like Gecko) Chrome/60.0.3", "Mozilla/5.0 (Macintosh; Intel Mac OS X 10_11_6) AppleWebKit/537.36 (KHTML, like Gecko) Chrome/59.0.3", "Mozilla/5.0 (Macintosh; Intel Mac OS X 10_11_6) AppleWebKit/537.36 (KHTML, like Gecko) Chrome/60.0.3", "Mozilla/5.0 (Macintosh; Intel Mac OS X 10_11_6) AppleWebKit/603.3.8 (KHTML, like Gecko) Version/10.1", "Mozilla/5.0 (Macintosh; Intel Mac OS X 10_12_1) AppleWebKit/537.36 (KHTML, like Gecko) Chrome/60.0.3", "Mozilla/5.0 (Macintosh; Intel Mac OS X 10_12_6) AppleWebKit/537.36 (KHTML, like Gecko) Chrome/60.0.3", "Mozilla/5.0 (Macintosh; Intel Mac OS X 10_12_6) AppleWebKit/603.3.8 (KHTML, like Gecko) Version/10.1", "Mozilla/5.0 (Windows NT 10.0; Win64; x64) AppleWebKit/537.36 (KHTML, like Gecko) Chrome/60.0.3112.90", "Mozilla/5.0 (Windows NT 6.1) AppleWebKit/537.36 (KHTML, like Gecko) Chrome/56.0.2924.76 Safari/537.3", "Mozilla/5.0 (Windows NT 6.1; Trident/7.0; rv:11.0) like Gecko", "Mozilla/5.0 (Windows NT 6.1; WOW64) AppleWebKit/537.36 (KHTML like Gecko) Chrome/27.0.1453.116 Safar", "Mozilla/5.0 (Windows NT 6.1; WOW64) AppleWebKit/537.36 (KHTML like Gecko) Chrome/31.0.1650.57 Safari", "Mozilla/5.0 (Windows NT 6.1; WOW64) AppleWebKit/537.36 (KHTML, like Gecko) Chrome/59.0.3071.115 Safa", "Mozilla/5.0 (Windows NT 6.1; WOW64; rv:33.0) Gecko/20120101 Firefox/33.0", "Mozilla/5.0 (Windows NT 6.1; Win64; x64) AppleWebKit/537.36 (KHTML, like Gecko) Chrome/60.0.3112.101", "Mozilla/5.0 (Windows NT 6.1; Win64; x64) AppleWebKit/537.36 (KHTML, like Gecko) Chrome/60.0.3112.90 ", "Mozilla/5.0 (Windows NT 6.1; Win64; x64; rv:55.0) Gecko/20100101 Firefox/55.0", "Mozilla/5.0 (Windows NT 6.1; rv:45.0) Gecko/20100101 Firefox/45.0", "Mozilla/5.0 (Windows NT 6.2; WOW64) AppleWebKit/537.36 (KHTML, like Gecko) Chrome/30.0.1599.17 Safar", "Mozilla/5.0 (iPhone; CPU iPhone OS 10_3_3 like Mac OS X) AppleWebKit/603.1.30 (KHTML, like Gecko) Cr", "Mozilla/5.0 (iPhone; CPU iPhone OS 10_3_3 like Mac OS X) AppleWebKit/603.3.8 (KHTML, like Gecko) Ver", "Mozilla/5.0 (iPhone; CPU iPhone OS 6_0 like Mac OS X) AppleWebKit/536.26 (KHTML, like Gecko) Version", "Mozilla/5.0 Jorgee", "Python-urllib/2.7", "Splunk Website Monitoring (+https://splunkbase.splunk.com/app/1493/)", "Wget/1.9+cvs-stable (Red Hat modified)", "python-requests/2.9.1"], ["-", "http://acdn.adnxs.com/ib/static/usersync/v3/async_usersync.html", "http://brewertalk.com/", "http://brewertalk.com/forumdisplay.php?fid=11", "http://brewertalk.com/forumdisplay.php?fid=5", "http://brewertalk.com/newreply.php?tid=1&replyto=1", "http://brewertalk.com/newreply.php?tid=1&replyto=25", "http://brewertalk.com/showthread.php?tid=1", "http://brewertalk.com/showthread.php?tid=10", "http://cerber.org/malware-download", "http://imasdk.googleapis.com/js/core/bridge3.176.0_en.html", "http://store.froth.ly/magento2/", "http://store.froth.ly/magento2/admin/admin/index/index/key/a888050ba9b8b461b33a2a7d638f0b1560d2146d7", "http://store.froth.ly/magento2/admin/catalog/product/index/key/0f981af88c231d56915faac1e110adcf9a950", "http://store.froth.ly/magento2/brewers-yeast.html", "http://store.froth.ly/magento2/brewers-yeast.htmlhttp://cerber.org/malware-download", "http://store.froth.ly/magento2/brewers-yeast/lager-yeast.html", "http://store.froth.ly/magento2/california-ale-yeast-white-labs.html", "http://store.froth.ly/magento2/checkout/", "http://store.froth.ly/magento2/checkout/cart/", "http://store.froth.ly/magento2/checkout/onepage/success/", "http://store.froth.ly/magento2/customer/account/", "http://store.froth.ly/magento2/customer/account/create/", "http://store.froth.ly/magento2/customer/account/login/", "http://store.froth.ly/magento2/customer/account/logoutSuccess/", "http://store.froth.ly/magento2/customer/address/edit/", "http://store.froth.ly/magento2/customer/address/index/", "http://store.froth.ly/magento2/customer/address/new/", "http://store.froth.ly/magento2/downloadable/download/sample/sample_id/17/", "http://store.froth.ly/magento2/frohtly-schwag.html", "http://store.froth.ly/magento2/froth-ly-beverages.html", "http://store.froth.ly/magento2/frothly-beer-stein.html", "http://store.froth.ly/magento2/frothly-hat.html", "http://store.froth.ly/magento2/heady-popper.html", "http://store.froth.ly/magento2/irish-ale-wyeast-activator.html", "http://store.froth.ly/magento2/lifelong-fitness-iv.html", "http://store.froth.ly/magento2/mens-frothly-tee.html", "http://store.froth.ly/magento2/pliny-the-red-headed-stepchild.html", "http://store.froth.ly/magento2/pub/static/version1501014192/frontend/Magento/luma/en_US/css/styles-m", "http://store.froth.ly/magento2/push-it-messenger-bag.html", "http://store.froth.ly/magento2/t-shirts.html", "http://store.froth.ly/magento2/tennessee-brunch-brant-stout.html", "http://store.froth.ly/magento2/womens-frothly-tee.html", "http://www.brewertalk.com/", "http://www.brewertalk.com/admin/index.php?module=user-titles&action=edit&utid=2%22%3E%3Cscript%3E%0A", "http://www.brewertalk.com/admin/styles/default/login.css", "http://www.brewertalk.com/cache/themes/theme1/global.css", "http://www.brewertalk.com/cache/themes/theme1/showthread.css", "http://www.brewertalk.com/cache/themes/theme1/star_ratings.css", "http://www.brewertalk.com/cache/themes/theme1/thread_status.css", "http://www.brewertalk.com/calendar.php?action=addevent&calendar=1", "http://www.brewertalk.com/forumdisplay.php?fid=10", "http://www.brewertalk.com/forumdisplay.php?fid=11", "http://www.brewertalk.com/forumdisplay.php?fid=12", "http://www.brewertalk.com/forumdisplay.php?fid=4", "http://www.brewertalk.com/forumdisplay.php?fid=5", "http://www.brewertalk.com/forumdisplay.php?fid=7", "http://www.brewertalk.com/forumdisplay.php?fid=8", "http://www.brewertalk.com/forumdisplay.php?fid=9", "http://www.brewertalk.com/index.php", "http://www.brewertalk.com/jscripts/sceditor/editor_themes/mybb.css", "http://www.brewertalk.com/jscripts/select2/select2.css", "http://www.brewertalk.com/member.php", "http://www.brewertalk.com/member.php?action=activate&uid=-1&code=%22%3E%3Cscript%3Edocument.location", "http://www.brewertalk.com/member.php?action=logout&logoutkey=7db4a3395d94c646b13e3dc8ca5f1c2e", "http://www.brewertalk.com/member.php?action=profile&uid=31", "http://www.brewertalk.com/member.php?action=profile&uid=32", "http://www.brewertalk.com/member.php?action=register", "http://www.brewertalk.com/memberlist.php", "http://www.brewertalk.com/memberlist.php?sort=regdate&order=ascending&perpage=20&page=2", "http://www.brewertalk.com/newreply.php?tid=1&processed=1", "http://www.brewertalk.com/newreply.php?tid=1&replyto=2", "http://www.brewertalk.com/newreply.php?tid=1&replyto=6", "http://www.brewertalk.com/newreply.php?tid=1&replyto=8", "http://www.brewertalk.com/newreply.php?tid=10&processed=1", "http://www.brewertalk.com/newreply.php?tid=10&replyto=47", "http://www.brewertalk.com/newreply.php?tid=14", "http://www.brewertalk.com/newreply.php?tid=14&processed=1", "http://www.brewertalk.com/newreply.php?tid=17", "http://www.brewertalk.com/newreply.php?tid=19&processed=1", "http://www.brewertalk.com/newreply.php?tid=21", "http://www.brewertalk.com/newreply.php?tid=21&processed=1", "http://www.brewertalk.com/newreply.php?tid=4&processed=1", "http://www.brewertalk.com/newreply.php?tid=4&replyto=31", "http://www.brewertalk.com/newreply.php?tid=4&replyto=5", "http://www.brewertalk.com/newreply.php?tid=4&replyto=9", "http://www.brewertalk.com/newreply.php?tid=5&processed=1", "http://www.brewertalk.com/newreply.php?tid=5&replyto=7", "http://www.brewertalk.com/newreply.php?tid=7&replyto=13", "http://www.brewertalk.com/newreply.php?tid=8&processed=1", "http://www.brewertalk.com/newthread.php?fid=10", "http://www.brewertalk.com/newthread.php?fid=12", "http://www.brewertalk.com/newthread.php?fid=12&processed=1", "http://www.brewertalk.com/newthread.php?fid=5", "http://www.brewertalk.com/newthread.php?fid=5&processed=1", "http://www.brewertalk.com/newthread.php?fid=9", "http://www.brewertalk.com/polls.php", "http://www.brewertalk.com/portal.php", "http://www.brewertalk.com/portal.php?page=2", "http://www.brewertalk.com/private.php", "http://www.brewertalk.com/private.php?action=read&pmid=1", "http://www.brewertalk.com/private.php?fid=1", "http://www.brewertalk.com/search.php?action=getnew", "http://www.brewertalk.com/search.php?action=results&sid=630a81cdd451f379461599e193fb245d", "http://www.brewertalk.com/search.php?action=results&sid=94413b3ab59c49923f1213bf079425a7", "http://www.brewertalk.com/showthread.php?tid=1", "http://www.brewertalk.com/showthread.php?tid=10", "http://www.brewertalk.com/showthread.php?tid=10&pid=60", "http://www.brewertalk.com/showthread.php?tid=10&pid=69", "http://www.brewertalk.com/showthread.php?tid=11", "http://www.brewertalk.com/showthread.php?tid=12", "http://www.brewertalk.com/showthread.php?tid=13", "http://www.brewertalk.com/showthread.php?tid=14", "http://www.brewertalk.com/showthread.php?tid=15", "http://www.brewertalk.com/showthread.php?tid=16", "http://www.brewertalk.com/showthread.php?tid=17", "http://www.brewertalk.com/showthread.php?tid=17&pid=46", "http://www.brewertalk.com/showthread.php?tid=18", "http://www.brewertalk.com/showthread.php?tid=19", "http://www.brewertalk.com/showthread.php?tid=2", "http://www.brewertalk.com/showthread.php?tid=21", "http://www.brewertalk.com/showthread.php?tid=21&pid=61", "http://www.brewertalk.com/showthread.php?tid=3", "http://www.brewertalk.com/showthread.php?tid=4", "http://www.brewertalk.com/showthread.php?tid=4&page=2", "http://www.brewertalk.com/showthread.php?tid=4&pid=21", "http://www.brewertalk.com/showthread.php?tid=4&pid=28", "http://www.brewertalk.com/showthread.php?tid=4&pid=30", "http://www.brewertalk.com/showthread.php?tid=4&pid=31", "http://www.brewertalk.com/showthread.php?tid=4&pid=43", "http://www.brewertalk.com/showthread.php?tid=5", "http://www.brewertalk.com/showthread.php?tid=5&pid=10", "http://www.brewertalk.com/showthread.php?tid=6", "http://www.brewertalk.com/showthread.php?tid=7", "http://www.brewertalk.com/showthread.php?tid=8", "http://www.brewertalk.com/showthread.php?tid=8&pid=67", "http://www.brewertalk.com/showthread.php?tid=9", "http://www.brewertalk.com/showthread.php?tid=9&pid=18", "http://www.brewertalk.com/usercp.php", "http://www.brewertalk.com/usercp.php?action=acceptrequest&id=1&my_post_key=da1a6e4bf69fcf0eba718900a", "http://www.brewertalk.com/usercp.php?action=do_editlists&add_username=breadfrombeer&my_post_key=5d10", "http://www.brewertalk.com/usercp.php?action=editlists", "http://www.cnn.com/", "http://www.cnn.com/2017/08/15/politics/donald-trump-jack-posobiec/index.html", "http://www.cnn.com/css/2.34.0/global.css", "http://www.froth.ly/", "http://www.msn.com/?ocid=iehp"], ["application/font-woff2", "application/javascript", "application/json", "application/json; charset=UTF-8", "application/json; charset=utf-8", "application/ocsp-response", "application/octet-stream", "application/vnd.apple.mpegurl", "application/x-javascript", "application/x-msdownload", "image/gif", "image/gif;charset=utf-8", "image/jpeg", "image/png", "image/x-icon", "text/css", "text/css; charset=utf-8", "text/html", "text/html; charset=UTF-8", "text/html; charset=iso-8859-1", "text/javascript", "text/plain", "text/plain; charset=UTF-8", "text/plain;charset=UTF-8", "video/MP2T", "video/mp4"], ["10.0.1.120", "10.0.1.120:8014", "169.254.169.254", "35.166.192.148", "aax.amazon-adsystem.com", "api.bounceexchange.com", "b.scorecardresearch.com", "bea4.cnn.com", "beacon-us-iad2.rubiconproject.com", "brewertalk.com", "cnnios-f.akamaihd.net", "contextual.media.net", "dsum.casalemedia.com", "ec2-52-40-10-231.us-west-2.compute.amazonaws.com", "ec2-52-40-10-231.us-west-2.compute.amazonaws.com:8088", "fastlane.rubiconproject.com", "i.cdn.cnn.com", "i2.cdn.cnn.com", "ib.adnxs.com", "img-s-msn-com.akamaized.net", "log.outbrain.com", "m.adnxs.com", "metrics.cnn.com", "mysql", "ocsp.digicert.com", "ocsp.entrust.net", "ocsp.msocsp.com", "ocsp.verisign.com", "otf.msn.com", "pagead2.googlesyndication.com", "ping.chartbeat.net", "pixel.everesttech.net", "pmd.cdn.turner.com", "r4---sn-qxo7sn7r.gvt1.com", "r9---sn-qxo7sn7e.gvt1.com", "redirector.gvt1.com", "registry.api.cnn.io", "secure-us.imrworldwide.com", "static.chartbeat.com", "store.froth.ly", "t.co", "t.wayfair.com", "tags.bluekai.com", "tapestry.tapad.com", "tps10222.doubleverify.com", "tr.outbrain.com", "uranus", "uranus.frothly.local", "uranus.frothly.local:8014", "uranus:8014", "us-u.openx.net", "usersync.videoamp.com", "video-ad-stats.googlesyndication.com", "weather.api.cnn.io", "widgets.outbrain.com", "www.bing.com", "www.brewertalk.com", "www.cnn.com", "www.froth.ly", "www.i.cdn.cnn.com"], ["152.109.87.218.in-addr.arpa", "4735610.fls.doubleclick.net", "58.38.47.104.in-addr.arpa", "74.41.47.104.in-addr.arpa", "80.40.47.104.in-addr.arpa", "FHFAEBEECACACACACACACACACACACAAA", "FROTHLY.LOCAL", "_ldap._tcp.mercury.frothly.local", "accounts.youtube.com", "ads.srax.com", "adx.adnxs.com", "amplifypixel.outbrain.com", "analytics.twitter.com", "b.scorecardresearch.com", "b.sharethrough.com", "bea4.cnn.com", "bidi-geo.mythings.com", "brewertalk.com", "client-office365-tas.msedge.net", "cnn.it", "cnnios-f.akamaihd.net", "content-signature.cdn.mozilla.net", "d1p6rqiydn62x8.cloudfront.net", "dpm.demdex.net", "e11290.dspg.akamaiedge.net", "facebook.com", "fastlane-adv.rubiconproject.com", "fave.api.cnn.io", "gacrux.us-west-2.compute.internal", "go.microsoft.com", "i.cdn.turner.com", "i2.cdn.cnn.com", "isatap", "locprod1-elb-eu-west-1.prod.mozaws.net", "mail-by2nam01on0082.outbound.protection.outlook.com", "mail-sn1nam02on0045.outbound.protection.outlook.com", "manage.office.com", "management.azure.com", "metrics.cnn.com", "mrodevicemgr.officeapps.live.com", "native.sharethrough.com", "nexus.officeapps.live.com", "normandy-cloudfront.cdn.mozilla.net", "ocos-office365-s2s.msedge.net", "ocsp.digicert.com", "ocsp2.globalsign.com", "olympia.prod.mozaws.net", "outlook.ha.office365.com", "outlook.office365.com", "pagead2.googlesyndication.com", "pixel.rubiconproject.com", "prod.outbrain.map.fastlylb.net", "qshzuljdp.frothly.local", "redirector.gvt1.com", "secure.adnxs.com", "snippets.cdn.mozilla.net", "star-mini.c10r.facebook.com", "sync.teads.tv", "t.co", "tags.bluekai.com", "tpc.googlesyndication.com", "ul1.dvtps.com", "wpad", "wpad.frothly.local", "www-googletagmanager.l.google.com", "www.brewertalk.com", "www.facebook.com", "www.froth.ly", "www.google.com", "www.media.net"], ["A", "AAAA", "NIMLOC", "PTR", "SRV"], ["NXDomain", "NoError", "ServFail"], ["A:", "AD DS Snap-Ins and Command-Line Tools", "Bluetooth Device (Personal Area Network)", "C:", "D:", "DNS Server", "Directory Browsing", "Dwm.exe", "Embedding", "Explorer.EXE", "GoogleUpdate.exe", "Group Policy Management", "Health and Diagnostics", "Intel(R) Core(TM) i7-3770 CPU @ 3.40GHz", "KeePass.exe", "Logging Tools", "LogonUI.exe", "Microsoft ISATAP Adapter", "Microsoft.ActiveDirectory.WebServices.exe", "OSE.EXE", "OSPPSVC.EXE", "OUTLOOK.EXE", "OfficeC2RClient.exe", "OfficeClickToRun.exe", "Processid:{02D4B3F1-FD88-11D1-960D-00805FC79235}", "RAS Async Adapter", "RSoPProv.exe", "Remote Desktop Services Tools", "Remote Server Administration Tools", "SearchFilterHost.exe", "SearchIndexer.exe", "SearchProtocolHost.exe", "ServerManager.exe", "Storage Services", "System", "System Idle Process", "Teredo Tunneling Pseudo-Interface", "UI0Detect.exe", "VENUS", "WAN Miniport (IP)", "WAN Miniport (L2TP)", "WAN Miniport (PPPOE)", "WAN Miniport (SSTP)", "WinZipSmartMonitor.exe", "Windows Internal Database", "WmiApSrv.exe", "WmiPrvSE.exe", "audiodg.exe", "ccSvcHst.exe", "chrmstp.exe", "chrome.exe", "cmd.exe", "conhost.exe", "cscript.exe", "csrss.exe", "dfsrs.exe", "dllhost.exe", "dwm.exe", "ehsched.exe", "explorer.exe", "firefox.exe", "fxssvc.exe", "helper.exe", "iexplore.exe", "infocard.exe", "locator.exe", "lsass.exe", "lsm.exe", "maintenanceservice.exe", "mscorsvw.exe", "powershell.exe", "prefetch:1\"", "runonce.exe", "services.exe", "slui.exe", "smss.exe", "software_reporter_tool.exe", "splunk-MonitorNoHandle.exe", "splunk-admon.exe", "splunk-netmon.exe", "splunk-powershell.exe", "splunk-winhostinfo.exe", "splunk-winprintmon.exe", "splunkd.exe", "spoolsv.exe", "sppsvc.exe", "sshd", "svchost.exe", "svchost.exe -k AxInstSVGroup", "svchost.exe -k DcomLaunch", "svchost.exe -k ICService", "svchost.exe -k LocalService", "svchost.exe -k LocalServiceAndNoImpersonation", "svchost.exe -k LocalServiceNetworkRestricted", "svchost.exe -k LocalServiceNoNetwork", "svchost.exe -k LocalServicePeerNet", "svchost.exe -k LocalSystemNetworkRestricted", "svchost.exe -k NetSvcs", "svchost.exe -k NetworkService", "svchost.exe -k NetworkServiceAndNoImpersonation", "svchost.exe -k WerSvcGroup", "svchost.exe -k bthsvcs", "svchost.exe -k defragsvc", "svchost.exe -k netsvcs", "svchost.exe -k secsvcs", "svchost.exe -k smphost", "taskeng.exe", "taskhost.exe", "taskhostex.exe", "tssdis.exe", "unsecapp.exe", "updater.exe", "userinit.exe", "vds.exe", "vmtoolsd.exe", "vncagent.exe", "vncserver.exe", "vncserver.exe\" -service\"", "vssvc.exe", "wbengine.exe", "wininit.exe", "winlogon.exe", "wmiprvse.exe", "wsmprovhost.exe"], ["\"\"C:\\Program Files (x86)\\Symantec\\Symantec Endpoint Protection\\12.1.7266.6800.105\\Bin\\ccSvcHst.exe\" ", "\"\"C:\\Program Files\\RealVNC\\VNC Server\\vncserver.exe\" -service\"", "/usr/sbin/sshd", "C:\\Program Files (x86)\\Common Files\\Microsoft Shared\\Source Engine\\OSE.EXE", "C:\\Program Files (x86)\\Google\\Chrome\\Application\\chrome.exe", "C:\\Program Files (x86)\\Google\\Update\\GoogleUpdate.exe", "C:\\Program Files (x86)\\Microsoft Office\\root\\Office16\\OUTLOOK.EXE", "C:\\Program Files (x86)\\Symantec\\Symantec Endpoint Protection\\12.1.7266.6800.105\\Bin\\ccSvcHst.exe", "C:\\Program Files\\Common Files\\Microsoft Shared\\ClickToRun\\OfficeClickToRun.exe", "C:\\Program Files\\Common Files\\Microsoft Shared\\OfficeSoftwareProtectionPlatform\\OSPPSVC.EXE", "C:\\Program Files\\RealVNC\\VNC Server\\vncagent.exe", "C:\\Program Files\\RealVNC\\VNC Server\\vncserver.exe", "C:\\Program Files\\SplunkUniversalForwarder\\bin\\splunk-MonitorNoHandle.exe", "C:\\Program Files\\SplunkUniversalForwarder\\bin\\splunk-admon.exe", "C:\\Program Files\\SplunkUniversalForwarder\\bin\\splunk-netmon.exe", "C:\\Program Files\\SplunkUniversalForwarder\\bin\\splunk-powershell.exe", "C:\\Program Files\\SplunkUniversalForwarder\\bin\\splunk-winhostinfo.exe", "C:\\Program Files\\SplunkUniversalForwarder\\bin\\splunk-winprintmon.exe", "C:\\Program Files\\SplunkUniversalForwarder\\bin\\splunkd.exe", "C:\\Program Files\\VMware\\VMware Tools\\vmtoolsd.exe", "C:\\Windows\\Explorer.EXE", "C:\\Windows\\Microsoft.NET\\Framework64\\v3.0\\Windows Communication Foundation\\infocard.exe", "C:\\Windows\\Microsoft.NET\\Framework\\v2.0.50727\\mscorsvw.exe", "C:\\Windows\\SysWOW64\\SearchProtocolHost.exe", "C:\\Windows\\SysWOW64\\dllhost.exe", "C:\\Windows\\System32\\SearchFilterHost.exe", "C:\\Windows\\System32\\SearchProtocolHost.exe", "C:\\Windows\\System32\\audiodg.exe", "C:\\Windows\\System32\\cmd.exe", "C:\\Windows\\System32\\conhost.exe", "C:\\Windows\\System32\\cscript.exe", "C:\\Windows\\System32\\slui.exe", "C:\\Windows\\System32\\spoolsv.exe", "C:\\Windows\\System32\\svchost.exe", "C:\\Windows\\System32\\svchost.exe -k LocalService", "C:\\Windows\\System32\\svchost.exe -k LocalServiceNetworkRestricted", "C:\\Windows\\System32\\svchost.exe -k LocalServiceNoNetwork", "C:\\Windows\\System32\\svchost.exe -k LocalServicePeerNet", "C:\\Windows\\System32\\svchost.exe -k LocalSystemNetworkRestricted", "C:\\Windows\\System32\\svchost.exe -k NetSvcs", "C:\\Windows\\System32\\svchost.exe -k NetworkService", "C:\\Windows\\System32\\svchost.exe -k NetworkServiceAndNoImpersonation", "C:\\Windows\\System32\\svchost.exe -k WerSvcGroup", "C:\\Windows\\System32\\svchost.exe -k netsvcs", "C:\\Windows\\System32\\svchost.exe -k secsvcs", "C:\\Windows\\System32\\svchost.exe -k smphost", "C:\\Windows\\System32\\taskeng.exe", "C:\\Windows\\System32\\tssdis.exe", "C:\\Windows\\System32\\vds.exe", "C:\\Windows\\ehome\\ehsched.exe", "C:\\Windows\\system32\\Dwm.exe", "C:\\Windows\\system32\\RSoPProv.exe", "C:\\Windows\\system32\\SearchIndexer.exe /Embedding", "C:\\Windows\\system32\\UI0Detect.exe", "C:\\Windows\\system32\\cmd.exe", "C:\\Windows\\system32\\dllhost.exe /Processid:{02D4B3F1-FD88-11D1-960D-00805FC79235}", "C:\\Windows\\system32\\dwm.exe", "C:\\Windows\\system32\\fxssvc.exe", "C:\\Windows\\system32\\locator.exe", "C:\\Windows\\system32\\lsass.exe", "C:\\Windows\\system32\\services.exe", "C:\\Windows\\system32\\sppsvc.exe", "C:\\Windows\\system32\\svchost.exe", "C:\\Windows\\system32\\svchost.exe -k AxInstSVGroup", "C:\\Windows\\system32\\svchost.exe -k DcomLaunch", "C:\\Windows\\system32\\svchost.exe -k ICService", "C:\\Windows\\system32\\svchost.exe -k LocalService", "C:\\Windows\\system32\\svchost.exe -k LocalServiceAndNoImpersonation", "C:\\Windows\\system32\\svchost.exe -k LocalServiceNetworkRestricted", "C:\\Windows\\system32\\svchost.exe -k LocalServiceNoNetwork", "C:\\Windows\\system32\\svchost.exe -k LocalSystemNetworkRestricted", "C:\\Windows\\system32\\svchost.exe -k NetworkService", "C:\\Windows\\system32\\svchost.exe -k bthsvcs", "C:\\Windows\\system32\\svchost.exe -k defragsvc", "C:\\Windows\\system32\\svchost.exe -k netsvcs", "C:\\Windows\\system32\\taskhost.exe", "C:\\Windows\\system32\\userinit.exe", "C:\\Windows\\system32\\vssvc.exe", "C:\\Windows\\system32\\wbem\\WmiApSrv.exe", "C:\\Windows\\system32\\wbem\\unsecapp.exe", "C:\\Windows\\system32\\wbem\\wmiprvse.exe", "C:\\Windows\\system32\\wbengine.exe", "C:\\Windows\\system32\\wininit.exe", "C:\\Windows\\system32\\winlogon.exe", "Microsoft.ActiveDirectory.WebServices.exe", "System", "WmiPrvSE.exe", "c:\\Program Files (x86)\\Google\\Chrome\\Application\\60.0.3112.101\\Installer\\chrmstp.exe", "c:\\Program Files (x86)\\Google\\Chrome\\Application\\chrome.exe", "c:\\Program Files (x86)\\Google\\Update\\GoogleUpdate.exe", "c:\\Program Files (x86)\\Internet Explorer\\iexplore.exe", "c:\\Program Files (x86)\\KeePass Password Safe 2\\KeePass.exe", "c:\\Program Files (x86)\\Microsoft Office\\root\\Office16\\OUTLOOK.EXE", "c:\\Program Files (x86)\\Mozilla Maintenance Service\\maintenanceservice.exe", "c:\\Program Files (x86)\\Mozilla Maintenance Service\\update\\updater.exe", "c:\\Program Files (x86)\\Symantec\\Symantec Endpoint Protection\\12.1.7266.6800.105\\Bin\\ccSvcHst.exe", "c:\\Program Files\\Common Files\\Microsoft Shared\\ClickToRun\\OfficeC2RClient.exe", "c:\\Program Files\\Common Files\\Microsoft Shared\\ClickToRun\\OfficeClickToRun.exe", "c:\\Program Files\\Common Files\\Microsoft Shared\\OfficeSoftwareProtectionPlatform\\OSPPSVC.EXE", "c:\\Program Files\\Mozilla Firefox\\firefox.exe", "c:\\Program Files\\Mozilla Firefox\\uninstall\\helper.exe", "c:\\Program Files\\SplunkUniversalForwarder\\bin\\splunk-winhostinfo.exe", "c:\\Program Files\\VMware\\VMware Tools\\vmtoolsd.exe", "c:\\Program Files\\WinZip Smart Monitor\\WinZipSmartMonitor.exe", "c:\\Users\\amber.turing\\AppData\\Local\\Google\\Chrome\\User Data\\SwReporter\\20.117.1\\software_reporter_to", "c:\\Users\\billy.tun\\AppData\\Local\\Google\\Chrome\\User Data\\SwReporter\\20.117.1\\software_reporter_tool.", "c:\\Windows\\SysWOW64\\SearchProtocolHost.exe", "c:\\Windows\\SysWOW64\\runonce.exe", "c:\\Windows\\System32\\LogonUI.exe", "c:\\Windows\\System32\\SearchFilterHost.exe", "c:\\Windows\\System32\\SearchIndexer.exe", "c:\\Windows\\System32\\ServerManager.exe", "c:\\Windows\\System32\\WindowsPowerShell\\v1.0\\powershell.exe", "c:\\Windows\\System32\\audiodg.exe", "c:\\Windows\\System32\\cscript.exe", "c:\\Windows\\System32\\csrss.exe", "c:\\Windows\\System32\\dfsrs.exe", "c:\\Windows\\System32\\dwm.exe", "c:\\Windows\\System32\\lsass.exe", "c:\\Windows\\System32\\lsm.exe", "c:\\Windows\\System32\\services.exe", "c:\\Windows\\System32\\spoolsv.exe", "c:\\Windows\\System32\\svchost.exe", "c:\\Windows\\System32\\taskhost.exe", "c:\\Windows\\System32\\taskhostex.exe", "c:\\Windows\\System32\\wbem\\WmiPrvSE.exe", "c:\\Windows\\System32\\wsmprovhost.exe", "c:\\Windows\\explorer.exe", "lsass.exe", "services.exe", "spoolsv.exe", "svchost.exe", "vmtoolsd.exe"], ["\"\"C:\\Program Files (x86)\\Google\\Chrome\\Application\\chrome.exe\" --type=renderer --field-trial-handle=", "\"\"C:\\Program Files (x86)\\Microsoft Office\\root\\Office16\\OUTLOOK.EXE\" \"", "\"\"C:\\Program Files (x86)\\Symantec\\Symantec Endpoint Protection\\12.1.7266.6800.105\\Bin\\ccSvcHst.exe\" ", "\"\"C:\\Program Files\\Common Files\\Microsoft Shared\\ClickToRun\\OfficeClickToRun.exe\" /service\"", "\"\"C:\\Program Files\\RealVNC\\VNC Server\\vncagent.exe\" service RealVNC.SYSTEM.vncserver.vncagent.132898", "\"\"C:\\Program Files\\RealVNC\\VNC Server\\vncserver.exe\" -service\"", "\"\"C:\\Program Files\\SplunkUniversalForwarder\\bin\\splunkd.exe\" service\"", "\"\"C:\\Windows\\system32\\cmd.exe\" \"", "\"C:\\Program Files (x86)\\Google\\Chrome\\Application\\chrome.exe\" --type=utility --lang=en-US --no-sandb", "\"C:\\Program Files\\Common Files\\Microsoft Shared\\OfficeSoftwareProtectionPlatform\\OSPPSVC.EXE\"", "\"C:\\Program Files\\SplunkUniversalForwarder\\bin\\splunk-MonitorNoHandle.exe\"", "\"C:\\Program Files\\SplunkUniversalForwarder\\bin\\splunk-admon.exe\"", "\"C:\\Program Files\\SplunkUniversalForwarder\\bin\\splunk-netmon.exe\"", "\"C:\\Program Files\\SplunkUniversalForwarder\\bin\\splunk-powershell.exe\"", "\"C:\\Program Files\\SplunkUniversalForwarder\\bin\\splunk-powershell.exe\" --ps2", "\"C:\\Program Files\\SplunkUniversalForwarder\\bin\\splunk-winhostinfo.exe\"", "\"C:\\Program Files\\SplunkUniversalForwarder\\bin\\splunk-winprintmon.exe\"", "\"C:\\Windows\\sysWow64\\SearchProtocolHost.exe\" Global\\UsGthrFltPipeMssGthrPipe_S-1-5-21-3348076501-352", "\"C:\\Windows\\system32\\SearchFilterHost.exe\" 0 516 520 528 65536 524 ", "/* mysql-connector-java-5.1.43 ( Revision: 1d14b699eff3e6112aaedb1cbe5a151ab81f98f1 ) */SELECT  @@se", "/*!40000 ALTER TABLE `catalog_product_entity_media_gallery_value_to_entity` ENABLE KEYS */", "/*!40000 ALTER TABLE `catalogrule_product_replica` ENABLE KEYS */", "/*!40000 ALTER TABLE `customer_address_entity` ENABLE KEYS */", "/*!40000 ALTER TABLE `customer_entity_int` ENABLE KEYS */", "/*!40000 ALTER TABLE `eav_entity_varchar` ENABLE KEYS */", "/*!40000 ALTER TABLE `paypal_billing_agreement` DISABLE KEYS */", "/*!40000 ALTER TABLE `paypal_settlement_report` ENABLE KEYS */", "/*!40000 ALTER TABLE `product_alert_stock` ENABLE KEYS */", "/*!40000 ALTER TABLE `rating_option` ENABLE KEYS */", "/*!40101 SET @saved_cs_client     = @@character_set_client */", "/*!40101 SET character_set_client = @saved_cs_client */", "/*!40101 SET character_set_client = utf8 */", "C:\\Program Files\\SplunkUniversalForwarder\\bin\\splunk-winhostinfo.exe", "C:\\Windows\\Explorer.EXE", "C:\\Windows\\SysWOW64\\DllHost.exe /Processid:{E2B3C97F-6AE1-41AC-817A-F6F92166D7DD}", "C:\\Windows\\System32\\slui.exe -Embedding", "C:\\Windows\\System32\\spoolsv.exe", "C:\\Windows\\System32\\svchost.exe -k LocalServiceNetworkRestricted", "C:\\Windows\\System32\\svchost.exe -k LocalSystemNetworkRestricted", "C:\\Windows\\system32\\Dwm.exe", "C:\\Windows\\system32\\cscript.exe  //Job:AgentHIScript \"C:\\Program Files (x86)\\Symantec\\Symantec Endpo", "C:\\Windows\\system32\\lsass.exe", "C:\\Windows\\system32\\services.exe", "C:\\Windows\\system32\\sppsvc.exe", "C:\\Windows\\system32\\svchost.exe -k DcomLaunch", "C:\\Windows\\system32\\svchost.exe -k LocalService", "C:\\Windows\\system32\\svchost.exe -k NetworkServiceNetworkRestricted", "C:\\Windows\\system32\\svchost.exe -k RPCSS", "C:\\Windows\\system32\\userinit.exe", "C:\\Windows\\system32\\wbem\\unsecapp.exe -Embedding", "C:\\Windows\\system32\\wbem\\wmiprvse.exe", "CREATE TABLE `review_entity` (\n  `entity_id` smallint(5) unsigned NOT NULL AUTO_INCREMENT COMMENT 'R", "CREATE TABLE `sales_invoice_grid` (\n  `entity_id` int(10) unsigned NOT NULL COMMENT 'Entity Id',\n  `", "CREATE TABLE `sales_order_status_state` (\n  `status` varchar(32) NOT NULL COMMENT 'Status',\n  `state", "CREATE TABLE `sequence_creditmemo_0` (\n  `sequence_value` int(10) unsigned NOT NULL AUTO_INCREMENT,\n", "DELETE\n\t\t\tFROM mybb_captcha\n\t\t\t WHERE imagehash = '2d96f25651453a63ec10f39121931df5'", "DELETE\n\t\t\tFROM mybb_captcha\n\t\t\t WHERE imagehash = 'a2f59970993835a9ea6d7416a62b09bb'", "DELETE\n\t\t\tFROM mybb_captcha\n\t\t\t WHERE imagehash = 'd341d30fee3f29f6cfeb3f0b2b1ebe9d'", "DELETE\n\t\t\tFROM mybb_joinrequests\n\t\t\t WHERE dateline < '1487261024' AND invite='1'", "DELETE\n\t\t\tFROM mybb_sessions\n\t\t\t WHERE ip = X'6b4d6136' AND sid != '083c168b23b1afc9170654a0d04e0d06", "DELETE\n\t\t\tFROM mybb_sessions\n\t\t\t WHERE ip=X'040e68b9'", "DELETE\n\t\t\tFROM mybb_sessions\n\t\t\t WHERE ip=X'2d4d41d3'", "DELETE\n\t\t\tFROM mybb_sessions\n\t\t\t WHERE ip=X'34280ae7'", "DELETE\n\t\t\tFROM mybb_sessions\n\t\t\t WHERE ip=X'627427ec'", "DELETE\n\t\t\tFROM mybb_sessions\n\t\t\t WHERE ip=X'68b4a737'", "DELETE\n\t\t\tFROM mybb_sessions\n\t\t\t WHERE time < '1502726624'", "DROP TABLE IF EXISTS `cache`", "DROP TABLE IF EXISTS `sales_order_grid`", "DROP TABLE IF EXISTS `search_synonyms`", "INSERT\n\t\t\tINTO mybb_attachments (`pid`,`posthash`,`uid`,`filename`,`filetype`,`filesize`,`attachname", "INSERT\n\t\t\tINTO mybb_captcha (`imagehash`,`imagestring`,`dateline`)\n\t\t\tVALUES ('1d93b9f9b489f81bc3879", "INSERT\n\t\t\tINTO mybb_captcha (`imagehash`,`imagestring`,`dateline`)\n\t\t\tVALUES ('2d96f25651453a63ec10f", "INSERT\n\t\t\tINTO mybb_captcha (`imagehash`,`imagestring`,`dateline`)\n\t\t\tVALUES ('318cf75cb9346ae450498", "INSERT\n\t\t\tINTO mybb_captcha (`imagehash`,`imagestring`,`dateline`)\n\t\t\tVALUES ('5efa6d4e73b99f84de7c1", "INSERT\n\t\t\tINTO mybb_captcha (`imagehash`,`imagestring`,`dateline`)\n\t\t\tVALUES ('d341d30fee3f29f6cfeb3", "INSERT\n\t\t\tINTO mybb_captcha (`imagehash`,`imagestring`,`dateline`)\n\t\t\tVALUES ('e5dbedd58f000ba310195", "INSERT\n\t\t\tINTO mybb_posts (`tid`,`fid`,`subject`,`icon`,`uid`,`username`,`dateline`,`message`,`ipadd", "INSERT\n\t\t\tINTO mybb_posts (`tid`,`replyto`,`fid`,`subject`,`icon`,`uid`,`username`,`dateline`,`messa", "INSERT\n\t\t\tINTO mybb_privatemessages (`fromid`,`folder`,`subject`,`icon`,`message`,`dateline`,`status", "INSERT\n\t\t\tINTO mybb_searchlog (`sid`,`uid`,`dateline`,`ipaddress`,`threads`,`posts`,`resulttype`,`qu", "INSERT\n\t\t\tINTO mybb_tasklog (`tid`,`dateline`,`data`)\n\t\t\tVALUES ('1','1502813016','The hourly cleanu", "INSERT\n\t\t\tINTO mybb_tasklog (`tid`,`dateline`,`data`)\n\t\t\tVALUES ('2','1502813024','The daily cleanup", "INSERT\n\t\t\tINTO mybb_tasklog (`tid`,`dateline`,`data`)\n\t\t\tVALUES ('5','1502814312','The promotions ta", "INSERT\n\t\t\tINTO mybb_tasklog (`tid`,`dateline`,`data`)\n\t\t\tVALUES ('8','1502379137','The log cleanup t", "INSERT\n\t\t\tINTO mybb_tasklog (`tid`,`dateline`,`data`)\n\t\t\tVALUES ('9','1502408196','The mass mail tas", "INSERT\n\t\t\tINTO mybb_tasklog (`tid`,`dateline`,`data`)\n\t\t\tVALUES ('9','1502812971','The mass mail tas", "INSERT\n\t\t\tINTO mybb_tasklog (`tid`,`dateline`,`data`)\n\t\t\tVALUES ('9','1502816117','The mass mail tas", "INSERT\n\t\t\tINTO mybb_threads (`fid`,`subject`,`prefix`,`icon`,`uid`,`username`,`dateline`,`lastpost`,", "INSERT\n\t\t\tINTO mybb_threadsubscriptions (`uid`,`tid`,`notification`,`dateline`,`subscriptionkey`)\n\t\t", "INSERT\n\t\t\tINTO mybb_userfields (`fid1`,`fid2`,`fid3`,`ufid`)\n\t\t\tVALUES ('','','','26')", "INSERT\n\t\t\tINTO mybb_userfields (`fid1`,`fid2`,`fid3`,`ufid`)\n\t\t\tVALUES ('','','','28')", "INSERT\n\t\t\tINTO mybb_userfields (`fid1`,`fid2`,`fid3`,`ufid`)\n\t\t\tVALUES ('','','','31')", "INSERT\n\t\t\tINTO mybb_userfields (`fid1`,`fid2`,`fid3`,`ufid`)\n\t\t\tVALUES ('','','','33')", "INSERT\n\t\t\tINTO mybb_userfields (`fid1`,`fid2`,`fid3`,`ufid`)\n\t\t\tVALUES ('','','','36')", "INSERT\n\t\t\tINTO mybb_users (`username`,`password`,`salt`,`loginkey`,`email`,`postnum`,`threadnum`,`av", "INSERT INTO\n\t\tmybb_pollvotes (pid,uid,voteoption,dateline)\n\t\tVALUES ('1','26','2','1502814779')", "INSERT INTO `catalog_product_index_price` VALUES (1,0,1,NULL,34.0000,34.0000,34.0000,34.0000,NULL),(", "LOCK TABLES `captcha_log` WRITE", "LOCK TABLES `catalog_product_bundle_option_value` WRITE", "LOCK TABLES `catalog_product_index_price_bundle_opt_tmp` WRITE", "LOCK TABLES `customer_entity_varchar` WRITE", "LOCK TABLES `customer_form_attribute` WRITE", "REPLACE INTO mybb_datacache SET `title`='birthdays',`cache`='a:0:{}'", "REPLACE INTO mybb_datacache SET `title`='mostonline',`cache`='a:2:{s:8:\\\"numusers\\\";i:14;s:4:\\\"time\\", "REPLACE INTO mybb_datacache SET `title`='mostonline',`cache`='a:2:{s:8:\\\"numusers\\\";i:17;s:4:\\\"time\\", "REPLACE INTO mybb_datacache SET `title`='stats',`cache`='a:9:{s:10:\\\"numthreads\\\";i:11;s:20:\\\"numuna", "REPLACE INTO mybb_datacache SET `title`='stats',`cache`='a:9:{s:10:\\\"numthreads\\\";i:13;s:20:\\\"numuna", "REPLACE INTO mybb_datacache SET `title`='stats',`cache`='a:9:{s:10:\\\"numthreads\\\";i:14;s:20:\\\"numuna", "REPLACE INTO mybb_datacache SET `title`='stats',`cache`='a:9:{s:10:\\\"numthreads\\\";i:15;s:20:\\\"numuna", "REPLACE INTO mybb_datacache SET `title`='stats',`cache`='a:9:{s:10:\\\"numthreads\\\";i:18;s:20:\\\"numuna", "REPLACE INTO mybb_datacache SET `title`='stats',`cache`='a:9:{s:10:\\\"numthreads\\\";i:19;s:20:\\\"numuna", "REPLACE INTO mybb_datacache SET `title`='stats',`cache`='a:9:{s:10:\\\"numthreads\\\";i:3;s:20:\\\"numunap", "REPLACE INTO mybb_forumsread (fid, uid, dateline)\n\t\t\t\t\tVALUES('10', '31', '1502814125')", "REPLACE INTO mybb_forumsread (fid, uid, dateline)\n\t\t\t\t\tVALUES('10', '31', '1502814783')", "REPLACE INTO mybb_forumsread (fid, uid, dateline)\n\t\t\t\t\tVALUES('11', '35', '1502815661')", "REPLACE INTO mybb_forumsread (fid, uid, dateline)\n\t\t\t\t\tVALUES('11', '35', '1502815663')", "REPLACE INTO mybb_forumsread (fid, uid, dateline)\n\t\t\t\t\tVALUES('8', '28', '1502813949')", "REPLACE INTO mybb_forumsread (fid, uid, dateline)\n\t\t\t\t\tVALUES('8', '29', '1502813919')", "REPLACE INTO mybb_forumsread (fid, uid, dateline)\n\t\t\t\t\tVALUES('9', '27', '1502813710')", "REPLACE INTO mybb_sessions SET `uid`='0',`sid`='005dadefc7e311dfea3896dd3fcd845f',`time`='1502810591", "REPLACE INTO mybb_sessions SET `uid`='0',`sid`='00afeac64f97c899974324d58a5e7212',`time`='1502406561", "REPLACE INTO mybb_sessions SET `uid`='0',`sid`='015fc953a0d9ceebec1af28ebf6da19c',`time`='1502406665", "REPLACE INTO mybb_sessions SET `uid`='0',`sid`='01a9526353225a94fdc73c5ab41b052c',`time`='1502406487", "REPLACE INTO mybb_sessions SET `uid`='0',`sid`='0272c4fbfb6072760bcd63a02ec05cc2',`time`='1502406674", "REPLACE INTO mybb_sessions SET `uid`='0',`sid`='0278177b8407a7a5aeaf40cb4eaab124',`time`='1502406588", "REPLACE INTO mybb_sessions SET `uid`='0',`sid`='0281d5d4dbc7dd7c017e3778f4d30ff6',`time`='1502406477", "REPLACE INTO mybb_sessions SET `uid`='0',`sid`='03cf8b2ebac0de0977f4f6b921d2c068',`time`='1502406740", "REPLACE INTO mybb_sessions SET `uid`='0',`sid`='03da4196ec58ef7d31915c84c04ef3f6',`time`='1502406545", "REPLACE INTO mybb_sessions SET `uid`='0',`sid`='04ae445f070c4042979e82e901917ef8',`time`='1502406486", "REPLACE INTO mybb_sessions SET `uid`='0',`sid`='05fb982345e3fc6ef9b755e7f257d091',`time`='1502406501", "REPLACE INTO mybb_sessions SET `uid`='0',`sid`='0655cc6305a70d013a5ef76bddb2e409',`time`='1502406715", "REPLACE INTO mybb_sessions SET `uid`='0',`sid`='0674ccce9c806e7ce2e6299453776d9b',`time`='1502406518", "REPLACE INTO mybb_sessions SET `uid`='0',`sid`='06c77ddf9376f07eb96534cf5582a76f',`time`='1502406703", "REPLACE INTO mybb_sessions SET `uid`='0',`sid`='0752833504c1a70bd93e05989102ea4b',`time`='1502406588", "REPLACE INTO mybb_sessions SET `uid`='0',`sid`='080bf6444ee65eace86679bf3277dfd0',`time`='1502406702", "REPLACE INTO mybb_sessions SET `uid`='0',`sid`='087e607cfe6a194599b8a975f1e59a7c',`time`='1502406746", "REPLACE INTO mybb_sessions SET `uid`='0',`sid`='091bdbc00f3fc091c64f169853e51fda',`time`='1502406598", "REPLACE INTO mybb_sessions SET `uid`='0',`sid`='09921940929468987587019ae195c4f0',`time`='1502406718", "REPLACE INTO mybb_sessions SET `uid`='0',`sid`='0a16f17fe39b5b0045d745aa68dcd091',`time`='1502406742", "REPLACE INTO mybb_sessions SET `uid`='0',`sid`='0a950d1747b5317263a0abf833561002',`time`='1502406496", "REPLACE INTO mybb_sessions SET `uid`='0',`sid`='0ab0513e60d55d9ecc1042b0c1f3f1d7',`time`='1502406640", "REPLACE INTO mybb_sessions SET `uid`='0',`sid`='0c71862d6b177e553524d83aff2aeef7',`time`='1502406626", "REPLACE INTO mybb_sessions SET `uid`='0',`sid`='0cc6ff6bbf3d69b9bdc83b9bdb007f87',`time`='1502406695", "REPLACE INTO mybb_sessions SET `uid`='0',`sid`='0cfd90a327323b418b16cd2ae9fe2463',`time`='1502406704", "REPLACE INTO mybb_sessions SET `uid`='0',`sid`='0d9b5c736cf3b0799d3e4f06fcf53667',`time`='1502406511", "REPLACE INTO mybb_sessions SET `uid`='0',`sid`='0e5a9ccdf09c45130643c14e0bb62573',`time`='1502406552", "REPLACE INTO mybb_sessions SET `uid`='0',`sid`='0f3d3c013d9bb413e0bccbb0f5586236',`time`='1502406694", "REPLACE INTO mybb_sessions SET `uid`='0',`sid`='0fea75875b588757e17f0197eff25a36',`time`='1502406651", "REPLACE INTO mybb_sessions SET `uid`='0',`sid`='115aa49f7c0977dcfa69a98742f679fa',`time`='1502406516", "REPLACE INTO mybb_sessions SET `uid`='0',`sid`='11b49f93ad7162d357691f9d1ff29e38',`time`='1502406563", "REPLACE INTO mybb_sessions SET `uid`='0',`sid`='11db62ce77f593707f7acce3ce929afb',`time`='1502406710", "REPLACE INTO mybb_sessions SET `uid`='0',`sid`='12ab30f93ea1be870b5005b0688e80f0',`time`='1502406567", "REPLACE INTO mybb_sessions SET `uid`='0',`sid`='13ba06a84120e8c84954b318c3f43b5b',`time`='1502406748", "REPLACE INTO mybb_sessions SET `uid`='0',`sid`='14af3d630ff78c254f2f6f905ed74064',`time`='1502406601", "REPLACE INTO mybb_sessions SET `uid`='0',`sid`='1532ccbd5a280c47ba2de7c4d50af470',`time`='1502406634", "REPLACE INTO mybb_sessions SET `uid`='0',`sid`='158fd73c343e4c4bd7637d86a6f8b70e',`time`='1502406635", "REPLACE INTO mybb_sessions SET `uid`='0',`sid`='162aef434cb6b019011dc8e313f77b0a',`time`='1502406617", "REPLACE INTO mybb_sessions SET `uid`='0',`sid`='175d6210a9eda96262ad2b9be2397994',`time`='1502406591", "REPLACE INTO mybb_sessions SET `uid`='0',`sid`='17a6f097243316a0427128bae718e532',`time`='1502813348", "REPLACE INTO mybb_sessions SET `uid`='0',`sid`='1843f864c0d617a0e735c55d19ca453a',`time`='1502406692", "REPLACE INTO mybb_sessions SET `uid`='0',`sid`='18f01f0f4bddd140c70570159e88f210',`time`='1502406755", "REPLACE INTO mybb_sessions SET `uid`='0',`sid`='1954484f800f142503db0e4855345e06',`time`='1502406500", "REPLACE INTO mybb_sessions SET `uid`='0',`sid`='19ac71b847c5b894be7224ed2982cdfb',`time`='1502406623", "REPLACE INTO mybb_sessions SET `uid`='0',`sid`='1abd320ff86b0c8408b281c913791169',`time`='1502406615", "REPLACE INTO mybb_sessions SET `uid`='0',`sid`='1bae5d750b904b7ad8760fea28e0b264',`time`='1502406580", "REPLACE INTO mybb_sessions SET `uid`='0',`sid`='1cb44b69c1290bfa4cc4b5249d323a79',`time`='1502406668", "REPLACE INTO mybb_sessions SET `uid`='0',`sid`='1cbfa3da682ce378d5156836987eb73a',`time`='1502406759", "REPLACE INTO mybb_sessions SET `uid`='0',`sid`='1cd52b6bdb80cecb8fae1e63eea340d6',`time`='1502406689", "REPLACE INTO mybb_sessions SET `uid`='0',`sid`='1d47e7ec963677ce3537292cd4a7c105',`time`='1502406663", "REPLACE INTO mybb_sessions SET `uid`='0',`sid`='1d77070618202e994c5d21b908762a66',`time`='1502406599", "REPLACE INTO mybb_sessions SET `uid`='0',`sid`='1d801ad3e71bc3dce7e0e8f7e8a98c9f',`time`='1502409316", "REPLACE INTO mybb_sessions SET `uid`='0',`sid`='1de700d6e5e9a437041f9832ff31fc68',`time`='1502406544", "REPLACE INTO mybb_sessions SET `uid`='0',`sid`='1e0ee04316530b940819ddd1cd6e9155',`time`='1502406720", "REPLACE INTO mybb_sessions SET `uid`='0',`sid`='1fc8acb85c3d989c77868cd86fe94ab5',`time`='1502406525", "REPLACE INTO mybb_sessions SET `uid`='0',`sid`='1ffa7dad1de54c9920812def56216ce6',`time`='1502406614", "REPLACE INTO mybb_sessions SET `uid`='0',`sid`='2035760dd70ec6b250327cd3053fc5ec',`time`='1502406462", "REPLACE INTO mybb_sessions SET `uid`='0',`sid`='208b133e074662834684136d4302d790',`time`='1502406718", "REPLACE INTO mybb_sessions SET `uid`='0',`sid`='20e3f3a30117a4f6f873677abcd31d2a',`time`='1502406557", "REPLACE INTO mybb_sessions SET `uid`='0',`sid`='217de874e00c09735e3f2cc28b1423be',`time`='1502406705", "REPLACE INTO mybb_sessions SET `uid`='0',`sid`='21836a73bb9025e377f93ffc18deafa6',`time`='1502406622", "REPLACE INTO mybb_sessions SET `uid`='0',`sid`='21c50947ca66b4161b4527f832e048cd',`time`='1502406586", "REPLACE INTO mybb_sessions SET `uid`='0',`sid`='2274490c33fb329b81d6c8c8c617eede',`time`='1502406505", "REPLACE INTO mybb_sessions SET `uid`='0',`sid`='2286b86327fd132d7fad1ce6e4e11818',`time`='1502406548", "REPLACE INTO mybb_sessions SET `uid`='0',`sid`='22c233ede74ce78d5bb64a35dbf5e5b4',`time`='1502406723", "REPLACE INTO mybb_sessions SET `uid`='0',`sid`='22f115a5778bb86d3e627cbbc3e6a494',`time`='1502406614", "REPLACE INTO mybb_sessions SET `uid`='0',`sid`='23607af6f0e1800ce634b54555f8661c',`time`='1502406498", "REPLACE INTO mybb_sessions SET `uid`='0',`sid`='23dd1db689a90cefed7a0ef101a4393f',`time`='1502406690", "REPLACE INTO mybb_sessions SET `uid`='0',`sid`='244bf68790099f8d782a57716b827a43',`time`='1502406672", "REPLACE INTO mybb_sessions SET `uid`='0',`sid`='2556e64e4e044aeb5a8d4df922e187e8',`time`='1502406452", "REPLACE INTO mybb_sessions SET `uid`='0',`sid`='259d27dfced63156d9094cfe34b11797',`time`='1502406686", "REPLACE INTO mybb_sessions SET `uid`='0',`sid`='266093a83142f5ce30308f8e03682ef4',`time`='1502406739", "REPLACE INTO mybb_sessions SET `uid`='0',`sid`='26e4458a292563825bf4aa2eefcf578f',`time`='1502406523", "REPLACE INTO mybb_sessions SET `uid`='0',`sid`='26eef998c51690de53692850ce727534',`time`='1502406458", "REPLACE INTO mybb_sessions SET `uid`='0',`sid`='281f604ed0eb63c6a3902dad7abb0349',`time`='1502406483", "REPLACE INTO mybb_sessions SET `uid`='0',`sid`='288085f58e45c7474ef23259b40a57ea',`time`='1502406529", "REPLACE INTO mybb_sessions SET `uid`='0',`sid`='28c28b23142b109970cac4c0f0ed5a1d',`time`='1502406737", "REPLACE INTO mybb_sessions SET `uid`='0',`sid`='295442488c4913201b8d05e9fd01adbe',`time`='1502406657", "REPLACE INTO mybb_sessions SET `uid`='0',`sid`='296a1dea8eb8dfef2648b88e637e87f3',`time`='1502406619", "REPLACE INTO mybb_sessions SET `uid`='0',`sid`='29c781cf16b46c3e23824abf12c010d8',`time`='1502406596", "REPLACE INTO mybb_sessions SET `uid`='0',`sid`='2acdb7c33fca49d6fbab35e3b4a2c335',`time`='1502406605", "REPLACE INTO mybb_sessions SET `uid`='0',`sid`='2bc29e7bf45182711220d4fc322ac47f',`time`='1502406575", "REPLACE INTO mybb_sessions SET `uid`='0',`sid`='2bc6a468416f029328010f98d45f1b61',`time`='1502406639", "REPLACE INTO mybb_sessions SET `uid`='0',`sid`='2bff75d86da6dbc22b96bf5dfd5ba828',`time`='1502814769", "REPLACE INTO mybb_sessions SET `uid`='0',`sid`='2c0cee356c78c0eaa2559f5e35e68544',`time`='1502406703", "REPLACE INTO mybb_sessions SET `uid`='0',`sid`='2c9e9d6be84a0e1477daaf27e9474291',`time`='1502406685", "REPLACE INTO mybb_sessions SET `uid`='0',`sid`='2cedb1436e22cbb1c74af430eb5fca84',`time`='1502406644", "REPLACE INTO mybb_sessions SET `uid`='0',`sid`='2eb90a7836e91a6bee8b60987e82e06a',`time`='1502406439", "REPLACE INTO mybb_sessions SET `uid`='0',`sid`='2f1216d07d92e7ee16761e87be225b62',`time`='1502406473", "REPLACE INTO mybb_sessions SET `uid`='0',`sid`='2f5cab438e3b6a0aefc0c6dbe6d697fd',`time`='1502406565", "REPLACE INTO mybb_sessions SET `uid`='0',`sid`='2f7e96b5af1f8baa997d5fd41048abae',`time`='1502406473", "REPLACE INTO mybb_sessions SET `uid`='0',`sid`='301616e050a991c60676b1e69edf7d11',`time`='1502406555", "REPLACE INTO mybb_sessions SET `uid`='0',`sid`='30bcb5a327c4c914fb9066baa5c31414',`time`='1502406560", "REPLACE INTO mybb_sessions SET `uid`='0',`sid`='31ff9e7c1a68ae6c2c0bb044dc545acb',`time`='1502406656", "REPLACE INTO mybb_sessions SET `uid`='0',`sid`='32cc0557d4f20bf9c1d86c7b2eb68187',`time`='1502406470", "REPLACE INTO mybb_sessions SET `uid`='0',`sid`='335963efcf8806ae1d52f736b2502c4e',`time`='1502406450", "REPLACE INTO mybb_sessions SET `uid`='0',`sid`='337dfa65863dcec1a2b9ccec3985cc9b',`time`='1502406509", "REPLACE INTO mybb_sessions SET `uid`='0',`sid`='33e9e371b89a1c4fb64b7ccbfa1f061a',`time`='1502406573", "REPLACE INTO mybb_sessions SET `uid`='0',`sid`='33f9690ad6a92806bfdedfc51f3f8d97',`time`='1502406659", "REPLACE INTO mybb_sessions SET `uid`='0',`sid`='34cec5eb42eee399838d0229951216b9',`time`='1502406675", "REPLACE INTO mybb_sessions SET `uid`='0',`sid`='34f69b74ce8b1d21b717a2300dd7ea50',`time`='1502406448", "REPLACE INTO mybb_sessions SET `uid`='0',`sid`='372a2b35908b04456a7511c90e69d9ec',`time`='1502406465", "REPLACE INTO mybb_sessions SET `uid`='0',`sid`='37cab6021b63d4a3ea5c493a05f81f20',`time`='1502406574", "REPLACE INTO mybb_sessions SET `uid`='0',`sid`='383e6e36a88a0d46dafd05aef482b714',`time`='1502406756", "REPLACE INTO mybb_sessions SET `uid`='0',`sid`='397569fb1a6416e16519ce2a7bd85be5',`time`='1502406639", "REPLACE INTO mybb_sessions SET `uid`='0',`sid`='3985ee03eecea0f891fe0bc5e3aba785',`time`='1502406652", "REPLACE INTO mybb_sessions SET `uid`='0',`sid`='39ce831d634a04405d79f4b06f373f45',`time`='1502406747", "REPLACE INTO mybb_sessions SET `uid`='0',`sid`='3a69ae291e09241a0b667dfa5b47a7d8',`time`='1502406709", "REPLACE INTO mybb_sessions SET `uid`='0',`sid`='3a9f67f73737b602ba68a7ffb46b9ef2',`time`='1502406650", "REPLACE INTO mybb_sessions SET `uid`='0',`sid`='3ac796839090d9c06162812e8d2ac208',`time`='1502406700", "REPLACE INTO mybb_sessions SET `uid`='0',`sid`='3ad1640d8d43eb9f1d9d3d5cb89673b1',`time`='1502406563", "REPLACE INTO mybb_sessions SET `uid`='0',`sid`='3b94ed0c4209cdf4e625261145776db0',`time`='1502406630", "REPLACE INTO mybb_sessions SET `uid`='0',`sid`='3bfb64355ece0b8d0bfd57d61a2ed862',`time`='1502406708", "REPLACE INTO mybb_sessions SET `uid`='0',`sid`='3c140428f326bc5060586cb3f454f1dc',`time`='1502406575", "REPLACE INTO mybb_sessions SET `uid`='0',`sid`='3c5b94ee51c8c3783557be17ce057621',`time`='1502406633", "REPLACE INTO mybb_sessions SET `uid`='0',`sid`='3c820693ae2b6bb62126bc98577eddee',`time`='1502406442", "REPLACE INTO mybb_sessions SET `uid`='0',`sid`='3cb8b948ab22ab7cc61d3963f8132b17',`time`='1502406676", "REPLACE INTO mybb_sessions SET `uid`='0',`sid`='3d3f86f830757cd9d407b178974f0a9c',`time`='1502406655", "REPLACE INTO mybb_sessions SET `uid`='0',`sid`='3e2478e3c3517837eb01bbbf7621ecc3',`time`='1502406488", "REPLACE INTO mybb_sessions SET `uid`='0',`sid`='3f0cc09d439f39fc344228bbc632a22f',`time`='1502406594", "REPLACE INTO mybb_sessions SET `uid`='0',`sid`='3fd2ab7ddebc43546d380cdd089a8954',`time`='1502406559", "REPLACE INTO mybb_sessions SET `uid`='0',`sid`='3fd40d4c189fc30b391d93f5cbdeb449',`time`='1502406488", "REPLACE INTO mybb_sessions SET `uid`='0',`sid`='404b1916dfb3b3158dd2e42a4ae678f4',`time`='1502406506", "REPLACE INTO mybb_sessions SET `uid`='0',`sid`='40d709fa9f0a116341ddf3127f2cc0a6',`time`='1502406714", "REPLACE INTO mybb_sessions SET `uid`='0',`sid`='40dcd9c2429ccc86ec94c61beb3e56ab',`time`='1502406635", "REPLACE INTO mybb_sessions SET `uid`='0',`sid`='40fb2782b6fc96c320d494a9e571330a',`time`='1502406500", "REPLACE INTO mybb_sessions SET `uid`='0',`sid`='411e38fcce9e9347442ef54ee2aa6292',`time`='1502406576", "REPLACE INTO mybb_sessions SET `uid`='0',`sid`='4197b621268625adbd4b389f9cf5673d',`time`='1502406537", "REPLACE INTO mybb_sessions SET `uid`='0',`sid`='41ed12253442e2123d164935158cc08c',`time`='1502406530", "REPLACE INTO mybb_sessions SET `uid`='0',`sid`='44b76a3ae3fa1e378f2aeca55734f44f',`time`='1502406554", "REPLACE INTO mybb_sessions SET `uid`='0',`sid`='4667f809c2dad345e0156482b97d5f5c',`time`='1502406553", "REPLACE INTO mybb_sessions SET `uid`='0',`sid`='466c16bd3359070b346fe40a56094afc',`time`='1502406519", "REPLACE INTO mybb_sessions SET `uid`='0',`sid`='473ae6730eb2f998c86dbdef6adf7b96',`time`='1502406471", "REPLACE INTO mybb_sessions SET `uid`='0',`sid`='476288deda2cff79e63bda7b1d11101f',`time`='1502409316", "REPLACE INTO mybb_sessions SET `uid`='0',`sid`='477f98a21660bbf72ee04e6873d180f8',`time`='1502815394", "REPLACE INTO mybb_sessions SET `uid`='0',`sid`='48c1d587c3bfad9c3303046fd38479a0',`time`='1502406445", "REPLACE INTO mybb_sessions SET `uid`='0',`sid`='49a69c8b9b78cb3b38c2a8b9faf775a2',`time`='1502406709", "REPLACE INTO mybb_sessions SET `uid`='0',`sid`='4a06e3f4a6eb6ba1501c4eb7f9b25228',`time`='1502408189", "REPLACE INTO mybb_sessions SET `uid`='0',`sid`='4a0c04896b6af907a885e528851e4667',`time`='1502406644", "REPLACE INTO mybb_sessions SET `uid`='0',`sid`='4a87684df33fe9cf9cc243ea34eb6f64',`time`='1502406679", "REPLACE INTO mybb_sessions SET `uid`='0',`sid`='4a9989ef4354944aa923ed3f3edf720a',`time`='1502406673", "REPLACE INTO mybb_sessions SET `uid`='0',`sid`='4aa4e8dd214c83655b4c1e0c363ef7cd',`time`='1502406584", "REPLACE INTO mybb_sessions SET `uid`='0',`sid`='4ae82a040329b762187a0bb4edfeb4ec',`time`='1502406577", "REPLACE INTO mybb_sessions SET `uid`='0',`sid`='4b0c04b1653cb605d8126e0cebe1b2e3',`time`='1502406605", "REPLACE INTO mybb_sessions SET `uid`='0',`sid`='4cc5afe6f24fe8b750e7f8fda6bcb8e6',`time`='1502406588", "REPLACE INTO mybb_sessions SET `uid`='0',`sid`='4d6c90afddb5c1867f43c3d0d6fef4aa',`time`='1502406526", "REPLACE INTO mybb_sessions SET `uid`='0',`sid`='4d8c08cbcbf03ba464944d7ac93765c1',`time`='1502406496", "REPLACE INTO mybb_sessions SET `uid`='0',`sid`='4d96e805e1e4d5b6903b9fd0e88cb7d2',`time`='1502406604", "REPLACE INTO mybb_sessions SET `uid`='0',`sid`='4ed09169e7e4833371dc05906b2c0040',`time`='1502406590", "REPLACE INTO mybb_sessions SET `uid`='0',`sid`='4fd8ee803b8eeb08f0a4cba07d456f09',`time`='1502406485", "REPLACE INTO mybb_sessions SET `uid`='0',`sid`='4fe03aca14ad580cc616629e7552ac3e',`time`='1502406754", "REPLACE INTO mybb_sessions SET `uid`='0',`sid`='508d507484331d739e6666a4dd5ec915',`time`='1502409306", "REPLACE INTO mybb_sessions SET `uid`='0',`sid`='50b3480d6be48c8637e1ce2849d380dc',`time`='1502406681", "REPLACE INTO mybb_sessions SET `uid`='0',`sid`='50ee56181ac65f812845f0f9e54effa6',`time`='1502406718", "REPLACE INTO mybb_sessions SET `uid`='0',`sid`='519616215cf8fe8af68c31e622d91fba',`time`='1502406520", "REPLACE INTO mybb_sessions SET `uid`='0',`sid`='5228ab4884c80e1bf64991ed0d44469b',`time`='1502406694", "REPLACE INTO mybb_sessions SET `uid`='0',`sid`='523b7a80e03c272dd294d6ebb5cdbbf7',`time`='1502406757", "REPLACE INTO mybb_sessions SET `uid`='0',`sid`='530ca7d2872da0df7a99960fffce0cc0',`time`='1502406582", "REPLACE INTO mybb_sessions SET `uid`='0',`sid`='53a15911a8ec568182324e1625c91941',`time`='1502406743", "REPLACE INTO mybb_sessions SET `uid`='0',`sid`='54ccd8f4aff209e5f810fd34c582a069',`time`='1502815094", "REPLACE INTO mybb_sessions SET `uid`='0',`sid`='55c19c19dde8ef07ac863969d742eef2',`time`='1502406495", "REPLACE INTO mybb_sessions SET `uid`='0',`sid`='561a3153c7a310f28019c76ccc229562',`time`='1502406726", "REPLACE INTO mybb_sessions SET `uid`='0',`sid`='56c27da8a1189384bcf6690b2cfffcfe',`time`='1502406716", "REPLACE INTO mybb_sessions SET `uid`='0',`sid`='575c86026d237fd08e3c3f23e6eddf66',`time`='1502406521", "REPLACE INTO mybb_sessions SET `uid`='0',`sid`='5837936ea096d0b5399645fe5fcf79ee',`time`='1502406763", "REPLACE INTO mybb_sessions SET `uid`='0',`sid`='58deec1152b3cb319fde99b205290a76',`time`='1502406670", "REPLACE INTO mybb_sessions SET `uid`='0',`sid`='599e45ba3e28d985a53a6ddc82031ab3',`time`='1502406522", "REPLACE INTO mybb_sessions SET `uid`='0',`sid`='5a0d10fa589dd882095035e1c65911f5',`time`='1502406729", "REPLACE INTO mybb_sessions SET `uid`='0',`sid`='5a3c19bff9ec0a3ceda90ff463e1ee1d',`time`='1502406599", "REPLACE INTO mybb_sessions SET `uid`='0',`sid`='5aed6dff0aa29db9423663dbddd27121',`time`='1502406536", "REPLACE INTO mybb_sessions SET `uid`='0',`sid`='5aefd10915f069b041dca4d5969d0ded',`time`='1502409295", "REPLACE INTO mybb_sessions SET `uid`='0',`sid`='5b49c19cc43bdffc37a24dda371eb905',`time`='1502406688", "REPLACE INTO mybb_sessions SET `uid`='0',`sid`='5b5ebf464ca1dbc506da929a7856aa21',`time`='1502406601", "REPLACE INTO mybb_sessions SET `uid`='0',`sid`='5ba4648f1bf4e6ea05339e083af4017f',`time`='1502406732", "REPLACE INTO mybb_sessions SET `uid`='0',`sid`='5ca0cf4a1afac5c5e9e7baeee2655031',`time`='1502406609", "REPLACE INTO mybb_sessions SET `uid`='0',`sid`='5dbbe21cbc48d0c8f246fb2d3837aa5e',`time`='1502406636", "REPLACE INTO mybb_sessions SET `uid`='0',`sid`='5e5e553910e74c51f2c45a247b03b554',`time`='1502406616", "REPLACE INTO mybb_sessions SET `uid`='0',`sid`='5eba7df3871b40e7d2aec3b602a67abd',`time`='1502406443", "REPLACE INTO mybb_sessions SET `uid`='0',`sid`='5f242d4e7e964e76cc4899dc5ccff125',`time`='1502406444", "REPLACE INTO mybb_sessions SET `uid`='0',`sid`='5fde183e6f47c98fc447027dab0e71cf',`time`='1502406601", "REPLACE INTO mybb_sessions SET `uid`='0',`sid`='6036caaab7207308f4fda3944c01b163',`time`='1502406637", "REPLACE INTO mybb_sessions SET `uid`='0',`sid`='60388d98abf9e15b6fcf0bb89c8e21ff',`time`='1502406630", "REPLACE INTO mybb_sessions SET `uid`='0',`sid`='6040cbd4a937270f082ebcf58ed7d80f',`time`='1502406637", "REPLACE INTO mybb_sessions SET `uid`='0',`sid`='604e62acd7e412295d26d58678597418',`time`='1502406517", "REPLACE INTO mybb_sessions SET `uid`='0',`sid`='61451ebe3fd6cf2f6d2ef46db767b6f8',`time`='1502406453", "REPLACE INTO mybb_sessions SET `uid`='0',`sid`='61ac9a374d8082d67ffa6e18cf0eaa00',`time`='1502406532", "REPLACE INTO mybb_sessions SET `uid`='0',`sid`='61cbf9b4c360e5082d5312be09df05ae',`time`='1502406447", "REPLACE INTO mybb_sessions SET `uid`='0',`sid`='620a2dec90805712c1c4359dda693250',`time`='1502406721", "REPLACE INTO mybb_sessions SET `uid`='0',`sid`='6397d3829e791852a1131591411f8a54',`time`='1502406521", "REPLACE INTO mybb_sessions SET `uid`='0',`sid`='647bf805efc0beb6410594e0fd31c87e',`time`='1502406620", "REPLACE INTO mybb_sessions SET `uid`='0',`sid`='64e85b6bfc37690a1639a00db8435744',`time`='1502406676", "REPLACE INTO mybb_sessions SET `uid`='0',`sid`='66063f9f87ab221929656d65dba28b2f',`time`='1502406619", "REPLACE INTO mybb_sessions SET `uid`='0',`sid`='666f9a72fc954d5ada7490e301f7768f',`time`='1502409290", "REPLACE INTO mybb_sessions SET `uid`='0',`sid`='674eb598b08ce938199921a65331f23b',`time`='1502406754", "REPLACE INTO mybb_sessions SET `uid`='0',`sid`='67648c4ebd5f3b9bd77640aa4855c27e',`time`='1502406567", "REPLACE INTO mybb_sessions SET `uid`='0',`sid`='67843b120a26658a6b6d8512093b7aff',`time`='1502406483", "REPLACE INTO mybb_sessions SET `uid`='0',`sid`='6798901c49bd2c4423fff80a1e2af7f3',`time`='1502406697", "REPLACE INTO mybb_sessions SET `uid`='0',`sid`='67d4d469ef052dfa623e740ead363711',`time`='1502409312", "REPLACE INTO mybb_sessions SET `uid`='0',`sid`='680236e207603c5306d0bdb676fbc5ea',`time`='1502406562", "REPLACE INTO mybb_sessions SET `uid`='0',`sid`='68a9aa5aa0045a7397d46da792a858df',`time`='1502406677", "REPLACE INTO mybb_sessions SET `uid`='0',`sid`='68bb24c8be7fd4aa7bc3d7d4da2a47cd',`time`='1502406492", "REPLACE INTO mybb_sessions SET `uid`='0',`sid`='69db4a591c6bebf9bc66c1ffefb39027',`time`='1502406717", "REPLACE INTO mybb_sessions SET `uid`='0',`sid`='6a001eff3490d7ee7ba99d1a3f61aad1',`time`='1502406708", "REPLACE INTO mybb_sessions SET `uid`='0',`sid`='6aa55712d3f131ee5a5d0eed87459184',`time`='1502406612", "REPLACE INTO mybb_sessions SET `uid`='0',`sid`='6c274aeb6e55b147631a4cff1ed1cfc2',`time`='1502406657", "REPLACE INTO mybb_sessions SET `uid`='0',`sid`='6cb11c8a6df3c151c48ec0b64bdd238f',`time`='1502406606", "REPLACE INTO mybb_sessions SET `uid`='0',`sid`='6cbf284639b12b76e52c6d968a04b43d',`time`='1502406666", "REPLACE INTO mybb_sessions SET `uid`='0',`sid`='6ce15d372a545bf77096a0fff514cedd',`time`='1502406714", "REPLACE INTO mybb_sessions SET `uid`='0',`sid`='6cf84928b0991ba2bf11d271e6e12f14',`time`='1502406665", "REPLACE INTO mybb_sessions SET `uid`='0',`sid`='6d47da731ba14992d333057382001a5b',`time`='1502406646", "REPLACE INTO mybb_sessions SET `uid`='0',`sid`='6d7765b789704ee0b3434712f0b1c707',`time`='1502406582", "REPLACE INTO mybb_sessions SET `uid`='0',`sid`='6de292d5222d5e1afab745be36e6eebc',`time`='1502406466", "REPLACE INTO mybb_sessions SET `uid`='0',`sid`='6e4645654ab452f44e965135baebd325',`time`='1502406442", "REPLACE INTO mybb_sessions SET `uid`='0',`sid`='6e88985296361455492b606bf31569d0',`time`='1502406738", "REPLACE INTO mybb_sessions SET `uid`='0',`sid`='6ead4775693b0ab56064c99f7dfebee7',`time`='1502406683", "REPLACE INTO mybb_sessions SET `uid`='0',`sid`='6f3b6427a5b9b49e5a51a88a28f48b1b',`time`='1502406683", "REPLACE INTO mybb_sessions SET `uid`='0',`sid`='6f3bec366676feb65bddcda02a876495',`time`='1502406535", "REPLACE INTO mybb_sessions SET `uid`='0',`sid`='7165a084fbde91b30d42fdc996b29289',`time`='1502406607", "REPLACE INTO mybb_sessions SET `uid`='0',`sid`='71d574eba74b1a46bcd85039c991db69',`time`='1502406629", "REPLACE INTO mybb_sessions SET `uid`='0',`sid`='71d828db783df24348758901df0d80e0',`time`='1502406484", "REPLACE INTO mybb_sessions SET `uid`='0',`sid`='72272ab2a0dbc50c4ca8dfa580f4a849',`time`='1502406583", "REPLACE INTO mybb_sessions SET `uid`='0',`sid`='72d86c379cc192eea00f46c832ef7aa0',`time`='1502406627", "REPLACE INTO mybb_sessions SET `uid`='0',`sid`='72e7f1be8609138d03c3e653b2537f91',`time`='1502406674", "REPLACE INTO mybb_sessions SET `uid`='0',`sid`='731e392428581c1b6ae3b4c056aaab04',`time`='1502406660", "REPLACE INTO mybb_sessions SET `uid`='0',`sid`='7390a5577d9c78ea9e669566f997bdcc',`time`='1502406647", "REPLACE INTO mybb_sessions SET `uid`='0',`sid`='749565f758277b3a1c86d06a4a07359e',`time`='1502406467", "REPLACE INTO mybb_sessions SET `uid`='0',`sid`='75c9e5516281f641ac916a2ed7682626',`time`='1502406539", "REPLACE INTO mybb_sessions SET `uid`='0',`sid`='76167bd015a49ea0ffd37ed0fb8d4fa4',`time`='1502406681", "REPLACE INTO mybb_sessions SET `uid`='0',`sid`='765b328d7b53b48067055aae269e6d2d',`time`='1502406594", "REPLACE INTO mybb_sessions SET `uid`='0',`sid`='77a0a42a556a7f85ddfe5e5cf95408d5',`time`='1502406667", "REPLACE INTO mybb_sessions SET `uid`='0',`sid`='78247b9efb9dbee254926fc361783277',`time`='1502406512", "REPLACE INTO mybb_sessions SET `uid`='0',`sid`='783e9930e857b050ad4a3be846be9d19',`time`='1502406565", "REPLACE INTO mybb_sessions SET `uid`='0',`sid`='7850704c06032fdd1100c8b4391cc7e6',`time`='1502406764", "REPLACE INTO mybb_sessions SET `uid`='0',`sid`='7a319bcef6a1ece7e5e679133184cacd',`time`='1502406534", "REPLACE INTO mybb_sessions SET `uid`='0',`sid`='7a8711fe054245f26eac2709b048856f',`time`='1502406712", "REPLACE INTO mybb_sessions SET `uid`='0',`sid`='7abc282042732a1dfc435aed0db7d393',`time`='1502406662", "REPLACE INTO mybb_sessions SET `uid`='0',`sid`='7b42e0a54edd76a937eba01722d79579',`time`='1502409311", "REPLACE INTO mybb_sessions SET `uid`='0',`sid`='7b922e921dc24fc2e462d003f657c6ce',`time`='1502406633", "REPLACE INTO mybb_sessions SET `uid`='0',`sid`='7bc459464270c359afcfaa9cd0c896d2',`time`='1502409306", "REPLACE INTO mybb_sessions SET `uid`='0',`sid`='7d1564a0ff6b34cfbdc5bbaac33cad25',`time`='1502406658", "REPLACE INTO mybb_sessions SET `uid`='0',`sid`='7d990674894787e1b05979495e4db55e',`time`='1502406540", "REPLACE INTO mybb_sessions SET `uid`='0',`sid`='7e071a08f3106a4201df91df3fac4d0a',`time`='1502406660", "REPLACE INTO mybb_sessions SET `uid`='0',`sid`='7ed1d06655ad14f625794c0fbe2b0b9e',`time`='1502406667", "REPLACE INTO mybb_sessions SET `uid`='0',`sid`='7f00d73399d0213d5c9185b623e06b35',`time`='1502406660", "REPLACE INTO mybb_sessions SET `uid`='0',`sid`='7f408f856b3a9d6b030c1993f3bbd57c',`time`='1502406579", "REPLACE INTO mybb_sessions SET `uid`='0',`sid`='7f4f49268e835af624bf6ed2e0e9f67c',`time`='1502406626", "REPLACE INTO mybb_sessions SET `uid`='0',`sid`='7fc4d5bdeba34466345c748d8aa130a8',`time`='1502406490", "REPLACE INTO mybb_sessions SET `uid`='0',`sid`='7fc6427173f08880455c8478962eb2ea',`time`='1502406550", "REPLACE INTO mybb_sessions SET `uid`='0',`sid`='8020572c47e53849bb3d7e275dea1725',`time`='1502406500", "REPLACE INTO mybb_sessions SET `uid`='0',`sid`='803bcc7d4a732cddda1b5e19a504cb8c',`time`='1502406669", "REPLACE INTO mybb_sessions SET `uid`='0',`sid`='8063b10ac568a2174f63aaf83173e4b4',`time`='1502406664", "REPLACE INTO mybb_sessions SET `uid`='0',`sid`='80c8b66ce6394cefc78fc50810ce722b',`time`='1502406581", "REPLACE INTO mybb_sessions SET `uid`='0',`sid`='81b3a8ec8857ec861a94915cd9d9fe76',`time`='1502406577", "REPLACE INTO mybb_sessions SET `uid`='0',`sid`='8246eecc1a84ef250d639c3059954122',`time`='1502406454", "REPLACE INTO mybb_sessions SET `uid`='0',`sid`='8271cf4896832136105f2da78d5b7318',`time`='1502406555", "REPLACE INTO mybb_sessions SET `uid`='0',`sid`='83d283c9a3f2ca177b1a416b18de1672',`time`='1502406696", "REPLACE INTO mybb_sessions SET `uid`='0',`sid`='849fdd45af044a2126a963c70904b2bc',`time`='1502406550", "REPLACE INTO mybb_sessions SET `uid`='0',`sid`='84d2716661db09f78b4318eef0d104ff',`time`='1502406511", "REPLACE INTO mybb_sessions SET `uid`='0',`sid`='85c3b5ddbc70a099148f4c1792466959',`time`='1502406589", "REPLACE INTO mybb_sessions SET `uid`='0',`sid`='8673cd3764f5520d70c691fbae1e8438',`time`='1502406642", "REPLACE INTO mybb_sessions SET `uid`='0',`sid`='867cc6cc263f1fdaf981a64f431a081a',`time`='1502406680", "REPLACE INTO mybb_sessions SET `uid`='0',`sid`='86f5e89548421d201fc036057e111d99',`time`='1502406608", "REPLACE INTO mybb_sessions SET `uid`='0',`sid`='86f9d3af0852b8d1cf090b07583d8b3d',`time`='1502406629", "REPLACE INTO mybb_sessions SET `uid`='0',`sid`='8712d56ddf88e0359da45554bf04e7ae',`time`='1502406462", "REPLACE INTO mybb_sessions SET `uid`='0',`sid`='8713c4acefd3c0e8e5c6902c5e3a335b',`time`='1502406761", "REPLACE INTO mybb_sessions SET `uid`='0',`sid`='873f9af3ff80589b971bd30238330e30',`time`='1502813171", "REPLACE INTO mybb_sessions SET `uid`='0',`sid`='88b5068ea7a011ffd71d2826b7ab0101',`time`='1502406570", "REPLACE INTO mybb_sessions SET `uid`='0',`sid`='891bf8a5ad044ec09b11738da8d34022',`time`='1502406477", "REPLACE INTO mybb_sessions SET `uid`='0',`sid`='8927d2ca1574227fd2ee066ee3db4461',`time`='1502406439", "REPLACE INTO mybb_sessions SET `uid`='0',`sid`='8952c6773409d452d6d4e354b0104d23',`time`='1502406688", "REPLACE INTO mybb_sessions SET `uid`='0',`sid`='8b2415ad08bc6eb432a523178f5197ae',`time`='1502406698", "REPLACE INTO mybb_sessions SET `uid`='0',`sid`='8ce61bcaac1c175ea0c6805dfa330a9c',`time`='1502406760", "REPLACE INTO mybb_sessions SET `uid`='0',`sid`='8db48660ffc485142863c12b92d5e79b',`time`='1502406534", "REPLACE INTO mybb_sessions SET `uid`='0',`sid`='8e2495e2ffef4a4b537deb469a1ecb61',`time`='1502406756", "REPLACE INTO mybb_sessions SET `uid`='0',`sid`='8e4ffd7f61d1f4d33b3131a3ea41997e',`time`='1502406604", "REPLACE INTO mybb_sessions SET `uid`='0',`sid`='8eb52c355a9fe55b3a3060d53cb10b9a',`time`='1502406568", "REPLACE INTO mybb_sessions SET `uid`='0',`sid`='8f009066cb076e89ba9ef8a41bc807ee',`time`='1502406556", "REPLACE INTO mybb_sessions SET `uid`='0',`sid`='8fc81637a159f8d0e2892c944ad6285f',`time`='1502406728", "REPLACE INTO mybb_sessions SET `uid`='0',`sid`='8fd16b03452e03006a69e7b13a079b2f',`time`='1502408194", "REPLACE INTO mybb_sessions SET `uid`='0',`sid`='8fd3a6d452684347294e015066456a76',`time`='1502406528", "REPLACE INTO mybb_sessions SET `uid`='0',`sid`='8ff2e2e2b76b70f0d8327aa5980e7b25',`time`='1502406574", "REPLACE INTO mybb_sessions SET `uid`='0',`sid`='905da8c36362a95d9a040f1b28bf8d05',`time`='1502406542", "REPLACE INTO mybb_sessions SET `uid`='0',`sid`='905f334115a819a8e2c81328e280c632',`time`='1502406558", "REPLACE INTO mybb_sessions SET `uid`='0',`sid`='916d6593c1f18db077d004769fe84d7c',`time`='1502406578", "REPLACE INTO mybb_sessions SET `uid`='0',`sid`='91a914478ec7f67853aa87be9f1446c1',`time`='1502406483", "REPLACE INTO mybb_sessions SET `uid`='0',`sid`='926d86cc6664bb34fba670223911e01b',`time`='1502406520", "REPLACE INTO mybb_sessions SET `uid`='0',`sid`='9394a72a705ea6cc26ee90f00a739a0b',`time`='1502406543", "REPLACE INTO mybb_sessions SET `uid`='0',`sid`='93cd612d57e92324571a74476f971990',`time`='1502406446", "REPLACE INTO mybb_sessions SET `uid`='0',`sid`='9413c1e33cbfd7c402d93ee16b4daae5',`time`='1502406759", "REPLACE INTO mybb_sessions SET `uid`='0',`sid`='95329e2e670a856010d79fef43b54af7',`time`='1502406675", "REPLACE INTO mybb_sessions SET `uid`='0',`sid`='95eb36dd0da4357648406423221d3bdb',`time`='1502406572", "REPLACE INTO mybb_sessions SET `uid`='0',`sid`='96584adab6764f686c6a55a91507c93d',`time`='1502406625", "REPLACE INTO mybb_sessions SET `uid`='0',`sid`='96d1a4a6f29b6fa0cb3af8b3e2273449',`time`='1502406745", "REPLACE INTO mybb_sessions SET `uid`='0',`sid`='97be397389ab99cd3f2d272e32045816',`time`='1502406565", "REPLACE INTO mybb_sessions SET `uid`='0',`sid`='97c07396d417534c2a5d28602785c5ff',`time`='1502406527", "REPLACE INTO mybb_sessions SET `uid`='0',`sid`='98e5eb9b64f992f2d97d69530bc06deb',`time`='1502406654", "REPLACE INTO mybb_sessions SET `uid`='0',`sid`='99368dad603004ee0c7dbbd96a931034',`time`='1502406494", "REPLACE INTO mybb_sessions SET `uid`='0',`sid`='9962a92b52fed4b78d6a1ea5c024efd9',`time`='1502406720", "REPLACE INTO mybb_sessions SET `uid`='0',`sid`='99e62d0373b18c142de2ebdc526c4aa4',`time`='1502406719", "REPLACE INTO mybb_sessions SET `uid`='0',`sid`='9a22b77ca7dc9d7a5de0eda9f356e5f0',`time`='1502406472", "REPLACE INTO mybb_sessions SET `uid`='0',`sid`='9a787865c7fa66035217204351946a28',`time`='1502406631", "REPLACE INTO mybb_sessions SET `uid`='0',`sid`='9b209da836e625302a9fa7fa7a46c342',`time`='1502406489", "REPLACE INTO mybb_sessions SET `uid`='0',`sid`='9cb4659e67a4034c6e584fc8476a33cc',`time`='1502406569", "REPLACE INTO mybb_sessions SET `uid`='0',`sid`='9cf18e77c69a4246632b0856326222fd',`time`='1502406603", "REPLACE INTO mybb_sessions SET `uid`='0',`sid`='9e6e6ddc79b353051b32b0f7e700ffcd',`time`='1502409315", "REPLACE INTO mybb_sessions SET `uid`='0',`sid`='9ec6580107bb6a1cffcc90686ff0e5cf',`time`='1502406751", "REPLACE INTO mybb_sessions SET `uid`='0',`sid`='9ef3d1615b76ca2096ef0ec033b43f9e',`time`='1502406654", "REPLACE INTO mybb_sessions SET `uid`='0',`sid`='9f489d759ea8c0b621c88d82c1a8db09',`time`='1502406528", "REPLACE INTO mybb_sessions SET `uid`='0',`sid`='9f4b5a2edd734495b712839d6384f5f7',`time`='1502406725", "REPLACE INTO mybb_sessions SET `uid`='0',`sid`='9fd5f40329bd22e45525a341bb419a38',`time`='1502406681", "REPLACE INTO mybb_sessions SET `uid`='0',`sid`='a055ec2b4da4194aaf8031ddf152a06f',`time`='1502406650", "REPLACE INTO mybb_sessions SET `uid`='0',`sid`='a209b1a0937acde8617185b70c04bc3c',`time`='1502406537", "REPLACE INTO mybb_sessions SET `uid`='0',`sid`='a2ff26fbd035db0e63d0c7d1e2d00a21',`time`='1502406506", "REPLACE INTO mybb_sessions SET `uid`='0',`sid`='a3200ba0ede705607c15acbe73d31db0',`time`='1502406752", "REPLACE INTO mybb_sessions SET `uid`='0',`sid`='a38d41bbf9e7fbc2c3d5cff8d357295c',`time`='1502406484", "REPLACE INTO mybb_sessions SET `uid`='0',`sid`='a3f2b2a73c9b25316eab3af49ec9b062',`time`='1502406749", "REPLACE INTO mybb_sessions SET `uid`='0',`sid`='a50eaf16ec35c36e7738c398d777916f',`time`='1502406750", "REPLACE INTO mybb_sessions SET `uid`='0',`sid`='a5f27e143c1aebfc8820122fe58642af',`time`='1502406585", "REPLACE INTO mybb_sessions SET `uid`='0',`sid`='a6d6a43acaa00c2e324334ca898938a9',`time`='1502406721", "REPLACE INTO mybb_sessions SET `uid`='0',`sid`='a7317b022c15b374a62cfc703880cc72',`time`='1502406680", "REPLACE INTO mybb_sessions SET `uid`='0',`sid`='a744d068c55d8cbb9a059b4404805f3f',`time`='1502406628", "REPLACE INTO mybb_sessions SET `uid`='0',`sid`='a78db6afb32a00f94dc8ba09a215373c',`time`='1502406707", "REPLACE INTO mybb_sessions SET `uid`='0',`sid`='a7ad4cae42ef2b4f6ba4d29c36fc563f',`time`='1502406543", "REPLACE INTO mybb_sessions SET `uid`='0',`sid`='a7e4a42b1be3551b2cbf9cfa2e4526be',`time`='1502406684", "REPLACE INTO mybb_sessions SET `uid`='0',`sid`='a97423c8362edb858a014a867dfca933',`time`='1502406547", "REPLACE INTO mybb_sessions SET `uid`='0',`sid`='a9f5bc483e2aadc5133641be336d2b87',`time`='1502400524", "REPLACE INTO mybb_sessions SET `uid`='0',`sid`='aa73a141b3f73e907a9bb4bf585910ff',`time`='1502406585", "REPLACE INTO mybb_sessions SET `uid`='0',`sid`='ab21fd0a5587c7a79fadb9032a6e3394',`time`='1502406750", "REPLACE INTO mybb_sessions SET `uid`='0',`sid`='ab3df60f743901c120a6d8a245882725',`time`='1502406610", "REPLACE INTO mybb_sessions SET `uid`='0',`sid`='abfa6c1bae69129722f0af82c106be9e',`time`='1502406689", "REPLACE INTO mybb_sessions SET `uid`='0',`sid`='ac08e3d270f5c6c0b9ef270ae8608102',`time`='1502406644", "REPLACE INTO mybb_sessions SET `uid`='0',`sid`='acae19ac92f1020aa6a148ff8bb03509',`time`='1502406727", "REPLACE INTO mybb_sessions SET `uid`='0',`sid`='ad142223360616b931a478eedcaa2e84',`time`='1502406602", "REPLACE INTO mybb_sessions SET `uid`='0',`sid`='adf064e882ebf8a5667d2db14ce8baab',`time`='1502406672", "REPLACE INTO mybb_sessions SET `uid`='0',`sid`='ae1f12814024b64c964cea350a2b0cc9',`time`='1502406521", "REPLACE INTO mybb_sessions SET `uid`='0',`sid`='ae659a0dcafa7869ac21e2293de1b63d',`time`='1502409298", "REPLACE INTO mybb_sessions SET `uid`='0',`sid`='aedca19a159540601e44e851e79ffdd5',`time`='1502406549", "REPLACE INTO mybb_sessions SET `uid`='0',`sid`='aee9051e276028daebcb5fbe545e55a1',`time`='1502406744", "REPLACE INTO mybb_sessions SET `uid`='0',`sid`='aff8d0b31fd1532019353fea17684602',`time`='1502406662", "REPLACE INTO mybb_sessions SET `uid`='0',`sid`='b06f64caeaebd215fe800323234bc2f0',`time`='1502406593", "REPLACE INTO mybb_sessions SET `uid`='0',`sid`='b07dd92270b8d6b42cb742548370a93c',`time`='1502406490", "REPLACE INTO mybb_sessions SET `uid`='0',`sid`='b181c28133ebd808e9df9a28a1e0b29a',`time`='1502406742", "REPLACE INTO mybb_sessions SET `uid`='0',`sid`='b313bf8927647c288e0fd33ebf02ad4c',`time`='1502406690", "REPLACE INTO mybb_sessions SET `uid`='0',`sid`='b33af337bd45269b243716afaea00d96',`time`='1502406722", "REPLACE INTO mybb_sessions SET `uid`='0',`sid`='b3b983cbeb783635c33041921f94a8a3',`time`='1502406736", "REPLACE INTO mybb_sessions SET `uid`='0',`sid`='b4015af1176e2ae1d168c1c42df0efb2',`time`='1502406526", "REPLACE INTO mybb_sessions SET `uid`='0',`sid`='b408a74dca119d377fe3183dcd1b9e88',`time`='1502408194", "REPLACE INTO mybb_sessions SET `uid`='0',`sid`='b4aa221f4074a52f4823beeccb843ad1',`time`='1502406710", "REPLACE INTO mybb_sessions SET `uid`='0',`sid`='b4d9bb44b7ac6e7a8cb4157879041934',`time`='1502406507", "REPLACE INTO mybb_sessions SET `uid`='0',`sid`='b53f638b8de05150381d211ed56e23ac',`time`='1502406740", "REPLACE INTO mybb_sessions SET `uid`='0',`sid`='b617f3ca8d5188c790d80a6b509997fd',`time`='1502406642", "REPLACE INTO mybb_sessions SET `uid`='0',`sid`='b63723d46fab9d20adfcd288571485c4',`time`='1502406613", "REPLACE INTO mybb_sessions SET `uid`='0',`sid`='b6cfc2247908a76f732df41983f68b97',`time`='1502406762", "REPLACE INTO mybb_sessions SET `uid`='0',`sid`='b76cb4e51ef06b2174501e548bb8b431',`time`='1502406672", "REPLACE INTO mybb_sessions SET `uid`='0',`sid`='b81e609ecb4f01ecd060b3b5c2be512c',`time`='1502406621", "REPLACE INTO mybb_sessions SET `uid`='0',`sid`='b851f0acdb46b3529cf63bb99ad4db68',`time`='1502406736", "REPLACE INTO mybb_sessions SET `uid`='0',`sid`='b85bb71cc4f1f9223c87f36c3a3b05ea',`time`='1502406715", "REPLACE INTO mybb_sessions SET `uid`='0',`sid`='baada5dde5d5cc3cdb5079d9e0bc4fee',`time`='1502406652", "REPLACE INTO mybb_sessions SET `uid`='0',`sid`='baf8b874ffe003db4d88ff77c18c01a4',`time`='1502406648", "REPLACE INTO mybb_sessions SET `uid`='0',`sid`='bb3dade510b9842b8e024c3b49326e18',`time`='1502406587", "REPLACE INTO mybb_sessions SET `uid`='0',`sid`='bc151509575f66e3077df23ae2b7ab51',`time`='1502406762", "REPLACE INTO mybb_sessions SET `uid`='0',`sid`='bc750ad0573c59d3abb1c0c955829cfe',`time`='1502409292", "REPLACE INTO mybb_sessions SET `uid`='0',`sid`='bcf65658ceec6d7a890a4886b9c42e22',`time`='1502406518", "REPLACE INTO mybb_sessions SET `uid`='0',`sid`='bd50bf7c85e01ef1629a9607dd015fa7',`time`='1502406731", "REPLACE INTO mybb_sessions SET `uid`='0',`sid`='bd64048fe51d323b3f8a04842270ae0b',`time`='1502815936", "REPLACE INTO mybb_sessions SET `uid`='0',`sid`='bd92e9f2c9a1babf6dec175e6788207b',`time`='1502406678", "REPLACE INTO mybb_sessions SET `uid`='0',`sid`='bddda76907690df1d580db29b8cdd6f1',`time`='1502406712", "REPLACE INTO mybb_sessions SET `uid`='0',`sid`='becae928ff1bf8969031a4dd3979452c',`time`='1502406753", "REPLACE INTO mybb_sessions SET `uid`='0',`sid`='bece6fc7e689197bc917b638499be0cb',`time`='1502406481", "REPLACE INTO mybb_sessions SET `uid`='0',`sid`='bf3087abe05ca415348827bf8fd1f9c9',`time`='1502406511", "REPLACE INTO mybb_sessions SET `uid`='0',`sid`='bfdaa76b75c79fa2eb57ab1d32c0014c',`time`='1502406590", "REPLACE INTO mybb_sessions SET `uid`='0',`sid`='c01399125f02e0120384e5484a42ad41',`time`='1502406678", "REPLACE INTO mybb_sessions SET `uid`='0',`sid`='c07fd83c47e38df8bb4e11075a50ac30',`time`='1502406705", "REPLACE INTO mybb_sessions SET `uid`='0',`sid`='c0b2f9b5589bcf3bf524663ad3111253',`time`='1502406537", "REPLACE INTO mybb_sessions SET `uid`='0',`sid`='c0f360e7d7d684bfe7e13094d31a6294',`time`='1502406499", "REPLACE INTO mybb_sessions SET `uid`='0',`sid`='c14c8bf8afb27b4b1ce8d029f08a5ff3',`time`='1502406661", "REPLACE INTO mybb_sessions SET `uid`='0',`sid`='c1812b6ab571059f6e1187585a9efc25',`time`='1502406553", "REPLACE INTO mybb_sessions SET `uid`='0',`sid`='c1d55aeda0b3b43d1e6877abb1c8f9f9',`time`='1502406707", "REPLACE INTO mybb_sessions SET `uid`='0',`sid`='c1ec6588112f4fbac370d55ca77a7a6a',`time`='1502406607", "REPLACE INTO mybb_sessions SET `uid`='0',`sid`='c224176ccdf3f45a7117454996307644',`time`='1502406698", "REPLACE INTO mybb_sessions SET `uid`='0',`sid`='c238dbe4bfbdd81ea5fe3aa447761d51',`time`='1502406724", "REPLACE INTO mybb_sessions SET `uid`='0',`sid`='c27c5d73ec9124cb60f6105494d59370',`time`='1502406476", "REPLACE INTO mybb_sessions SET `uid`='0',`sid`='c3d85a5e72d0e0f641142d7a11e974ef',`time`='1502406643", "REPLACE INTO mybb_sessions SET `uid`='0',`sid`='c3f4df3a8dc2f0a13e4dcbd81a9f4aff',`time`='1502406727", "REPLACE INTO mybb_sessions SET `uid`='0',`sid`='c45767bec2f1d1ab31ea6b2f411faf14',`time`='1502406580", "REPLACE INTO mybb_sessions SET `uid`='0',`sid`='c4b993a3343cd244c48ac26a0d2c6b64',`time`='1502406457", "REPLACE INTO mybb_sessions SET `uid`='0',`sid`='c4d642261661d13ec5e35eb23de6b390',`time`='1502406622", "REPLACE INTO mybb_sessions SET `uid`='0',`sid`='c4fe60d7f2ddb4425aaff98d84a6111e',`time`='1502406631", "REPLACE INTO mybb_sessions SET `uid`='0',`sid`='c606f2a1343d91b5216bce8a82a3a391',`time`='1502406632", "REPLACE INTO mybb_sessions SET `uid`='0',`sid`='c6a5c03372ad1524208b127e181bf590',`time`='1502406595", "REPLACE INTO mybb_sessions SET `uid`='0',`sid`='c6f9edc2f5584cac2f7a00a7d6846d11',`time`='1502406479", "REPLACE INTO mybb_sessions SET `uid`='0',`sid`='c8b9047bf1200eef81f1febe36809675',`time`='1502406544", "REPLACE INTO mybb_sessions SET `uid`='0',`sid`='c935d203377048e50509a004e4ab4ac0',`time`='1502406649", "REPLACE INTO mybb_sessions SET `uid`='0',`sid`='c9370c4e2c75e8904a7948aca44734ff',`time`='1502406577", "REPLACE INTO mybb_sessions SET `uid`='0',`sid`='cbefd5b532652b152d3151da69a69e67',`time`='1502406646", "REPLACE INTO mybb_sessions SET `uid`='0',`sid`='cc106169721afadb8a122b2ef0aa1d30',`time`='1502406704", "REPLACE INTO mybb_sessions SET `uid`='0',`sid`='cc35f6d4742e0b07cfaeff50691be40d',`time`='1502406739", "REPLACE INTO mybb_sessions SET `uid`='0',`sid`='ccd47ccc3a5b9b672c9868beaf559b03',`time`='1502406662", "REPLACE INTO mybb_sessions SET `uid`='0',`sid`='cd4014f64dc401f96afa0974f026cfd6',`time`='1502406670", "REPLACE INTO mybb_sessions SET `uid`='0',`sid`='cf1bafb7d43f1c9ff42a8fa9de100ee1',`time`='1502406513", "REPLACE INTO mybb_sessions SET `uid`='0',`sid`='cf3826b11ed5148c5a373bd1c8a19b06',`time`='1502406646", "REPLACE INTO mybb_sessions SET `uid`='0',`sid`='cfb4642f0b888c1c09e80432742505fd',`time`='1502406522", "REPLACE INTO mybb_sessions SET `uid`='0',`sid`='cfc511037ce55aabe01399f4160e20b3',`time`='1502406573", "REPLACE INTO mybb_sessions SET `uid`='0',`sid`='cfc7d011f2c9100d084496072a6cfd76',`time`='1502406612", "REPLACE INTO mybb_sessions SET `uid`='0',`sid`='d085556e79888b1985b7ef446728c480',`time`='1502406611", "REPLACE INTO mybb_sessions SET `uid`='0',`sid`='d147108b735861ee71e1bd5c7e35cd6c',`time`='1502406541", "REPLACE INTO mybb_sessions SET `uid`='0',`sid`='d1c39d6f0db9c907696b28201c8bf43b',`time`='1502406669", "REPLACE INTO mybb_sessions SET `uid`='0',`sid`='d22097bb852cb7319c5165948fcdae88',`time`='1502406541", "REPLACE INTO mybb_sessions SET `uid`='0',`sid`='d26bb510be4b772ca891f57d9d41bb22',`time`='1502406667", "REPLACE INTO mybb_sessions SET `uid`='0',`sid`='d2c17ca969c5e58af99e56667ef8dcab',`time`='1502406728", "REPLACE INTO mybb_sessions SET `uid`='0',`sid`='d37e0f0fdf204e0de25d7ad85f742e76',`time`='1502406725", "REPLACE INTO mybb_sessions SET `uid`='0',`sid`='d3c3a1a4c07a16b8602604ae1a5c3010',`time`='1502406597", "REPLACE INTO mybb_sessions SET `uid`='0',`sid`='d4708e873263238f29b6e17e3e5ffb86',`time`='1502409291", "REPLACE INTO mybb_sessions SET `uid`='0',`sid`='d48396245d4e8836f2dd0e4494593c49',`time`='1502406731", "REPLACE INTO mybb_sessions SET `uid`='0',`sid`='d49cf91e90029dba648e3a2be845807a',`time`='1502406688", "REPLACE INTO mybb_sessions SET `uid`='0',`sid`='d4a10eb65085ac46c86efb00f44aab3a',`time`='1502406645", "REPLACE INTO mybb_sessions SET `uid`='0',`sid`='d5703c89e0398e33dfb49c08e0a04b28',`time`='1502406653", "REPLACE INTO mybb_sessions SET `uid`='0',`sid`='d5ddd04c7871ca887599c61e33974ca3',`time`='1502406671", "REPLACE INTO mybb_sessions SET `uid`='0',`sid`='d635ef6b6a0d5fe0cca7703c946d9fba',`time`='1502406485", "REPLACE INTO mybb_sessions SET `uid`='0',`sid`='d6a7b28c680c9b5cca2abbcd1c021bde',`time`='1502406532", "REPLACE INTO mybb_sessions SET `uid`='0',`sid`='d6b858b965eea99f2503078702eda4ac',`time`='1502406459", "REPLACE INTO mybb_sessions SET `uid`='0',`sid`='d7a4fe2cf48ba322b8dcdff933a351a4',`time`='1502812691", "REPLACE INTO mybb_sessions SET `uid`='0',`sid`='d8137060f354b8ed054ad08c4def5df5',`time`='1502406501", "REPLACE INTO mybb_sessions SET `uid`='0',`sid`='d86b4f440ddcb1a6513c1e8e6779f886',`time`='1502814488", "REPLACE INTO mybb_sessions SET `uid`='0',`sid`='d912db68358dcca71b7cc9637a40f2e5',`time`='1502406528", "REPLACE INTO mybb_sessions SET `uid`='0',`sid`='d937374d012d160a750bfe5eaa6a335a',`time`='1502406470", "REPLACE INTO mybb_sessions SET `uid`='0',`sid`='d9500bbeb3443fba19b58dd81a9e44f0',`time`='1502406510", "REPLACE INTO mybb_sessions SET `uid`='0',`sid`='da20c113fc19cfe07f880cfa5afca473',`time`='1502406640", "REPLACE INTO mybb_sessions SET `uid`='0',`sid`='da2aa2599566cfdf2b16ba2941c6a6ea',`time`='1502409299", "REPLACE INTO mybb_sessions SET `uid`='0',`sid`='da8efd9b8888763d012b4c6361d0bd35',`time`='1502406542", "REPLACE INTO mybb_sessions SET `uid`='0',`sid`='daffaab0790492706df4196da3a137b4',`time`='1502406616", "REPLACE INTO mybb_sessions SET `uid`='0',`sid`='db8c111cf8349a3130335f9c2abe714a',`time`='1502406551", "REPLACE INTO mybb_sessions SET `uid`='0',`sid`='de27d1d61d87a68671c7747276d8b98b',`time`='1502406534", "REPLACE INTO mybb_sessions SET `uid`='0',`sid`='deb717686c016eb7d3dddda2aa84367c',`time`='1502406758", "REPLACE INTO mybb_sessions SET `uid`='0',`sid`='decf01e380443940f8400287e6f83ad9',`time`='1502406724", "REPLACE INTO mybb_sessions SET `uid`='0',`sid`='ded27ed760828312bda6ff883fe83c25',`time`='1502406624", "REPLACE INTO mybb_sessions SET `uid`='0',`sid`='df3a7fd373351cc1697045a53b06e53b',`time`='1502406656", "REPLACE INTO mybb_sessions SET `uid`='0',`sid`='e0271edda6a994e98238b83a3bce3280',`time`='1502406698", "REPLACE INTO mybb_sessions SET `uid`='0',`sid`='e04b3b0373c2e5ab457f8a5aa8be7b7b',`time`='1502406557", "REPLACE INTO mybb_sessions SET `uid`='0',`sid`='e051981bee6cef773c2f3d5975661829',`time`='1502409297", "REPLACE INTO mybb_sessions SET `uid`='0',`sid`='e13c372d791d71757fabb603f0cf5a2d',`time`='1502406592", "REPLACE INTO mybb_sessions SET `uid`='0',`sid`='e1d277d18539e45f3c1112c842d2503a',`time`='1502406468", "REPLACE INTO mybb_sessions SET `uid`='0',`sid`='e2bb8bdc3943468d956af682423be9e5',`time`='1502406633", "REPLACE INTO mybb_sessions SET `uid`='0',`sid`='e2c81039d80320f28387350ab696b6d0',`time`='1502406680", "REPLACE INTO mybb_sessions SET `uid`='0',`sid`='e2e1194d4f785461156723668959e244',`time`='1502406716", "REPLACE INTO mybb_sessions SET `uid`='0',`sid`='e366d166b49cbf2fd436ce3200ef69d2',`time`='1502406723", "REPLACE INTO mybb_sessions SET `uid`='0',`sid`='e4273907679654e557d91adbeef5c81b',`time`='1502406492", "REPLACE INTO mybb_sessions SET `uid`='0',`sid`='e594b3615d4a2fef0f986a7ae90c6fe2',`time`='1502406627", "REPLACE INTO mybb_sessions SET `uid`='0',`sid`='e5ce30b8c2ba8c91bb63069b05944c7e',`time`='1502406580", "REPLACE INTO mybb_sessions SET `uid`='0',`sid`='e6c030bc59521b69e34fe339c7fbf4b2',`time`='1502406529", "REPLACE INTO mybb_sessions SET `uid`='0',`sid`='e6e8b971457bc7c4d3508d88a7e18c81',`time`='1502406683", "REPLACE INTO mybb_sessions SET `uid`='0',`sid`='e7d8b261f9815743f787584a865331c6',`time`='1502406488", "REPLACE INTO mybb_sessions SET `uid`='0',`sid`='e87a24940ca45402431f19155a5c4408',`time`='1502406711", "REPLACE INTO mybb_sessions SET `uid`='0',`sid`='e96ff615d1409872b4370cc8cff19617',`time`='1502406685", "REPLACE INTO mybb_sessions SET `uid`='0',`sid`='e9b3138ceb788fe00e98f2b38b335255',`time`='1502409290", "REPLACE INTO mybb_sessions SET `uid`='0',`sid`='e9c5cb2bbc0e2ad1ba1e2a2daf03f2f8',`time`='1502406461", "REPLACE INTO mybb_sessions SET `uid`='0',`sid`='ea9e7e93daf4077bc5019c7e45c71b36',`time`='1502406649", "REPLACE INTO mybb_sessions SET `uid`='0',`sid`='ebf105413046c01c1213c673bccea5c4',`time`='1502813492", "REPLACE INTO mybb_sessions SET `uid`='0',`sid`='ec5d7fd314fd59fce1f22e36ab8f9bb6',`time`='1502406709", "REPLACE INTO mybb_sessions SET `uid`='0',`sid`='ecbf3a05e731f5e01894699fcf2b87cd',`time`='1502406505", "REPLACE INTO mybb_sessions SET `uid`='0',`sid`='ee624800465853e43a780bcb41f3c9da',`time`='1502406729", "REPLACE INTO mybb_sessions SET `uid`='0',`sid`='eebad2c94a2d8ecd39776977e1ca175b',`time`='1502406659", "REPLACE INTO mybb_sessions SET `uid`='0',`sid`='f08d60c3d605656b90c740111798f7af',`time`='1502406509", "REPLACE INTO mybb_sessions SET `uid`='0',`sid`='f0cf90b166da22afdcb5f434f9997698',`time`='1502406536", "REPLACE INTO mybb_sessions SET `uid`='0',`sid`='f0df639211a29e00ff6f792170d45e0c',`time`='1502406699", "REPLACE INTO mybb_sessions SET `uid`='0',`sid`='f0e8a9a96356070e0205956df18e49de',`time`='1502406571", "REPLACE INTO mybb_sessions SET `uid`='0',`sid`='f134a467b20fb3f341b3c1d576576ec1',`time`='1502406566", "REPLACE INTO mybb_sessions SET `uid`='0',`sid`='f13af3d8d4275e0bfcd82b434eeb64f3',`time`='1502406538", "REPLACE INTO mybb_sessions SET `uid`='0',`sid`='f1be1141babb888b73ac8ea61cb74714',`time`='1502406747", "REPLACE INTO mybb_sessions SET `uid`='0',`sid`='f24b5576d2c065033053b02a35d83d1c',`time`='1502406591", "REPLACE INTO mybb_sessions SET `uid`='0',`sid`='f258b69721afd096a2f0e816ab3ebf91',`time`='1502406513", "REPLACE INTO mybb_sessions SET `uid`='0',`sid`='f3ea9795c5b149ff58224c6ca3e54204',`time`='1502406647", "REPLACE INTO mybb_sessions SET `uid`='0',`sid`='f3efe2ee628c61b9f678f5762aaa7ee6',`time`='1502406691", "REPLACE INTO mybb_sessions SET `uid`='0',`sid`='f46e6c35cf5848b880c70a37e500c6ba',`time`='1502406632", "REPLACE INTO mybb_sessions SET `uid`='0',`sid`='f48515fe8b6e2d8c45b65e8893f61f7b',`time`='1502406664", "REPLACE INTO mybb_sessions SET `uid`='0',`sid`='f4e6d975ffb784d75e015f8ff89b68e6',`time`='1502406583", "REPLACE INTO mybb_sessions SET `uid`='0',`sid`='f57d6d898ce8a0240fdfce42f713d9f6',`time`='1502406608", "REPLACE INTO mybb_sessions SET `uid`='0',`sid`='f5d087d04153f209eac0861477227c27',`time`='1502406452", "REPLACE INTO mybb_sessions SET `uid`='0',`sid`='f750fea395c5159a2fbe3ceeba2f7d4b',`time`='1502406503", "REPLACE INTO mybb_sessions SET `uid`='0',`sid`='f7d3dd812d49dece88598c985f0a17a5',`time`='1502406711", "REPLACE INTO mybb_sessions SET `uid`='0',`sid`='f8f88ded7f33a60dcad9a24ccf8bad95',`time`='1502406761", "REPLACE INTO mybb_sessions SET `uid`='0',`sid`='f92aa6a046c7fe9291a922b84b5cb0f1',`time`='1502406697", "REPLACE INTO mybb_sessions SET `uid`='0',`sid`='fa31ff058b9ad7dc8d3a0b9458bdce48',`time`='1502406597", "REPLACE INTO mybb_sessions SET `uid`='0',`sid`='faa18b03c6bcf780f402ad6d6dedbfc5',`time`='1502406702", "REPLACE INTO mybb_sessions SET `uid`='0',`sid`='fad5d1e58649cbee2124e405e4f634b8',`time`='1502406502", "REPLACE INTO mybb_sessions SET `uid`='0',`sid`='faef05ac3e4413e796c0fd01598a2441',`time`='1502406578", "REPLACE INTO mybb_sessions SET `uid`='0',`sid`='fb5918094986460a82299bb1daac457b',`time`='1502406695", "REPLACE INTO mybb_sessions SET `uid`='0',`sid`='fb9063dcb85392a6e1c9198c8e6b1b4e',`time`='1502406540", "REPLACE INTO mybb_sessions SET `uid`='0',`sid`='fba9b2bf8fe8a316e6221b3d02770201',`time`='1502406623", "REPLACE INTO mybb_sessions SET `uid`='0',`sid`='fc3d84bfe0390cf9fe76f865eae8f566',`time`='1502409317", "REPLACE INTO mybb_sessions SET `uid`='0',`sid`='fcdcb683193ecf43a73fcc198aec42b4',`time`='1502406624", "REPLACE INTO mybb_sessions SET `uid`='0',`sid`='fdbb6df60ea405a6b067a26aa5be1483',`time`='1502406745", "REPLACE INTO mybb_sessions SET `uid`='0',`sid`='fddcc10e0fdee163494a159838322c7b',`time`='1502406553", "REPLACE INTO mybb_sessions SET `uid`='0',`sid`='fe283f747018af42c154103f814cbdcc',`time`='1502815121", "REPLACE INTO mybb_sessions SET `uid`='0',`sid`='fe7e4014da2b2f43dd47593b2d22effc',`time`='1502406460", "REPLACE INTO mybb_sessions SET `uid`='0',`sid`='ff1e858cff968998436aed17ab3f7300',`time`='1502406599", "REPLACE INTO mybb_sessions SET `uid`='0',`sid`='ff7193e44dcd317a944938abbe96768b',`time`='1502406477", "REPLACE INTO mybb_sessions SET `uid`='0',`sid`='ff88177076925e0f5f9d07b0fbfb3122',`time`='1502406564", "REPLACE INTO mybb_stats SET `dateline`='1502755200',`numusers`='10',`numthreads`='5',`numposts`='7'", "REPLACE INTO mybb_stats SET `dateline`='1502755200',`numusers`='14',`numthreads`='11',`numposts`='20", "REPLACE INTO mybb_stats SET `dateline`='1502755200',`numusers`='15',`numthreads`='11',`numposts`='21", "REPLACE INTO mybb_stats SET `dateline`='1502755200',`numusers`='16',`numthreads`='11',`numposts`='21", "REPLACE INTO mybb_stats SET `dateline`='1502755200',`numusers`='18',`numthreads`='12',`numposts`='23", "REPLACE INTO mybb_stats SET `dateline`='1502755200',`numusers`='19',`numthreads`='13',`numposts`='27", "REPLACE INTO mybb_stats SET `dateline`='1502755200',`numusers`='20',`numthreads`='17',`numposts`='41", "REPLACE INTO mybb_stats SET `dateline`='1502755200',`numusers`='20',`numthreads`='18',`numposts`='47", "REPLACE INTO mybb_threadsread (tid, uid, dateline)\n\t\t\t\t\tVALUES('1', '34', '1502814742')", "REPLACE INTO mybb_threadsread (tid, uid, dateline)\n\t\t\t\t\tVALUES('1', '38', '1502814870')", "REPLACE INTO mybb_threadsread (tid, uid, dateline)\n\t\t\t\t\tVALUES('12', '33', '1502814434')", "REPLACE INTO mybb_threadsread (tid, uid, dateline)\n\t\t\t\t\tVALUES('12', '35', '1502814466')", "REPLACE INTO mybb_threadsread (tid, uid, dateline)\n\t\t\t\t\tVALUES('13', '31', '1502814572')", "REPLACE INTO mybb_threadsread (tid, uid, dateline)\n\t\t\t\t\tVALUES('14', '27', '1502815014')", "REPLACE INTO mybb_threadsread (tid, uid, dateline)\n\t\t\t\t\tVALUES('14', '27', '1502815698')", "REPLACE INTO mybb_threadsread (tid, uid, dateline)\n\t\t\t\t\tVALUES('14', '35', '1502814808')", "REPLACE INTO mybb_threadsread (tid, uid, dateline)\n\t\t\t\t\tVALUES('16', '36', '1502815485')", "REPLACE INTO mybb_threadsread (tid, uid, dateline)\n\t\t\t\t\tVALUES('17', '27', '1502815186')", "REPLACE INTO mybb_threadsread (tid, uid, dateline)\n\t\t\t\t\tVALUES('18', '35', '1502815248')", "REPLACE INTO mybb_threadsread (tid, uid, dateline)\n\t\t\t\t\tVALUES('19', '37', '1502815773')", "REPLACE INTO mybb_threadsread (tid, uid, dateline)\n\t\t\t\t\tVALUES('21', '40', '1502816044')", "REPLACE INTO mybb_threadsread (tid, uid, dateline)\n\t\t\t\t\tVALUES('3', '27', '1502813642')", "REPLACE INTO mybb_threadsread (tid, uid, dateline)\n\t\t\t\t\tVALUES('4', '27', '1502814176')", "REPLACE INTO mybb_threadsread (tid, uid, dateline)\n\t\t\t\t\tVALUES('4', '27', '1502814213')", "REPLACE INTO mybb_threadsread (tid, uid, dateline)\n\t\t\t\t\tVALUES('4', '27', '1502815067')", "REPLACE INTO mybb_threadsread (tid, uid, dateline)\n\t\t\t\t\tVALUES('4', '30', '1502813694')", "REPLACE INTO mybb_threadsread (tid, uid, dateline)\n\t\t\t\t\tVALUES('4', '33', '1502815086')", "REPLACE INTO mybb_threadsread (tid, uid, dateline)\n\t\t\t\t\tVALUES('4', '35', '1502814704')", "REPLACE INTO mybb_threadsread (tid, uid, dateline)\n\t\t\t\t\tVALUES('4', '35', '1502815577')", "REPLACE INTO mybb_threadsread (tid, uid, dateline)\n\t\t\t\t\tVALUES('4', '35', '1502815595')", "REPLACE INTO mybb_threadsread (tid, uid, dateline)\n\t\t\t\t\tVALUES('5', '29', '1502813707')", "REPLACE INTO mybb_threadsread (tid, uid, dateline)\n\t\t\t\t\tVALUES('6', '31', '1502814752')", "REPLACE INTO mybb_threadsread (tid, uid, dateline)\n\t\t\t\t\tVALUES('8', '26', '1502814772')", "REPLACE INTO mybb_threadsread (tid, uid, dateline)\n\t\t\t\t\tVALUES('9', '31', '1502814082')", "REPLACE INTO mybb_threadsread (tid, uid, dateline)\n\t\t\t\t\tVALUES('9', '31', '1502814122')", "REPLACE INTO mybb_threadsread (tid, uid, dateline)\n\t\t\t\t\tVALUES('9', '36', '1502814673')", "SELECT ((s.ac_conn / v.conn_max) * 100) as connection_pool_used_percent, @@hostname as hostname, @@p", "SELECT (i.commits / s.ut) as 'Transactions_Per_Second', @@hostname as hostname, @@port as port, data", "SELECT (i.errs / s.ut) as 'Errors_Per_Second', @@hostname as hostname, @@port as port, database() as", "SELECT (m.dlocks / s.ut) as 'Deadlocks_Per_Second', @@hostname as hostname, @@port as port, database", "SELECT * FROM mybb_attachments WHERE aid='2'", "SELECT * FROM mybb_attachments WHERE aid='3'", "SELECT * FROM mybb_attachments WHERE aid='4'", "SELECT * FROM mybb_attachments WHERE pid IN (31,30,28,27,21,19,9,5)", "SELECT * FROM mybb_attachments WHERE pid IN (33,29)", "SELECT * FROM mybb_attachments WHERE pid IN (41)", "SELECT * FROM mybb_attachments WHERE pid IN (9,5)", "SELECT * FROM mybb_attachments WHERE pid IN('61')", "SELECT * FROM mybb_attachments WHERE pid IN('7','10')", "SELECT * FROM mybb_attachments WHERE pid IN(0,'7','5')", "SELECT * FROM mybb_attachments WHERE pid='11'", "SELECT * FROM mybb_attachments WHERE pid='58'", "SELECT * FROM mybb_attachments WHERE posthash='25736255b6e16366d2b3e78ba5f26d14'", "SELECT * FROM mybb_attachments WHERE posthash='3d1cb754c6d2886e307910ab87e8d20e'", "SELECT * FROM mybb_attachments WHERE posthash='6797a4136a5f4bae17b2225dcdad4d00'", "SELECT * FROM mybb_attachments WHERE posthash='6800172f53e26de4334c411ebba9545d'", "SELECT * FROM mybb_attachments WHERE posthash='6ce565326f721ff34243aff815165a8a'", "SELECT * FROM mybb_attachments WHERE posthash='90d7ba8ab6357010dfcf7205a2685552'", "SELECT * FROM mybb_attachments WHERE posthash='a7a0eefb03dfce103f4d34a211f5eb65'", "SELECT * FROM mybb_attachments WHERE posthash='af81044f7d9dd2ac3ef19bb5aac9f730'", "SELECT * FROM mybb_attachments WHERE posthash='c456ed5f77101a65172280ca8a4ee683'", "SELECT * FROM mybb_attachments WHERE posthash='dc96d40efa72a7ec57f6343ee6efaf8d'", "SELECT * FROM mybb_attachments WHERE posthash='fd62f15555f4f44377508d225f518781'", "SELECT * FROM mybb_attachments WHERE posthash='fe3a61fc4faf15e3f80cbb2e71bc113c'", "SELECT * FROM mybb_calendars ORDER BY disporder ASC", "SELECT * FROM mybb_calendars WHERE cid='1'", "SELECT * FROM mybb_captcha WHERE imagehash = '2d96f25651453a63ec10f39121931df5' AND LOWER(imagestrin", "SELECT * FROM mybb_captcha WHERE imagehash = '82c7aef78a757ddaf2fa5db5d1b9a163' AND LOWER(imagestrin", "SELECT * FROM mybb_captcha WHERE imagehash = 'be50d5e4467a7296ad69fd31ee210e24' AND LOWER(imagestrin", "SELECT * FROM mybb_captcha WHERE imagehash='008b7ede1d4b22b7e5eeedfa579a3c0b' AND used=0 LIMIT 1", "SELECT * FROM mybb_captcha WHERE imagehash='89176e8f00d38aa0cbb3710c68eaad3d' AND used=0 LIMIT 1", "SELECT * FROM mybb_captcha WHERE imagehash='958bcd71707a4f9b4211e8e418db3c94' AND used=0 LIMIT 1", "SELECT * FROM mybb_captcha WHERE imagehash='cb20be663071359202a8ace7048f292f' AND used=0 LIMIT 1", "SELECT * FROM mybb_captcha WHERE imagehash='ebd1317f12182f96e154dcc8f62b95dc' AND used=0 LIMIT 1", "SELECT * FROM mybb_forums WHERE active != 0 ORDER BY pid, disporder", "SELECT * FROM mybb_forums WHERE active!=0 ORDER BY pid, disporder", "SELECT * FROM mybb_polls WHERE pid='1' LIMIT 1", "SELECT * FROM mybb_pollvotes WHERE uid='26' AND pid='1'", "SELECT * FROM mybb_posts WHERE pid = '10'", "SELECT * FROM mybb_posts WHERE pid = '18'", "SELECT * FROM mybb_posts WHERE pid = '31'", "SELECT * FROM mybb_posts WHERE pid = '6'", "SELECT * FROM mybb_posts WHERE pid = '61'", "SELECT * FROM mybb_posts WHERE pid = '64'", "SELECT * FROM mybb_posts WHERE pid = '9'", "SELECT * FROM mybb_reputation WHERE adduid='27' AND dateline>'1502727457'", "SELECT * FROM mybb_reputation WHERE adduid='27' AND uid='26' AND pid = '43'", "SELECT * FROM mybb_reputation WHERE adduid='34' AND uid='31' AND pid = '18'", "SELECT * FROM mybb_searchlog WHERE sid='94413b3ab59c49923f1213bf079425a7'", "SELECT * FROM mybb_sessions WHERE sid='083c168b23b1afc9170654a0d04e0d06' AND ip=X'6b4d6136'", "SELECT * FROM mybb_sessions WHERE sid='0f1a57f0aa82a891c48a2780b0d6e345' AND ip=X'040e68b9'", "SELECT * FROM mybb_sessions WHERE sid='17a6f097243316a0427128bae718e532' AND ip=X'62b19056'", "SELECT * FROM mybb_sessions WHERE sid='28ceb8910937b9b4585c735055a91716' AND ip=X'd852d385'", "SELECT * FROM mybb_sessions WHERE sid='2a49cb98c15eb945fea01cb52154dd8f' AND ip=X'47271279'", "SELECT * FROM mybb_sessions WHERE sid='2cced0bd08dbee3ff7d14564bfdda939' AND ip=X'adefc7b0'", "SELECT * FROM mybb_sessions WHERE sid='397569fb1a6416e16519ce2a7bd85be5' AND ip=X'2d4d41d3'", "SELECT * FROM mybb_sessions WHERE sid='4c986c144f1abecd1b9ee0e6cfe37ccd' AND ip=X'040e68b9'", "SELECT * FROM mybb_sessions WHERE sid='53203bfff1cbe0002f9d26df27e970cb' AND ip=X'627427ec'", "SELECT * FROM mybb_sessions WHERE sid='56543b5af2795342b8cf5fe9eb1d1f64' AND ip=X'446306c3'", "SELECT * FROM mybb_sessions WHERE sid='60b40942cb7e74cc0d580da86faebc8c' AND ip=X'a6aa0538'", "SELECT * FROM mybb_sessions WHERE sid='61fb2c0ea2f579b60c2551c6d0e9d50a' AND ip=X'47ac3918'", "SELECT * FROM mybb_sessions WHERE sid='67061b7dfa0ce9c8a28a200619d15754' AND ip=X'68b4a737'", "SELECT * FROM mybb_sessions WHERE sid='671b4c7de6e94e65be551644ea0ff9a5' AND ip=X'446306c3'", "SELECT * FROM mybb_sessions WHERE sid='873f9af3ff80589b971bd30238330e30' AND ip=X'040e68b9'", "SELECT * FROM mybb_sessions WHERE sid='88396afb60e6eea834de37d14fef7443' AND ip=X'2d4d41d3'", "SELECT * FROM mybb_sessions WHERE sid='aaf2e6328645bb3469f939cd8b96f9c5' AND ip=X'18104b3a'", "SELECT * FROM mybb_sessions WHERE sid='b5ede9933a6076dd5e93c3590615409d' AND ip=X'62e565ba'", "SELECT * FROM mybb_sessions WHERE sid='bd64048fe51d323b3f8a04842270ae0b' AND ip=X'49de8af3'", "SELECT * FROM mybb_sessions WHERE sid='d86b4f440ddcb1a6513c1e8e6779f886' AND ip=X'c4340a22'", "SELECT * FROM mybb_sessions WHERE sid='ebf105413046c01c1213c673bccea5c4' AND ip=X'446306c3'", "SELECT * FROM mybb_sessions WHERE sid='ece7eb277e2921909d2f02b090927244' AND ip=X'180828b8'", "SELECT * FROM mybb_sessions WHERE sid='f15c24e5998937c5adf936c9d6e9a86f' AND ip=X'040e68ba'", "SELECT * FROM mybb_sessions WHERE sid='f926acfae45582c8dd0fb8f830c1bd27' AND ip=X'2d389530'", "SELECT * FROM mybb_tasks WHERE enabled=1 AND nextrun<='1502813016' ORDER BY nextrun ASC LIMIT 1", "SELECT * FROM mybb_tasks WHERE enabled=1 AND nextrun<='1502813180' ORDER BY nextrun ASC LIMIT 1", "SELECT * FROM mybb_threads WHERE tid = '1'", "SELECT * FROM mybb_threads WHERE tid = '10'", "SELECT * FROM mybb_threads WHERE tid = '12'", "SELECT * FROM mybb_threads WHERE tid = '14'", "SELECT * FROM mybb_threads WHERE tid = '15'", "SELECT * FROM mybb_threads WHERE tid = '17'", "SELECT * FROM mybb_threads WHERE tid = '18'", "SELECT * FROM mybb_threads WHERE tid = '19'", "SELECT * FROM mybb_threads WHERE tid = '20'", "SELECT * FROM mybb_threads WHERE tid = '21'", "SELECT * FROM mybb_threads WHERE tid = '3'", "SELECT * FROM mybb_threads WHERE tid = '4'", "SELECT * FROM mybb_threads WHERE tid = '5'", "SELECT * FROM mybb_threads WHERE tid = '6'", "SELECT * FROM mybb_threads WHERE tid = '7'", "SELECT * FROM mybb_threads WHERE tid = '8'", "SELECT * FROM mybb_threads WHERE tid = '9'", "SELECT * FROM mybb_threadsread WHERE uid='26' AND tid IN (9)", "SELECT * FROM mybb_threadsread WHERE uid='27' AND tid IN (1)", "SELECT * FROM mybb_threadsread WHERE uid='27' AND tid IN (1,13,12,4,5)", "SELECT * FROM mybb_threadsread WHERE uid='27' AND tid IN (14,4,1,17,18,12,13,5)", "SELECT * FROM mybb_threadsread WHERE uid='27' AND tid IN (4,14,1,13,12,5)", "SELECT * FROM mybb_threadsread WHERE uid='27' AND tid IN (5,4,1)", "SELECT * FROM mybb_threadsread WHERE uid='27' AND tid IN (7)", "SELECT * FROM mybb_threadsread WHERE uid='32' AND tid IN (4,5,1)", "SELECT * FROM mybb_threadsread WHERE uid='33' AND tid IN (18,17,14,12,1,4,13,5)", "SELECT * FROM mybb_threadsread WHERE uid='33' AND tid IN (9)", "SELECT * FROM mybb_threadsread WHERE uid='35' AND tid IN (14,18,4,1,17,12,13,5)", "SELECT * FROM mybb_threadsread WHERE uid='35' AND tid IN (17,14,4,18,12,1,13,5)", "SELECT * FROM mybb_threadsread WHERE uid='36' AND tid IN (13,12,1,4,5)", "SELECT * FROM mybb_threadsread WHERE uid='40' AND tid IN (5,14,21,18,4,1,17,12,13)", "SELECT * FROM mybb_threadsubscriptions WHERE tid='5' AND uid='28'", "SELECT * FROM mybb_threadsubscriptions WHERE tid='8' AND uid='31'", "SELECT * FROM mybb_userfields WHERE ufid = '31'", "SELECT * FROM mybb_users WHERE regip=X'180828b8' AND regdate > '1502727829'", "SELECT * FROM mybb_users WHERE regip=X'18104b3a' AND regdate > '1502728850'", "SELECT * FROM mybb_users WHERE regip=X'627427ec' AND regdate > '1502726960'", "SELECT * FROM mybb_users WHERE regip=X'68b4a737' AND regdate > '1502727942'", "SELECT * FROM mybb_users WHERE regip=X'c4340a22' AND regdate > '1502728110'", "SELECT * FROM mybb_users WHERE regip=X'c4340a22' AND regdate > '1502728201'", "SELECT * FROM mybb_users WHERE regip=X'd852d385' AND regdate > '1502727744'", "SELECT * FROM mybb_users WHERE uid = '30'", "SELECT * FROM mybb_users WHERE uid = '31'", "SELECT @@hostname as hostname, @@port as port, database() as database_name, EVENT_ID, TRUNCATE(TIMER", "SELECT @@query_cache_size AS query_cache_size, @@query_cache_type AS query_cache_type", "SELECT COUNT(*) AS total FROM mybb_privatemessages WHERE uid='31'", "SELECT COUNT(*) AS total FROM mybb_privatemessages WHERE uid='31' AND folder='1'", "SELECT COUNT(*) AS users FROM mybb_users u WHERE 1=1 AND u.usergroup NOT IN (1) AND CONCAT(',',u.add", "SELECT COUNT(aid) AS attachmentcount FROM mybb_attachments WHERE pid='15' AND visible='1'", "SELECT COUNT(aid) AS attachmentcount FROM mybb_attachments WHERE pid='22' AND visible='1'", "SELECT COUNT(aid) AS attachmentcount FROM mybb_attachments WHERE pid='39' AND visible='1'", "SELECT COUNT(aid) AS attachmentcount FROM mybb_attachments WHERE pid='56' AND visible='1'", "SELECT COUNT(email) as emails FROM mybb_users WHERE email = 'beer555@gmail.com'", "SELECT COUNT(p.dateline) AS count FROM mybb_posts p\n\t\t\t\t\tWHERE p.tid = '1'\n\t\t\t\t\tAND p.dateline <= '1", "SELECT COUNT(p.dateline) AS count FROM mybb_posts p\n\t\t\t\t\tWHERE p.tid = '4'\n\t\t\t\t\tAND p.dateline <= '1", "SELECT COUNT(pid) AS draftcount FROM mybb_posts WHERE visible = '-2' AND uid = '28'", "SELECT COUNT(pid) AS draftcount FROM mybb_posts WHERE visible = '-2' AND uid = '31'", "SELECT COUNT(pid) AS newposts FROM mybb_posts WHERE visible=1 AND dateline>'1502814309'", "SELECT COUNT(pid) AS post_count FROM mybb_posts WHERE tid='1' AND visible='1'", "SELECT COUNT(pid) AS post_count FROM mybb_posts WHERE tid='12' AND visible='1'", "SELECT COUNT(pid) AS post_count FROM mybb_posts WHERE tid='14' AND visible='1'", "SELECT COUNT(pid) AS post_count FROM mybb_posts WHERE tid='17' AND visible='1'", "SELECT COUNT(pid) AS post_count FROM mybb_posts WHERE tid='21' AND visible='1'", "SELECT COUNT(pid) AS post_count FROM mybb_posts WHERE tid='4' AND visible='1'", "SELECT COUNT(pmid) AS pms_total FROM mybb_privatemessages WHERE uid='31'", "SELECT COUNT(pmid) AS pms_unread FROM mybb_privatemessages WHERE uid='31' AND status='0' AND folder=", "SELECT COUNT(t.tid) AS threads FROM mybb_threads t WHERE t.visible='1' AND t.closed NOT LIKE 'moved|", "SELECT COUNT(t.tid) AS unread_count\n\t\t\t\t\tFROM mybb_threads t\n\t\t\t\t\tLEFT JOIN mybb_threadsread tr ON (", "SELECT COUNT(tid) AS threads FROM mybb_threads WHERE fid = '10'  AND visible='1'", "SELECT COUNT(tid) AS threads FROM mybb_threads WHERE fid = '12'  AND visible='1'", "SELECT COUNT(tid) AS threads FROM mybb_threads WHERE fid = '4'  AND visible='1'", "SELECT COUNT(tid) AS threads FROM mybb_threads WHERE fid = '5'  AND visible='1'", "SELECT COUNT(tid) AS threads FROM mybb_threads WHERE fid = '7'  AND visible='1'", "SELECT COUNT(tid) AS threads FROM mybb_threads WHERE fid = '8'  AND visible='1'", "SELECT COUNT(tid) AS threads FROM mybb_threads WHERE fid = '9'  AND visible='1'", "SELECT COUNT(tid) as threads FROM mybb_threads WHERE fid = '11' AND (lastpost >= '1502814072' OR sti", "SELECT COUNT(tid) as threads FROM mybb_threads WHERE fid = '12' AND (lastpost >= '1502814963' OR sti", "SELECT COUNT(tid) as threads FROM mybb_threads WHERE fid = '5' AND (lastpost >= '1502405666' OR stic", "SELECT COUNT(tid) as threads FROM mybb_threads WHERE fid = '5' AND (lastpost >= '1502813463' OR stic", "SELECT COUNT(tid) as threads FROM mybb_threads WHERE fid = '5' AND (lastpost >= '1502814271' OR stic", "SELECT COUNT(tid) as threads FROM mybb_threads WHERE fid = '5' AND (lastpost >= '1502814432' OR stic", "SELECT COUNT(tid) as threads FROM mybb_threads WHERE fid = '5' AND (lastpost >= '1502814535' OR stic", "SELECT COUNT(tid) as threads FROM mybb_threads WHERE fid = '5' AND (lastpost >= '1502814652' OR stic", "SELECT COUNT(tid) as threads FROM mybb_threads WHERE fid = '5' AND (lastpost >= '1502814655' OR stic", "SELECT COUNT(tid) as threads FROM mybb_threads WHERE fid = '5' AND (lastpost >= '1502814704' OR stic", "SELECT COUNT(tid) as threads FROM mybb_threads WHERE fid = '5' AND (lastpost >= '1502814808' OR stic", "SELECT COUNT(tid) as threads FROM mybb_threads WHERE fid = '5' AND (lastpost >= '1502814866' OR stic", "SELECT COUNT(tid) as threads FROM mybb_threads WHERE fid = '5' AND (lastpost >= '1502814924' OR stic", "SELECT COUNT(tid) as threads FROM mybb_threads WHERE fid = '5' AND (lastpost >= '1502815021' OR stic", "SELECT COUNT(tid) as threads FROM mybb_threads WHERE fid = '5' AND (lastpost >= '1502815045' OR stic", "SELECT COUNT(tid) as threads FROM mybb_threads WHERE fid = '5' AND (lastpost >= '1502815099' OR stic", "SELECT COUNT(tid) as threads FROM mybb_threads WHERE fid = '5' AND (lastpost >= '1502815430' OR stic", "SELECT COUNT(tid) as threads FROM mybb_threads WHERE fid = '5' AND (lastpost >= '1502815932' OR stic", "SELECT COUNT(tid) as threads FROM mybb_threads WHERE fid = '8' AND (lastpost >= '1502813919' OR stic", "SELECT Count as active_trx_count, @@hostname as hostname, @@port as port, database() as database_nam", "SELECT DISTINCT fid FROM mybb_forums WHERE INSTR(CONCAT(',',parentlist,','),',0,') > 0 AND active !=", "SELECT SUM(filesize) AS ausage FROM mybb_attachments WHERE uid='26'", "SELECT SUM(filesize) AS ausage FROM mybb_attachments WHERE uid='27'", "SELECT SUM(filesize) AS ausage FROM mybb_attachments WHERE uid='29'", "SELECT SUM(filesize) AS ausage FROM mybb_attachments WHERE uid='31'", "SELECT SUM(filesize) AS ausage FROM mybb_attachments WHERE uid='35'", "SELECT SUM(filesize) AS ausage FROM mybb_attachments WHERE uid='37'", "SELECT VARIABLE_VALUE as connections, @@hostname as hostname, @@port as port, database() as database", "SELECT `flag`.* FROM `flag` WHERE (`flag`.`flag_code`='config_hash')", "SELECT database() as database_name,user.user, user.host as user_host, user.authentication_string as ", "SELECT dateline FROM mybb_captcha WHERE imagehash='318cf75cb9346ae4504983ece96b2c5f'", "SELECT dateline FROM mybb_captcha WHERE imagehash='cb20be663071359202a8ace7048f292f'", "SELECT dateline FROM mybb_forumsread WHERE fid='10' AND uid='27'", "SELECT dateline FROM mybb_forumsread WHERE fid='10' AND uid='29'", "SELECT dateline FROM mybb_forumsread WHERE fid='10' AND uid='33'", "SELECT dateline FROM mybb_forumsread WHERE fid='10' AND uid='34'", "SELECT dateline FROM mybb_forumsread WHERE fid='11' AND uid='29'", "SELECT dateline FROM mybb_forumsread WHERE fid='11' AND uid='39'", "SELECT dateline FROM mybb_forumsread WHERE fid='4' AND uid='27'", "SELECT dateline FROM mybb_forumsread WHERE fid='4' AND uid='35'", "SELECT dateline FROM mybb_forumsread WHERE fid='5' AND uid='26'", "SELECT dateline FROM mybb_forumsread WHERE fid='5' AND uid='27'", "SELECT dateline FROM mybb_forumsread WHERE fid='5' AND uid='30'", "SELECT dateline FROM mybb_forumsread WHERE fid='5' AND uid='32'", "SELECT dateline FROM mybb_forumsread WHERE fid='5' AND uid='34'", "SELECT dateline FROM mybb_forumsread WHERE fid='5' AND uid='38'", "SELECT dateline FROM mybb_forumsread WHERE fid='7' AND uid='31'", "SELECT dateline FROM mybb_forumsread WHERE fid='8' AND uid='27'", "SELECT dateline FROM mybb_forumsread WHERE fid='8' AND uid='35'", "SELECT dateline FROM mybb_forumsread WHERE fid='9' AND uid='27'", "SELECT dateline FROM mybb_forumsread WHERE fid='9' AND uid='30'", "SELECT dateline FROM mybb_forumsread WHERE fid='9' AND uid='36'", "SELECT dateline FROM mybb_privatemessages WHERE fromid='28' AND toid != '0' ORDER BY dateline DESC L", "SELECT dateline FROM mybb_privatemessages WHERE uid='31' AND folder='1' ORDER BY dateline DESC LIMIT", "SELECT f.*, fr.dateline AS lastread\n\t\tFROM mybb_forums f\n\t\tLEFT JOIN mybb_forumsread fr ON (fr.fid =", "SELECT f.*, fr.dateline AS lastread\n\t\tFROM mybb_forums f\n\t\tLEFT JOIN mybb_forumsread fr ON (fr.fid=f", "SELECT f.fid, fr.dateline AS lastread\n\t\t\tFROM mybb_forums f\n\t\t\tLEFT JOIN mybb_forumsread fr ON (fr.f", "SELECT fid FROM mybb_forumsubscriptions WHERE fid='10' AND uid='33' LIMIT 1", "SELECT fid FROM mybb_forumsubscriptions WHERE fid='11' AND uid='27' LIMIT 1", "SELECT fid FROM mybb_forumsubscriptions WHERE fid='11' AND uid='29' LIMIT 1", "SELECT fid FROM mybb_forumsubscriptions WHERE fid='11' AND uid='35' LIMIT 1", "SELECT fid FROM mybb_forumsubscriptions WHERE fid='11' AND uid='39' LIMIT 1", "SELECT fid FROM mybb_forumsubscriptions WHERE fid='4' AND uid='30' LIMIT 1", "SELECT fid FROM mybb_forumsubscriptions WHERE fid='4' AND uid='35' LIMIT 1", "SELECT fid FROM mybb_forumsubscriptions WHERE fid='5' AND uid='27' LIMIT 1", "SELECT fid FROM mybb_forumsubscriptions WHERE fid='5' AND uid='30' LIMIT 1", "SELECT fid FROM mybb_forumsubscriptions WHERE fid='5' AND uid='33' LIMIT 1", "SELECT fid FROM mybb_forumsubscriptions WHERE fid='5' AND uid='35' LIMIT 1", "SELECT fid FROM mybb_forumsubscriptions WHERE fid='5' AND uid='39' LIMIT 1", "SELECT fid FROM mybb_forumsubscriptions WHERE fid='7' AND uid='27' LIMIT 1", "SELECT fid FROM mybb_forumsubscriptions WHERE fid='7' AND uid='28' LIMIT 1", "SELECT fid FROM mybb_forumsubscriptions WHERE fid='7' AND uid='36' LIMIT 1", "SELECT fid FROM mybb_forumsubscriptions WHERE fid='8' AND uid='35' LIMIT 1", "SELECT fid FROM mybb_forumsubscriptions WHERE fid='9' AND uid='26' LIMIT 1", "SELECT fid FROM mybb_forumsubscriptions WHERE fid='9' AND uid='27' LIMIT 1", "SELECT fid FROM mybb_forumsubscriptions WHERE fid='9' AND uid='30' LIMIT 1", "SELECT fid FROM mybb_posts WHERE pid = '44' LIMIT 1", "SELECT fid FROM mybb_posts WHERE pid = '46' LIMIT 1", "SELECT fid FROM mybb_threads WHERE tid = '0' LIMIT 1", "SELECT fid FROM mybb_threads WHERE tid = '1' LIMIT 1", "SELECT fid FROM mybb_threads WHERE tid = '10' LIMIT 1", "SELECT fid FROM mybb_threads WHERE tid = '13' LIMIT 1", "SELECT fid FROM mybb_threads WHERE tid = '14' LIMIT 1", "SELECT fid FROM mybb_threads WHERE tid = '16' LIMIT 1", "SELECT fid FROM mybb_threads WHERE tid = '17' LIMIT 1", "SELECT fid FROM mybb_threads WHERE tid = '19' LIMIT 1", "SELECT fid FROM mybb_threads WHERE tid = '21' LIMIT 1", "SELECT fid FROM mybb_threads WHERE tid = '3' LIMIT 1", "SELECT fid FROM mybb_threads WHERE tid = '4' LIMIT 1", "SELECT fid FROM mybb_threads WHERE tid = '5' LIMIT 1", "SELECT fid FROM mybb_threads WHERE tid = '7' LIMIT 1", "SELECT fid FROM mybb_threads WHERE tid = '8' LIMIT 1", "SELECT fid FROM mybb_threads WHERE tid = '9' LIMIT 1", "SELECT filter, fid FROM mybb_banfilters WHERE type='2'", "SELECT glog.*, @@hostname as hostname, @@port as port, database() as database_name  FROM mysql.gener", "SELECT imagestring FROM mybb_captcha WHERE imagehash='0e34c186d8940bd2aed303ccee246c75'", "SELECT imagestring FROM mybb_captcha WHERE imagehash='2d96f25651453a63ec10f39121931df5'", "SELECT imagestring FROM mybb_captcha WHERE imagehash='318cf75cb9346ae4504983ece96b2c5f'", "SELECT imagestring FROM mybb_captcha WHERE imagehash='563002acf2af9d3dfdc88a57180cc2dd'", "SELECT imagestring FROM mybb_captcha WHERE imagehash='89176e8f00d38aa0cbb3710c68eaad3d'", "SELECT imagestring FROM mybb_captcha WHERE imagehash='9241f6a6f500cd4cabf7b0ae02903986'", "SELECT ist.*, @@hostname as hostname, @@port as port FROM information_schema.tables as ist", "SELECT lastpost, tid, fid FROM mybb_threads WHERE visible=1 AND closed NOT LIKE 'moved|%' AND fid IN", "SELECT lastpost,fid FROM mybb_threads WHERE lastposteruid='26' AND tid='4' LIMIT 1", "SELECT lastpost,fid FROM mybb_threads WHERE lastposteruid='27' AND tid='1' LIMIT 1", "SELECT lastpost,fid FROM mybb_threads WHERE lastposteruid='27' AND tid='17' LIMIT 1", "SELECT lastpost,fid FROM mybb_threads WHERE lastposteruid='27' AND tid='4' LIMIT 1", "SELECT lastpost,fid FROM mybb_threads WHERE lastposteruid='32' AND tid='4' LIMIT 1", "SELECT lastpost,fid FROM mybb_threads WHERE lastposteruid='34' AND tid='1' LIMIT 1", "SELECT lastpost,fid FROM mybb_threads WHERE lastposteruid='34' AND tid='10' LIMIT 1", "SELECT lastpost,fid FROM mybb_threads WHERE lastposteruid='35' AND tid='10' LIMIT 1", "SELECT lastpost,fid FROM mybb_threads WHERE lastposteruid='35' AND tid='12' LIMIT 1", "SELECT lastpost,fid FROM mybb_threads WHERE lastposteruid='35' AND tid='14' LIMIT 1", "SELECT lastpost,fid FROM mybb_threads WHERE lastposteruid='37' AND tid='17' LIMIT 1", "SELECT lastpost,fid FROM mybb_threads WHERE lastposteruid='39' AND tid='16' LIMIT 1", "SELECT lastpost,fid FROM mybb_threads WHERE lastposteruid='39' AND tid='7' LIMIT 1", "SELECT lastpost,fid FROM mybb_threads WHERE lastposteruid='40' AND tid='21' LIMIT 1", "SELECT loginattempts,uid FROM mybb_users WHERE LOWER(username)='admin' LIMIT 1", "SELECT m.*, u.title\n\t\t\tFROM mybb_moderators m\n\t\t\tLEFT JOIN mybb_usergroups u ON (m.id=u.gid)\n\t\t\tWHER", "SELECT m.*, u.username, u.usergroup, u.displaygroup\n\t\t\tFROM mybb_moderators m\n\t\t\tLEFT JOIN mybb_user", "SELECT message, edittime, tid, fid, pid FROM mybb_posts WHERE pid IN(61,57,48,42,41,40,35,29,24,23,2", "SELECT mid, dateline FROM mybb_maillogs WHERE fromuid='31' AND dateline > '1502814248' ORDER BY date", "SELECT name, pid, tid, allowedgroups FROM mybb_themes WHERE pid != '0' ORDER BY pid, name", "SELECT nextrun FROM mybb_tasks WHERE enabled=1 ORDER BY nextrun ASC LIMIT 1", "SELECT p.*, u.username AS userusername\n\t\t\tFROM mybb_posts p\n\t\t\tLEFT JOIN mybb_users u ON (p.uid=u.ui", "SELECT p.pid FROM mybb_posts p WHERE p.tid='1' AND p.visible='1' ORDER BY p.dateline LIMIT 0, 10", "SELECT p.pid FROM mybb_posts p WHERE p.tid='13' AND p.visible='1' ORDER BY p.dateline LIMIT 0, 10", "SELECT p.pid FROM mybb_posts p WHERE p.tid='14' AND p.visible='1' ORDER BY p.dateline LIMIT 0, 10", "SELECT p.pid FROM mybb_posts p WHERE p.tid='16' AND p.visible='1' ORDER BY p.dateline LIMIT 0, 10", "SELECT p.pid FROM mybb_posts p WHERE p.tid='17' AND p.visible='1' ORDER BY p.dateline LIMIT 0, 10", "SELECT p.pid FROM mybb_posts p WHERE p.tid='3' AND p.visible='1' ORDER BY p.dateline LIMIT 0, 10", "SELECT p.pid FROM mybb_posts p WHERE p.tid='4' AND p.visible='1' ORDER BY p.dateline LIMIT 0, 10", "SELECT p.pid FROM mybb_posts p WHERE p.tid='5' AND p.visible='1' ORDER BY p.dateline LIMIT 0, 10", "SELECT p.pid FROM mybb_posts p WHERE p.tid='9' AND p.visible='1' ORDER BY p.dateline LIMIT 0, 10", "SELECT p.pid FROM mybb_posts p WHERE p.uid='27' AND p.fid='5' AND p.subject='Doesn\\'t anyone drink w", "SELECT p.pid FROM mybb_posts p WHERE p.uid='28' AND p.fid='5' AND p.subject='Creating Beer for Super", "SELECT p.pid FROM mybb_posts p WHERE p.uid='29' AND p.fid='11' AND p.subject='Brew Pi' AND p.message", "SELECT p.pid, p.message, p.tid, p.smilieoff, t.attachmentcount\n\t\tFROM mybb_posts p\n\t\tLEFT JOIN mybb_", "SELECT p.pid, p.visible FROM mybb_posts p WHERE p.uid='1' AND p.tid='1' AND p.subject='RE: Frank\\'s ", "SELECT p.pid, p.visible FROM mybb_posts p WHERE p.uid='27' AND p.tid='4' AND p.subject='RE: Did you ", "SELECT p.pid, p.visible FROM mybb_posts p WHERE p.uid='29' AND p.tid='5' AND p.subject='RE: Creating", "SELECT p.pid, p.visible FROM mybb_posts p WHERE p.uid='31' AND p.tid='9' AND p.subject='RE: Beard Ye", "SELECT p.pid, p.visible FROM mybb_posts p WHERE p.uid='33' AND p.tid='1' AND p.subject='RE: Frank\\'s", "SELECT p.pid, p.visible FROM mybb_posts p WHERE p.uid='35' AND p.tid='4' AND p.subject='RE: Did you ", "SELECT p.pid, p.visible FROM mybb_posts p WHERE p.uid='39' AND p.tid='16' AND p.subject='RE: frothly", "SELECT p.pid, p.visible FROM mybb_posts p WHERE p.uid='40' AND p.tid='21' AND p.subject='RE: cat fac", "SELECT p.subject, p.message, p.pid, p.tid, p.username, p.dateline, u.username AS userusername\n\t\t\t\tFR", "SELECT pid FROM mybb_posts WHERE pid='2'", "SELECT pid FROM mybb_posts WHERE pid='22'", "SELECT pid FROM mybb_posts WHERE tid = '14' AND pid != '33' ORDER BY pid DESC", "SELECT pid FROM mybb_posts WHERE tid = '17' AND pid != '46' ORDER BY pid DESC", "SELECT pid FROM mybb_posts WHERE tid='1' ORDER BY pid DESC LIMIT 1", "SELECT pid FROM mybb_posts WHERE tid='10' ORDER BY dateline ASC LIMIT 0, 1", "SELECT pid FROM mybb_posts WHERE tid='10' ORDER BY pid DESC LIMIT 1", "SELECT pid FROM mybb_posts WHERE tid='12' AND visible='1' ORDER BY dateline DESC LIMIT 10", "SELECT pid FROM mybb_posts WHERE tid='12' ORDER BY pid DESC LIMIT 1", "SELECT pid FROM mybb_posts WHERE tid='13' ORDER BY pid DESC LIMIT 1", "SELECT pid FROM mybb_posts WHERE tid='14' AND visible='1' ORDER BY dateline DESC LIMIT 10", "SELECT pid FROM mybb_posts WHERE tid='15' ORDER BY dateline ASC LIMIT 0, 1", "SELECT pid FROM mybb_posts WHERE tid='15' ORDER BY pid DESC LIMIT 1", "SELECT pid FROM mybb_posts WHERE tid='17' ORDER BY dateline ASC LIMIT 0, 1", "SELECT pid FROM mybb_posts WHERE tid='17' ORDER BY pid DESC LIMIT 1", "SELECT pid FROM mybb_posts WHERE tid='18' ORDER BY pid DESC LIMIT 1", "SELECT pid FROM mybb_posts WHERE tid='21' ORDER BY pid DESC LIMIT 1", "SELECT pid FROM mybb_posts WHERE tid='3' ORDER BY pid DESC LIMIT 1", "SELECT pid FROM mybb_posts WHERE tid='4' AND visible='1' ORDER BY dateline DESC LIMIT 10", "SELECT pid FROM mybb_posts WHERE tid='4' ORDER BY dateline ASC LIMIT 0, 1", "SELECT pid FROM mybb_posts WHERE tid='4' ORDER BY pid DESC LIMIT 1", "SELECT pid FROM mybb_posts WHERE tid='5' AND visible='1' ORDER BY dateline DESC LIMIT 10", "SELECT pid FROM mybb_posts WHERE tid='5' ORDER BY pid DESC LIMIT 1", "SELECT pid FROM mybb_posts WHERE tid='6' ORDER BY pid DESC LIMIT 1", "SELECT pid FROM mybb_posts WHERE tid=4  ORDER BY dateline DESC LIMIT 0, 1", "SELECT pid,message,visible FROM mybb_posts WHERE uid='40' AND tid='21' AND dateline='1502815924' ORD", "SELECT pm.subject, pm.pmid, fu.username AS fromusername, fu.uid AS fromuid\n\t\tFROM mybb_privatemessag", "SELECT pmid, deletetime FROM mybb_privatemessages WHERE folder='3' AND uid='0' AND pmid='0'", "SELECT pmid, deletetime FROM mybb_privatemessages WHERE folder='3' AND uid='31' AND pmid='0'", "SELECT q.*, s.sid\n\t\t\tFROM mybb_questionsessions s\n\t\t\tLEFT JOIN mybb_questions q ON (q.qid=s.qid)\n\t\t\t", "SELECT r.trx_wait_started AS wait_started, TIMEDIFF(NOW(), r.trx_wait_started) AS wait_age,\n       r", "SELECT replies,unapprovedposts,attachmentcount,deletedposts,attachmentcount FROM mybb_threads WHERE ", "SELECT s.*, t.*, t.username AS threadusername, u.username\n\t\t\tFROM mybb_threadsubscriptions s\n\t\t\tLEFT", "SELECT s.ip, s.uid, s.time, u.username, u.invisible, u.usergroup, u.displaygroup\n\t\t\tFROM mybb_sessio", "SELECT s.ip, s.uid, u.username, s.time, u.invisible, u.usergroup, u.usergroup, u.displaygroup\n\t\tFROM", "SELECT s.sid, s.ip, s.uid, s.time, s.location, s.location1, u.username, u.invisible, u.usergroup, u.", "SELECT s.sid, s.ip, s.uid, s.time, s.location, u.username, u.invisible, u.usergroup, u.displaygroup\n", "SELECT t.*, (t.totalratings/t.numratings) AS averagerating, t.username AS threadusername, u.username", "SELECT t.*, t.username AS threadusername, u.username\n\t\tFROM mybb_threads t\n\t\tLEFT JOIN mybb_users u ", "SELECT t.*, t.username AS threadusername, u.username, u.avatar, u.avatardimensions\n\t\t\tFROM mybb_thre", "SELECT table_schema as database_name , sum( data_length + index_length ) / 1024 / 1024 ", "SELECT template FROM mybb_templates WHERE title='attachment_icon' AND sid IN ('-2','-1','1') ORDER B", "SELECT template FROM mybb_templates WHERE title='postbit_icon' AND sid IN ('-2','-1','1') ORDER BY s", "SELECT template FROM mybb_templates WHERE title='postbit_reputation_formatted_link' AND sid IN ('-2'", "SELECT template FROM mybb_templates WHERE title='postbit_userstar' AND sid IN ('-2','-1','1') ORDER ", "SELECT threads, unapprovedthreads FROM mybb_forums WHERE fid = '12' LIMIT 1", "SELECT threads, unapprovedthreads FROM mybb_forums WHERE fid = '5' LIMIT 1", "SELECT threads,unapprovedthreads,posts,unapprovedposts,deletedposts,deletedthreads FROM mybb_forums ", "SELECT tid FROM mybb_threads WHERE deletetime != '0' AND deletetime < '1502813016'", "SELECT tid FROM mybb_threadsubscriptions WHERE tid='1' AND uid='1' LIMIT 1", "SELECT tid FROM mybb_threadsubscriptions WHERE tid='1' AND uid='28' LIMIT 1", "SELECT tid FROM mybb_threadsubscriptions WHERE tid='1' AND uid='31' LIMIT 1", "SELECT tid FROM mybb_threadsubscriptions WHERE tid='10' AND uid='34' LIMIT 1", "SELECT tid FROM mybb_threadsubscriptions WHERE tid='10' AND uid='35' LIMIT 1", "SELECT tid FROM mybb_threadsubscriptions WHERE tid='11' AND uid='26' LIMIT 1", "SELECT tid FROM mybb_threadsubscriptions WHERE tid='12' AND uid='27' LIMIT 1", "SELECT tid FROM mybb_threadsubscriptions WHERE tid='13' AND uid='27' LIMIT 1", "SELECT tid FROM mybb_threadsubscriptions WHERE tid='13' AND uid='35' LIMIT 1", "SELECT tid FROM mybb_threadsubscriptions WHERE tid='15' AND uid='33' LIMIT 1", "SELECT tid FROM mybb_threadsubscriptions WHERE tid='17' AND uid='27' LIMIT 1", "SELECT tid FROM mybb_threadsubscriptions WHERE tid='18' AND uid='35' LIMIT 1", "SELECT tid FROM mybb_threadsubscriptions WHERE tid='19' AND uid='39' LIMIT 1", "SELECT tid FROM mybb_threadsubscriptions WHERE tid='21' AND uid='40' LIMIT 1", "SELECT tid FROM mybb_threadsubscriptions WHERE tid='4' AND uid='26' LIMIT 1", "SELECT tid FROM mybb_threadsubscriptions WHERE tid='4' AND uid='27' LIMIT 1", "SELECT tid FROM mybb_threadsubscriptions WHERE tid='4' AND uid='31' LIMIT 1", "SELECT tid FROM mybb_threadsubscriptions WHERE tid='4' AND uid='35' LIMIT 1", "SELECT tid FROM mybb_threadsubscriptions WHERE tid='5' AND uid='29' LIMIT 1", "SELECT tid FROM mybb_threadsubscriptions WHERE tid='7' AND uid='27' LIMIT 1", "SELECT tid FROM mybb_threadsubscriptions WHERE tid='9' AND uid='33' LIMIT 1", "SELECT tid FROM mybb_threadsubscriptions WHERE tid='9' AND uid='34' LIMIT 1", "SELECT tid, lastpost, lastposter, lastposteruid, subject\n\t\tFROM mybb_threads\n\t\tWHERE fid='12' AND vi", "SELECT tid, lastpost, lastposter, lastposteruid, subject\n\t\tFROM mybb_threads\n\t\tWHERE fid='5' AND vis", "SELECT tid, lastpost, lastposter, lastposteruid, subject\n\t\tFROM mybb_threads\n\t\tWHERE fid='8' AND vis", "SELECT tid, uid FROM mybb_threadratings WHERE tid IN (17,14,4,18,12,1,13,5) AND uid = '36'", "SELECT tid,uid FROM mybb_posts WHERE uid='26' AND tid IN (13,1,12,4,5) AND visible='1'", "SELECT tid,uid FROM mybb_posts WHERE uid='26' AND tid IN (17,14,4,18,12,1,13,5) AND visible='1'", "SELECT tid,uid FROM mybb_posts WHERE uid='27' AND tid IN (1,4,14,13,12,5) AND visible='1'", "SELECT tid,uid FROM mybb_posts WHERE uid='27' AND tid IN (3) AND visible='1'", "SELECT tid,uid FROM mybb_posts WHERE uid='27' AND tid IN (6,2) AND visible='1'", "SELECT tid,uid FROM mybb_posts WHERE uid='27' AND tid IN (7) AND visible='1'", "SELECT tid,uid FROM mybb_posts WHERE uid='28' AND tid IN (5,1,4) AND visible='1'", "SELECT tid,uid FROM mybb_posts WHERE uid='29' AND tid IN (6,2) AND visible='1'", "SELECT tid,uid FROM mybb_posts WHERE uid='31' AND tid IN (10) AND visible='1'", "SELECT tid,uid FROM mybb_posts WHERE uid='31' AND tid IN (8)", "SELECT tid,uid FROM mybb_posts WHERE uid='32' AND tid IN (4,5,1) AND visible='1'", "SELECT tid,uid FROM mybb_posts WHERE uid='32' AND tid IN (5,4,1) AND visible='1'", "SELECT tid,uid FROM mybb_posts WHERE uid='33' AND tid IN (12,1,4,14,13,5) AND visible='1'", "SELECT tid,uid FROM mybb_posts WHERE uid='34' AND tid IN (9) AND visible='1'", "SELECT tid,uid FROM mybb_posts WHERE uid='35' AND tid IN (1,4,5) AND visible='1'", "SELECT tid,uid FROM mybb_posts WHERE uid='35' AND tid IN (10) AND visible='1'", "SELECT tid,uid FROM mybb_posts WHERE uid='35' AND tid IN (13,12,1,4,5) AND visible='1'", "SELECT tid,uid FROM mybb_posts WHERE uid='35' AND tid IN (14,18,4,1,17,12,13,5) AND visible='1'", "SELECT tid,uid FROM mybb_posts WHERE uid='35' AND tid IN (14,4,1,17,18,12,13,5) AND visible='1'", "SELECT tid,uid FROM mybb_posts WHERE uid='35' AND tid IN (4,1,17,14,18,12,13,5) AND visible='1'", "SELECT tid,uid FROM mybb_posts WHERE uid='35' AND tid IN (6,2) AND visible='1'", "SELECT tid,uid FROM mybb_posts WHERE uid='36' AND tid IN (11) AND visible='1'", "SELECT tid,uid FROM mybb_posts WHERE uid='36' AND tid IN (16,15,11) AND visible='1'", "SELECT tid,uid FROM mybb_posts WHERE uid='39' AND tid IN (14,18,4,1,17,12,13,5) AND visible='1'", "SELECT title,cache FROM mybb_datacache", "SELECT title,cache FROM mybb_datacache WHERE title='forums'", "SELECT title,template FROM mybb_templates WHERE title IN ('' ,'calendar_weekdayheader' ,'calendar_we", "SELECT title,template FROM mybb_templates WHERE title IN ('' ,'forumdisplay' ,'forumdisplay_thread' ", "SELECT title,template FROM mybb_templates WHERE title IN ('' ,'headerinclude' ,'header' ,'footer' ,'", "SELECT title,template FROM mybb_templates WHERE title IN ('' ,'index' ,'index_whosonline' ,'index_wh", "SELECT title,template FROM mybb_templates WHERE title IN ('' ,'member_register' ,'member_register_hi", "SELECT title,template FROM mybb_templates WHERE title IN ('' ,'newreply' ,'previewpost' ,'loginbox' ", "SELECT title,template FROM mybb_templates WHERE title IN ('' ,'newthread' ,'previewpost' ,'loginbox'", "SELECT title,template FROM mybb_templates WHERE title IN ('' ,'portal' ,'portal_welcome_membertext' ", "SELECT title,template FROM mybb_templates WHERE title IN ('' ,'postbit_editedby' ,'xmlhttp_buddysele", "SELECT title,template FROM mybb_templates WHERE title IN ('' ,'reputation_addlink' ,'reputation_no_v", "SELECT title,template FROM mybb_templates WHERE title IN ('' ,'search' ,'forumdisplay_thread_gotounr", "SELECT title,template FROM mybb_templates WHERE title IN ('' ,'showthread' ,'postbit' ,'postbit_auth", "SELECT title,template FROM mybb_templates WHERE title IN ('' ,'usercp' ,'usercp_nav' ,'usercp_profil", "SELECT u.*, f.*\n\t\t\t\tFROM mybb_users u\n\t\t\t\tLEFT JOIN mybb_userfields f ON (f.ufid=u.uid)\n\t\t\t\tWHERE u.", "SELECT u.*, f.*\n\t\t\tFROM mybb_users u\n\t\t\tLEFT JOIN mybb_userfields f ON (f.ufid=u.uid)\n\t\t\tWHERE u.uid", "SELECT u.*, f.*\n\t\tFROM mybb_users u\n\t\tLEFT JOIN mybb_userfields f ON (f.ufid=u.uid)\n\t\tWHERE 1=1 AND ", "SELECT u.*, u.username AS userusername, p.*, f.*, eu.username AS editusername\n\t\t\t\t\tFROM mybb_posts p", "SELECT u.*, u.username AS userusername, p.*, f.*, eu.username AS editusername\n\t\t\tFROM mybb_posts p\n\t", "SELECT u.uid, u.username, p.username AS postusername, p.dateline\n\t\tFROM mybb_posts p\n\t\tLEFT JOIN myb", "SELECT u.username, u.email, u.uid, u.language, u.loginkey, u.salt, u.regdate\n\t\t\t\t\tFROM mybb_forumsub", "SELECT u.username, u.email, u.uid, u.language, u.loginkey, u.salt, u.regdate, s.subscriptionkey, s.n", "SELECT uid FROM mybb_users WHERE LOWER(username)='bicycle everywhere' LIMIT 1", "SELECT uid FROM mybb_users WHERE LOWER(username)='bicycleeverywhere' LIMIT 1", "SELECT uid FROM mybb_users WHERE LOWER(username)='breadfrombeer' LIMIT 1", "SELECT uid FROM mybb_users WHERE LOWER(username)='davidherrald' LIMIT 1", "SELECT uid FROM mybb_users WHERE LOWER(username)='jlebaugh' LIMIT 1", "SELECT uid FROM mybb_users WHERE LOWER(username)='mjoseff' LIMIT 1", "SELECT uid FROM mybb_users WHERE LOWER(username)='seattleipa' LIMIT 1", "SELECT uid FROM mybb_users WHERE LOWER(username)='thedu' LIMIT 1", "SELECT uid FROM mybb_users WHERE LOWER(username)='thekingofbeers' LIMIT 1", "SELECT uid, moderationtime, suspensiontime FROM mybb_users WHERE (moderationtime!=0 AND moderationti", "SELECT uid, username FROM mybb_users ORDER BY regdate DESC LIMIT 1", "SELECT uid, username, usergroup, displaygroup, birthday, birthdayprivacy FROM mybb_users WHERE birth", "SELECT uid,username,password,salt,loginkey,coppauser,usergroup,loginattempts FROM mybb_users WHERE L", "SET NAMES latin1", "SET NAMES utf8", "SET SQL_MODE=IFNULL(@OLD_SQL_MODE,'')", "SET SQL_SELECT_LIMIT=1", "SET SQL_SELECT_LIMIT=10000", "SET SQL_SELECT_LIMIT=1000000", "SET autocommit=1", "SET character_set_results = NULL", "SHOW COLUMNS\n\t\t\tFROM mybb_users\n\t\t\tLIKE 'unreadpms'", "SHOW ERRORS", "StartTime=", "UNLOCK TABLES", "UPDATE mybb_attachments\n\t\t\tSET `pid`=13, `posthash`='' WHERE posthash='9ec81c9b8284454eb7422a0e4d860", "UPDATE mybb_attachments\n\t\t\tSET `pid`=25, `posthash`='' WHERE posthash='1f7fe6a2f88eaee48392871a86b21", "UPDATE mybb_attachments\n\t\t\tSET `pid`=39, `posthash`='' WHERE posthash='030308bfed8ee654936801defd698", "UPDATE mybb_attachments\n\t\t\tSET `pid`=41, `posthash`='' WHERE posthash='1c375aa4e1a3081e7bcfdef238b83", "UPDATE mybb_attachments\n\t\t\tSET `pid`=42, `posthash`='' WHERE posthash='5275ed699163d8f444ce18ace09fd", "UPDATE mybb_attachments\n\t\t\tSET `pid`=46, `posthash`='' WHERE posthash='7237544fc4e8ae14aa4fbf227b3f6", "UPDATE mybb_captcha\n\t\t\tSET `used`=1 WHERE imagehash='5ddf4760eb608020d5df8cd43f044c09'", "UPDATE mybb_captcha\n\t\t\tSET `used`=1 WHERE imagehash='90e202b446804da8a172fb68b8dad006'", "UPDATE mybb_captcha\n\t\t\tSET `used`=1 WHERE imagehash='958bcd71707a4f9b4211e8e418db3c94'", "UPDATE mybb_forums\n\t\t\tSET `lastpost`=1502813463, `lastposter`='frodo', `lastposteruid`=27, `lastpost", "UPDATE mybb_forums\n\t\t\tSET `lastpost`=1502813663, `lastposter`='wolverine', `lastposteruid`=28, `last", "UPDATE mybb_forums\n\t\t\tSET `lastpost`=1502813694, `lastposter`='jlebaugh', `lastposteruid`=30, `lastp", "UPDATE mybb_forums\n\t\t\tSET `lastpost`=1502813795, `lastposter`='mjoseff', `lastposteruid`=29, `lastpo", "UPDATE mybb_forums\n\t\t\tSET `lastpost`=1502814341, `lastposter`='breadfrombeer', `lastposteruid`=31, `", "UPDATE mybb_forums\n\t\t\tSET `lastpost`=1502814610, `lastposter`='raul_hormel', `lastposteruid`=34, `la", "UPDATE mybb_forums\n\t\t\tSET `lastpost`=1502814835, `lastposter`='frodo', `lastposteruid`=27, `lastpost", "UPDATE mybb_forums\n\t\t\tSET `lastpost`=1502814948, `lastposter`='thebeerbaiter', `lastposteruid`=35, `", "UPDATE mybb_forums\n\t\t\tSET `lastpost`=1502815097, `lastposter`='thebeerbaiter', `lastposteruid`=35, `", "UPDATE mybb_forums\n\t\t\tSET `lastpost`=1502815099, `lastposter`='Mayhem', `lastposteruid`=37, `lastpos", "UPDATE mybb_forums\n\t\t\tSET `lastpost`=1502815690, `lastposter`='frodo', `lastposteruid`=27, `lastpost", "UPDATE mybb_forums\n\t\t\tSET `lastpost`=1502815799, `lastposter`='frodo', `lastposteruid`=27, `lastpost", "UPDATE mybb_forums\n\t\t\tSET `lastpost`=1502815932, `lastposter`='frodo', `lastposteruid`=27, `lastpost", "UPDATE mybb_forums\n\t\t\tSET `posts`=19 WHERE fid='5'", "UPDATE mybb_forums\n\t\t\tSET `posts`=24 WHERE fid='5'", "UPDATE mybb_forums\n\t\t\tSET `posts`=25 WHERE fid='5'", "UPDATE mybb_forums\n\t\t\tSET `posts`=37 WHERE fid='5'", "UPDATE mybb_forums\n\t\t\tSET `posts`=40 WHERE fid='5'", "UPDATE mybb_forums\n\t\t\tSET `threads`=2, `posts`=2 WHERE fid='8'", "UPDATE mybb_forums\n\t\t\tSET `threads`=2, `posts`=3 WHERE fid='5'", "UPDATE mybb_sessions\n\t\t\tSET `uid`=0, `time`=1502406503, `location`='/search.php?&amp;action=do_searc", "UPDATE mybb_sessions\n\t\t\tSET `uid`=0, `time`=1502406555, `location`='/search.php?&amp;action=do_searc", "UPDATE mybb_sessions\n\t\t\tSET `uid`=0, `time`=1502406567, `location`='/search.php?&amp;action=do_searc", "UPDATE mybb_sessions\n\t\t\tSET `uid`=0, `time`=1502406618, `location`='/search.php?&amp;action=1%29%29%", "UPDATE mybb_sessions\n\t\t\tSET `uid`=0, `time`=1502406637, `location`='/search.php?&amp;action=do_searc", "UPDATE mybb_sessions\n\t\t\tSET `uid`=0, `time`=1502406639, `location`='/search.php?&amp;action=do_searc", "UPDATE mybb_sessions\n\t\t\tSET `uid`=0, `time`=1502406725, `location`='/search.php?', `useragent`='Mozi", "UPDATE mybb_sessions\n\t\t\tSET `uid`=0, `time`=1502409435, `location`='/member.php?&amp;action=do_login", "UPDATE mybb_sessions\n\t\t\tSET `uid`=0, `time`=1502813016, `location`='/forumdisplay.php?fid=9', `usera", "UPDATE mybb_sessions\n\t\t\tSET `uid`=0, `time`=1502813020, `location`='/forumdisplay.php?fid=5', `usera", "UPDATE mybb_sessions\n\t\t\tSET `uid`=0, `time`=1502813023, `location`='/showthread.php?tid=1', `userage", "UPDATE mybb_sessions\n\t\t\tSET `uid`=0, `time`=1502813099, `location`='/forumdisplay.php?fid=5', `usera", "UPDATE mybb_sessions\n\t\t\tSET `uid`=0, `time`=1502813177, `location`='/member.php?action=register', `u", "UPDATE mybb_sessions\n\t\t\tSET `uid`=0, `time`=1502813179, `location`='/member.php?&amp;action=register", "UPDATE mybb_sessions\n\t\t\tSET `uid`=0, `time`=1502813212, `location`='/member.php?&amp;action=do_regis", "UPDATE mybb_sessions\n\t\t\tSET `uid`=0, `time`=1502813360, `location`='/member.php?action=register', `u", "UPDATE mybb_sessions\n\t\t\tSET `uid`=0, `time`=1502813361, `location`='/member.php?action=register', `u", "UPDATE mybb_sessions\n\t\t\tSET `uid`=0, `time`=1502813363, `location`='/member.php?&amp;action=register", "UPDATE mybb_sessions\n\t\t\tSET `uid`=0, `time`=1502813364, `location`='/member.php?&amp;action=register", "UPDATE mybb_sessions\n\t\t\tSET `uid`=0, `time`=1502813467, `location`='/member.php?&amp;action=register", "UPDATE mybb_sessions\n\t\t\tSET `uid`=0, `time`=1502813502, `location`='/member.php?&amp;action=do_regis", "UPDATE mybb_sessions\n\t\t\tSET `uid`=0, `time`=1502813543, `location`='/member.php?action=register', `u", "UPDATE mybb_sessions\n\t\t\tSET `uid`=0, `time`=1502813545, `location`='/member.php?&amp;action=register", "UPDATE mybb_sessions\n\t\t\tSET `uid`=0, `time`=1502813546, `location`='/member.php?&amp;action=register", "UPDATE mybb_sessions\n\t\t\tSET `uid`=0, `time`=1502813604, `location`='/member.php?&amp;action=do_regis", "UPDATE mybb_sessions\n\t\t\tSET `uid`=0, `time`=1502813615, `location`='/member.php?&amp;action=register", "UPDATE mybb_sessions\n\t\t\tSET `uid`=0, `time`=1502813644, `location`='/member.php?&amp;action=do_regis", "UPDATE mybb_sessions\n\t\t\tSET `uid`=0, `time`=1502813746, `location`='/member.php?action=register', `u", "UPDATE mybb_sessions\n\t\t\tSET `uid`=0, `time`=1502813769, `location`='/member.php?&amp;action=register", "UPDATE mybb_sessions\n\t\t\tSET `uid`=0, `time`=1502814039, `location`='/member.php?action=register', `u", "UPDATE mybb_sessions\n\t\t\tSET `uid`=0, `time`=1502814041, `location`='/member.php?&amp;action=register", "UPDATE mybb_sessions\n\t\t\tSET `uid`=0, `time`=1502814079, `location`='/member.php?action=register', `u", "UPDATE mybb_sessions\n\t\t\tSET `uid`=0, `time`=1502814082, `location`='/member.php?&amp;action=register", "UPDATE mybb_sessions\n\t\t\tSET `uid`=0, `time`=1502814131, `location`='/member.php?action=register', `u", "UPDATE mybb_sessions\n\t\t\tSET `uid`=0, `time`=1502814144, `location`='/member.php?&amp;action=register", "UPDATE mybb_sessions\n\t\t\tSET `uid`=0, `time`=1502814149, `location`='/member.php?action=register', `u", "UPDATE mybb_sessions\n\t\t\tSET `uid`=0, `time`=1502814150, `location`='/member.php?&amp;action=register", "UPDATE mybb_sessions\n\t\t\tSET `uid`=0, `time`=1502814209, `location`='/index.php?', `useragent`='Mozil", "UPDATE mybb_sessions\n\t\t\tSET `uid`=0, `time`=1502814229, `location`='/member.php?&amp;action=do_regis", "UPDATE mybb_sessions\n\t\t\tSET `uid`=0, `time`=1502814231, `location`='/member.php?action=register', `u", "UPDATE mybb_sessions\n\t\t\tSET `uid`=0, `time`=1502814233, `location`='/member.php?&amp;action=register", "UPDATE mybb_sessions\n\t\t\tSET `uid`=0, `time`=1502814273, `location`='/member.php?&amp;action=register", "UPDATE mybb_sessions\n\t\t\tSET `uid`=0, `time`=1502814324, `location`='/member.php?', `useragent`='Mozi", "UPDATE mybb_sessions\n\t\t\tSET `uid`=0, `time`=1502814335, `location`='/member.php?&amp;action=do_login", "UPDATE mybb_sessions\n\t\t\tSET `uid`=0, `time`=1502814342, `location`='/member.php?action=register', `u", "UPDATE mybb_sessions\n\t\t\tSET `uid`=0, `time`=1502814344, `location`='/member.php?&amp;action=register", "UPDATE mybb_sessions\n\t\t\tSET `uid`=0, `time`=1502814372, `location`='/member.php?&amp;action=do_regis", "UPDATE mybb_sessions\n\t\t\tSET `uid`=0, `time`=1502814433, `location`='/member.php?&amp;action=do_regis", "UPDATE mybb_sessions\n\t\t\tSET `uid`=0, `time`=1502814492, `location`='/member.php?action=register', `u", "UPDATE mybb_sessions\n\t\t\tSET `uid`=0, `time`=1502814510, `location`='/member.php?&amp;action=register", "UPDATE mybb_sessions\n\t\t\tSET `uid`=0, `time`=1502814555, `location`='/member.php?action=logout&amp;lo", "UPDATE mybb_sessions\n\t\t\tSET `uid`=0, `time`=1502814562, `location`='/member.php?&amp;action=do_login", "UPDATE mybb_sessions\n\t\t\tSET `uid`=0, `time`=1502814576, `location`='/member.php?&amp;action=do_login", "UPDATE mybb_sessions\n\t\t\tSET `uid`=0, `time`=1502814601, `location`='/member.php?&amp;action=do_regis", "UPDATE mybb_sessions\n\t\t\tSET `uid`=0, `time`=1502814678, `location`='/member.php?action=register', `u", "UPDATE mybb_sessions\n\t\t\tSET `uid`=0, `time`=1502814680, `location`='/member.php?&amp;action=register", "UPDATE mybb_sessions\n\t\t\tSET `uid`=0, `time`=1502814944, `location`='/member.php?&amp;action=do_login", "UPDATE mybb_sessions\n\t\t\tSET `uid`=0, `time`=1502815038, `location`='/member.php?action=register', `u", "UPDATE mybb_sessions\n\t\t\tSET `uid`=0, `time`=1502815243, `location`='/member.php?&amp;action=do_login", "UPDATE mybb_sessions\n\t\t\tSET `uid`=0, `time`=1502815248, `location`='/member.php?action=register', `u", "UPDATE mybb_sessions\n\t\t\tSET `uid`=0, `time`=1502815250, `location`='/member.php?&amp;action=register", "UPDATE mybb_sessions\n\t\t\tSET `uid`=0, `time`=1502815346, `location`='/member.php?&amp;action=do_regis", "UPDATE mybb_sessions\n\t\t\tSET `uid`=0, `time`=1502815580, `location`='/member.php?action=register', `u", "UPDATE mybb_sessions\n\t\t\tSET `uid`=0, `time`=1502815582, `location`='/member.php?&amp;action=register", "UPDATE mybb_sessions\n\t\t\tSET `uid`=0, `time`=1502815993, `location`='/member.php?&amp;action=register", "UPDATE mybb_sessions\n\t\t\tSET `uid`=0, `time`=1502816253, `location`='/member.php?action=register', `u", "UPDATE mybb_sessions\n\t\t\tSET `uid`=26 WHERE sid = '65852d7e2d87a777c9e9936d96bcccbe'", "UPDATE mybb_sessions\n\t\t\tSET `uid`=26, `time`=1502813425, `location`='/newthread.php?fid=5&amp;proces", "UPDATE mybb_sessions\n\t\t\tSET `uid`=26, `time`=1502814652, `location`='/newreply.php?tid=4&amp;process", "UPDATE mybb_sessions\n\t\t\tSET `uid`=26, `time`=1502814690, `location`='/forumdisplay.php?fid=4', `user", "UPDATE mybb_sessions\n\t\t\tSET `uid`=26, `time`=1502814767, `location`='/forumdisplay.php?fid=9', `user", "UPDATE mybb_sessions\n\t\t\tSET `uid`=26, `time`=1502815147, `location`='/showthread.php?tid=18', `usera", "UPDATE mybb_sessions\n\t\t\tSET `uid`=27, `time`=1502813400, `location`='/index.php?', `useragent`='Mozi", "UPDATE mybb_sessions\n\t\t\tSET `uid`=27, `time`=1502813489, `location`='/forumdisplay.php?fid=9', `user", "UPDATE mybb_sessions\n\t\t\tSET `uid`=27, `time`=1502813491, `location`='/showthread.php?tid=3', `userag", "UPDATE mybb_sessions\n\t\t\tSET `uid`=27, `time`=1502813717, `location`='/forumdisplay.php?fid=4', `user", "UPDATE mybb_sessions\n\t\t\tSET `uid`=27, `time`=1502813985, `location`='/newreply.php?ajax=1&amp;action", "UPDATE mybb_sessions\n\t\t\tSET `uid`=27, `time`=1502814004, `location`='/forumdisplay.php?fid=8', `user", "UPDATE mybb_sessions\n\t\t\tSET `uid`=27, `time`=1502814086, `location`='/showthread.php?tid=1', `userag", "UPDATE mybb_sessions\n\t\t\tSET `uid`=27, `time`=1502814205, `location`='/forumdisplay.php?fid=5', `user", "UPDATE mybb_sessions\n\t\t\tSET `uid`=27, `time`=1502814536, `location`='/showthread.php?tid=13', `usera", "UPDATE mybb_sessions\n\t\t\tSET `uid`=27, `time`=1502814837, `location`='/forumdisplay.php?fid=5', `user", "UPDATE mybb_sessions\n\t\t\tSET `uid`=27, `time`=1502814843, `location`='/showthread.php?tid=4', `userag", "UPDATE mybb_sessions\n\t\t\tSET `uid`=27, `time`=1502814894, `location`='/forumdisplay.php?fid=5', `user", "UPDATE mybb_sessions\n\t\t\tSET `uid`=27, `time`=1502815000, `location`='/newthread.php?fid=5&amp;proces", "UPDATE mybb_sessions\n\t\t\tSET `uid`=27, `time`=1502815014, `location`='/showthread.php?tid=14', `usera", "UPDATE mybb_sessions\n\t\t\tSET `uid`=27, `time`=1502815088, `location`='/reputation.php?action=add&amp;", "UPDATE mybb_sessions\n\t\t\tSET `uid`=27, `time`=1502815472, `location`='/forumdisplay.php?fid=5', `user", "UPDATE mybb_sessions\n\t\t\tSET `uid`=27, `time`=1502815720, `location`='/showthread.php?tid=4', `userag", "UPDATE mybb_sessions\n\t\t\tSET `uid`=27, `time`=1502815731, `location`='/forumdisplay.php?fid=5', `user", "UPDATE mybb_sessions\n\t\t\tSET `uid`=27, `time`=1502816285, `location`='/forumdisplay.php?fid=5', `user", "UPDATE mybb_sessions\n\t\t\tSET `uid`=28, `time`=1502813665, `location`='/forumdisplay.php?fid=5', `user", "UPDATE mybb_sessions\n\t\t\tSET `uid`=28, `time`=1502813851, `location`='/showthread.php?tid=5', `userag", "UPDATE mybb_sessions\n\t\t\tSET `uid`=28, `time`=1502813921, `location`='/index.php?', `useragent`='Mozi", "UPDATE mybb_sessions\n\t\t\tSET `uid`=28, `time`=1502813949, `location`='/showthread.php?tid=7', `userag", "UPDATE mybb_sessions\n\t\t\tSET `uid`=28, `time`=1502814071, `location`='/member.php?action=profile&amp;", "UPDATE mybb_sessions\n\t\t\tSET `uid`=28, `time`=1502815518, `location`='/showthread.php?tid=13', `usera", "UPDATE mybb_sessions\n\t\t\tSET `uid`=29, `time`=1502813615, `location`='/forumdisplay.php?fid=5', `user", "UPDATE mybb_sessions\n\t\t\tSET `uid`=29, `time`=1502813675, `location`='/newreply.php?tid=5&amp;process", "UPDATE mybb_sessions\n\t\t\tSET `uid`=29, `time`=1502813795, `location`='/newthread.php?fid=7&amp;proces", "UPDATE mybb_sessions\n\t\t\tSET `uid`=29, `time`=1502813798, `location`='/forumdisplay.php?fid=7', `user", "UPDATE mybb_sessions\n\t\t\tSET `uid`=29, `time`=1502813810, `location`='/forumdisplay.php?fid=8', `user", "UPDATE mybb_sessions\n\t\t\tSET `uid`=29, `time`=1502814084, `location`='/forumdisplay.php?fid=12', `use", "UPDATE mybb_sessions\n\t\t\tSET `uid`=30, `time`=1502813722, `location`='/forumdisplay.php?fid=5', `user", "UPDATE mybb_sessions\n\t\t\tSET `uid`=31, `time`=1502813810, `location`='/index.php?', `useragent`='Mozi", "UPDATE mybb_sessions\n\t\t\tSET `uid`=31, `time`=1502814091, `location`='/newreply.php?tid=9&amp;replyto", "UPDATE mybb_sessions\n\t\t\tSET `uid`=31, `time`=1502814122, `location`='/newreply.php?tid=9&amp;process", "UPDATE mybb_sessions\n\t\t\tSET `uid`=31, `time`=1502814154, `location`='/private.php?action=read&amp;pm", "UPDATE mybb_sessions\n\t\t\tSET `uid`=31, `time`=1502814231, `location`='/member.php?action=profile&amp;", "UPDATE mybb_sessions\n\t\t\tSET `uid`=31, `time`=1502814480, `location`='/forumdisplay.php?fid=4', `user", "UPDATE mybb_sessions\n\t\t\tSET `uid`=31, `time`=1502814548, `location`='/member.php?action=emailuser&am", "UPDATE mybb_sessions\n\t\t\tSET `uid`=31, `time`=1502814580, `location`='/showthread.php?tid=4', `userag", "UPDATE mybb_sessions\n\t\t\tSET `uid`=31, `time`=1502814591, `location`='/newreply.php?tid=4&amp;replyto", "UPDATE mybb_sessions\n\t\t\tSET `uid`=31, `time`=1502814735, `location`='/newreply.php?ajax=1&amp;action", "UPDATE mybb_sessions\n\t\t\tSET `uid`=31, `time`=1502814735, `location`='/showthread.php?tid=4&amp;actio", "UPDATE mybb_sessions\n\t\t\tSET `uid`=31, `time`=1502814745, `location`='/index.php?', `useragent`='Mozi", "UPDATE mybb_sessions\n\t\t\tSET `uid`=31, `time`=1502814748, `location`='/forumdisplay.php?fid=7', `user", "UPDATE mybb_sessions\n\t\t\tSET `uid`=31, `time`=1502814777, `location`='/index.php?', `useragent`='Mozi", "UPDATE mybb_sessions\n\t\t\tSET `uid`=32, `time`=1502814279, `location`='/forumdisplay.php?fid=5', `user", "UPDATE mybb_sessions\n\t\t\tSET `uid`=33, `time`=1502814546, `location`='/showthread.php?tid=4', `userag", "UPDATE mybb_sessions\n\t\t\tSET `uid`=33, `time`=1502814563, `location`='/forumdisplay.php?fid=10', `use", "UPDATE mybb_sessions\n\t\t\tSET `uid`=33, `time`=1502814595, `location`='/index.php?', `useragent`='Mozi", "UPDATE mybb_sessions\n\t\t\tSET `uid`=33, `time`=1502814610, `location`='/index.php?', `useragent`='Mozi", "UPDATE mybb_sessions\n\t\t\tSET `uid`=33, `time`=1502815044, `location`='/newreply.php?tid=17', `userage", "UPDATE mybb_sessions\n\t\t\tSET `uid`=34, `time`=1502814610, `location`='/newreply.php?ajax=1&amp;action", "UPDATE mybb_sessions\n\t\t\tSET `uid`=34, `time`=1502814663, `location`='/search.php?action=getnew', `us", "UPDATE mybb_sessions\n\t\t\tSET `uid`=34, `time`=1502814666, `location`='/search.php?action=results&amp;", "UPDATE mybb_sessions\n\t\t\tSET `uid`=34, `time`=1502814798, `location`='/newreply.php?ajax=1&amp;action", "UPDATE mybb_sessions\n\t\t\tSET `uid`=34, `time`=1502815028, `location`='/search.php?action=getnew', `us", "UPDATE mybb_sessions\n\t\t\tSET `uid`=34, `time`=1502815031, `location`='/search.php?action=results&amp;", "UPDATE mybb_sessions\n\t\t\tSET `uid`=34, `time`=1502815107, `location`='/index.php?', `useragent`='Mozi", "UPDATE mybb_sessions\n\t\t\tSET `uid`=34, `time`=1502815164, `location`='/reputation.php?&amp;action=do_", "UPDATE mybb_sessions\n\t\t\tSET `uid`=34, `time`=1502815175, `location`='/misc.php?action=buddypopup', `", "UPDATE mybb_sessions\n\t\t\tSET `uid`=35, `time`=1502814375, `location`='/index.php?', `useragent`='Mozi", "UPDATE mybb_sessions\n\t\t\tSET `uid`=35, `time`=1502814378, `location`='/forumdisplay.php?fid=5', `user", "UPDATE mybb_sessions\n\t\t\tSET `uid`=35, `time`=1502814470, `location`='/newreply.php?tid=12&amp;proces", "UPDATE mybb_sessions\n\t\t\tSET `uid`=35, `time`=1502814705, `location`='/showthread.php?tid=4&amp;actio", "UPDATE mybb_sessions\n\t\t\tSET `uid`=35, `time`=1502814808, `location`='/newreply.php?ajax=1&amp;action", "UPDATE mybb_sessions\n\t\t\tSET `uid`=35, `time`=1502814822, `location`='/forumdisplay.php?fid=5', `user", "UPDATE mybb_sessions\n\t\t\tSET `uid`=35, `time`=1502814883, `location`='/forumdisplay.php?fid=4', `user", "UPDATE mybb_sessions\n\t\t\tSET `uid`=35, `time`=1502814948, `location`='/newreply.php?ajax=1&amp;action", "UPDATE mybb_sessions\n\t\t\tSET `uid`=35, `time`=1502815248, `location`='/showthread.php?tid=18', `usera", "UPDATE mybb_sessions\n\t\t\tSET `uid`=35, `time`=1502815661, `location`='/newreply.php?tid=10&amp;proces", "UPDATE mybb_sessions\n\t\t\tSET `uid`=35, `time`=1502815663, `location`='/forumdisplay.php?fid=11', `use", "UPDATE mybb_sessions\n\t\t\tSET `uid`=35, `time`=1502815667, `location`='/forumdisplay.php?fid=12', `use", "UPDATE mybb_sessions\n\t\t\tSET `uid`=35, `time`=1502815808, `location`='/forumdisplay.php?fid=5', `user", "UPDATE mybb_sessions\n\t\t\tSET `uid`=36, `time`=1502814482, `location`='/index.php?', `useragent`='Mozi", "UPDATE mybb_sessions\n\t\t\tSET `uid`=36, `time`=1502814673, `location`='/showthread.php?tid=9', `userag", "UPDATE mybb_sessions\n\t\t\tSET `uid`=36, `time`=1502814699, `location`='/forumdisplay.php?fid=5', `user", "UPDATE mybb_sessions\n\t\t\tSET `uid`=36, `time`=1502815452, `location`='/forumdisplay.php?fid=12', `use", "UPDATE mybb_sessions\n\t\t\tSET `uid`=36, `time`=1502815485, `location`='/showthread.php?tid=16', `usera", "UPDATE mybb_sessions\n\t\t\tSET `uid`=36, `time`=1502815882, `location`='/forumdisplay.php?fid=5', `user", "UPDATE mybb_sessions\n\t\t\tSET `uid`=37, `time`=1502815010, `location`='/newthread.php?fid=5&amp;proces", "UPDATE mybb_sessions\n\t\t\tSET `uid`=37, `time`=1502815024, `location`='/forumdisplay.php?fid=5', `user", "UPDATE mybb_sessions\n\t\t\tSET `uid`=37, `time`=1502815100, `location`='/showthread.php?tid=17&amp;pid=", "UPDATE mybb_sessions\n\t\t\tSET `uid`=37, `time`=1502815757, `location`='/forumdisplay.php?fid=8', `user", "UPDATE mybb_sessions\n\t\t\tSET `uid`=38, `time`=1502814768, `location`='/index.php?', `useragent`='Mozi", "UPDATE mybb_sessions\n\t\t\tSET `uid`=38, `time`=1502814806, `location`='/newreply.php?tid=1&amp;replyto", "UPDATE mybb_sessions\n\t\t\tSET `uid`=38, `time`=1502814868, `location`='/forumdisplay.php?fid=5', `user", "UPDATE mybb_sessions\n\t\t\tSET `uid`=39, `time`=1502815349, `location`='/index.php?', `useragent`='Mozi", "UPDATE mybb_sessions\n\t\t\tSET `uid`=39, `time`=1502815358, `location`='/showthread.php?tid=19', `usera", "UPDATE mybb_sessions\n\t\t\tSET `uid`=39, `time`=1502815500, `location`='/showthread.php?tid=16', `usera", "UPDATE mybb_sessions\n\t\t\tSET `uid`=39, `time`=1502815920, `location`='/forumdisplay.php?fid=5', `user", "UPDATE mybb_sessions\n\t\t\tSET `uid`=39, `time`=1502815930, `location`='/showthread.php?tid=12', `usera", "UPDATE mybb_sessions\n\t\t\tSET `uid`=39, `time`=1502816040, `location`='/showthread.php?tid=5&amp;pid=6", "UPDATE mybb_sessions\n\t\t\tSET `uid`=40, `time`=1502816238, `location`='/showthread.php?tid=21&amp;acti", "UPDATE mybb_tasks\n\t\t\tSET `lastrun`=1502813010, `locked`=0 WHERE tid='3'", "UPDATE mybb_tasks\n\t\t\tSET `lastrun`=1502813021, `locked`=0 WHERE tid='5'", "UPDATE mybb_tasks\n\t\t\tSET `nextrun`=1502814300 WHERE tid='5'", "UPDATE mybb_tasks\n\t\t\tSET `nextrun`=1502816700 WHERE tid='5'", "UPDATE mybb_tasks\n\t\t\tSET `nextrun`=1502841600 WHERE tid='11'", "UPDATE mybb_tasks\n\t\t\tSET `nextrun`=1502841600 WHERE tid='2'", "UPDATE mybb_threads\n\t\t\tSET `firstpost`=14 WHERE tid='8'", "UPDATE mybb_threads\n\t\t\tSET `firstpost`=41 WHERE tid='17'", "UPDATE mybb_threads\n\t\t\tSET `firstpost`=5 WHERE tid='4'", "UPDATE mybb_threads\n\t\t\tSET `lastpost`=1502813694, `lastposter`='jlebaugh', `lastposteruid`=30 WHERE ", "UPDATE mybb_threads\n\t\t\tSET `lastpost`=1502814173, `lastposter`='mjoseff', `lastposteruid`=29 WHERE t", "UPDATE mybb_threads\n\t\t\tSET `lastpost`=1502814735, `lastposter`='breadfrombeer', `lastposteruid`=31 W", "UPDATE mybb_threads\n\t\t\tSET `lastpost`=1502814808, `lastposter`='thebeerbaiter', `lastposteruid`=35 W", "UPDATE mybb_threads\n\t\t\tSET `lastpost`=1502814853, `lastposter`='starland_vocal_band', `lastposteruid", "UPDATE mybb_threads\n\t\t\tSET `lastpost`=1502814924, `lastposter`='frodo', `lastposteruid`=27 WHERE tid", "UPDATE mybb_threads\n\t\t\tSET `lastpost`=1502815482, `lastposter`='seattleipa', `lastposteruid`=39 WHER", "UPDATE mybb_threads\n\t\t\tSET `lastpost`=1502815690, `lastposter`='frodo', `lastposteruid`=27 WHERE tid", "UPDATE mybb_threads\n\t\t\tSET `lastpost`=1502815806, `lastposter`='thebeerbaiter', `lastposteruid`=35 W", "UPDATE mybb_threads\n\t\t\tSET `poll`=1 WHERE tid='8'", "UPDATE mybb_threads\n\t\t\tSET `replies`=1 WHERE tid='12'", "UPDATE mybb_threads\n\t\t\tSET `replies`=1 WHERE tid='7'", "UPDATE mybb_threads\n\t\t\tSET `replies`=2 WHERE tid='14'", "UPDATE mybb_threads\n\t\t\tSET `replies`=4 WHERE tid='10'", "UPDATE mybb_threads\n\t\t\tSET `replies`=4 WHERE tid='4'", "UPDATE mybb_threads\n\t\t\tSET `replies`=5 WHERE tid='4'", "UPDATE mybb_threads SET views=views+1 WHERE tid='1'", "UPDATE mybb_threads SET views=views+1 WHERE tid='10'", "UPDATE mybb_threads SET views=views+1 WHERE tid='12'", "UPDATE mybb_threads SET views=views+1 WHERE tid='13'", "UPDATE mybb_threads SET views=views+1 WHERE tid='14'", "UPDATE mybb_threads SET views=views+1 WHERE tid='16'", "UPDATE mybb_threads SET views=views+1 WHERE tid='17'", "UPDATE mybb_threads SET views=views+1 WHERE tid='3'", "UPDATE mybb_threads SET views=views+1 WHERE tid='4'", "UPDATE mybb_threads SET views=views+1 WHERE tid='5'", "UPDATE mybb_threads SET views=views+1 WHERE tid='6'", "UPDATE mybb_threads SET views=views+1 WHERE tid='7'", "UPDATE mybb_threads SET views=views+1 WHERE tid='8'", "UPDATE mybb_threads SET views=views+1 WHERE tid='9'", "UPDATE mybb_users\n\t\t\tSET `buddylist`=31 WHERE uid='28'", "UPDATE mybb_users\n\t\t\tSET `lastpost`='1502813431', `postnum`=postnum+1, `threadnum`=threadnum+1 WHERE", "UPDATE mybb_users\n\t\t\tSET `lastpost`='1502813579', `postnum`=postnum+1, `threadnum`=threadnum+1 WHERE", "UPDATE mybb_users\n\t\t\tSET `lastpost`='1502814004', `postnum`=postnum+1, `threadnum`=threadnum+1 WHERE", "UPDATE mybb_users\n\t\t\tSET `lastpost`='1502814122', `postnum`=postnum+1 WHERE uid='31' LIMIT 1", "UPDATE mybb_users\n\t\t\tSET `lastpost`='1502814341', `postnum`=postnum+1 WHERE uid='31' LIMIT 1", "UPDATE mybb_users\n\t\t\tSET `lastpost`='1502814866', `postnum`=postnum+1 WHERE uid='38' LIMIT 1", "UPDATE mybb_users\n\t\t\tSET `lastpost`='1502815000', `postnum`=postnum+1, `threadnum`=threadnum+1 WHERE", "UPDATE mybb_users\n\t\t\tSET `lastpost`='1502815074', `postnum`=postnum+1 WHERE uid='33' LIMIT 1", "UPDATE mybb_users\n\t\t\tSET `lastpost`='1502815223', `postnum`=postnum+1, `threadnum`=threadnum+1 WHERE", "UPDATE mybb_users\n\t\t\tSET `lastpost`='1502815403', `postnum`=postnum+1 WHERE uid='37' LIMIT 1", "UPDATE mybb_users\n\t\t\tSET `lastpost`='1502815430', `postnum`=postnum+1 WHERE uid='27' LIMIT 1", "UPDATE mybb_users\n\t\t\tSET `lastpost`='1502815661', `postnum`=postnum+1 WHERE uid='35' LIMIT 1", "UPDATE mybb_users\n\t\t\tSET `lastpost`='1502815799', `postnum`=postnum+1 WHERE uid='27' LIMIT 1", "UPDATE mybb_users\n\t\t\tSET `loginattempts`=loginattempts+1 WHERE uid='0' LIMIT 1", "UPDATE mybb_users\n\t\t\tSET `pmnotice`=2 WHERE uid='28'", "UPDATE mybb_users\n\t\t\tSET `totalpms`=1, `unreadpms`=0 WHERE uid='31'", "UPDATE mybb_users\n\t\t\tSET `totalpms`=1, `unreadpms`=1 WHERE uid='28'", "UPDATE mybb_users SET lastactive='1502813353', timeonline=timeonline+72 WHERE uid='26'", "UPDATE mybb_users SET lastactive='1502813400', timeonline=timeonline+3, lastip=X'627427ec' WHERE uid", "UPDATE mybb_users SET lastactive='1502813482', timeonline=timeonline+12 WHERE uid='27'", "UPDATE mybb_users SET lastactive='1502813505', timeonline=timeonline+3, lastip=X'62b19056' WHERE uid", "UPDATE mybb_users SET lastactive='1502813509', timeonline=timeonline+78 WHERE uid='26'", "UPDATE mybb_users SET lastactive='1502813579', timeonline=timeonline+63 WHERE uid='28'", "UPDATE mybb_users SET lastactive='1502813605', timeonline=timeonline+3 WHERE uid='27'", "UPDATE mybb_users SET lastactive='1502813607', timeonline=timeonline+2 WHERE uid='27'", "UPDATE mybb_users SET lastactive='1502813620', timeonline=timeonline+4 WHERE uid='27'", "UPDATE mybb_users SET lastactive='1502813646', timeonline=timeonline+19 WHERE uid='28'", "UPDATE mybb_users SET lastactive='1502813654', timeonline=timeonline+4 WHERE uid='30'", "UPDATE mybb_users SET lastactive='1502813663', timeonline=timeonline+17 WHERE uid='28'", "UPDATE mybb_users SET lastactive='1502813665', timeonline=timeonline+2 WHERE uid='28'", "UPDATE mybb_users SET lastactive='1502813675', timeonline=timeonline+22 WHERE uid='29'", "UPDATE mybb_users SET lastactive='1502813710', timeonline=timeonline+68 WHERE uid='27'", "UPDATE mybb_users SET lastactive='1502813868', timeonline=timeonline+3 WHERE uid='30'", "UPDATE mybb_users SET lastactive='1502813882', timeonline=timeonline+11 WHERE uid='27'", "UPDATE mybb_users SET lastactive='1502813936', timeonline=timeonline+6 WHERE uid='29'", "UPDATE mybb_users SET lastactive='1502813942', timeonline=timeonline+2 WHERE uid='29'", "UPDATE mybb_users SET lastactive='1502813947', timeonline=timeonline+11 WHERE uid='28'", "UPDATE mybb_users SET lastactive='1502814004', timeonline=timeonline+11 WHERE uid='27'", "UPDATE mybb_users SET lastactive='1502814048', timeonline=timeonline+119 WHERE uid='31'", "UPDATE mybb_users SET lastactive='1502814086', timeonline=timeonline+56 WHERE uid='27'", "UPDATE mybb_users SET lastactive='1502814164', timeonline=timeonline+11 WHERE uid='32'", "UPDATE mybb_users SET lastactive='1502814174', timeonline=timeonline+4 WHERE uid='31'", "UPDATE mybb_users SET lastactive='1502814176', timeonline=timeonline+9 WHERE uid='27'", "UPDATE mybb_users SET lastactive='1502814212', timeonline=timeonline+31 WHERE uid='31'", "UPDATE mybb_users SET lastactive='1502814213', timeonline=timeonline+8 WHERE uid='27'", "UPDATE mybb_users SET lastactive='1502814249', timeonline=timeonline+18 WHERE uid='33'", "UPDATE mybb_users SET lastactive='1502814343', timeonline=timeonline+2 WHERE uid='31'", "UPDATE mybb_users SET lastactive='1502814378', timeonline=timeonline+3 WHERE uid='35'", "UPDATE mybb_users SET lastactive='1502814432', timeonline=timeonline+174 WHERE uid='33'", "UPDATE mybb_users SET lastactive='1502814468', timeonline=timeonline+2 WHERE uid='35'", "UPDATE mybb_users SET lastactive='1502814479', timeonline=timeonline+2 WHERE uid='35'", "UPDATE mybb_users SET lastactive='1502814510', timeonline=timeonline+19 WHERE uid='33'", "UPDATE mybb_users SET lastactive='1502814535', timeonline=timeonline+25 WHERE uid='33'", "UPDATE mybb_users SET lastactive='1502814536', timeonline=timeonline+4 WHERE uid='27'", "UPDATE mybb_users SET lastactive='1502814551', timeonline=timeonline+5 WHERE uid='27'", "UPDATE mybb_users SET lastactive='1502814565', timeonline=timeonline+2 WHERE uid='33'", "UPDATE mybb_users SET lastactive='1502814574', timeonline=timeonline+2 WHERE uid='31'", "UPDATE mybb_users SET lastactive='1502814590', timeonline=timeonline+11 WHERE uid='26'", "UPDATE mybb_users SET lastactive='1502814593', timeonline=timeonline+16 WHERE uid='27'", "UPDATE mybb_users SET lastactive='1502814595', timeonline=timeonline+30 WHERE uid='33'", "UPDATE mybb_users SET lastactive='1502814601', timeonline=timeonline+6 WHERE uid='33'", "UPDATE mybb_users SET lastactive='1502814627', timeonline=timeonline+17 WHERE uid='34'", "UPDATE mybb_users SET lastactive='1502814632', timeonline=timeonline+12 WHERE uid='37'", "UPDATE mybb_users SET lastactive='1502814633', timeonline=timeonline+4 WHERE uid='33'", "UPDATE mybb_users SET lastactive='1502814655', timeonline=timeonline+62 WHERE uid='27'", "UPDATE mybb_users SET lastactive='1502814674', timeonline=timeonline+5 WHERE uid='37'", "UPDATE mybb_users SET lastactive='1502814682', timeonline=timeonline+4 WHERE uid='26'", "UPDATE mybb_users SET lastactive='1502814693', timeonline=timeonline+3 WHERE uid='26'", "UPDATE mybb_users SET lastactive='1502814696', timeonline=timeonline+20 WHERE uid='34'", "UPDATE mybb_users SET lastactive='1502814715', timeonline=timeonline+13 WHERE uid='26'", "UPDATE mybb_users SET lastactive='1502814721', timeonline=timeonline+3 WHERE uid='26'", "UPDATE mybb_users SET lastactive='1502814723', timeonline=timeonline+5 WHERE uid='35'", "UPDATE mybb_users SET lastactive='1502814742', timeonline=timeonline+8 WHERE uid='34'", "UPDATE mybb_users SET lastactive='1502814745', timeonline=timeonline+10 WHERE uid='31'", "UPDATE mybb_users SET lastactive='1502814777', timeonline=timeonline+4 WHERE uid='31'", "UPDATE mybb_users SET lastactive='1502814798', timeonline=timeonline+56 WHERE uid='34'", "UPDATE mybb_users SET lastactive='1502814843', timeonline=timeonline+21 WHERE uid='35'", "UPDATE mybb_users SET lastactive='1502814853', timeonline=timeonline+220 WHERE uid='33'", "UPDATE mybb_users SET lastactive='1502814860', timeonline=timeonline+17 WHERE uid='27'", "UPDATE mybb_users SET lastactive='1502814868', timeonline=timeonline+2 WHERE uid='38'", "UPDATE mybb_users SET lastactive='1502814883', timeonline=timeonline+3 WHERE uid='35'", "UPDATE mybb_users SET lastactive='1502814900', timeonline=timeonline+6 WHERE uid='27'", "UPDATE mybb_users SET lastactive='1502814954', timeonline=timeonline+7 WHERE uid='34'", "UPDATE mybb_users SET lastactive='1502814958', timeonline=timeonline+4 WHERE uid='35'", "UPDATE mybb_users SET lastactive='1502814963', timeonline=timeonline+243 WHERE uid='36'", "UPDATE mybb_users SET lastactive='1502815010', timeonline=timeonline+336 WHERE uid='37'", "UPDATE mybb_users SET lastactive='1502815021', timeonline=timeonline+11 WHERE uid='37'", "UPDATE mybb_users SET lastactive='1502815086', timeonline=timeonline+9 WHERE uid='33'", "UPDATE mybb_users SET lastactive='1502815088', timeonline=timeonline+21 WHERE uid='27'", "UPDATE mybb_users SET lastactive='1502815107', timeonline=timeonline+7 WHERE uid='34'", "UPDATE mybb_users SET lastactive='1502815115', timeonline=timeonline+5 WHERE uid='33'", "UPDATE mybb_users SET lastactive='1502815128', timeonline=timeonline+16 WHERE uid='27'", "UPDATE mybb_users SET lastactive='1502815131', timeonline=timeonline+3 WHERE uid='27'", "UPDATE mybb_users SET lastactive='1502815133', timeonline=timeonline+1 WHERE uid='35'", "UPDATE mybb_users SET lastactive='1502815142', timeonline=timeonline+4 WHERE uid='27'", "UPDATE mybb_users SET lastactive='1502815170', timeonline=timeonline+11 WHERE uid='37'", "UPDATE mybb_users SET lastactive='1502815192', timeonline=timeonline+16 WHERE uid='26'", "UPDATE mybb_users SET lastactive='1502815199', timeonline=timeonline+1 WHERE uid='26'", "UPDATE mybb_users SET lastactive='1502815300', timeonline=timeonline+52 WHERE uid='35'", "UPDATE mybb_users SET lastactive='1502815358', timeonline=timeonline+2 WHERE uid='39'", "UPDATE mybb_users SET lastactive='1502815477', timeonline=timeonline+5 WHERE uid='27'", "UPDATE mybb_users SET lastactive='1502815518', timeonline=timeonline+6 WHERE uid='28'", "UPDATE mybb_users SET lastactive='1502815531', timeonline=timeonline+46 WHERE uid='36'", "UPDATE mybb_users SET lastactive='1502815553', timeonline=timeonline+5 WHERE uid='35'", "UPDATE mybb_users SET lastactive='1502815568', timeonline=timeonline+15 WHERE uid='35'", "UPDATE mybb_users SET lastactive='1502815606', timeonline=timeonline+2 WHERE uid='35'", "UPDATE mybb_users SET lastactive='1502815620', timeonline=timeonline+3 WHERE uid='35'", "UPDATE mybb_users SET lastactive='1502815742', timeonline=timeonline+2 WHERE uid='35'", "UPDATE mybb_users SET lastactive='1502815757', timeonline=timeonline+2 WHERE uid='37'", "UPDATE mybb_users SET lastactive='1502815773', timeonline=timeonline+5 WHERE uid='27'", "UPDATE mybb_users SET lastactive='1502815799', timeonline=timeonline+26 WHERE uid='27'", "UPDATE mybb_users SET lastactive='1502815802', timeonline=timeonline+3 WHERE uid='27'", "UPDATE mybb_users SET lastactive='1502815897', timeonline=timeonline+117 WHERE uid='39'", "UPDATE mybb_users SET lastactive='1502815918', timeonline=timeonline+28 WHERE uid='36'", "UPDATE mybb_users SET lastactive='1502815979', timeonline=timeonline+0 WHERE uid='27'", "UPDATE mybb_users SET lastactive='1502815997', timeonline=timeonline+1 WHERE uid='27'", "UPDATE mybb_users SET lastactive='1502816004', timeonline=timeonline+0 WHERE uid='40'", "UPDATE mybb_users SET lastactive='1502816042', timeonline=timeonline+9 WHERE uid='27'", "UPDATE mybb_users SET lastactive='1502816046', timeonline=timeonline+2 WHERE uid='40'", "UPDATE mybb_users SET lastactive='1502816046', timeonline=timeonline+4 WHERE uid='27'", "UPDATE mybb_users SET lastactive='1502816129', timeonline=timeonline+12 WHERE uid='27'", "UPDATE mybb_users SET lastactive='1502816167', timeonline=timeonline+10 WHERE uid='27'", "UPDATE mybb_users SET lastactive='1502816238', timeonline=timeonline+18 WHERE uid='40'", "UPDATE mybb_users SET lastactive='1502816285', timeonline=timeonline+0 WHERE uid='40'", "UPDATE mybb_users SET lastactive='1502816286', timeonline=timeonline+0 WHERE uid='40'", "UPDATE mybb_users SET lastactive='1502816301', timeonline=timeonline+0 WHERE uid='40'", "UPDATE mybb_users SET lastactive='1502816315', timeonline=timeonline+0 WHERE uid='40'", "UPDATE mybb_users SET lastvisit='1502814214', lastactive='1502816333' WHERE uid='30'", "\\??\\C:\\Windows\\system32\\conhost.exe", "\\SystemRoot\\System32\\smss.exe", "dwm.exe", "select @@hostname as hostname, @@port as port, database() as database_name from information_schema.G", "select @@version_comment limit 1", "select gv.*, @@hostname as hostname, @@port as port, database() as database_name from INFORMATION_SC", "set session transaction read write", "taskhost.exe", "wininit.exe", "winlogon.exe"], ["\"C:\\Program Files (x86)\\Google\\Chrome\\Application\\chrome.exe\" ", "\"C:\\Program Files (x86)\\Symantec\\Symantec Endpoint Protection\\12.1.7266.6800.105\\Bin\\ccSvcHst.exe\" /", "\"C:\\Program Files\\SplunkUniversalForwarder\\bin\\splunkd.exe\" service", "%SystemRoot%\\system32\\csrss.exe ObjectDirectory=\\Windows SharedSection=1024,20480,768 Windows=On Sub", "C:\\Windows\\system32\\SearchIndexer.exe /Embedding", "C:\\Windows\\system32\\services.exe", "C:\\Windows\\system32\\svchost.exe -k DcomLaunch"], ["0", "FROTHLY\\billy.tun", "FROTHLY\\fyodor.malteskesko", "NT AUTHORITY\\NETWORK SERVICE", "NT AUTHORITY\\SYSTEM", "frothly.local\\amber.turing", "frothly.local\\billy.tun", "frothly.local\\bruce.gist", "frothly.local\\fyodor.malteskesko", "frothly.local\\grace.hoppy", "frothly.local\\kevin.lagerfield", "frothly\\administrator", "frothly\\al.bungstien", "frothly\\billy.tun", "frothly\\fyodor.malteskesko", "frothly\\kevin.lagerfield", "mkraeusen", "root"], ["Medium", "System"], ["HKLM\\drivers\\driverdatabase\\driverinffiles", "HKLM\\drivers\\driverdatabase\\driverpackages", "HKLM\\security\\rxact\\log", "HKLM\\software", "HKLM\\software\\classes", "HKLM\\software\\clients\\startmenuinternet\\firefox-308046b0af4a39cb\\capabilities\\fileassociations", "HKLM\\software\\microsoft", "HKLM\\software\\microsoft\\directx\\minfeaturelevel", "HKLM\\software\\microsoft\\enterprisecertificates", "HKLM\\software\\microsoft\\enterprisecertificates\\ca", "HKLM\\software\\microsoft\\enterprisecertificates\\disallowed", "HKLM\\software\\microsoft\\enterprisecertificates\\disallowed\\certificates", "HKLM\\software\\microsoft\\enterprisecertificates\\disallowed\\crls", "HKLM\\software\\microsoft\\enterprisecertificates\\disallowed\\ctls", "HKLM\\software\\microsoft\\enterprisecertificates\\root", "HKLM\\software\\microsoft\\enterprisecertificates\\root\\certificates", "HKLM\\software\\microsoft\\enterprisecertificates\\root\\ctls", "HKLM\\software\\microsoft\\enterprisecertificates\\trust", "HKLM\\software\\microsoft\\enterprisecertificates\\trustedpeople", "HKLM\\software\\microsoft\\msf\\registration\\listen", "HKLM\\software\\microsoft\\office\\clicktorun\\configuration\\scenarioculture", "HKLM\\software\\microsoft\\office\\clicktorun\\executingscenario", "HKLM\\software\\microsoft\\office\\clicktorun\\registry\\machine\\software\\wow6432node\\microsoft\\office\\16.", "HKLM\\software\\microsoft\\office\\clicktorun\\scenario\\update\\apptargets", "HKLM\\software\\microsoft\\office\\clicktorun\\scenario\\update\\c2rflighting.dmsapiuri", "HKLM\\software\\microsoft\\office\\clicktorun\\scenario\\update\\c2rflighting.dmsrequestattemptlimit", "HKLM\\software\\microsoft\\office\\clicktorun\\scenario\\update\\c2rflighting.dmsshouldsendtenantid", "HKLM\\software\\microsoft\\office\\clicktorun\\scenario\\update\\c2rflighting.useexperimentaltransportforca", "HKLM\\software\\microsoft\\office\\clicktorun\\scenario\\update\\comactionlasterror", "HKLM\\software\\microsoft\\office\\clicktorun\\scenario\\update\\comdownloadsource", "HKLM\\software\\microsoft\\office\\clicktorun\\scenario\\update\\filetorun", "HKLM\\software\\microsoft\\office\\clicktorun\\scenario\\update\\pipelinecachepath", "HKLM\\software\\microsoft\\office\\clicktorun\\scenario\\update\\pipelineinstallpath", "HKLM\\software\\microsoft\\office\\clicktorun\\scenario\\update\\platform", "HKLM\\software\\microsoft\\office\\clicktorun\\scenario\\update\\productstoadd", "HKLM\\software\\microsoft\\office\\clicktorun\\scenario\\update\\resumeattempt", "HKLM\\software\\microsoft\\office\\clicktorun\\scenario\\update\\scenariolasterror", "HKLM\\software\\microsoft\\office\\clicktorun\\scenario\\update\\scenariosubtype", "HKLM\\software\\microsoft\\office\\clicktorun\\scenario\\update\\tasksstate", "HKLM\\software\\microsoft\\office\\clicktorun\\scenario\\update\\tasksstate\\group:{a0a4cab7-fa90-4ad9-81c9-", "HKLM\\software\\microsoft\\office\\clicktorun\\scenario\\update\\tasksstate\\updateapply:{9ecbbd08-437d-4246", "HKLM\\software\\microsoft\\office\\clicktorun\\scenario\\update\\tasksstate\\updateclientdownload:{eec7d146-", "HKLM\\software\\microsoft\\office\\clicktorun\\scenario\\update\\tasksstate\\updatedetection:{77176f9c-873b-", "HKLM\\software\\microsoft\\office\\clicktorun\\scenario\\update\\upgradeskus", "HKLM\\software\\microsoft\\office\\clicktorun\\updates\\corruptionchecksonly", "HKLM\\software\\microsoft\\office\\clicktorun\\updates\\updatedetectionlastruntime", "HKLM\\software\\microsoft\\office\\clicktorun\\updates\\updatetoversion", "HKLM\\software\\microsoft\\office\\common", "HKLM\\software\\microsoft\\officesoftwareprotectionplatform\\servicesessionid", "HKLM\\software\\microsoft\\systemcertificates", "HKLM\\software\\microsoft\\systemcertificates\\authroot\\certificates", "HKLM\\software\\microsoft\\systemcertificates\\authroot\\ctls", "HKLM\\software\\microsoft\\systemcertificates\\ca", "HKLM\\software\\microsoft\\systemcertificates\\ca\\crls", "HKLM\\software\\microsoft\\systemcertificates\\disallowed", "HKLM\\software\\microsoft\\systemcertificates\\disallowed\\certificates", "HKLM\\software\\microsoft\\systemcertificates\\disallowed\\crls", "HKLM\\software\\microsoft\\systemcertificates\\disallowed\\ctls", "HKLM\\software\\microsoft\\systemcertificates\\root", "HKLM\\software\\microsoft\\systemcertificates\\root\\certificates", "HKLM\\software\\microsoft\\systemcertificates\\root\\crls", "HKLM\\software\\microsoft\\systemcertificates\\root\\ctls", "HKLM\\software\\microsoft\\systemcertificates\\smartcardroot\\certificates", "HKLM\\software\\microsoft\\systemcertificates\\smartcardroot\\crls", "HKLM\\software\\microsoft\\systemcertificates\\trust", "HKLM\\software\\microsoft\\systemcertificates\\trust\\crls", "HKLM\\software\\microsoft\\systemcertificates\\trustedpeople", "HKLM\\software\\microsoft\\wbem\\cimom", "HKLM\\software\\microsoft\\windows", "HKLM\\software\\microsoft\\windows nt\\currentversion\\print\\printers\\fax\\printerdriverdata", "HKLM\\software\\microsoft\\windows nt\\currentversion\\print\\printers\\microsoft xps document writer\\print", "HKLM\\software\\microsoft\\windows nt\\currentversion\\profilelist\\s-1-5-21-3348076501-352378380-29912480", "HKLM\\software\\microsoft\\windows nt\\currentversion\\schedule\\taskcache\\tasks\\{0c561e8d-62f1-4a4c-9386-", "HKLM\\software\\microsoft\\windows nt\\currentversion\\schedule\\taskcache\\tasks\\{2ab244a2-2260-42c7-bb4d-", "HKLM\\software\\microsoft\\windows nt\\currentversion\\schedule\\taskcache\\tasks\\{db9b1178-9316-4b19-910a-", "HKLM\\software\\microsoft\\windows script host\\settings", "HKLM\\software\\microsoft\\windows search\\catalognames\\windows\\systemindex\\pkm:catalog:lastcatalogcrawl", "HKLM\\software\\microsoft\\windows search\\crawlscopemanager\\windows\\systemindex", "HKLM\\software\\microsoft\\windows search\\gather\\windows\\systemindex\\crawls\\42\\doneaddingcrawlseeds", "HKLM\\software\\microsoft\\windows search\\gather\\windows\\systemindex\\crawls\\44\\crawltype", "HKLM\\software\\microsoft\\windows search\\gather\\windows\\systemindex\\crawls\\49\\logstartaddid", "HKLM\\software\\microsoft\\windows search\\gather\\windows\\systemindex\\newclientid", "HKLM\\software\\microsoft\\windows search\\gather\\windows\\systemindex\\startpages\\9\\crawlnumberinprogress", "HKLM\\software\\microsoft\\windows\\currentversion\\authentication\\logonui", "HKLM\\software\\microsoft\\windows\\currentversion\\bits\\stateindex", "HKLM\\software\\microsoft\\windows\\currentversion\\ceiprole\\rolesinwer\\sr5", "HKLM\\software\\microsoft\\windows\\currentversion\\group policy", "HKLM\\software\\microsoft\\windows\\currentversion\\group policy\\datastore\\s-1-5-21-3348076501-352378380-", "HKLM\\software\\microsoft\\windows\\currentversion\\group policy\\history\\networkname", "HKLM\\software\\microsoft\\windows\\currentversion\\group policy\\history\\{f3ccc681-b74c-4060-9f26-cd84525", "HKLM\\software\\microsoft\\windows\\currentversion\\group policy\\serviceinstances", "HKLM\\software\\microsoft\\windows\\currentversion\\group policy\\serviceinstances\\8ddaba0f-ba76-48bb-87d7", "HKLM\\software\\microsoft\\windows\\currentversion\\group policy\\shadow\\{f3ccc681-b74c-4060-9f26-cd84525d", "HKLM\\software\\microsoft\\windows\\currentversion\\group policy\\state\\machine\\extension-list\\{00000000-0", "HKLM\\software\\microsoft\\windows\\currentversion\\group policy\\status\\gpextensions\\extension", "HKLM\\software\\microsoft\\windows\\currentversion\\group policy\\status\\gpextensions\\{f3ccc681-b74c-4060-", "HKLM\\software\\microsoft\\windows\\currentversion\\internet settings\\zonemap\\intranetname", "HKLM\\software\\microsoft\\windows\\currentversion\\internet settings\\zonemap\\proxybypass", "HKLM\\software\\microsoft\\windows\\currentversion\\mmdevices\\audio\\render\\{bb177f35-143b-4d39-8371-5f336", "HKLM\\software\\microsoft\\windows\\currentversion\\policies\\system", "HKLM\\software\\mozilla\\maintenanceservice\\f9b87e891978e3145f0f8f9953eadc00\\0", "HKLM\\software\\mozilla\\maintenanceservice\\f9b87e891978e3145f0f8f9953eadc00\\0\\issuer", "HKLM\\software\\policies", "HKLM\\software\\policies\\microsoft", "HKLM\\software\\policies\\microsoft\\systemcertificates", "HKLM\\software\\policies\\microsoft\\systemcertificates\\ca\\certificates", "HKLM\\software\\policies\\microsoft\\systemcertificates\\ca\\crls", "HKLM\\software\\policies\\microsoft\\systemcertificates\\ca\\ctls", "HKLM\\software\\policies\\microsoft\\systemcertificates\\disallowed", "HKLM\\software\\policies\\microsoft\\systemcertificates\\disallowed\\certificates", "HKLM\\software\\policies\\microsoft\\systemcertificates\\disallowed\\crls", "HKLM\\software\\policies\\microsoft\\systemcertificates\\disallowed\\ctls", "HKLM\\software\\policies\\microsoft\\systemcertificates\\root", "HKLM\\software\\policies\\microsoft\\systemcertificates\\root\\certificates", "HKLM\\software\\policies\\microsoft\\systemcertificates\\root\\crls", "HKLM\\software\\policies\\microsoft\\systemcertificates\\trust\\certificates", "HKLM\\software\\policies\\microsoft\\systemcertificates\\trust\\crls", "HKLM\\software\\policies\\microsoft\\systemcertificates\\trust\\ctls", "HKLM\\software\\policies\\microsoft\\systemcertificates\\trustedpeople", "HKLM\\software\\registeredapplications", "HKLM\\software\\symantec\\symantec endpoint protection\\content\\{07b590b3-9282-482f-bbaa-6d515d385869}", "HKLM\\software\\symantec\\symantec endpoint protection\\content\\{07b590b3-9282-482f-bbaa-6d515d385869}\\l", "HKLM\\software\\symantec\\symantec endpoint protection\\content\\{1ad331ac-def8-4f6f-a7b5-7b259423bbcf}", "HKLM\\software\\symantec\\symantec endpoint protection\\content\\{1ad331ac-def8-4f6f-a7b5-7b259423bbcf}\\l", "HKLM\\software\\symantec\\symantec endpoint protection\\content\\{263395a0-d3d8-4be4-80b5-202c94ef4aa0}\\l", "HKLM\\software\\symantec\\symantec endpoint protection\\content\\{55de35dc-862a-44c9-8a2b-3ef451665d0a}", "HKLM\\software\\symantec\\symantec endpoint protection\\content\\{55de35dc-862a-44c9-8a2b-3ef451665d0a}\\l", "HKLM\\software\\symantec\\symantec endpoint protection\\content\\{5a7367e1-d1f6-43b5-bd94-4affa896d724}", "HKLM\\software\\symantec\\symantec endpoint protection\\content\\{5a7367e1-d1f6-43b5-bd94-4affa896d724}\\l", "HKLM\\software\\symantec\\symantec endpoint protection\\content\\{810d5a61-809f-49c2-bd75-177f0647d2ba}", "HKLM\\software\\symantec\\symantec endpoint protection\\content\\{810d5a61-809f-49c2-bd75-177f0647d2ba}\\l", "HKLM\\software\\symantec\\symantec endpoint protection\\content\\{8ec79be5-0a4b-0378-008d-e760ee4d9d2f}", "HKLM\\software\\symantec\\symantec endpoint protection\\content\\{8ec79be5-0a4b-0378-008d-e760ee4d9d2f}\\l", "HKLM\\software\\symantec\\symantec endpoint protection\\content\\{b6dc6c8f-46fa-40c7-a806-b669be1d2d19}", "HKLM\\software\\symantec\\symantec endpoint protection\\content\\{b6dc6c8f-46fa-40c7-a806-b669be1d2d19}\\l", "HKLM\\software\\symantec\\symantec endpoint protection\\content\\{d6aebc07-d833-485f-9723-6c908d37f806}", "HKLM\\software\\symantec\\symantec endpoint protection\\content\\{d6aebc07-d833-485f-9723-6c908d37f806}\\l", "HKLM\\software\\symantec\\symantec endpoint protection\\content\\{e8827b4a-4f58-4dea-8c93-07b32a63d1c5}\\l", "HKLM\\software\\symantec\\symantec endpoint protection\\content\\{edbd3bd0-8395-4d4d-bac9-19dd32ef4758}", "HKLM\\software\\symantec\\symantec endpoint protection\\smc\\sshelper", "HKLM\\software\\symantec\\symantec endpoint protection\\smc\\sshelper\\4db136000a000178013f9797fb22bd8e", "HKLM\\software\\symantec\\symantec endpoint protection\\smc\\sshelper\\4db136000a000178013f9797fb22bd8e\\re", "HKLM\\software\\symantec\\symantec endpoint protection\\smc\\sshelper\\cookie", "HKLM\\software\\symantec\\symantec endpoint protection\\smc\\sshelper\\data", "HKLM\\software\\symantec\\symantec endpoint protection\\smc\\sshelper\\hilastcheckingtime", "HKLM\\software\\symantec\\symantec endpoint protection\\smc\\sshelper\\id", "HKLM\\software\\symantec\\symantec endpoint protection\\smc\\sshelper\\log", "HKLM\\software\\symantec\\symantec endpoint protection\\smc\\sshelper\\message", "HKLM\\software\\symantec\\symantec endpoint protection\\smc\\sshelper\\result", "HKLM\\software\\symantec\\symantec endpoint protection\\smc\\sshelper\\sshelperresultenc", "HKLM\\software\\wow6432node", "HKLM\\software\\wow6432node\\google\\update\\clientstate\\{430fd4d0-b729-4f61-aa34-91526481799d}\\currentst", "HKLM\\software\\wow6432node\\google\\update\\clientstate\\{8a69d345-d564-463c-aff1-a69d9e530f96}", "HKLM\\software\\wow6432node\\google\\update\\clientstate\\{8a69d345-d564-463c-aff1-a69d9e530f96}\\tttoken", "HKLM\\software\\wow6432node\\google\\update\\clientstatemedium\\{8a69d345-d564-463c-aff1-a69d9e530f96}\\las", "HKLM\\software\\wow6432node\\google\\update\\lastcoderedcheck", "HKLM\\software\\wow6432node\\google\\update\\old-uid", "HKLM\\software\\wow6432node\\google\\update\\uid", "HKLM\\software\\wow6432node\\microsoft", "HKLM\\software\\wow6432node\\microsoft\\directdraw", "HKLM\\software\\wow6432node\\microsoft\\windows search\\gathering manager\\backoffonuseractivityinterval1", "HKLM\\software\\wow6432node\\microsoft\\windows search\\gathering manager\\backoffonuseractivityinterval2", "HKLM\\software\\wow6432node\\symantec\\symantec endpoint protection\\smc", "HKLM\\software\\wow6432node\\symantec\\symantec endpoint protection\\smc\\dedicatedvpn", "HKLM\\software\\wow6432node\\symantec\\symantec endpoint protection\\smc\\fwsvpnproductstrequest", "HKLM\\software\\wow6432node\\symantec\\symantec endpoint protection\\smc\\hiengineresult", "HKLM\\software\\wow6432node\\symantec\\symantec endpoint protection\\smc\\hisoftupdatestatus", "HKLM\\software\\wow6432node\\symantec\\symantec endpoint protection\\smc\\smcinstdata", "HKLM\\software\\wow6432node\\symantec\\symantec endpoint protection\\smc\\sylink\\sylink", "HKLM\\software\\wow6432node\\symantec\\symantec endpoint protection\\smc\\sylink\\sylink\\communicationstatu", "HKLM\\software\\wow6432node\\symantec\\symantec endpoint protection\\smc\\sylink\\sylink\\computerid", "HKLM\\software\\wow6432node\\symantec\\symantec endpoint protection\\smc\\sylink\\sylink\\hiresulttotrident", "HKLM\\software\\wow6432node\\symantec\\symantec endpoint protection\\smc\\sylink\\sylink\\indexfilechecksum", "HKLM\\software\\wow6432node\\symantec\\symantec endpoint protection\\smc\\sylink\\sylink\\lansensoreventid", "HKLM\\software\\wow6432node\\symantec\\symantec endpoint protection\\smc\\sylink\\sylink\\lansensoreventid\\s", "HKLM\\software\\wow6432node\\symantec\\symantec endpoint protection\\smc\\sylink\\sylink\\lansensoreventid\\t", "HKLM\\software\\wow6432node\\symantec\\symantec endpoint protection\\smc\\sylink\\sylink\\processeventid", "HKLM\\software\\wow6432node\\symantec\\symantec endpoint protection\\smc\\sylink\\sylink\\processeventid\\sen", "HKLM\\software\\wow6432node\\symantec\\symantec endpoint protection\\smc\\sylink\\sylink\\processeventid\\tot", "HKLM\\software\\wow6432node\\symantec\\symantec endpoint protection\\smc\\sylink\\sylink\\rawtrafficeventid", "HKLM\\software\\wow6432node\\symantec\\symantec endpoint protection\\smc\\sylink\\sylink\\rawtrafficeventid\\", "HKLM\\software\\wow6432node\\symantec\\symantec endpoint protection\\smc\\sylink\\sylink\\securityeventid", "HKLM\\software\\wow6432node\\symantec\\symantec endpoint protection\\smc\\sylink\\sylink\\securityeventid\\se", "HKLM\\software\\wow6432node\\symantec\\symantec endpoint protection\\smc\\sylink\\sylink\\securityeventid\\to", "HKLM\\software\\wow6432node\\symantec\\symantec endpoint protection\\smc\\sylink\\sylink\\serverinfo\\datahan", "HKLM\\software\\wow6432node\\symantec\\symantec endpoint protection\\smc\\sylink\\sylink\\systemeventid", "HKLM\\software\\wow6432node\\symantec\\symantec endpoint protection\\smc\\sylink\\sylink\\systemeventid\\sent", "HKLM\\software\\wow6432node\\symantec\\symantec endpoint protection\\smc\\sylink\\sylink\\systemeventid\\tota", "HKLM\\software\\wow6432node\\symantec\\symantec endpoint protection\\smc\\sylink\\sylink\\techextensions", "HKLM\\software\\wow6432node\\symantec\\symantec endpoint protection\\smc\\sylink\\sylink\\techextensions\\atp", "HKLM\\software\\wow6432node\\symantec\\symantec endpoint protection\\smc\\sylink\\sylink\\techextensions\\avm", "HKLM\\software\\wow6432node\\symantec\\symantec endpoint protection\\smc\\sylink\\sylink\\techextensions\\bas", "HKLM\\software\\wow6432node\\symantec\\symantec endpoint protection\\smc\\sylink\\sylink\\techextensions\\cid", "HKLM\\software\\wow6432node\\symantec\\symantec endpoint protection\\smc\\sylink\\sylink\\techextensions\\com", "HKLM\\software\\wow6432node\\symantec\\symantec endpoint protection\\smc\\sylink\\sylink\\techextensions\\dev", "HKLM\\software\\wow6432node\\symantec\\symantec endpoint protection\\smc\\sylink\\sylink\\techextensions\\gup", "HKLM\\software\\wow6432node\\symantec\\symantec endpoint protection\\smc\\sylink\\sylink\\techextensions\\loc", "HKLM\\software\\wow6432node\\symantec\\symantec endpoint protection\\smc\\sylink\\sylink\\techextensions\\lum", "HKLM\\software\\wow6432node\\symantec\\symantec endpoint protection\\smc\\sylink\\sylink\\techextensions\\nac", "HKLM\\software\\wow6432node\\symantec\\symantec endpoint protection\\smc\\sylink\\sylink\\techextensions\\net", "HKLM\\software\\wow6432node\\symantec\\symantec endpoint protection\\smc\\sylink\\sylink\\techextensions\\reb", "HKLM\\software\\wow6432node\\symantec\\symantec endpoint protection\\smc\\sylink\\sylink\\techextensions\\rep", "HKLM\\software\\wow6432node\\symantec\\symantec endpoint protection\\smc\\sylink\\sylink\\techextensions\\sfm", "HKLM\\software\\wow6432node\\symantec\\symantec endpoint protection\\smc\\sylink\\sylink\\techextensions\\sub", "HKLM\\software\\wow6432node\\symantec\\symantec endpoint protection\\smc\\sylink\\sylink\\trafficeventid", "HKLM\\software\\wow6432node\\symantec\\symantec endpoint protection\\smc\\sylink\\sylink\\trafficeventid\\sen", "HKLM\\software\\wow6432node\\symantec\\symantec endpoint protection\\smc\\sylink\\sylink\\trafficeventid\\tot", "HKLM\\software\\wow6432node\\symantec\\symantec endpoint protection\\smc\\sylink\\sylink\\uidtotrident", "HKLM\\software\\wow6432node\\symantec\\symantec endpoint protection\\{515c03e7-bfaf-4dd9-98f6-41045957ef9", "HKLM\\system\\controlset001\\control\\deviceclasses", "HKLM\\system\\controlset001\\control\\graphicsdrivers\\configuration", "HKLM\\system\\controlset001\\control\\graphicsdrivers\\connectivity", "HKLM\\system\\controlset001\\control\\graphicsdrivers\\connectivity\\noedid_15ad_0405_00000000_000f0000_0^", "HKLM\\system\\controlset001\\control\\securityproviders\\schannel", "HKLM\\system\\controlset001\\control\\wmi\\autologger\\circular kernel context logger\\status", "HKLM\\system\\controlset001\\enum\\ide\\cdromnecvmwar_vmware_sata_cd01_______________1.00____\\6&373888b8&", "HKLM\\system\\controlset001\\enum\\pci\\ven_1000&dev_0054&subsys_197615ad&rev_01\\4&1f16fef7&0&00a8\\custom", "HKLM\\system\\controlset001\\hardware profiles\\unitedvideo", "HKLM\\system\\controlset001\\services\\dfsr\\parameters\\replication groups\\64400793-c2fc-46cc-9e9d-7da668", "HKLM\\system\\controlset001\\services\\eectrl\\parameters", "HKLM\\system\\controlset001\\services\\eectrl\\parameters\\clients", "HKLM\\system\\controlset001\\services\\eectrl\\parameters\\clients\\", "HKLM\\system\\controlset001\\services\\eectrl\\parameters\\clients\\eraserutildrv11720", "HKLM\\system\\controlset001\\services\\eectrl\\parameters\\defspathexpansion", "HKLM\\system\\controlset001\\services\\eectrl\\parameters\\defspathexpansion\\software\\symantec\\symantec en", "HKLM\\system\\controlset001\\services\\eectrl\\parameters\\lastuseddefs", "HKLM\\system\\controlset001\\services\\eectrl\\started\\", "HKLM\\system\\controlset001\\services\\napagent\\qecs", "HKLM\\system\\controlset001\\services\\netbt\\parameters\\interfaces\\tcpip_{f3467042-ebdb-4943-852f-794e62", "HKLM\\system\\controlset001\\services\\symiron\\parameters\\database\\dirty", "HKLM\\system\\controlset001\\services\\symiron\\parameters\\database\\engines", "HKLM\\system\\controlset001\\services\\symiron\\parameters\\database\\providers", "HKLM\\system\\controlset001\\services\\tcpip\\parameters", "HKLM\\system\\controlset001\\services\\tcpip\\parameters\\dhcpdomain", "HKLM\\system\\controlset001\\services\\tcpip\\parameters\\dnsregisteredadapters\\{f3467042-ebdb-4943-852f-7", "HKLM\\system\\controlset001\\services\\tcpip\\parameters\\interfaces\\{ccd1592a-7e69-49aa-9d38-64b875d5ee68", "HKLM\\system\\controlset001\\services\\tcpip\\parameters\\interfaces\\{f3467042-ebdb-4943-852f-794e6240327c", "HKU\\.default\\printers\\devmodeperuser", "HKU\\.default\\software\\classes\\local settings\\muicache\\13\\52c64b7e\\languagelist", "HKU\\.default\\software\\classes\\local settings\\muicache\\14\\52c64b7e\\languagelist", "HKU\\.default\\software\\classes\\local settings\\muicache\\15\\52c64b7e\\languagelist", "HKU\\.default\\software\\classes\\local settings\\muicache\\a\\52c64b7e\\languagelist", "HKU\\.default\\software\\classes\\local settings\\muicache\\f\\52c64b7e\\languagelist", "HKU\\.default\\software\\microsoft\\office\\16.0\\common", "HKU\\.default\\software\\microsoft\\office\\16.0\\common\\clienttelemetry\\rulesmetadata", "HKU\\.default\\software\\microsoft\\office\\16.0\\common\\clienttelemetry\\rulesmetadata\\officec2rclient.exe", "HKU\\.default\\software\\microsoft\\office\\16.0\\common\\clienttelemetry\\rulesmetadata\\officeclicktorun.ex", "HKU\\.default\\software\\microsoft\\office\\16.0\\common\\experimentecs\\officeclicktorun", "HKU\\.default\\software\\microsoft\\office\\16.0\\common\\experimentecs\\officeclicktorun\\flights", "HKU\\.default\\software\\microsoft\\office\\16.0\\common\\experimenttas\\officeclicktorun", "HKU\\.default\\software\\microsoft\\office\\16.0\\common\\experimenttas\\officeclicktorun\\flights", "HKU\\.default\\software\\microsoft\\office\\16.0\\common\\internet\\webservicecache\\allusers", "HKU\\.default\\software\\microsoft\\office\\16.0\\common\\internet\\webservicecache\\allusers\\officeclient.mi", "HKU\\.default\\software\\microsoft\\office\\16.0\\common\\trustcenter\\experimentation", "HKU\\.default\\software\\microsoft\\systemcertificates\\ca\\ctls", "HKU\\.default\\software\\microsoft\\systemcertificates\\disallowed", "HKU\\.default\\software\\microsoft\\systemcertificates\\disallowed\\certificates", "HKU\\.default\\software\\microsoft\\systemcertificates\\disallowed\\crls", "HKU\\.default\\software\\microsoft\\systemcertificates\\my", "HKU\\.default\\software\\microsoft\\systemcertificates\\root", "HKU\\.default\\software\\microsoft\\systemcertificates\\trust", "HKU\\.default\\software\\microsoft\\systemcertificates\\trust\\certificates", "HKU\\.default\\software\\microsoft\\systemcertificates\\trust\\crls", "HKU\\.default\\software\\microsoft\\systemcertificates\\trustedpeople\\certificates", "HKU\\.default\\software\\microsoft\\systemcertificates\\trustedpeople\\ctls", "HKU\\.default\\software\\microsoft\\windows script host\\settings", "HKU\\.default\\software\\microsoft\\windows\\currentversion\\internet settings\\connections", "HKU\\.default\\software\\microsoft\\windows\\currentversion\\internet settings\\zonemap\\autodetect", "HKU\\.default\\software\\microsoft\\windows\\currentversion\\internet settings\\zonemap\\proxybypass", "HKU\\.default\\software\\microsoft\\windows\\currentversion\\internet settings\\zonemap\\uncasintranet", "HKU\\.default\\software\\microsoft\\windows\\currentversion\\wintrust\\trust providers\\software publishing", "HKU\\.default\\software\\policies\\microsoft\\systemcertificates\\disallowed", "HKU\\.default\\software\\policies\\microsoft\\systemcertificates\\disallowed\\certificates", "HKU\\.default\\software\\policies\\microsoft\\systemcertificates\\disallowed\\crls", "HKU\\.default\\software\\policies\\microsoft\\systemcertificates\\trustedpeople", "HKU\\.default\\software\\policies\\microsoft\\systemcertificates\\trustedpeople\\certificates", "HKU\\.default\\software\\policies\\microsoft\\systemcertificates\\trustedpeople\\ctls", "HKU\\s-1-5-20\\software\\microsoft\\systemcertificates\\disallowed", "HKU\\s-1-5-20\\software\\microsoft\\systemcertificates\\disallowed\\certificates", "HKU\\s-1-5-20\\software\\microsoft\\systemcertificates\\disallowed\\crls", "HKU\\s-1-5-20\\software\\microsoft\\systemcertificates\\disallowed\\ctls", "HKU\\s-1-5-20\\software\\microsoft\\windows\\currentversion\\wintrust\\trust providers\\software publishing", "HKU\\s-1-5-20\\software\\policies\\microsoft\\systemcertificates\\ca\\ctls", "HKU\\s-1-5-20\\software\\policies\\microsoft\\systemcertificates\\disallowed", "HKU\\s-1-5-20\\software\\policies\\microsoft\\systemcertificates\\disallowed\\certificates", "HKU\\s-1-5-20\\software\\policies\\microsoft\\systemcertificates\\disallowed\\crls", "HKU\\s-1-5-20\\software\\policies\\microsoft\\systemcertificates\\disallowed\\ctls", "HKU\\s-1-5-20\\software\\policies\\microsoft\\systemcertificates\\trust\\crls", "HKU\\s-1-5-21-3348076501-352378380-2991248034-1113\\software", "HKU\\s-1-5-21-3348076501-352378380-2991248034-1113\\software\\microsoft\\office\\16.0\\common\\clientteleme", "HKU\\s-1-5-21-3348076501-352378380-2991248034-1113\\software\\microsoft\\office\\16.0\\common\\roaming\\iden", "HKU\\s-1-5-21-3348076501-352378380-2991248034-1113\\software\\microsoft\\office\\16.0\\outlook\\options\\web", "HKU\\s-1-5-21-3348076501-352378380-2991248034-1113\\software\\microsoft\\office\\16.0\\outlook\\profiles\\ou", "HKU\\s-1-5-21-3348076501-352378380-2991248034-1113\\software\\microsoft\\office\\16.0\\outlook\\resiliency\\", "HKU\\s-1-5-21-3348076501-352378380-2991248034-1113\\software\\microsoft\\office\\16.0\\outlook\\search\\cata", "HKU\\s-1-5-21-3348076501-352378380-2991248034-1113\\software\\microsoft\\systemcertificates\\ca\\crls", "HKU\\s-1-5-21-3348076501-352378380-2991248034-1113\\software\\microsoft\\systemcertificates\\ca\\ctls", "HKU\\s-1-5-21-3348076501-352378380-2991248034-1113\\software\\microsoft\\systemcertificates\\disallowed\\c", "HKU\\s-1-5-21-3348076501-352378380-2991248034-1113\\software\\microsoft\\systemcertificates\\root", "HKU\\s-1-5-21-3348076501-352378380-2991248034-1113\\software\\microsoft\\systemcertificates\\root\\certifi", "HKU\\s-1-5-21-3348076501-352378380-2991248034-1113\\software\\microsoft\\systemcertificates\\trustedpeopl", "HKU\\s-1-5-21-3348076501-352378380-2991248034-1113\\software\\microsoft\\windows nt\\currentversion\\devic", "HKU\\s-1-5-21-3348076501-352378380-2991248034-1113\\software\\microsoft\\windows\\currentversion\\explorer", "HKU\\s-1-5-21-3348076501-352378380-2991248034-1113\\software\\microsoft\\windows\\currentversion\\homegrou", "HKU\\s-1-5-21-3348076501-352378380-2991248034-1113\\software\\microsoft\\windows\\currentversion\\internet", "HKU\\s-1-5-21-3348076501-352378380-2991248034-1113\\software\\policies\\microsoft", "HKU\\s-1-5-21-3348076501-352378380-2991248034-1113_classes\\local settings\\muicache\\13\\52c64b7e\\langua", "HKU\\s-1-5-21-3348076501-352378380-2991248034-1113_classes\\local settings\\muicache\\5\\52c64b7e\\languag", "HKU\\s-1-5-21-3348076501-352378380-2991248034-1114\\control panel\\international", "HKU\\s-1-5-21-3348076501-352378380-2991248034-1114\\software", "HKU\\s-1-5-21-3348076501-352378380-2991248034-1114\\software\\clients", "HKU\\s-1-5-21-3348076501-352378380-2991248034-1114\\software\\microsoft\\exchange\\exchange provider\\oabs", "HKU\\s-1-5-21-3348076501-352378380-2991248034-1114\\software\\microsoft\\office\\16.0\\common\\clientteleme", "HKU\\s-1-5-21-3348076501-352378380-2991248034-1114\\software\\microsoft\\office\\16.0\\common\\experimentec", "HKU\\s-1-5-21-3348076501-352378380-2991248034-1114\\software\\microsoft\\office\\16.0\\common\\experimentta", "HKU\\s-1-5-21-3348076501-352378380-2991248034-1114\\software\\microsoft\\office\\16.0\\outlook\\profiles\\ou", "HKU\\s-1-5-21-3348076501-352378380-2991248034-1114\\software\\microsoft\\ras autodial\\default", "HKU\\s-1-5-21-3348076501-352378380-2991248034-1114\\software\\microsoft\\systemcertificates\\ca\\ctls", "HKU\\s-1-5-21-3348076501-352378380-2991248034-1114\\software\\microsoft\\systemcertificates\\disallowed\\c", "HKU\\s-1-5-21-3348076501-352378380-2991248034-1114\\software\\microsoft\\systemcertificates\\smartcardroo", "HKU\\s-1-5-21-3348076501-352378380-2991248034-1114\\software\\microsoft\\systemcertificates\\trust", "HKU\\s-1-5-21-3348076501-352378380-2991248034-1114\\software\\microsoft\\systemcertificates\\trust\\crls", "HKU\\s-1-5-21-3348076501-352378380-2991248034-1114\\software\\microsoft\\systemcertificates\\trust\\ctls", "HKU\\s-1-5-21-3348076501-352378380-2991248034-1114\\software\\microsoft\\systemcertificates\\trustedpeopl", "HKU\\s-1-5-21-3348076501-352378380-2991248034-1114\\software\\microsoft\\windows\\currentversion\\explorer", "HKU\\s-1-5-21-3348076501-352378380-2991248034-1114\\software\\microsoft\\windows\\currentversion\\homegrou", "HKU\\s-1-5-21-3348076501-352378380-2991248034-1114\\software\\microsoft\\windows\\currentversion\\internet", "HKU\\s-1-5-21-3348076501-352378380-2991248034-1114\\volatile environment\\2", "HKU\\s-1-5-21-3348076501-352378380-2991248034-1114\\volatile environment\\userprofile", "HKU\\s-1-5-21-3348076501-352378380-2991248034-1114_classes", "HKU\\s-1-5-21-3348076501-352378380-2991248034-1114_classes\\http\\shell\\open\\ddeexec\\", "HKU\\s-1-5-21-3348076501-352378380-2991248034-1114_classes\\local settings\\muicache\\13\\52c64b7e\\langua", "HKU\\s-1-5-21-3348076501-352378380-2991248034-1115", "HKU\\s-1-5-21-3348076501-352378380-2991248034-1115\\software", "HKU\\s-1-5-21-3348076501-352378380-2991248034-1115\\software\\google\\chrome", "HKU\\s-1-5-21-3348076501-352378380-2991248034-1115\\software\\google\\chrome\\preferencemacs\\default\\exte", "HKU\\s-1-5-21-3348076501-352378380-2991248034-1115\\software\\google\\software removal tool\\scantimes", "HKU\\s-1-5-21-3348076501-352378380-2991248034-1115\\software\\google\\software removal tool\\scantimes\\24", "HKU\\s-1-5-21-3348076501-352378380-2991248034-1115\\software\\google\\software removal tool\\scantimes\\28", "HKU\\s-1-5-21-3348076501-352378380-2991248034-1115\\software\\google\\software removal tool\\scantimes\\29", "HKU\\s-1-5-21-3348076501-352378380-2991248034-1115\\software\\google\\software removal tool\\scantimes\\32", "HKU\\s-1-5-21-3348076501-352378380-2991248034-1115\\software\\microsoft", "HKU\\s-1-5-21-3348076501-352378380-2991248034-1115\\software\\microsoft\\internet explorer\\internetregis", "HKU\\s-1-5-21-3348076501-352378380-2991248034-1115\\software\\microsoft\\internet explorer\\linksbar\\item", "HKU\\s-1-5-21-3348076501-352378380-2991248034-1115\\software\\microsoft\\office\\16.0\\common\\clientteleme", "HKU\\s-1-5-21-3348076501-352378380-2991248034-1115\\software\\microsoft\\office\\16.0\\common\\experimentec", "HKU\\s-1-5-21-3348076501-352378380-2991248034-1115\\software\\microsoft\\office\\16.0\\common\\experimentta", "HKU\\s-1-5-21-3348076501-352378380-2991248034-1115\\software\\microsoft\\office\\16.0\\outlook\\addins\\ucad", "HKU\\s-1-5-21-3348076501-352378380-2991248034-1115\\software\\microsoft\\office\\16.0\\outlook\\display typ", "HKU\\s-1-5-21-3348076501-352378380-2991248034-1115\\software\\microsoft\\office\\16.0\\outlook\\profiles\\ou", "HKU\\s-1-5-21-3348076501-352378380-2991248034-1115\\software\\microsoft\\office\\16.0\\outlook\\resiliency\\", "HKU\\s-1-5-21-3348076501-352378380-2991248034-1115\\software\\microsoft\\systemcertificates\\disallowed", "HKU\\s-1-5-21-3348076501-352378380-2991248034-1115\\software\\microsoft\\systemcertificates\\trust", "HKU\\s-1-5-21-3348076501-352378380-2991248034-1115\\software\\microsoft\\systemcertificates\\trust\\ctls", "HKU\\s-1-5-21-3348076501-352378380-2991248034-1115\\software\\microsoft\\systemcertificates\\trustedpeopl", "HKU\\s-1-5-21-3348076501-352378380-2991248034-1115\\software\\microsoft\\windows nt\\currentversion\\netwo", "HKU\\s-1-5-21-3348076501-352378380-2991248034-1115\\software\\microsoft\\windows\\currentversion\\explorer", "HKU\\s-1-5-21-3348076501-352378380-2991248034-1115\\software\\microsoft\\windows\\currentversion\\internet", "HKU\\s-1-5-21-3348076501-352378380-2991248034-1115\\software\\microsoft\\windows\\currentversion\\wintrust", "HKU\\s-1-5-21-3348076501-352378380-2991248034-1115\\software\\policies", "HKU\\s-1-5-21-3348076501-352378380-2991248034-1115\\software\\policies\\microsoft", "HKU\\s-1-5-21-3348076501-352378380-2991248034-1115_classes\\http\\shell\\open\\ddeexec\\", "HKU\\s-1-5-21-3348076501-352378380-2991248034-1115_classes\\https\\shell\\open", "HKU\\s-1-5-21-3348076501-352378380-2991248034-1115_classes\\local settings\\muicache\\f\\52c64b7e\\languag", "HKU\\s-1-5-21-3348076501-352378380-2991248034-1115_classes\\local settings\\software\\microsoft\\windows\\", "HKU\\s-1-5-21-3348076501-352378380-2991248034-1116\\software\\classes\\symboliclinkvalue", "HKU\\s-1-5-21-3348076501-352378380-2991248034-1116\\software\\microsoft\\systemcertificates\\disallowed\\c", "HKU\\s-1-5-21-3348076501-352378380-2991248034-1116\\software\\microsoft\\systemcertificates\\root\\crls", "HKU\\s-1-5-21-3348076501-352378380-2991248034-1116\\software\\microsoft\\windows\\currentversion\\action c", "HKU\\s-1-5-21-3348076501-352378380-2991248034-1116\\software\\microsoft\\windows\\currentversion\\applets\\", "HKU\\s-1-5-21-3348076501-352378380-2991248034-1116\\software\\microsoft\\windows\\currentversion\\explorer", "HKU\\s-1-5-21-3348076501-352378380-2991248034-1116\\software\\microsoft\\windows\\currentversion\\group po", "HKU\\s-1-5-21-3348076501-352378380-2991248034-1116\\software\\microsoft\\windows\\currentversion\\internet", "HKU\\s-1-5-21-3348076501-352378380-2991248034-1116\\software\\policies\\microsoft\\systemcertificates", "HKU\\s-1-5-21-3348076501-352378380-2991248034-1116\\volatile environment\\userprofile", "HKU\\s-1-5-21-3348076501-352378380-2991248034-1116_classes\\local settings\\muicache\\14\\52c64b7e\\langua", "HKU\\s-1-5-21-3348076501-352378380-2991248034-1118\\software\\clients\\startmenuinternet", "HKU\\s-1-5-21-3348076501-352378380-2991248034-1118\\software\\google", "HKU\\s-1-5-21-3348076501-352378380-2991248034-1118\\software\\google\\chrome\\preferencemacs\\default", "HKU\\s-1-5-21-3348076501-352378380-2991248034-1118\\software\\google\\chrome\\preferencemacs\\default\\exte", "HKU\\s-1-5-21-3348076501-352378380-2991248034-1118\\software\\google\\software removal tool\\scantimes\\10", "HKU\\s-1-5-21-3348076501-352378380-2991248034-1118\\software\\google\\update\\clientstate\\{8a69d345-d564-", "HKU\\s-1-5-21-3348076501-352378380-2991248034-1118\\software\\microsoft\\office\\16.0\\common\\clientteleme", "HKU\\s-1-5-21-3348076501-352378380-2991248034-1118\\software\\microsoft\\office\\16.0\\outlook\\profiles\\ou", "HKU\\s-1-5-21-3348076501-352378380-2991248034-1118\\software\\microsoft\\office\\16.0\\outlook\\resiliency\\", "HKU\\s-1-5-21-3348076501-352378380-2991248034-1118\\software\\microsoft\\office\\common\\clienttelemetry\\s", "HKU\\s-1-5-21-3348076501-352378380-2991248034-1118\\software\\microsoft\\systemcertificates\\acrs\\physica", "HKU\\s-1-5-21-3348076501-352378380-2991248034-1118\\software\\microsoft\\systemcertificates\\ca", "HKU\\s-1-5-21-3348076501-352378380-2991248034-1118\\software\\microsoft\\systemcertificates\\disallowed", "HKU\\s-1-5-21-3348076501-352378380-2991248034-1118\\software\\microsoft\\systemcertificates\\disallowed\\c", "HKU\\s-1-5-21-3348076501-352378380-2991248034-1118\\software\\microsoft\\systemcertificates\\root", "HKU\\s-1-5-21-3348076501-352378380-2991248034-1118\\software\\microsoft\\systemcertificates\\smartcardroo", "HKU\\s-1-5-21-3348076501-352378380-2991248034-1118\\software\\microsoft\\systemcertificates\\trust\\ctls", "HKU\\s-1-5-21-3348076501-352378380-2991248034-1118\\software\\microsoft\\windows", "HKU\\s-1-5-21-3348076501-352378380-2991248034-1118\\software\\microsoft\\windows search\\gather\\windows\\s", "HKU\\s-1-5-21-3348076501-352378380-2991248034-1118\\software\\microsoft\\windows\\currentversion\\explorer", "HKU\\s-1-5-21-3348076501-352378380-2991248034-1118\\software\\microsoft\\windows\\currentversion\\internet", "HKU\\s-1-5-21-3348076501-352378380-2991248034-1118\\software\\policies", "HKU\\s-1-5-21-3348076501-352378380-2991248034-1118\\software\\policies\\microsoft", "HKU\\s-1-5-21-3348076501-352378380-2991248034-1118\\software\\policies\\microsoft\\systemcertificates", "HKU\\s-1-5-21-3348076501-352378380-2991248034-1118\\volatile environment", "HKU\\s-1-5-21-3348076501-352378380-2991248034-1118_classes\\http\\shell\\open\\ddeexec", "HKU\\s-1-5-21-3348076501-352378380-2991248034-1118_classes\\local settings\\muicache\\f\\52c64b7e\\languag", "HKU\\s-1-5-21-3348076501-352378380-2991248034-1119\\software", "HKU\\s-1-5-21-3348076501-352378380-2991248034-1119\\software\\clients\\startmenuinternet\\firefox-308046b", "HKU\\s-1-5-21-3348076501-352378380-2991248034-1119\\software\\microsoft\\office\\16.0\\common\\clientteleme", "HKU\\s-1-5-21-3348076501-352378380-2991248034-1119\\software\\microsoft\\office\\16.0\\outlook\\resiliency\\", "HKU\\s-1-5-21-3348076501-352378380-2991248034-1119\\software\\microsoft\\windows search\\gather\\windows\\s", "HKU\\s-1-5-21-3348076501-352378380-2991248034-1119\\software\\microsoft\\windows\\currentversion\\explorer", "HKU\\s-1-5-21-3348076501-352378380-2991248034-1119\\software\\microsoft\\windows\\currentversion\\internet", "HKU\\s-1-5-21-3348076501-352378380-2991248034-1119_classes\\local settings\\muicache\\14\\52c64b7e\\langua", "HKU\\s-1-5-21-3348076501-352378380-2991248034-1119_classes\\local settings\\muicache\\15\\52c64b7e\\langua", "HKU\\s-1-5-21-3348076501-352378380-2991248034-1120\\software\\microsoft\\office\\16.0\\common\\clientteleme", "HKU\\s-1-5-21-3348076501-352378380-2991248034-1120\\software\\microsoft\\office\\16.0\\common\\internet\\web", "HKU\\s-1-5-21-3348076501-352378380-2991248034-1120\\software\\microsoft\\office\\16.0\\outlook\\profiles\\ou", "HKU\\s-1-5-21-3348076501-352378380-2991248034-1120\\software\\microsoft\\office\\16.0\\outlook\\resiliency\\", "HKU\\s-1-5-21-3348076501-352378380-2991248034-1120\\software\\microsoft\\office\\outlook\\outlook365user", "HKU\\s-1-5-21-3348076501-352378380-2991248034-1120\\software\\microsoft\\systemcertificates\\acrs\\physica", "HKU\\s-1-5-21-3348076501-352378380-2991248034-1120\\software\\microsoft\\systemcertificates\\disallowed\\c", "HKU\\s-1-5-21-3348076501-352378380-2991248034-1120\\software\\microsoft\\systemcertificates\\my", "HKU\\s-1-5-21-3348076501-352378380-2991248034-1120\\software\\microsoft\\systemcertificates\\trust", "HKU\\s-1-5-21-3348076501-352378380-2991248034-1120\\software\\microsoft\\systemcertificates\\trustedpeopl", "HKU\\s-1-5-21-3348076501-352378380-2991248034-1120\\software\\microsoft\\windows search\\gather\\windows\\s", "HKU\\s-1-5-21-3348076501-352378380-2991248034-1120\\software\\microsoft\\windows\\currentversion\\explorer", "HKU\\s-1-5-21-3348076501-352378380-2991248034-1120\\software\\microsoft\\windows\\currentversion\\group po", "HKU\\s-1-5-21-3348076501-352378380-2991248034-1120\\software\\microsoft\\windows\\currentversion\\internet", "HKU\\s-1-5-21-3348076501-352378380-2991248034-1120\\software\\policies\\microsoft", "HKU\\s-1-5-21-3348076501-352378380-2991248034-1120_classes\\local settings\\muicache\\f\\52c64b7e\\languag", "HKU\\s-1-5-21-3348076501-352378380-2991248034-1120_classes\\local settings\\software\\microsoft\\windows\\", "HKU\\s-1-5-21-3348076501-352378380-2991248034-500\\printers\\devmodeperuser", "HKU\\s-1-5-21-3348076501-352378380-2991248034-500\\software\\microsoft\\windows\\currentversion\\explorer\\", "HKU\\s-1-5-21-3348076501-352378380-2991248034-500\\software\\microsoft\\windows\\currentversion\\group pol", "HKU\\s-1-5-21-3348076501-352378380-2991248034-500\\software\\microsoft\\windows\\currentversion\\internet ", "HKU\\s-1-5-21-3348076501-352378380-2991248034-500\\software\\microsoft\\windows\\currentversion\\wintrust\\", "HKU\\s-1-5-21-3348076501-352378380-2991248034-500\\software\\microsoft\\windows\\shell\\bags\\1\\desktop", "HKU\\s-1-5-21-3348076501-352378380-2991248034-500\\software\\microsoft\\windows\\shell\\bags\\1\\desktop\\gro", "HKU\\s-1-5-21-3348076501-352378380-2991248034-500_classes\\local settings\\muicache\\5\\52c64b7e\\language", "HKU\\s-1-5-21-3348076501-352378380-2991248034-500_classes\\local settings\\software\\microsoft\\windows\\c", "HKU\\s-1-5-21-3348076501-352378380-2991248034-500_classes\\local settings\\software\\microsoft\\windows\\s"], ["#0", "0", "00000000000000000000000000000000", "0x00000000(0)", "0x0000000000000000(0)", "0x00000001(1)", "0x00000002(2)", "0x00000003(3)", "0x00000004(4)", "0x00000005(5)", "0x0000001f(31)", "0x00000028(40)", "0x00000046(70)", "0x00000060(96)", "0x000000b7(183)", "0x000000fa(250)", "0x00000bf5175c3a40(13147286813248)", "0x0000b100(45312)", "0x0000ffff(65535)", "0x00010ba1(68513)", "0x00017eb3(97971)", "0x00130013(1245203)", "0x0d0f8587(219121031)", "0x2826a6e9(673621737)", "0x41e1cd16(1105317142)", "0x424f83ae(1112507310)", "0xffffffff(4294967295)", "10", "10.0.1.100", "10.0.2.1", "13147286493", "13147287066", "13147287549", "13147287698741", "13147287708", "13147287778", "13147288945", "13147289248", "13147289769", "1502816260:uranus:8014:1502816260:uranus:8014:0:0:", "255.255.255.0", "3", "46563d312e300a", "4DB136000A000178013F9797FB22BD8E", "5804129,20502174,17110992,22929429,7202269,6308191,7168707,7153487,17110988,20489352,17962391,179623", "5804129,20502174,22929429,17110992,7202269,6308191,7168707,20489352,17110988,7153487,17962391,179623", "5804129,7202269,17110992,22929429,20502174,7168707,6308191,7153487,17110988,20489352,17962391,179623", "59A5C398BDC8A3C7A613FC207AD9A5B34F88A30AC13A37482B7E66450AA00846", "8/15/2017 9:04:22 AM", "8/15/2017 9:24:25 AM", "8/15/2017 9:48:55 AM", "8/15/2017 9:54:28 AM", "85BD97F947FA82588230E5B76AB7995E460548A37BFFE9A6DDE48C595713BDF7", "9EE00D3B376705C8B0652CB873D7D0AAA1380431E19AC733171F8EA0AC729E70", "C2D76FC921961123BB448E93FBE465F0DB4CB658A16AC5E2B9368CD122B89E33", "C:\\Program Files (x86)\\Microsoft Office", "C:\\ProgramData\\Symantec\\Symantec Endpoint Protection\\12.1.7266.6800.105\\Data\\Definitions\\VirusDefs\\", "C:\\Users\\al.bungstien", "C:\\Users\\fyodor.malteskesko", "CreateKey", "DeleteKey", "DigiCert SHA2 Assured ID Code Signing CA", "E737B8A950106E78ABE5BCBDF66F3D453D14D30748D82FFC531499E01BC5DAED", "Host Integrity check passed\n", "LDAP://CN=Machine,CN={6AC1786C-016F-11D2-945F-00C04fB984F9},CN=Policies,CN=System,DC=frothly,DC=loca", "Local", "Local Group Policy", "Mso::ChecksumRegistry::Data|uint64_t|-1545800291800784556;bool|0", "Mso::ChecksumRegistry::Data|uint64_t|-5317459496540661603;bool|1", "Mso::ChecksumRegistry::Data|uint64_t|-5572616717835940924;bool|1", "Mso::ChecksumRegistry::Data|uint64_t|3489377241081416232;bool|1", "Mso::ChecksumRegistry::Data|uint64_t|406118378079830907;bool|1", "Mso::ChecksumRegistry::Data|uint64_t|953489246012888771;bool|1", "SetValue", "TASKSTATE_EXECUTING", "\\Offline Global Address List", "en-US\nen", "https://mrodevicemgr.officeapps.live.com/mrodevicemgrsvc/api", "officeclient.microsoft.com\\FE1EC82F-AB82-40CD-8B0D-C01659846349", "true", "unknown", "winspool,Ne01:", "{31B2F340-016D-11D2-945F-00C04FB984F9}", "{f3ccc681-b74c-4060-9f26-cd84525dca2a}"], ["fileinfo", "flow", "http", "stats", "tls"], []]
