tree
version=v4
num_class=1
num_tree_per_iteration=1
label_index=0
max_feature_idx=53
objective=binary sigmoid:1
feature_names=subject_type object_type edge_type src_port dest_port http_status http_content_length bytes bytes_in bytes_out packets_in packets_out duration process_id suricata_alert_severity f_image_is_lolbin f_image_is_offensive_tool f_image_is_shell f_parent_is_office f_parent_is_browser f_parent_shell_child_lolbin f_parent_office_child_shell f_target_in_temp f_target_in_appdata f_target_in_system32 f_target_in_user_profile f_target_unc_path f_ext_is_ransomware f_ext_is_executable f_ext_is_document f_ext_double_suspicious f_cmd_has_enc f_cmd_has_iex f_cmd_has_downloadstring f_cmd_has_base64_blob f_cmd_has_pipe_shell f_cmd_has_hidden f_cmd_has_bypass f_cmd_has_noprofile f_cmd_has_url f_cmd_has_new_object f_target_run_key f_target_services_imagepath f_target_autorun_location f_uri_has_sqli f_uri_has_xss f_uri_has_traversal f_uri_has_webshell f_cmd_has_creddump f_cmd_has_schtask_create f_cmd_has_injection f_cmd_has_log_clear f_cmd_has_recon object_name_ext
feature_infos=none -1:2:1:0:3 -1:6:3:2:7:4:8:0:1 [53:65523] [53:65535] none none none none none none none none [4:26616] none [0:1] [0:1] [0:1] none [0:1] [0:1] none [0:1] [0:1] [0:1] [0:1] none [0:1] [0:1] [0:1] none none none none [0:1] none none none none [0:1] none none none none none none none none none [0:1] none [0:1] none -1:62:182:76:54:138:159:97:143:184:217:224:67:188:74:98:187:94:104:134:55:91:149:40:49:151:181:77:89:103:154:208:57:58:66:107:75:105:106:145:207:121:129
tree_sizes=3438 3484 3479 3487 3493 3505 3507 3505 3512 3512 3511 3515 3522 3521 3521 3533 3533 3527 3535 3526 3538 3512 3512 3528 3523 3525 3523 3534 3520 3521 3524 3514 3516 3519 3519 3537 3526 3528 3529 3535 3532 3526 3543 3537 3535 3530 3540 3550 3545 3550 3550 3542 3539 3554 3558 3553 3544 3549 3558 3560 3556 3562 3548 3559 3556 3554 3547 3553 3559 3561 3559 3553 3558 3558 3568 3555 3564 3558 3567 3559 3559 3563 3568 3564 3566 3570 3569 3575 3571 3575 3579 3577 3575 3577 3578 3577 3586 3583 3579 3587 3583 3589 3582 3588 3590 3582 3579 3589 3591 3590 3596 3588 3591 3580 3589 3598 3604 3596 3595 3600 3604 3607 3609 3615 3604 3606 3606 3613 3600 3609 3609 3686 3684 3684 3673

Tree=0
num_leaves=31
num_cat=3
split_feature=1 15 19 13 4 53 4 15 15 39 53 23 3 3 3 13 13 3 28 23 15 22 25 13 3 3 3 3 3 13
split_gain=3.15555e+06 1.7595e+06 276965 15945.7 11605.3 8477.12 7708.8 6305.89 1748.29 273.83 125.09 5597.64 119.441 67.4474 36.6782 141.988 27.6501 25.8419 21.108 160.737 4611.97 1692.62 954.933 7.65772 3.51373 4.63491 0.968037 0.107667 0.03844 0.0117598
threshold=0 1.0000000180025095e-35 1.0000000180025095e-35 6.0000000000000009 443.50000000000006 1 416.00000000000006 1.0000000180025095e-35 1.0000000180025095e-35 1.0000000180025095e-35 2 1.0000000180025095e-35 49899.000000000007 49759.000000000007 55029.000000000007 6506.0000000000009 5286.0000000000009 49843.000000000007 1.0000000180025095e-35 1.0000000180025095e-35 1.0000000180025095e-35 1.0000000180025095e-35 1.0000000180025095e-35 6718.0000000000009 61204.500000000007 61545.500000000007 61439.000000000007 130.00000000000003 61138.000000000007 1.0000000180025095e-35
decision_type=9 2 2 8 10 9 8 2 2 2 9 2 8 8 10 10 8 10 2 2 2 2 2 10 10 8 10 10 10 10
left_child=3 2 9 27 5 -5 7 -7 -6 29 11 -8 13 -12 18 -16 -15 -18 19 20 21 22 -14 28 -25 26 -26 -1 -17 -2
right_child=1 -3 -4 4 8 6 10 -9 -10 -11 12 -13 14 16 15 23 17 -19 -20 -21 -22 -23 -24 24 25 -27 -28 -29 -30 -31
leaf_value=-2.1986511594825284 -2.2021812664093465 -1.6687050005412507 -1.6687050005412507 -2.1962637377806846 -2.2022546625280697 -2.2022546625280697 -2.2022546625280697 -1.6687050005412507 -1.6687050005412507 -1.6687050005412507 -1.8970517584643689 -1.6687050005412507 -2.2022546625280697 -1.6851903937748673 -1.8489392573968584 -1.6711883336131843 -1.7189292360212258 -1.8552879229163484 -1.6687050005412507 -1.6687050005412507 -1.6687050005412507 -1.6687050005412507 -1.6687050005412507 -1.7143363506845981 -1.6850464254617696 -1.7135900543150493 -1.6710932483322973 -2.2022546625280697 -1.6687050005412507 -2.2022546625280697
leaf_weight=118.69130997359753 5827.344884313643 19713.458256721497 2498.6519756913185 83.216251194477081 118.63938514888287 123.7935448512435 62.880748368799686 100.20259767770767 17.63565719127655 2.4048623442649832 7.0068877339363098 225.25543957948685 65.410972222685814 18.197929158806801 13.316004335880278 20.13423153012991 7.9642829895019513 6.163479782640934 52386.719686686993 14761.045069098473 2478.611456155777 26.453485786914825 9.6194493770599347 13.14885565638542 30.597088858485222 12.253522880375384 20.935852311551571 25.114814549684525 68.939387202262878 85988.345706395805
leaf_count=1259 62176 24592 3117 888 1266 1321 671 125 22 3 37 281 698 28 59 26 17 28 65351 18414 3092 33 12 27 47 25 27 268 86 917581
internal_value=-1.93548 -2.09831 -2.1881 -1.67338 -1.67224 -1.67135 -1.67079 -1.96358 -2.13321 -2.20224 -1.66979 -1.79726 -1.66938 -1.75642 -1.66926 -1.69185 -1.72594 -1.77842 -1.66921 -1.67072 -1.68223 -2.0126 -2.13385 -1.67925 -1.6908 -1.68595 -1.67938 -2.19928 -1.66927 -2.20225
internal_weight=184852 114030 94316.7 70821.9 70678.1 70541.9 70458.6 223.996 136.275 91818.1 70234.7 288.136 69946.5 39.3326 69907.2 179.325 32.3257 14.1278 69727.9 17341.1 2580.1 101.484 75.0304 166.009 76.9353 63.7865 51.5329 143.806 89.0736 91815.7
internal_count=1101577 1007469 982877 94108 92581 91293 90405 1446 1288 979760 88959 952 88007 110 87897 297 73 45 87600 22249 3835 743 710 238 126 99 74 1527 112 979757
cat_boundaries=0 1 6 11
cat_threshold=9 0 0 0 0 2147484672 0 104857600 1024 3584 67108930
is_linear=0
shrinkage=1


Tree=1
num_leaves=31
num_cat=2
split_feature=1 15 19 13 4 53 4 15 23 15 39 3 13 28 23 15 22 25 3 3 3 13 3 3 3 3 3 13 3 13
split_gain=1.597e+06 1.09073e+06 188035 7380.16 5061.61 2939.89 2929.24 3558.74 1549.45 1130.83 188.316 35.6265 28.027 23.511 169.876 4592.94 1317.97 678.882 9.70517 2.2113 4.44441 0.69795 0.197285 0.214785 0.110782 0.0750247 0.0313795 0.0121635 0.00158575 0.00154274
threshold=0 1.0000000180025095e-35 1.0000000180025095e-35 6.0000000000000009 443.50000000000006 1 416.00000000000006 1.0000000180025095e-35 1.0000000180025095e-35 1.0000000180025095e-35 1.0000000180025095e-35 49899.000000000007 5246.0000000000009 1.0000000180025095e-35 1.0000000180025095e-35 1.0000000180025095e-35 1.0000000180025095e-35 1.0000000180025095e-35 49843.000000000007 59706.500000000007 61101.000000000007 7362.0000000000009 61259.000000000007 61521.000000000007 130.00000000000003 61439.000000000007 55029.000000000007 1.0000000180025095e-35 61187.500000000007 6506.0000000000009
decision_type=9 2 2 8 10 9 8 2 2 2 2 8 10 2 2 2 2 2 10 10 10 10 10 10 10 10 10 10 10 10
left_child=3 2 10 24 5 8 7 -7 -5 -6 27 12 18 14 15 16 17 26 -8 -17 -21 28 -23 25 -1 -24 -13 -2 -22 -28
right_child=1 -3 -4 4 9 6 11 -9 -10 -11 -12 13 -14 -15 -16 19 -18 -19 -20 20 21 22 23 -25 -26 -27 29 -29 -30 -31
leaf_value=-0.05179122339766834 -0.055451360871779369 0.31526464765792456 0.31526464765792456 -0.055557341567886054 -0.055527681399896958 -0.055527681399896958 0.25358262008790433 0.31526464765792456 0.31526464765792456 0.31526464765792456 0.31526464765792456 -0.055527681399896958 0.3047225425346955 0.31526464765792456 0.31526464765792456 0.31526464765792456 0.31526464765792456 0.31526464765792456 0.18263065286682956 0.34139827175302057 0.3157141000770452 0.32482493242202604 0.31963507624984727 0.3239078996396571 -0.055527681399896958 0.31589892963472266 -0.057870200607131828 -0.055527681399896958 0.31526464765792456 -0.05910690755577213
leaf_weight=113.85982732474804 5574.3593535721302 28071.556831359863 3558.0287346839905 89.572751544415951 113.4821635633707 118.41227335482836 15.060863271355631 142.68642663955688 41.093690872192383 25.112811088562012 3.4244742393493643 113.12361012399197 30.602325886487961 74597.605338573456 21299.088277339935 3529.4914493560791 37.669216632843018 13.697896957397459 7.0878101885318747 22.451930284500122 25.083787798881531 25.622827529907227 32.734772324562073 22.332190036773682 24.023080438375473 22.792611122131348 5.64010441303253 82250.455864645541 90.177821636199951 4.5610057264566422
leaf_count=1259 62176 24592 3117 995 1266 1321 36 125 36 22 3 1262 48 65351 18659 3092 33 12 26 21 22 23 29 20 268 20 48 917581 79 35
internal_value=0.166274 0.0426599 -0.0410727 0.313079 0.313612 0.314029 0.314328 0.147105 0.0567226 0.0116583 -0.0555084 0.314797 0.273717 0.314818 0.313499 0.303969 0.0533326 -0.0186758 0.230877 0.315581 0.320213 0.318039 0.321019 0.319767 -0.0524422 0.318101 -0.0557672 -0.0555228 0.315362 -0.0584231
internal_weight=220021 119458 91386.3 100563 100425 100287 100156 261.099 130.666 138.595 87828.2 99894.8 52.751 99842.1 25244.5 3945.38 174.692 137.023 22.1487 3770.69 241.196 218.744 103.482 77.8596 137.883 55.5274 123.325 87824.8 115.262 10.2011
internal_count=1101577 1007469 982877 94108 92581 91293 90262 1446 1031 1288 979760 88816 110 88706 23355 4696 1390 1357 62 3306 214 193 92 69 1527 49 1345 979757 101 83
cat_boundaries=0 1 6
cat_threshold=9 0 100663296 1024 0 2147484672
is_linear=0
shrinkage=0.05


Tree=2
num_leaves=31
num_cat=2
split_feature=1 15 19 13 4 53 4 15 23 15 39 3 28 23 15 22 25 13 13 3 3 3 13 3 3 3 3 3 13 3
split_gain=1.01321e+06 797651 147654 4581.3 2996.37 1666.65 1579.46 2451.61 1130.89 854.501 149.48 19.9723 11.6293 84.3573 2695.24 946.322 525.296 9.72328 9.76771 0.743043 1.52971 0.644283 0.242702 0.11416 0.0677143 0.0742897 0.0261034 0.0255191 0.0126072 0.00548685
threshold=0 1.0000000180025095e-35 1.0000000180025095e-35 6.0000000000000009 443.50000000000006 1 416.00000000000006 1.0000000180025095e-35 1.0000000180025095e-35 1.0000000180025095e-35 1.0000000180025095e-35 49873.500000000007 1.0000000180025095e-35 1.0000000180025095e-35 1.0000000180025095e-35 1.0000000180025095e-35 1.0000000180025095e-35 3078.0000000000005 5286.0000000000009 59706.500000000007 61101.000000000007 49957.000000000007 7362.0000000000009 130.00000000000003 61259.000000000007 61521.000000000007 61439.000000000007 55029.000000000007 1.0000000180025095e-35 49957.000000000007
decision_type=9 2 2 8 10 9 8 2 2 2 2 8 2 2 2 2 2 8 10 10 10 8 10 10 10 10 10 10 10 8
left_child=3 2 10 23 5 8 7 -7 -5 -6 28 17 13 14 15 16 27 -8 -19 21 -21 -16 -22 -1 -24 26 -26 29 -2 -13
right_child=1 -3 -4 4 9 6 11 -9 -10 -11 -12 12 -14 -15 19 -17 -18 18 -20 20 22 -23 24 -25 25 -27 -28 -29 -30 -31
leaf_value=-0.05135132633093771 -0.055149653956068301 0.24353596605975503 0.24353596605975503 -0.055257008899468045 -0.055229109720227487 -0.055229109720227487 0.24331147709816925 0.24353596605975503 0.24353596605975503 0.24353596605975503 0.24353596605975503 -0.057758354467436081 0.24353596605975503 0.24353596605975503 0.25016859794629753 0.24353596605975503 0.24353596605975503 0.16337184301794941 0.21790936213155931 0.25727598395204082 0.2435883953435255 0.24353596605975503 0.24860696258235376 -0.055229109720227487 0.24586672350942806 0.24812934999848821 0.24387570878556797 -0.057945132436581392 -0.055229109720227487 -0.055229109720227487
leaf_weight=109.21124412119389 5330.7682294696569 34322.042455673218 4350.2686375379562 85.655612073838711 108.51636381447315 113.2307398095727 16.841378524899483 174.4573563337326 50.24371862411499 30.704494714736938 4.1869765520095816 2.1879995614290237 91207.701550126076 26041.598494648933 36.929097890853882 46.056742072105408 16.74790620803833 13.307632714509962 21.432484790682793 28.117953538894653 140.93903768062592 4288.8596481084824 31.610844373703003 22.971868485212326 40.188608050346375 27.527044534683228 27.884323596954346 9.7816117033362371 78651.306181080639 107.31634083390236
leaf_count=1259 62176 24592 3117 995 1266 1321 21 125 36 22 3 20 65351 18659 27 33 12 35 36 21 101 3073 23 268 29 20 20 83 917581 1252
internal_value=0.140636 0.0389773 -0.040497 0.242155 0.242492 0.242755 0.242943 0.125945 0.0514264 0.0106621 -0.0552092 0.243239 0.243252 0.242413 0.236325 0.0476413 -0.0186824 0.212133 0.197018 0.243758 0.246181 0.243593 0.245018 -0.0520252 0.246601 0.245937 0.245051 -0.0554982 -0.0552241 -0.0552796
internal_weight=245459 122659 88336.5 122800 122668 122529 122393 287.688 135.899 139.221 83986.3 122105 122053 30845.7 4804.15 182.091 136.034 51.5815 34.7401 4622.06 296.268 4325.79 268.15 132.183 127.211 95.6 68.0729 119.286 83982.1 109.504
internal_count=1101577 1007469 982877 94108 92581 91293 90262 1446 1031 1288 979760 88816 88724 23373 4714 1400 1367 92 71 3314 214 3100 193 1527 92 69 49 1355 979757 1272
cat_boundaries=0 1 6
cat_threshold=9 0 100663296 1024 0 2147484672
is_linear=0
shrinkage=0.05


Tree=3
num_leaves=31
num_cat=2
split_feature=1 15 19 13 4 4 15 53 23 15 39 3 13 28 23 15 22 25 3 3 3 3 13 3 3 3 13 3 3 13
split_gain=713983 627556 123321 3230.08 2028.51 993.357 1848.4 826.98 1120.47 690.807 126.049 13.9718 9.87492 7.01997 51.0382 1804.48 732.777 433.044 0.34164 0.702614 0.299346 0.117796 0.110383 0.0305861 0.0337582 0.0215731 0.0130868 0.0118613 0.00466149 0.00110475
threshold=0 1.0000000180025095e-35 1.0000000180025095e-35 6.0000000000000009 443.50000000000006 416.00000000000006 1.0000000180025095e-35 1 1.0000000180025095e-35 1.0000000180025095e-35 1.0000000180025095e-35 49873.500000000007 5246.0000000000009 1.0000000180025095e-35 1.0000000180025095e-35 1.0000000180025095e-35 1.0000000180025095e-35 1.0000000180025095e-35 59706.500000000007 61101.000000000007 49957.000000000007 130.00000000000003 7362.0000000000009 61259.000000000007 61521.000000000007 55029.000000000007 1.0000000180025095e-35 61439.000000000007 49957.000000000007 6506.0000000000009
decision_type=9 2 2 8 10 8 2 9 2 2 2 8 10 2 2 2 2 2 10 10 8 10 10 10 10 10 10 10 8 10
left_child=3 2 10 21 5 6 -5 8 -7 -6 26 12 -9 14 15 16 17 25 20 -20 -17 -1 -21 -24 27 28 -2 -25 -13 -27
right_child=1 -3 -4 4 9 7 -8 11 -10 -11 -12 13 -14 -15 -16 18 -18 -19 19 22 -22 -23 23 24 -26 29 -28 -29 -30 -31
leaf_value=-0.050920538516415537 -0.054865345788337683 0.20170342381534345 0.20170342381534345 -0.054948139457047532 -0.054948139457047532 -0.054974646476772748 0.20170342381534345 0.15219222704661908 0.20170342381534345 0.20170342381534345 0.20170342381534345 -0.057329636555236145 0.19402919122080897 0.20170342381534345 0.20170342381534345 0.20592014573159939 0.20170342381534345 0.20170342381534345 0.21036643380619094 0.20173655886119538 0.20170342381534345 -0.054948139457047532 0.20489346803656155 0.20317294472393216 0.20459725783722377 -0.057009513810287321 -0.054948139457047532 0.2019181065418767 -0.054948134940469906 -0.058101001592570145
leaf_weight=104.74168196320534 5096.3949934244156 39219.901943206787 4971.0651576519012 108.24522385746241 103.73842044174671 81.148987956345081 199.35294985771179 23.732076719403267 89.310121536254883 35.086119174957275 4.7844707965850821 2.0964589715003967 34.766825541853905 104223.31700921059 29725.917059183121 42.453059911727905 52.629178762435913 19.137883186340332 32.533397436141968 161.05943715572357 4900.8929193019867 21.960423916578293 36.294721484184265 46.024822235107422 31.591194868087769 5.1761219501495344 75188.312454469502 31.873724460601807 103.32863370329142 4.1988967433571815
leaf_count=1259 62176 24592 3117 1321 1266 986 125 49 56 22 3 20 43 65351 18639 27 33 12 21 101 3073 268 23 29 20 48 917581 20 1261 35
internal_value=0.123342 0.0361743 -0.0399649 0.200708 0.200951 0.20114 0.111387 0.201338 0.075103 0.00991725 -0.0549276 0.201473 0.177057 0.201497 0.200887 0.196448 0.0436235 -0.018492 0.201845 0.20338 0.20174 -0.0516186 0.202639 0.203636 0.203219 -0.0551999 -0.0549429 0.20266 -0.0549955 -0.0574984
internal_weight=264701 124480 85260.6 140221 140094 139955 307.598 139647 170.459 138.825 80289.5 139477 58.4989 139419 35195.2 5469.29 186.567 133.938 5282.72 339.377 4943.35 126.702 306.844 145.784 109.49 114.8 80284.7 77.8985 105.425 9.37502
internal_count=1101577 1007469 982877 94108 92581 91293 1446 89847 1042 1288 979760 88805 92 88713 23362 4723 1409 1376 3314 214 3100 1527 193 92 69 1364 979757 49 1281 83
cat_boundaries=0 1 6
cat_threshold=9 0 67108864 1024 3072 2147484672
is_linear=0
shrinkage=0.05


Tree=4
num_leaves=31
num_cat=2
split_feature=1 15 19 13 3 4 53 23 4 15 15 39 28 23 15 22 25 3 3 3 3 3 13 13 3 3 3 13 3 4
split_gain=535949 515193 106606 2449.02 1505.86 612.525 570.701 906.195 489.481 1276.2 461.199 109.914 4.68293 33.8132 1391.49 609.492 373.901 9.95004 0.216136 0.1932 0.377303 0.121684 0.0581969 0.0516415 0.0182335 0.0160544 0.0178176 0.0136036 0.0115201 0.0388586
threshold=0 1.0000000180025095e-35 1.0000000180025095e-35 6.0000000000000009 49743.500000000007 444.50000000000006 1 1.0000000180025095e-35 416.00000000000006 1.0000000180025095e-35 1.0000000180025095e-35 1.0000000180025095e-35 1.0000000180025095e-35 1.0000000180025095e-35 1.0000000180025095e-35 1.0000000180025095e-35 1.0000000180025095e-35 49899.000000000007 49873.500000000007 59706.500000000007 61101.000000000007 130.00000000000003 7362.0000000000009 11006.000000000002 55029.000000000007 61259.000000000007 61521.000000000007 1.0000000180025095e-35 49439.000000000007 416.00000000000006
decision_type=9 2 2 8 8 10 9 2 8 2 2 2 2 2 2 2 2 8 8 10 10 10 10 10 10 10 10 10 10 10
left_child=3 2 11 21 23 6 7 -6 9 -8 -7 27 13 14 15 16 18 -16 -10 -19 -21 -1 -22 28 -20 -24 -27 -2 -5 -30
right_child=1 -3 -4 4 5 10 8 -9 12 -11 -12 -13 -14 -15 17 -17 -18 19 24 20 22 -23 25 -25 -26 26 -28 -29 29 -31
leaf_value=-0.050497519575367057 -0.054597238932969194 0.17399286692757299 0.17399286692757299 -0.054683582082168364 -0.054708551299162834 -0.054683582082168364 -0.054683582082168364 0.17399286692757299 -0.065552209950259274 0.17399286692757299 0.17399286692757299 0.17399286692757299 0.17399286692757299 0.17399286692757299 0.19341128664000964 0.17399286692757299 0.17399286692757299 0.17398460754823752 -0.054728289565013577 0.18002529863570593 0.1740158431152454 -0.054683582082168364 0.17619894709941952 -0.060948878998192048 -0.057079385043285802 0.17465502667611935 0.17599678637546867 -0.054683582082168364 -0.05468358208216835 -0.059655949543073898
leaf_weight=100.4469887316227 4871.0445946976542 43079.581089019775 5460.2738392353058 48.867363452911377 77.557252764701843 51.530008256435394 84.578129053115845 98.099241256713867 4.9982829093933105 218.97152066230774 38.538987636566162 5.2553164958953849 114480.06277441978 32651.281388998032 67.201071500778198 57.808481454849243 21.021265983581543 5416.6326497793198 100.76067435741425 36.012948036193848 176.91503536701202 20.987906098365784 39.98654842376709 3.9815253615379325 8.9815925359725934 85.642057776451111 34.794483661651611 71858.596513599157 13.469850182533266 5.5473309159278861
leaf_count=1259 62176 24592 3117 624 986 658 1080 56 28 125 22 3 65351 18639 41 33 12 3092 1281 21 101 268 23 34 83 49 20 917581 172 50
internal_value=0.110734 0.0339313 -0.0394727 0.17322 0.173408 0.173515 0.173591 0.069082 0.173695 0.110277 0.0431632 -0.0546624 0.173832 0.173357 0.169924 0.0380277 -0.0198673 0.174282 -0.0553838 0.17406 0.175161 -0.051221 0.174641 -0.0554145 -0.0549207 0.175331 0.175043 -0.0546781 -0.0550899 -0.056134
internal_weight=279219 125275 82195.2 153945 153823 153751 153661 175.656 153486 303.55 90.069 76734.9 153182 38702 6050.76 193.57 135.762 5857.18 114.741 5789.98 373.351 121.435 337.338 71.8661 109.742 160.423 120.437 76729.6 67.8845 19.0172
internal_count=1101577 1007469 982877 94108 92581 91701 91021 1042 89979 1205 680 979760 88774 23423 4784 1437 1404 3347 1392 3306 214 1527 193 880 1364 92 69 979757 846 222
cat_boundaries=0 1 6
cat_threshold=9 0 67108864 1024 3072 2147484672
is_linear=0
shrinkage=0.05


Tree=5
num_leaves=31
num_cat=2
split_feature=2 15 19 13 3 4 53 23 15 4 15 39 28 23 15 22 25 3 3 3 3 3 13 13 3 13 3 4 4 3
split_gain=419891 433551 94181.3 2021.97 1198.05 462.737 417.231 756.424 390.698 357.026 1046.11 97.8849 10.2962 71.5123 2179.84 666.134 351.007 5.68025 0.188427 0.115752 0.113665 0.223776 0.0441022 0.0337367 0.0162918 0.0142283 0.00987992 0.0331981 0.0384427 0.0092741
threshold=0 1.0000000180025095e-35 1.0000000180025095e-35 6.0000000000000009 49743.500000000007 444.50000000000006 1 1.0000000180025095e-35 1.0000000180025095e-35 416.00000000000006 1.0000000180025095e-35 1.0000000180025095e-35 1.0000000180025095e-35 1.0000000180025095e-35 1.0000000180025095e-35 1.0000000180025095e-35 1.0000000180025095e-35 49899.000000000007 49873.500000000007 130.00000000000003 59706.500000000007 61101.000000000007 11006.000000000002 7362.0000000000009 55029.000000000007 1.0000000180025095e-35 49439.000000000007 416.00000000000006 444.50000000000006 61259.000000000007
decision_type=9 2 2 8 8 10 9 2 2 8 2 2 2 2 2 2 2 8 8 10 10 10 10 10 10 10 10 10 10 10
left_child=3 2 11 19 22 6 7 -6 -7 10 -8 25 13 14 15 16 18 -16 -11 -1 -19 -22 26 -23 -20 -2 -5 -28 -29 -25
right_child=1 -3 -4 4 5 8 9 -9 -10 12 -12 -13 -14 -15 17 -17 -18 20 24 -21 21 23 -24 29 -26 -27 27 28 -30 -31
leaf_value=-0.050274896982185457 -0.054343825263733138 0.15419155295732481 0.15419155295732481 -0.054434343652596931 -0.054457873904800648 -0.054434343652596931 -0.054434343652596931 0.15419155295732481 0.15419155295732481 -0.064573173550319177 0.15419155295732481 0.15419155295732481 0.15419155295732481 0.15419155295732481 0.16824654721369484 0.15419155295732481 0.15419155295732481 0.15418569179493186 -0.054457946114869031 -0.054434343652596931 0.15866773900753522 0.15420848686830332 -0.060344828698038394 0.15581318667132252 -0.05668704367933896 -0.054434343652596931 -0.054434343652596917 -0.062957252507466616 -0.054412352278671965 0.15496435392459915
leaf_weight=100.81232714653015 4634.5976878553629 45893.931420445442 5842.4089947938919 46.69152295589447 74.105744689702988 49.235612347722054 80.812251269817352 104.96467876434326 41.23612380027771 4.8247603625059128 234.29615795612335 5.6231077909469596 122491.90574872494 34936.368705153465 73.214371800422668 61.854185700416565 22.492431163787842 5996.2254520654678 174.4030507132411 20.05341050028801 38.738707780838013 189.30047690868378 3.8242929056286803 42.874028325080872 8.6011878699064237 68596.357098005712 12.870099276304247 2.9381128102540961 2.3844871520996094 128.99264943599701
leaf_count=1319 61910 24485 3117 624 986 658 1080 56 22 28 125 3 65351 18639 41 33 12 3199 2325 268 21 101 34 23 83 916743 172 18 32 69
internal_value=0.101083 0.0319429 -0.0390008 0.153457 0.153616 0.153703 0.153765 0.0642566 0.0406553 0.153849 0.100688 -0.0544126 0.153961 0.153282 0.148567 0.00995232 -0.0324675 0.154399 -0.0548199 -0.050965 0.15424 0.155056 -0.055127 0.154669 -0.0545627 -0.0544286 -0.0548195 -0.0558079 -0.0591292 0.155176
internal_weight=289917 124973 79079 164944 164823 164754 164664 179.07 90.4717 164485 315.108 73236.6 164170 41677.9 6741.52 272.176 210.321 6469.35 187.829 120.866 6396.13 399.906 68.7085 361.167 183.004 73231 64.8842 18.1927 5.3226 171.867
internal_count=1101577 1006258 981773 95319 93732 92852 92172 1042 680 91130 1205 978656 89925 24574 5935 2481 2448 3454 2436 1587 3413 214 880 193 2408 978653 846 222 50 92
cat_boundaries=0 1 6
cat_threshold=275 0 67108864 1024 3072 2147484672
is_linear=0
shrinkage=0.05


Tree=6
num_leaves=31
num_cat=2
split_feature=2 15 19 13 3 4 15 4 15 53 23 39 28 23 15 22 25 3 3 3 3 3 13 13 13 3 3 4 4 3
split_gain=339332 373451 84460.3 1660.69 985.713 363.94 337.666 272.342 880.061 248.319 710.468 88.4261 7.76141 53.9678 1742.47 577.802 313.794 3.4858 0.158432 0.119821 0.071381 0.142207 0.0377124 0.0209037 0.0148313 0.0138023 0.00836891 0.0280058 0.0322118 0.00572638
threshold=0 1.0000000180025095e-35 1.0000000180025095e-35 6.0000000000000009 49743.500000000007 444.50000000000006 1.0000000180025095e-35 416.00000000000006 1.0000000180025095e-35 1 1.0000000180025095e-35 1.0000000180025095e-35 1.0000000180025095e-35 1.0000000180025095e-35 1.0000000180025095e-35 1.0000000180025095e-35 1.0000000180025095e-35 49899.000000000007 49873.500000000007 130.00000000000003 59706.500000000007 61101.000000000007 11006.000000000002 7362.0000000000009 1.0000000180025095e-35 55029.000000000007 49439.000000000007 416.00000000000006 444.50000000000006 61259.000000000007
decision_type=9 2 2 8 8 10 2 8 2 9 2 2 2 2 2 2 2 8 8 10 10 10 10 10 10 10 10 10 10 10
left_child=3 2 11 19 22 7 -7 8 -6 10 -9 24 13 14 15 16 18 -16 -11 -1 -19 -22 26 -23 -2 -20 -5 -28 -29 -25
right_child=1 -3 -4 4 5 6 -8 9 -10 12 -12 -13 -14 -15 17 -17 -18 20 25 -21 21 23 -24 29 -26 -27 27 28 -30 -31
leaf_value=-0.049870824984965832 -0.054104865182964569 0.13930340315953077 0.13930340315953077 -0.054199418255276591 -0.054199418255276591 -0.054199418255276591 0.13930340315953077 -0.054221595563628266 0.13930340315953077 -0.063668776738980234 0.13930340315953077 0.13930340315953077 0.13930340315953077 0.13930340315953077 0.14997953601421982 0.13930340315953077 0.13930340315953077 0.13929889696639197 -0.054221801181585629 -0.054199418255276591 0.14277540321533672 0.13931639810690968 -0.059777645518098867 0.140547584655556 -0.054199418255276591 -0.056318902426219321 -0.054199418255276577 -0.062167197340375228 -0.05417867711171518 0.13989712376850447
leaf_weight=96.653090387582779 4427.5440410599113 48193.501139879227 6135.1498081684113 44.601994156837463 77.195759117603302 47.032231017947197 43.302308559417725 70.790970683097839 246.03584408760071 4.6529835313558578 143.68493294715881 5.9048602581024161 128629.50757575035 36653.435908794403 77.890951871871948 64.953462839126587 23.619441032409668 6296.6382863521576 166.60154976695776 19.155984669923782 40.838308930397034 198.78878712654114 3.6714199855923644 45.091119289398193 65526.547963656485 8.2338289618492109 12.294139415025713 2.8294327557086936 2.2777295112609863 135.55438625812531
leaf_count=1319 61910 24485 3117 624 1080 658 22 986 125 28 73 3 65351 18622 41 33 12 3199 2325 268 21 101 34 23 916743 83 172 18 32 69
internal_value=0.093439 0.030394 -0.0385778 0.138682 0.138817 0.13889 0.0385571 0.138943 0.0930901 0.139029 0.0720674 -0.0541771 0.1391 0.138532 0.13453 0.00949447 -0.0320182 0.139463 -0.0545629 -0.0505868 0.139341 0.139972 -0.0548538 0.13967 -0.0541934 -0.0543206 -0.0545623 -0.0554923 -0.0586044 0.140059
internal_weight=297444 124289 76095.1 173155 173040 172974 90.3345 172884 323.232 172560 214.476 69960 172346 43716.3 7062.86 268.061 203.108 6794.8 179.488 115.809 6716.91 420.273 65.6747 379.434 69954.1 174.835 62.0033 17.4013 5.10716 180.646
internal_count=1101577 1006258 981773 95319 93732 92852 680 92172 1205 90967 1059 978656 89908 24557 5935 2481 2448 3454 2436 1587 3413 214 880 193 978653 2408 846 222 50 92
cat_boundaries=0 1 6
cat_threshold=275 0 67108864 1024 3072 2147484674
is_linear=0
shrinkage=0.05


Tree=7
num_leaves=31
num_cat=2
split_feature=2 15 19 13 3 4 15 4 15 53 23 39 28 23 15 22 25 3 3 3 3 3 13 13 13 3 3 4 4 3
split_gain=280740 326509 76559.4 1397.21 830.587 294.572 296.214 215.506 754.819 192.667 613.799 80.6985 6.06455 42.2428 1430.17 508.17 283.617 2.25598 0.133398 0.124116 0.0471005 0.0950776 0.0322598 0.0154729 0.0136041 0.0117032 0.0070952 0.0236523 0.0270333 0.0043515
threshold=0 1.0000000180025095e-35 1.0000000180025095e-35 6.0000000000000009 49743.500000000007 444.50000000000006 1.0000000180025095e-35 416.00000000000006 1.0000000180025095e-35 1 1.0000000180025095e-35 1.0000000180025095e-35 1.0000000180025095e-35 1.0000000180025095e-35 1.0000000180025095e-35 1.0000000180025095e-35 1.0000000180025095e-35 49899.000000000007 49873.500000000007 130.00000000000003 59706.500000000007 61101.000000000007 11006.000000000002 1.0000000180025095e-35 7362.0000000000009 55029.000000000007 49439.000000000007 416.00000000000006 444.50000000000006 50022.500000000007
decision_type=9 2 2 8 8 10 2 8 2 9 2 2 2 2 2 2 2 8 8 10 10 10 10 10 10 10 10 10 10 8
left_child=3 2 11 19 22 7 -7 8 -6 10 -9 23 13 14 15 16 18 -16 -11 -1 29 -22 26 -2 -23 -20 -5 -28 -29 -19
right_child=1 -3 -4 4 5 6 -8 9 -10 12 -12 -13 -14 -15 17 -17 -18 20 25 -21 21 24 -24 -25 -26 -27 27 28 -30 -31
leaf_value=-0.049471292729681232 -0.053879048529508804 0.12769075209562794 0.12769075209562794 -0.053977868804149232 -0.053977868804149232 -0.053977868804149232 0.12769075209562794 -0.053998789170252116 0.12769075209562794 -0.062831783336113972 0.12769075209562794 0.12769075209562794 0.12769075209562794 0.12769075209562794 0.13609084463775586 0.12769075209562794 0.12769075209562794 0.12735280536268198 -0.053999099393924492 -0.053977868804149232 0.13047346532821716 0.12770104834698956 -0.059244702874602234 -0.053977868804149232 0.12829006741601212 -0.055973210555668965 -0.053977868804149211 -0.061434319472546142 -0.053958306777146227 0.12769216271646708
leaf_weight=92.663097470998764 4228.8154061585665 49899.288430213928 6352.3006753921509 42.596461772918701 73.724645376205444 44.917422831058502 44.83497428894043 67.609268814325333 254.74417209625244 4.4835126847028732 148.77059650421143 6.1138601303100577 133182.29112529755 37950.767782211304 81.447092771530151 67.252461433410645 24.455440521240234 95.8735511302948 159.1133471429348 18.294634222984314 42.409872889518738 205.8273606300354 3.5229817256331435 62580.141274183989 187.17237877845764 7.8794068843126288 11.741332411766054 2.7227297425270072 2.1752684116363525 6423.6038753986359
leaf_count=1319 61910 24485 3117 624 1080 658 22 986 125 28 73 3 65351 18622 41 33 12 47 2325 268 21 101 34 916743 92 83 172 18 32 3152
internal_value=0.0872286 0.0290697 -0.0381847 0.127152 0.127269 0.127332 0.036773 0.127378 0.0869153 0.127452 0.0677879 -0.053955 0.127514 0.127021 0.123537 0.00910211 -0.0316028 0.127818 -0.0543208 -0.0502143 0.127721 0.128224 -0.0545963 -0.0539716 0.127982 -0.0540922 -0.0543199 -0.0551954 -0.0581141 0.127687
internal_weight=302308 123067 73167.4 179241 179130 179067 89.7524 178977 328.469 178649 216.38 66815.1 178433 45250.3 7299.52 263.184 195.932 7036.33 171.476 110.958 6954.89 435.41 62.7588 66809 393 166.993 59.2358 16.6393 4.898 6519.48
internal_count=1101577 1006258 981773 95319 93732 92852 680 92172 1205 90967 1059 978656 89908 24557 5935 2481 2448 3454 2436 1587 3413 214 880 978653 193 2408 846 222 50 3199
cat_boundaries=0 1 6
cat_threshold=275 0 67108864 1024 3072 2147484674
is_linear=0
shrinkage=0.05


Tree=8
num_leaves=31
num_cat=2
split_feature=2 15 19 13 3 4 15 4 15 53 23 39 28 23 15 22 25 3 3 3 3 3 13 13 3 3 3 3 4 4
split_gain=236579 288780 69956.1 1197.32 712.705 243.787 262.855 174.963 657.123 153.061 537.61 74.2028 4.87459 34.002 1198.07 451.737 258.46 1.5205 0.128636 0.112466 0.0322841 0.0660829 0.0276046 0.0161591 0.00993138 0.00973041 0.0101677 0.00602027 0.0199967 0.0227206
threshold=0 1.0000000180025095e-35 1.0000000180025095e-35 6.0000000000000009 49743.500000000007 444.50000000000006 1.0000000180025095e-35 416.00000000000006 1.0000000180025095e-35 1 1.0000000180025095e-35 1.0000000180025095e-35 1.0000000180025095e-35 1.0000000180025095e-35 1.0000000180025095e-35 1.0000000180025095e-35 1.0000000180025095e-35 49899.000000000007 130.00000000000003 49873.500000000007 59706.500000000007 61101.000000000007 11006.000000000002 1.0000000180025095e-35 55029.000000000007 61545.500000000007 61204.500000000007 49439.000000000007 416.00000000000006 444.50000000000006
decision_type=9 2 2 8 8 10 2 8 2 9 2 2 2 2 2 2 2 8 10 8 10 10 10 10 10 10 10 10 8 10
left_child=3 2 11 18 22 7 -7 8 -6 10 -9 23 13 14 15 16 19 -16 -1 -11 -19 -22 27 -2 -21 26 -23 -5 -29 -30
right_child=1 -3 -4 4 5 6 -8 9 -10 12 -12 -13 -14 -15 17 -17 -18 20 -20 24 21 25 -24 -25 -26 -27 -28 28 29 -31
leaf_value=-0.049075249051030098 -0.053665499619074054 0.11837760833318578 0.11837760833318578 -0.05376884396262202 -0.05376884396262202 -0.05376884396262202 0.11837760833318578 -0.053788586201692891 0.11837760833318578 -0.062055835303956725 0.11837760833318578 0.11837760833318578 0.11837760833318578 0.11837760833318578 0.12516668188965074 0.11837760833318578 0.11837760833318578 0.11837472073731457 -0.05376884396262202 -0.053788987819443204 0.12066464295665967 0.11899089808384228 -0.058743611747406992 -0.05376884396262202 -0.055648367612461613 0.11919897965198661 0.11835595584318609 -0.05376884396262202 -0.060753442895469634 -0.053750385984487142
leaf_weight=88.837322115898132 4038.1760476529598 51099.742883443832 6505.1214444637299 40.672540783882141 70.39478212594986 42.888672813773155 45.913593769073486 64.556897394359112 260.87269186973572 4.3168190121650696 152.34965205192566 6.2609446048736563 136386.33029103279 38863.770143985748 84.054004907608032 68.870390653610229 25.043778419494629 6676.2965407371521 17.468334823846817 151.92956454306841 43.532705783843994 83.360437154769897 3.3790248483419409 59753.633102305233 7.5377678051590911 60.406625509262085 258.79722571372986 11.211020857095717 2.6182282269000998 2.0769810676574707
leaf_count=1319 61910 24485 3117 624 1080 658 22 986 125 28 73 3 65351 18622 41 33 12 3199 268 2325 21 40 34 916743 83 29 124 172 18 32
internal_value=0.0820813 0.0279235 -0.0378189 0.117901 0.118004 0.118061 0.0352363 0.118101 0.0817963 0.118167 0.0641778 -0.0537454 0.118221 0.117784 0.114693 0.0087616 -0.0312182 0.118481 -0.0498465 -0.0540924 0.118402 0.118814 -0.0543536 -0.0537623 -0.0538769 0.118614 0.118511 -0.0540914 -0.0549161 -0.0576556
internal_weight=304920 121403 70303.2 183517 183411 183351 88.8023 183262 331.267 182931 216.907 63798.1 182714 46327.9 7464.15 257.698 188.828 7206.45 106.306 163.784 7122.39 446.097 59.9578 63791.8 159.467 402.564 342.158 56.5788 15.9062 4.69521
internal_count=1101577 1006258 981773 95319 93732 92852 680 92172 1205 90967 1059 978656 89908 24557 5935 2481 2448 3454 1587 2436 3413 214 880 978653 2408 193 164 846 222 50
cat_boundaries=0 1 6
cat_threshold=275 0 67108864 1024 3072 2147484674
is_linear=0
shrinkage=0.05


Tree=9
num_leaves=31
num_cat=2
split_feature=2 15 19 13 3 4 15 4 15 53 23 39 28 23 15 22 25 3 3 3 13 3 3 13 3 13 3 4 4 3
split_gain=202338 257767 64317.9 1040.92 620.322 205.36 235.388 144.975 578.864 123.846 476.032 68.6221 4.00669 27.9805 1020.05 405 237.036 1.06136 0.133379 0.0949327 0.0236284 0.0219107 0.0473582 0.0168894 0.00843416 0.00748591 0.00511213 0.0169228 0.0191222 0.00389938
threshold=0 1.0000000180025095e-35 1.0000000180025095e-35 6.0000000000000009 49743.500000000007 444.50000000000006 1.0000000180025095e-35 416.00000000000006 1.0000000180025095e-35 1 1.0000000180025095e-35 1.0000000180025095e-35 1.0000000180025095e-35 1.0000000180025095e-35 1.0000000180025095e-35 1.0000000180025095e-35 1.0000000180025095e-35 49873.500000000007 130.00000000000003 49873.500000000007 11006.000000000002 59706.500000000007 61101.000000000007 1.0000000180025095e-35 55029.000000000007 7362.0000000000009 49439.000000000007 416.00000000000006 444.50000000000006 49957.000000000007
decision_type=9 2 2 8 8 10 2 8 2 9 2 2 2 2 2 2 2 8 10 8 10 10 10 10 10 10 10 8 10 8
left_child=3 2 11 18 20 7 -7 8 -6 10 -9 23 13 14 15 16 19 -16 -1 -11 26 29 -23 -2 -21 -24 -5 -28 -29 -19
right_child=1 -3 -4 4 5 6 -8 9 -10 12 -12 -13 -14 -15 17 -17 -18 21 -20 24 -22 22 25 -25 -26 -27 27 28 -30 -31
leaf_value=-0.048681706299245037 -0.053463420870676598 0.11074396833382293 0.11074396833382293 -0.053571550447586561 -0.053571550447586561 -0.053571550447586561 0.11074396833382293 -0.053590185949380899 0.11074396833382293 -0.061335341723052522 0.11074396833382293 0.11074396833382293 0.11074396833382293 0.11074396833382293 0.1170015841285105 0.11074396833382293 0.11074396833382293 0.11116016267301143 -0.053571550447586561 -0.053590664712752513 -0.058272173457016199 0.11266131984789243 0.11073556702321748 -0.053571550447586561 -0.055342909730241363 0.11116400927433341 -0.053571550447586561 -0.060119980472991622 -0.053554124190468101 0.11074534653704445
leaf_weight=85.170652315020561 3855.3840024657547 51868.886268138885 6603.0352663993835 38.827799677848816 67.201960980892181 40.943416967988014 46.604676246643066 61.630018141120672 264.79929685592651 4.1532933264970779 154.64278936386108 6.3551831245422354 138439.19079065323 39448.740048408508 69.008151054382324 69.9070143699646 25.420732498168945 57.133630990982056 16.676042169332504 145.04117361456156 3.2395726367831221 44.272803068161011 213.9606716632843 57043.451218061149 7.2087188810110083 194.75377798080444 10.702534526586531 2.5161103904247275 1.9827427864074705 6736.4794456958771
leaf_count=1319 61910 24485 3117 624 1080 658 22 986 125 28 73 3 65351 18622 33 33 12 27 268 2325 34 21 101 916743 83 92 172 18 32 3180
internal_value=0.0777463 0.0269216 -0.0374781 0.110315 0.110408 0.110459 0.0338989 0.110495 0.0774841 0.110554 0.0610899 -0.0535476 0.110603 0.11021 0.107425 0.0084631 -0.0308615 0.11083 -0.0494824 -0.0538771 -0.0541246 0.110771 0.111108 -0.0535647 -0.0536736 0.11094 -0.0538759 -0.0546532 -0.0572263 0.110749
internal_weight=305627 119377 67508.2 186250 186148 186091 87.5481 186004 332.001 185672 216.273 60905.2 185455 47016.1 7567.34 251.731 181.824 7315.61 101.847 156.403 57.2688 7246.6 452.987 60898.8 152.25 408.714 54.0292 15.2014 4.49885 6793.61
internal_count=1101577 1006258 981773 95319 93732 92852 680 92172 1205 90967 1059 978656 89908 24557 5935 2481 2448 3454 1587 2436 880 3421 214 978653 2408 193 846 222 50 3207
cat_boundaries=0 1 6
cat_threshold=275 0 67108864 1024 3072 2147484674
is_linear=0
shrinkage=0.05


Tree=10
num_leaves=31
num_cat=3
split_feature=2 15 19 1 15 13 3 4 15 4 15 53 23 39 28 23 15 22 25 3 3 3 13 13 3 3 3 3 3 3
split_gain=176280 76275.6 56993.5 38974.4 118484 880.045 546.471 175.756 212.353 122.554 514.815 102.003 425.24 63.7394 1.12073 8.13199 406.914 259.818 198.419 0.763826 0.15059 0.0770936 0.0386948 0.0202308 0.0165179 0.0347823 0.00677974 0.00546468 0.00578939 0.00434412
threshold=0 1.0000000180025095e-35 1.0000000180025095e-35 1 1.0000000180025095e-35 6.0000000000000009 49743.500000000007 444.50000000000006 1.0000000180025095e-35 416.00000000000006 1.0000000180025095e-35 2 1.0000000180025095e-35 1.0000000180025095e-35 1.0000000180025095e-35 1.0000000180025095e-35 1.0000000180025095e-35 1.0000000180025095e-35 1.0000000180025095e-35 49899.000000000007 130.00000000000003 49873.500000000007 1.0000000180025095e-35 11006.000000000002 59706.500000000007 61101.000000000007 55029.000000000007 61545.500000000007 61204.500000000007 49439.000000000007
decision_type=9 2 2 9 2 8 8 10 2 8 2 9 2 2 2 2 2 2 2 8 10 8 10 10 10 10 10 10 10 10
left_child=1 2 13 5 -5 20 23 9 -9 10 -8 12 -11 22 15 16 17 18 21 -18 -2 -13 -1 29 -21 -26 -23 28 -27 -7
right_child=3 -3 -4 4 -6 6 7 8 -10 11 -12 14 -14 -15 -16 -17 19 -19 -20 24 -22 26 -24 -25 25 27 -28 -29 -30 -31
leaf_value=-0.053145938592907185 -0.048048769180662004 0.10437605199195386 0.10437605199195386 -0.053385605861635335 0.10437605524958898 -0.053385249709880372 -0.053385249709880372 -0.053385249709880372 0.10437605199195386 -0.053402857070757127 0.10437605199195386 -0.060665359192724026 0.10437605199195386 0.10437605199195386 0.10437605199195386 0.10437605199195386 0.10910858029487194 0.10437605199195386 0.10437605199195386 0.1043735957266959 -0.053385249709880372 -0.053418122606268881 -0.053385249709880372 -0.057828378287942031 0.10600949664861986 0.10482233415623868 -0.055055502152619035 0.10497398190856858 0.10434879631209626 -0.054405440679781703
leaf_weight=1764.8966374024749 78.02369487285614 13205.646882534027 6654.0577647686005 17072.521120224148 39292.456496715546 37.059776723384857 64.141921252012253 39.079059429466724 46.964796543121338 58.824736800044775 266.84543490409851 3.9932564795017242 155.83773398399353 6.4042904376983634 139508.92813134193 39753.56551027298 86.959021091461182 70.447194814682007 25.617161750793457 6600.7000398635864 15.916698977351187 76.435431268066168 39354.39456550777 3.1046266146004191 44.686069965362549 85.357874393463135 6.892035908997058 61.875809192657471 264.71462726593018 14.524143785238264
leaf_count=29686 1259 6186 3117 287435 18406 624 1080 658 22 986 125 28 73 3 65351 18622 41 33 12 3092 268 1281 662636 34 21 40 83 29 124 222
internal_value=0.074047 -0.00198696 -0.0313846 0.0930678 0.0565812 0.10404 0.104122 0.104169 0.0327246 0.104201 0.0738035 0.104255 0.0584179 -0.0533504 0.104299 0.104094 0.102563 0.0290214 -0.0179826 0.104451 -0.048953 -0.0538788 -0.053375 -0.0539084 0.104394 0.104685 -0.0535536 0.104541 0.104464 -0.0536725
internal_weight=304721 60985.4 47779.8 243735 56365 187370 187277 187222 86.0439 187136 330.987 186805 214.662 41125.7 186590 47081.2 7327.68 183.385 112.938 7144.29 93.9404 87.3207 41119.3 54.6885 7057.33 456.634 83.3275 411.948 350.073 51.5839
internal_count=1101577 701628 695442 399949 305841 94108 92581 91701 680 91021 1205 89816 1059 692325 88757 23406 4784 1437 1404 3347 1527 1392 692322 880 3306 214 1364 193 164 846
cat_boundaries=0 1 2 7
cat_threshold=140 9 0 67108864 1024 3072 2147484674
is_linear=0
shrinkage=0.05


Tree=11
num_leaves=31
num_cat=2
split_feature=2 15 19 1 15 13 3 4 15 4 15 39 28 23 15 22 25 3 3 3 13 13 3 3 3 13 3 4 4 3
split_gain=156013 69494 52765.1 33571.9 106761 781.286 485.581 151.998 192.741 104.667 461.463 59.4187 2.73171 19.7796 744.402 328.04 201.565 0.557558 0.156151 0.0676444 0.040388 0.0173053 0.0117032 0.0260663 0.00602927 0.00439933 0.00375992 0.0124216 0.0138433 0.00358282
threshold=0 1.0000000180025095e-35 1.0000000180025095e-35 1 1.0000000180025095e-35 6.0000000000000009 49743.500000000007 444.50000000000006 1.0000000180025095e-35 416.00000000000006 1.0000000180025095e-35 1.0000000180025095e-35 1.0000000180025095e-35 1.0000000180025095e-35 1.0000000180025095e-35 1.0000000180025095e-35 1.0000000180025095e-35 49873.500000000007 130.00000000000003 49873.500000000007 1.0000000180025095e-35 11006.000000000002 59706.500000000007 61101.000000000007 55029.000000000007 7362.0000000000009 49439.000000000007 416.00000000000006 444.50000000000006 49899.000000000007
decision_type=9 2 2 9 2 8 8 10 2 8 2 2 2 2 2 2 2 8 10 8 10 10 10 10 10 10 10 10 10 10
left_child=1 2 11 5 -5 18 21 9 -9 10 -8 20 13 14 15 16 19 -16 -2 -11 -1 26 29 -24 -21 -25 -7 -28 -29 -19
right_child=3 -3 -4 4 -6 6 7 8 -10 12 -12 -13 -14 -15 17 -17 -18 22 -20 24 -22 -23 23 25 -26 -27 27 28 -30 -31
leaf_value=-0.052959013365179046 -0.047648857823735007 0.09898665053347358 0.09898665053347358 -0.053209603223783902 0.098986653515762135 -0.053209264514436187 -0.053209264514436187 -0.053209264514436187 0.09898665053347358 -0.060041493104767744 0.09898665053347358 0.09898665053347358 0.09898665053347358 0.09898665053347358 0.1034788081943411 0.09898665053347358 0.09898665053347358 0.099233701977302718 -0.053209264514436187 -0.053234133889342776 -0.053209264514436187 -0.057410377918054624 0.10039672056841382 0.098971333734390363 -0.054784918782665865 0.0992981860935713 -0.053205993995636136 -0.059025515564611941 -0.053190405938142872 0.098984505211058393
leaf_weight=1684.5974656865001 74.825704880058765 13227.513117313385 6665.0757172107697 16292.243602547795 39357.518039941788 35.365996241569519 61.210378110408783 37.292989626526833 47.042562007904053 3.8369683921337128 267.28728413581848 6.4148948192596427 139739.93044447899 39975.486215353012 70.395249843597412 70.563843011856079 25.659579277038574 147.5213086605072 15.189241975545881 129.08125923573971 37555.740842193365 2.9741694070398799 44.820429086685181 215.96740531921387 6.5874674394726744 196.72696471214294 9.7395770847797376 2.327849179506301 1.8042608499526975 6481.177969455719
leaf_count=29686 1259 6186 3117 287435 18406 624 1080 658 22 28 125 3 65351 18695 33 33 12 69 268 2267 662636 34 21 101 83 92 172 18 32 3031
internal_value=0.070855 -0.00199144 -0.0310844 0.0885574 0.0544193 0.0986773 0.0987533 0.0987957 0.031686 0.0988259 0.0706273 -0.0531736 0.0988754 0.0985473 0.0961713 0.00874747 -0.0298056 0.0990509 -0.0485871 -0.0534946 -0.0531985 -0.0537066 0.0990069 0.0992515 -0.0533094 0.0991271 -0.0534829 -0.0541806 -0.0564777 0.0989901
internal_weight=302452 59139.3 45911.8 243313 55649.8 187663 187573 187521 84.3356 187436 328.498 39246.8 187108 47367.8 7392.34 235.729 165.165 7156.61 90.0149 139.506 39240.3 52.2119 7086.21 457.515 135.669 412.694 49.2377 13.8717 4.13211 6628.7
internal_count=1101577 701628 695442 399949 305841 94108 92581 91701 680 91021 1205 692325 89816 24465 5770 2423 2390 3347 1527 2378 692322 880 3314 214 2350 193 846 222 50 3100
cat_boundaries=0 1 2
cat_threshold=140 9
is_linear=0
shrinkage=0.05


Tree=12
num_leaves=31
num_cat=2
split_feature=2 15 19 1 15 13 3 4 15 4 15 39 28 23 15 22 25 3 3 3 13 13 3 3 3 13 3 4 4 3
split_gain=139086 63600.9 49012.3 29219.6 96768.3 699.075 434.83 132.775 175.832 90.4236 416.361 55.5491 2.3494 17.0235 655.077 299.171 187.141 0.417549 0.16194 0.0572787 0.0421906 0.0148248 0.00918003 0.0198628 0.00513061 0.00325886 0.00319924 0.0105393 0.0116919 0.00135886
threshold=0 1.0000000180025095e-35 1.0000000180025095e-35 1 1.0000000180025095e-35 6.0000000000000009 49743.500000000007 444.50000000000006 1.0000000180025095e-35 416.00000000000006 1.0000000180025095e-35 1.0000000180025095e-35 1.0000000180025095e-35 1.0000000180025095e-35 1.0000000180025095e-35 1.0000000180025095e-35 1.0000000180025095e-35 49899.000000000007 130.00000000000003 49873.500000000007 1.0000000180025095e-35 11006.000000000002 59706.500000000007 61101.000000000007 55029.000000000007 7362.0000000000009 49439.000000000007 416.00000000000006 444.50000000000006 50022.500000000007
decision_type=9 2 2 9 2 8 8 10 2 8 2 2 2 2 2 2 2 8 10 8 10 10 10 10 10 10 10 8 10 8
left_child=1 2 11 5 -5 18 21 9 -9 10 -8 20 13 14 15 16 19 -16 -2 -11 -1 26 29 -24 -21 -25 -7 -28 -29 -19
right_child=3 -3 -4 4 -6 6 7 8 -10 12 -12 -13 -14 -15 17 -17 -18 22 -20 24 -22 -23 23 25 -26 -27 27 28 -30 -31
leaf_value=-0.052781146685424607 -0.047248457437853789 0.094369886261413474 0.094369886261413474 -0.053043283238817789 0.094369889011520602 -0.053042968334245537 -0.053042968334245537 -0.053042968334245537 0.094369886261413474 -0.05945983744409046 0.094369886261413474 0.094369886261413474 0.094369886261413474 0.094369886261413474 0.097858242230696779 0.094369886261413474 0.094369886261413474 0.094185089023060831 -0.053042968334245537 -0.053066543694699625 -0.053042968334245537 -0.057016467517384754 0.09560063605362086 0.09435670152667848 -0.054530031688851871 0.094638482068984009 -0.053039875910598923 -0.058508485415660963 -0.053025143309036439 0.094370701834150666
leaf_weight=1607.7024248689413 71.764450713992119 13181.81466293335 6642.0491924285889 15545.026934426278 39221.5456635952 33.743980228900909 58.403042703866959 35.582594536244869 46.880039215087891 3.6846339851617813 266.36385917663574 6.3927326202392569 139257.15648841858 39837.378778457642 87.500837326049805 70.320058822631836 25.570930480957031 100.1265754699707 14.492606893181799 123.16386024281383 35833.295004740357 2.8481678888201705 44.717257499694824 215.21813058853149 6.2947413995861998 196.10463094711304 9.2928552031517011 2.2333893775939937 1.7214798927307127 6488.6303870677948
leaf_count=29686 1259 6186 3117 287435 18406 624 1080 658 22 28 125 3 65351 18695 41 33 12 47 268 2267 662636 34 21 101 83 92 172 18 32 3045
internal_value=0.0680748 -0.00199335 -0.0308044 0.0846697 0.0525183 0.0940826 0.0941533 0.0941926 0.0307613 0.0942206 0.0678605 -0.0530066 0.0942666 0.0939617 0.0917527 0.00851838 -0.0295191 0.0944255 -0.048222 -0.0533127 -0.0530317 -0.0535138 0.0943829 0.0945998 -0.0531377 0.094491 -0.0533015 -0.0539599 -0.0561217 0.0943679
internal_weight=299037 57271.3 44089.4 241766 54766.6 186999 186913 186863 82.4626 186781 324.767 37447.4 186456 47198.7 7361.33 229.034 158.714 7132.3 86.2571 133.143 37441 49.8399 7044.8 456.04 129.459 411.323 46.9917 13.2477 3.95487 6588.76
internal_count=1101577 701628 695442 399949 305841 94108 92581 91701 680 91021 1205 692325 89816 24465 5770 2423 2390 3347 1527 2378 692322 880 3306 214 2350 193 846 222 50 3092
cat_boundaries=0 1 2
cat_threshold=140 9
is_linear=0
shrinkage=0.05


Tree=13
num_leaves=31
num_cat=2
split_feature=2 15 19 1 15 13 3 4 15 4 15 39 28 23 15 22 25 3 3 3 13 13 3 3 3 3 4 4 3 3
split_gain=124771 58430.3 45651.6 25657.2 88150.8 629.656 391.922 116.976 161.1 78.8845 377.753 52.0525 2.04181 14.8039 580.978 273.969 174.23 0.314713 0.167953 0.0485461 0.044105 0.0127029 0.0069953 0.0153491 0.00436851 0.00272384 0.00894918 0.00988525 0.00267033 0.00288659
threshold=0 1.0000000180025095e-35 1.0000000180025095e-35 1 1.0000000180025095e-35 6.0000000000000009 49743.500000000007 444.50000000000006 1.0000000180025095e-35 416.00000000000006 1.0000000180025095e-35 1.0000000180025095e-35 1.0000000180025095e-35 1.0000000180025095e-35 1.0000000180025095e-35 1.0000000180025095e-35 1.0000000180025095e-35 49899.000000000007 130.00000000000003 49873.500000000007 1.0000000180025095e-35 11006.000000000002 59706.500000000007 61101.000000000007 55029.000000000007 49439.000000000007 416.00000000000006 444.50000000000006 61545.500000000007 61204.500000000007
decision_type=9 2 2 9 2 8 8 10 2 8 2 2 2 2 2 2 2 8 10 8 10 10 10 10 10 10 8 10 10 10
left_child=1 2 11 5 -5 18 21 9 -9 10 -8 20 13 14 15 16 19 -16 -2 -11 -1 25 -19 -24 -21 -7 -27 -28 29 -25
right_child=3 -3 -4 4 -6 6 7 8 -10 12 -12 -13 -14 -15 17 -17 -18 22 -20 24 -22 -23 23 28 -26 26 27 -29 -30 -31
leaf_value=-0.052611720486803709 -0.04684676871805557 0.090374208743531984 0.090374208743531984 -0.052886067172220774 0.090374211199390264 -0.052885764520188255 -0.052885764520188255 -0.052885764520188255 0.090374208743531984 -0.058916893888383837 0.090374208743531984 0.090374208743531984 0.090374208743531984 0.090374208743531984 0.093409922774799314 0.090374208743531984 0.090374208743531984 0.090372468736574424 -0.052885764520188255 -0.052908123841837164 -0.052885764520188255 -0.056645084852841858 0.091458469552294502 0.09067976175957089 -0.054289808187097804 -0.052882843143667702 -0.058025207173682293 -0.052868910649603279 0.090783680085668783 0.090343912749102084
leaf_weight=1534.0943714119494 68.835105538368225 13078.825375556946 6590.1549782752991 14829.733965780586 38915.108541965485 32.191269278526306 55.715658366680145 33.945280745625496 46.513766288757324 3.5364113673567772 264.28276300430298 6.3427863121032706 138169.14276075363 39526.130034923553 87.093239307403564 69.770649433135986 25.371145248413086 6537.2667317390442 13.825737446546553 117.4990224391222 34184.445368021727 2.7265739962458602 44.412479162216187 84.63476037979126 6.0135677829384795 8.8652231842279416 2.1417107507586475 1.6422390937805174 61.375335931777954 262.14537501335144
leaf_count=29686 1259 6186 3117 287435 18406 624 1080 658 22 28 125 3 65351 18695 41 33 12 3092 268 2267 662636 34 21 40 83 172 18 32 29 124
internal_value=0.0656337 -0.00199336 -0.030543 0.0812869 0.0508352 0.0901053 0.0901716 0.0902084 0.0299335 0.0902346 0.0654309 -0.0528486 0.0902775 0.0899922 0.0879233 0.00831214 -0.0292519 0.0904228 -0.0478568 -0.0531408 -0.052874 -0.0533315 0.0903856 0.0905757 -0.0529754 -0.05313 -0.0537517 -0.0557874 0.0904797 0.0904259
internal_weight=294664 55393.9 42315 239270 53744.8 185525 185442 185395 80.459 185314 319.998 35724.9 184994 46825.2 7299.12 222.191 152.42 7076.93 82.6608 127.049 35718.5 47.567 6989.83 452.568 123.513 44.8404 12.6492 3.78395 408.155 346.78
internal_count=1101577 701628 695442 399949 305841 94108 92581 91701 680 91021 1205 692325 89816 24465 5770 2423 2390 3347 1527 2378 692322 880 3306 214 2350 846 222 50 193 164
cat_boundaries=0 1 2
cat_threshold=140 9
is_linear=0
shrinkage=0.05


Tree=14
num_leaves=31
num_cat=2
split_feature=2 15 19 1 15 13 3 4 15 4 15 39 28 23 15 22 25 3 3 13 3 13 3 3 3 3 4 4 13 3
split_gain=112535 53856.3 42619.5 22700.9 80645.2 570.324 355.204 103.814 148.147 69.3962 344.35 48.8698 1.79041 12.9882 518.719 251.78 162.588 0.24197 0.174186 0.0461389 0.0411804 0.0108871 0.00518548 0.0120041 0.0037217 0.00232039 0.0076045 0.00836602 0.0020411 0.00132335
threshold=0 1.0000000180025095e-35 1.0000000180025095e-35 1 1.0000000180025095e-35 6.0000000000000009 49743.500000000007 444.50000000000006 1.0000000180025095e-35 416.00000000000006 1.0000000180025095e-35 1.0000000180025095e-35 1.0000000180025095e-35 1.0000000180025095e-35 1.0000000180025095e-35 1.0000000180025095e-35 1.0000000180025095e-35 49873.500000000007 130.00000000000003 1.0000000180025095e-35 49873.500000000007 11006.000000000002 59706.500000000007 61101.000000000007 55029.000000000007 49439.000000000007 416.00000000000006 444.50000000000006 7362.0000000000009 49899.000000000007
decision_type=9 2 2 9 2 8 8 10 2 8 2 2 2 2 2 2 2 8 10 10 8 10 10 10 10 10 10 10 10 10
left_child=1 2 11 5 -5 18 21 9 -9 10 -8 19 13 14 15 16 20 -16 -2 -1 -11 25 29 -24 -22 -7 -27 -28 -25 -19
right_child=3 -3 -4 4 -6 6 7 8 -10 12 -12 -13 -14 -15 17 -17 -18 22 -20 -21 24 -23 23 28 -26 26 27 -29 -30 -31
leaf_value=-0.05245015840031414 -0.046443033900430086 0.086885440223208488 0.086885440223208488 -0.052737400591828576 0.0868854425249172 -0.052737116766291864 -0.052737116766291864 -0.052737116766291864 0.086885440223208488 -0.05840952725664611 0.086885440223208488 0.086885440223208488 0.086885440223208488 0.086885440223208488 0.089862889405314381 0.086885440223208488 0.086885440223208488 0.0870372083219247 -0.052737116766291864 -0.052737116766291864 -0.052758323598567185 -0.056294777152416021 0.087848284181192726 0.086870617838772257 -0.054063290217630094 -0.052734350343679161 -0.057573028030212331 -0.052721174634079784 0.08709577648826311 0.086884051135703869
leaf_weight=1463.6572680175304 66.032908633351326 12927.505013465881 6513.9077153205872 14145.240366842598 38464.86571764946 30.705413281917572 53.143984526395798 32.37846464663744 45.975607872009277 3.3924170508980751 261.22504472732544 6.2694010734558097 136570.54318380356 39068.817689418793 69.545272827148438 68.963411808013916 25.077604293823242 144.25155901908875 13.187581345438955 32606.590120956302 112.07785951718688 2.6093280985951415 43.937361240386963 211.05694723129272 5.7436435446143141 8.4560069590806943 2.0528530478477474 1.5664129257202146 192.41618013381958 6334.1472160816193
leaf_count=29686 1259 6186 3117 287435 18406 624 1080 658 22 28 125 3 65351 18695 33 33 12 69 268 662636 2267 34 21 101 83 172 18 32 92 3031
internal_value=0.0634752 -0.00199197 -0.0302987 0.0783195 0.0493358 0.0866321 0.0866948 0.0867294 0.0291888 0.086754 0.0632823 -0.0526991 0.0867944 0.0865256 0.0845758 0.00812565 -0.0290026 0.0869283 -0.0474908 -0.0527248 -0.0529783 -0.0531593 0.0868988 0.0870635 -0.0528219 -0.052968 -0.0535552 -0.0554732 0.086978 0.0868875
internal_weight=289495 53517.9 40590.4 235977 52610.1 183367 183288 183243 78.3541 183164 314.369 34076.5 182850 46279.4 7210.61 215.255 146.292 6995.35 79.2205 34070.2 121.214 45.39 6925.81 447.41 117.822 42.7807 12.0753 3.61927 403.473 6478.4
internal_count=1101577 701628 695442 399949 305841 94108 92581 91701 680 91021 1205 692325 89816 24465 5770 2423 2390 3347 1527 692322 2378 880 3314 214 2350 846 222 50 193 3100
cat_boundaries=0 1 2
cat_threshold=140 9
is_linear=0
shrinkage=0.05


Tree=15
num_leaves=31
num_cat=2
split_feature=2 15 19 1 15 13 3 4 15 4 15 39 28 23 15 22 25 3 3 13 3 13 3 3 3 3 4 4 3 3
split_gain=101978 49781.7 39866.6 20218.1 74051.6 519.078 323.454 92.7194 136.67 61.4928 315.183 45.9554 1.58209 11.4824 465.824 232.102 152.025 0.186817 0.180633 0.0482927 0.0349604 0.00933297 0.00421211 0.00948349 0.00317236 0.00197778 0.00646629 0.00708684 0.00168107 0.00183111
threshold=0 1.0000000180025095e-35 1.0000000180025095e-35 1 1.0000000180025095e-35 6.0000000000000009 49743.500000000007 444.50000000000006 1.0000000180025095e-35 416.00000000000006 1.0000000180025095e-35 1.0000000180025095e-35 1.0000000180025095e-35 1.0000000180025095e-35 1.0000000180025095e-35 1.0000000180025095e-35 1.0000000180025095e-35 49899.000000000007 130.00000000000003 1.0000000180025095e-35 49873.500000000007 11006.000000000002 59706.500000000007 61101.000000000007 55029.000000000007 49439.000000000007 416.00000000000006 444.50000000000006 61545.500000000007 61204.500000000007
decision_type=9 2 2 9 2 8 8 10 2 8 2 2 2 2 2 2 2 8 10 10 8 10 10 10 10 10 10 10 10 10
left_child=1 2 11 5 -5 18 21 9 -9 10 -8 19 13 14 15 16 20 -16 -2 -1 -11 25 -19 -24 -22 -7 -27 -28 29 -25
right_child=3 -3 -4 4 -6 6 7 8 -10 12 -12 -13 -14 -15 17 -17 -18 22 -20 -21 24 -23 23 28 -26 26 27 -29 -30 -31
leaf_value=-0.052295925601350504 -0.046036542602913788 0.083815914878537706 0.083815914878537706 -0.052596776186806499 0.083815911192154813 -0.052596507143180905 -0.052596507143180905 -0.052596507143180905 0.083815914878537706 -0.057934924004296263 0.083815914878537706 0.083815914878537706 0.083815914878537706 0.083815914878537706 0.086180019879481692 0.083815914878537706 0.083815914878537706 0.083814464179692683 -0.052596507143180905 -0.052596507143180905 -0.052616627671513955 -0.055964213000788902 0.084676791260327219 0.084059290456086566 -0.053849595534606901 -0.052593889702749808 -0.057149546120340636 -0.052581426826576516 0.084142046957944888 0.083788276881196708
leaf_weight=1396.2764047384262 63.353160560131073 12735.673270225525 6417.247588634491 13490.434672001749 37894.084205389023 29.284001648426056 50.683849006891251 30.879604302346706 45.293374061584473 3.2527314051985741 257.34871625900269 6.1763691902160636 134543.96764993668 38489.074003696442 85.252215623855591 67.940061092376709 24.705476760864258 6365.7227845191956 12.57710327208042 31097.169417157769 106.89160943031311 2.496359482407569 43.319211483001709 82.461930274963379 5.4846555814146987 8.064541429281233 1.9668370559811585 1.493878126144409 59.811370134353638 255.24716854095459
leaf_count=29686 1259 6186 3117 287435 18406 624 1080 658 22 28 125 3 65351 18695 41 33 12 3092 268 662636 2267 34 21 40 83 172 18 32 29 124
internal_value=0.0615548 -0.00198954 -0.0300702 0.0756979 0.0479929 0.0835758 0.0836354 0.0836682 0.028516 0.0836915 0.0613705 -0.0525577 0.0837297 0.0834751 0.0816276 0.00795633 -0.0287695 0.0838539 -0.0471231 -0.0525836 -0.0528247 -0.0529964 0.0838248 0.0839743 -0.0526768 -0.0528149 -0.0533697 -0.0551776 0.0838977 0.0838545
internal_weight=283674 51652.5 38916.9 232021 51384.5 180637 180561 180517 76.173 180441 308.033 32499.6 180133 45589.2 7100.09 208.275 140.334 6891.81 75.9303 32493.4 115.629 43.3056 6806.56 440.84 112.376 40.8093 11.5253 3.46072 397.52 337.709
internal_count=1101577 701628 695442 399949 305841 94108 92581 91701 680 91021 1205 692325 89816 24465 5770 2423 2390 3347 1527 692322 2378 880 3306 214 2350 846 222 50 193 164
cat_boundaries=0 1 2
cat_threshold=140 9
is_linear=0
shrinkage=0.05


Tree=16
num_leaves=31
num_cat=2
split_feature=2 15 19 1 15 13 3 4 15 4 15 39 28 23 15 22 25 3 3 13 3 13 3 3 3 3 4 4 13 3
split_gain=92793.2 46129.6 37354.2 18111 68216.1 474.414 295.751 83.271 126.432 54.8348 289.51 43.2731 1.40742 10.219 420.446 214.538 142.389 0.18729 0.146512 0.0505749 0.0297025 0.00800225 0.00318534 0.00755851 0.00270548 0.00168662 0.00550198 0.00600847 0.00131552 0.000751322
threshold=0 1.0000000180025095e-35 1.0000000180025095e-35 1 1.0000000180025095e-35 6.0000000000000009 49743.500000000007 444.50000000000006 1.0000000180025095e-35 416.00000000000006 1.0000000180025095e-35 1.0000000180025095e-35 1.0000000180025095e-35 1.0000000180025095e-35 1.0000000180025095e-35 1.0000000180025095e-35 1.0000000180025095e-35 130.00000000000003 49873.500000000007 1.0000000180025095e-35 49873.500000000007 11006.000000000002 59706.500000000007 61101.000000000007 55029.000000000007 49439.000000000007 416.00000000000006 444.50000000000006 7362.0000000000009 49899.000000000007
decision_type=9 2 2 9 2 8 8 10 2 8 2 2 2 2 2 2 2 10 8 10 8 10 10 10 10 10 10 10 10 10
left_child=1 2 11 5 -5 17 21 9 -9 10 -8 19 13 14 15 16 20 -2 -16 -1 -11 25 29 -24 -22 -7 -27 -28 -25 -20
right_child=3 -3 -4 4 -6 6 7 8 -10 12 -12 -13 -14 -15 18 -17 -18 -19 22 -21 24 -23 23 28 -26 26 27 -29 -30 -31
leaf_value=-0.052148512850139987 -0.04562660561305102 0.081097136633755354 0.081097136633755354 -0.052463725127504281 0.081097138482112169 -0.052463470328947472 -0.052463470328947472 -0.052463470328947472 0.081097136633755354 -0.057490540726104301 0.081097136633755354 0.081097136633755354 0.081097136633755354 0.081097136633755354 0.083446331300378845 0.081097136633755354 0.081097136633755354 -0.052463470328947472 0.081213342361244736 -0.052463470328947472 -0.052482558209557578 -0.055652140471652047 0.081871421292727342 0.081082242504899704 -0.053647914424899072 -0.052460995736566499 -0.056752595478762206 -0.052449199476471309 0.081265976932354211 0.081096044154319424
leaf_weight=1331.8389520831406 60.791256293654442 12510.16610956192 6303.6191017627716 12864.220530238003 37223.103900194168 27.924656331539154 48.331135958433151 29.446192093193531 44.491376399993896 3.1174034997820854 252.79191136360168 6.0670058727264395 132161.63359618187 37807.558263540268 67.648515224456787 66.737064599990845 24.268023490905762 11.993281885981558 139.62553679943085 29653.657969400287 101.93162486702204 2.387589316815137 42.581875085830688 204.23296785354614 5.2362829372286788 7.6901711076498014 1.883667439222336 1.4245128631591795 186.27873396873474 6129.6471083164215
leaf_count=29686 1259 6186 3117 287435 18406 624 1080 658 22 28 125 3 65351 18695 33 33 12 268 69 662636 2267 34 21 101 83 172 18 32 92 3031
internal_value=0.0598369 -0.00198636 -0.0298561 0.0733674 0.0467846 0.0808685 0.0809255 0.0809566 0.0279056 0.0809788 0.0596603 -0.0524238 0.0810151 0.0807728 0.0790138 0.00780207 -0.0285515 -0.0467532 0.0811311 -0.0524499 -0.0526794 -0.0528424 0.0811077 0.0812389 -0.0525395 -0.05267 -0.0531945 -0.0548995 0.0811699 0.0810987
internal_weight=277322 49805.3 37295.2 227517 50087.3 177430 177357 177316 73.9376 177242 301.123 30991.6 176940 44778.9 6971.31 201.29 134.553 72.7845 6770.01 30985.5 110.285 41.3106 6702.37 433.094 107.168 38.923 10.9984 3.30818 390.512 6269.27
internal_count=1101577 701628 695442 399949 305841 94108 92581 91701 680 91021 1205 692325 89816 24465 5770 2423 2390 1527 3347 692322 2378 880 3314 214 2350 846 222 50 193 3100
cat_boundaries=0 1 2
cat_threshold=140 9
is_linear=0
shrinkage=0.05


Tree=17
num_leaves=31
num_cat=2
split_feature=2 15 19 1 15 13 3 4 15 4 15 39 28 23 15 22 25 3 3 13 3 13 3 3 3 3 4 4 3 3
split_gain=84744.9 42839 35050.8 16306 63017.5 435.177 271.388 75.1512 117.245 49.1698 266.752 40.7941 1.25937 9.14754 381.182 198.775 133.56 0.194149 0.115223 0.0529864 0.0252533 0.00686261 0.0026317 0.00607003 0.00230841 0.00143902 0.00468433 0.00509837 0.0010868 0.00119131
threshold=0 1.0000000180025095e-35 1.0000000180025095e-35 1 1.0000000180025095e-35 6.0000000000000009 49743.500000000007 444.50000000000006 1.0000000180025095e-35 416.00000000000006 1.0000000180025095e-35 1.0000000180025095e-35 1.0000000180025095e-35 1.0000000180025095e-35 1.0000000180025095e-35 1.0000000180025095e-35 1.0000000180025095e-35 130.00000000000003 49899.000000000007 1.0000000180025095e-35 49873.500000000007 11006.000000000002 59706.500000000007 61101.000000000007 55029.000000000007 49439.000000000007 416.00000000000006 444.50000000000006 61545.500000000007 61204.500000000007
decision_type=9 2 2 9 2 8 8 10 2 8 2 2 2 2 2 2 2 10 8 10 8 10 10 10 10 10 8 10 10 10
left_child=1 2 11 5 -5 17 21 9 -9 10 -8 19 13 14 15 16 20 -2 -16 -1 -11 25 -20 -24 -22 -7 -27 -28 29 -25
right_child=3 -3 -4 4 -6 6 7 8 -10 12 -12 -13 -14 -15 18 -17 -18 -19 22 -21 24 -23 23 28 -26 26 27 -29 -30 -31
leaf_value=-0.052007454296871251 -0.045212590641287694 0.078674797319281578 0.078674797319281578 -0.052337801571043945 0.078674799068846057 -0.052337560062495118 -0.052337560062495118 -0.052337560062495118 0.078674797319281578 -0.057074081069929554 0.078674797319281578 0.078674797319281578 0.078674797319281578 0.078674797319281578 0.080563517910162544 0.078674797319281578 0.078674797319281578 -0.052337560062495118 0.07867356981910234 -0.052337560062495118 -0.052355676159522968 -0.055357423920434891 0.079374816397452988 0.078872753434155715 -0.053457492250816509 -0.052335217736030462 -0.056380207969132262 -0.052324049703213797 0.078940035487757257 0.078649965016816994
leaf_weight=1270.233961135149 58.342680417001247 12256.961128234863 6176.0342445373535 12265.522759351879 36469.710674881935 26.625043451786041 46.081805974245071 28.07576697319746 43.590873718261719 2.9864550158381462 247.67541885375977 5.9442100524902335 129486.69038009644 37042.335643768311 82.384958744049072 65.386310577392578 23.776840209960938 11.435114815831183 6126.4264081716537 28273.577392175794 97.189405586570501 2.2829306088387957 41.746208906173706 79.400253057479858 4.9982006028294554 7.3322533220052719 1.8033346310257896 1.3581976890563963 57.599965929985046 245.63364243507385
leaf_count=29686 1259 6186 3117 287435 18406 624 1080 658 22 28 125 3 65351 18695 41 33 12 268 3092 662636 2267 34 21 40 83 172 18 32 29 124
internal_value=0.0582928 -0.00198263 -0.0296555 0.0712843 0.0456926 0.0784562 0.0785108 0.0785406 0.02735 0.0785617 0.0581228 -0.052297 0.0785964 0.0783648 0.0766831 0.00766109 -0.0283474 -0.0463802 0.0787053 -0.0523234 -0.052542 -0.0526967 0.0786819 0.0788023 -0.0524096 -0.052533 -0.0530289 -0.0546377 0.0787399 0.0787044
internal_weight=270549 47982.8 35725.8 222566 48735.2 173831 173761 173722 71.6666 173650 293.757 29549.8 173357 43869.9 6827.53 194.337 128.951 69.7778 6633.19 29543.8 105.174 39.4018 6550.81 424.38 102.188 37.1188 10.4938 3.16153 382.634 325.034
internal_count=1101577 701628 695442 399949 305841 94108 92581 91701 680 91021 1205 692325 89816 24465 5770 2423 2390 1527 3347 692322 2378 880 3306 214 2350 846 222 50 193 164
cat_boundaries=0 1 2
cat_threshold=140 9
is_linear=0
shrinkage=0.05


Tree=18
num_leaves=31
num_cat=2
split_feature=2 15 19 1 15 13 3 4 15 4 15 39 28 23 15 22 25 3 3 13 3 13 3 3 3 3 4 4 13 3
split_gain=77646.5 39860.2 32930.8 14747.1 58359.9 400.466 249.815 68.1167 108.959 44.3068 246.455 38.4947 1.13275 8.23056 346.949 184.559 125.439 0.201205 0.0917431 0.0555369 0.0214849 0.00588632 0.00202067 0.00490747 0.0019705 0.00122832 0.00399048 0.00432946 0.000866834 0.000504077
threshold=0 1.0000000180025095e-35 1.0000000180025095e-35 1 1.0000000180025095e-35 6.0000000000000009 49743.500000000007 444.50000000000006 1.0000000180025095e-35 416.00000000000006 1.0000000180025095e-35 1.0000000180025095e-35 1.0000000180025095e-35 1.0000000180025095e-35 1.0000000180025095e-35 1.0000000180025095e-35 1.0000000180025095e-35 130.00000000000003 49873.500000000007 1.0000000180025095e-35 49873.500000000007 11006.000000000002 59706.500000000007 61101.000000000007 55029.000000000007 49439.000000000007 416.00000000000006 444.50000000000006 7362.0000000000009 49957.000000000007
decision_type=9 2 2 9 2 8 8 10 2 8 2 2 2 2 2 2 2 10 8 10 8 10 10 10 10 10 10 10 10 8
left_child=1 2 11 5 -5 17 21 9 -9 10 -8 19 13 14 15 16 20 -2 -16 -1 -11 25 -20 -24 29 -7 -27 -28 -25 -22
right_child=3 -3 -4 4 -6 6 7 8 -10 12 -12 -13 -14 -15 18 -17 -18 -19 22 -21 24 -23 23 28 -26 26 27 -29 -30 -31
leaf_value=-0.051872287597034994 -0.044793887822680525 0.076505272204861141 0.076505272204861141 -0.052218591875767773 0.076505273822737474 -0.052218363317762785 -0.052218363317762785 -0.052218363317762785 0.076505272204861141 -0.056683462405627598 0.076505272204861141 0.076505272204861141 0.076505272204861141 0.076505272204861141 0.078400981967209848 0.076505272204861141 0.076505272204861141 -0.052218363317762785 0.07650646391434647 -0.052218363317762785 -0.053306898424582617 -0.05507898501958286 0.07714104573646037 0.076491036643174637 -0.053277624806871274 -0.052216147101121352 -0.056030595858739429 -0.052205570951140215 0.076643427371505979 -0.052222860441834523
leaf_weight=1211.3530271239579 56.003021389245987 11981.281533479691 6037.1248852014542 11693.288896031678 35649.445846796036 25.382877945899963 43.931904137134552 26.765919372439384 42.610441923141479 2.859884187579155 242.10478365421295 5.81051480770111 126574.31773269176 36209.191443324089 65.055288553237915 63.915662884712219 23.242059230804443 10.901620656251906 6004.2404676675797 26954.501138716936 1.0850846767425535 2.1822908818721762 40.83043360710144 195.58827674388885 4.7700807712972155 6.9901582151651365 1.7258172482252123 1.2948155403137205 178.46236872673035 91.571564078330994
leaf_count=29686 1259 6186 3117 287435 18406 624 1080 658 22 28 125 3 65351 18695 33 33 12 268 3100 662636 20 34 21 101 83 172 18 32 92 2247
internal_value=0.0568988 -0.00197852 -0.0294673 0.0694133 0.044702 0.0762954 0.0763481 0.0763766 0.0268427 0.0763968 0.0567348 -0.0521769 0.07643 0.0762079 0.0745941 0.00753187 -0.028156 -0.0460037 0.0765328 -0.0522035 -0.052412 -0.0525587 0.0765138 0.0766206 -0.0522866 -0.0524033 -0.0528724 -0.054391 0.0765637 -0.0522356
internal_weight=263448 46190.1 34208.8 217258 47342.7 169915 169848 169811 69.3764 169741 286.037 28171.7 169455 42880.8 6671.62 187.444 123.529 66.9046 6484.18 28165.9 100.287 37.576 6419.12 414.881 97.4267 35.3937 10.0108 3.02063 374.051 92.6566
internal_count=1101577 701628 695442 399949 305841 94108 92581 91701 680 91021 1205 692325 89816 24465 5770 2423 2390 1527 3347 692322 2378 880 3314 214 2350 846 222 50 193 2267
cat_boundaries=0 1 2
cat_threshold=140 9
is_linear=0
shrinkage=0.05


Tree=19
num_leaves=31
num_cat=2
split_feature=2 15 19 1 15 13 3 4 15 4 15 39 28 23 15 22 25 3 3 13 3 13 3 3 3 3 4 4 3 3
split_gain=71349.5 37152.4 30973.1 13390.6 54165.5 369.57 230.593 61.9784 101.451 40.0992 228.253 36.3555 1.02353 7.43928 316.9 171.681 117.943 0.208448 0.0732487 0.0582309 0.0182906 0.0050498 0.00169189 0.00399054 0.00168285 0.00104892 0.00340124 0.00367916 0.00071741 0.000790642
threshold=0 1.0000000180025095e-35 1.0000000180025095e-35 1 1.0000000180025095e-35 6.0000000000000009 49743.500000000007 444.50000000000006 1.0000000180025095e-35 416.00000000000006 1.0000000180025095e-35 1.0000000180025095e-35 1.0000000180025095e-35 1.0000000180025095e-35 1.0000000180025095e-35 1.0000000180025095e-35 1.0000000180025095e-35 130.00000000000003 49899.000000000007 1.0000000180025095e-35 49873.500000000007 11006.000000000002 59706.500000000007 61101.000000000007 55029.000000000007 49439.000000000007 416.00000000000006 444.50000000000006 61545.500000000007 61204.500000000007
decision_type=9 2 2 9 2 8 8 10 2 8 2 2 2 2 2 2 2 10 8 10 8 10 10 10 10 10 10 10 10 10
left_child=1 2 11 5 -5 17 21 9 -9 10 -8 19 13 14 15 16 20 -2 -16 -1 -11 25 -20 -24 -22 -7 -27 -28 29 -25
right_child=3 -3 -4 4 -6 6 7 8 -10 12 -12 -13 -14 -15 18 -17 -18 -19 22 -21 24 -23 23 28 -26 26 27 -29 -30 -31
leaf_value=-0.051742597918480161 -0.04436993069880335 0.07455310974040473 0.07455310974040473 -0.052105710834146196 0.074553104943969536 -0.052105498638545633 -0.052105498638545633 -0.052105498638545633 0.07455310974040473 -0.056316796214303577 0.07455310974040473 0.07455310974040473 0.07455310974040473 0.07455310974040473 0.076092741092198074 0.07455310974040473 0.07455310974040473 -0.052105498638545633 0.074552061030750849 -0.052105498638545633 -0.052121793024375362 -0.054815847070526974 0.075132844352434669 0.074716791372286914 -0.053107668686963108 -0.052103398029824111 -0.055702124380590114 -0.052093380909433135 0.074772385126496824 0.074530953285581666
leaf_weight=1155.0899575799704 53.767980799078941 11687.690533876419 5889.1903320550919 11146.488618299365 34775.886903524399 24.195918917655945 41.877551972866058 25.514286294579506 41.566309690475464 2.7376691102981567 236.17221415042877 5.6681331396102896 123472.72293555737 35321.916348338127 78.818912029266357 62.349464535713196 22.672532558441162 10.391836971044539 5841.8687022924423 25694.049563974142 88.325245060026646 2.0855722650885573 39.850483655929565 75.742873072624207 4.5515949875116339 6.6632693856954557 1.6510835960507395 1.2342522144317625 54.954182744026184 234.20780229568481
leaf_count=29686 1259 6186 3117 287435 18406 624 1080 658 22 28 125 3 65351 18695 41 33 12 268 3092 662636 2267 34 21 40 83 172 18 32 29 124
internal_value=0.0556354 -0.00197416 -0.0292905 0.0677252 0.0438004 0.0743509 0.0744019 0.0744293 0.0263782 0.0744488 0.0554768 -0.0520632 0.0744807 0.0742669 0.0727132 0.00741313 -0.0279766 -0.0456228 0.074578 -0.0520899 -0.0522888 -0.0524282 0.0745589 0.0746578 -0.0521701 -0.0522806 -0.0527244 -0.0541584 0.0746059 0.0745764
internal_weight=256100 44431.7 32744 211668 45922.4 165746 165682 165646 67.0806 165579 278.05 26854.8 165301 41828 6506.08 180.637 118.287 64.1598 6325.44 26849.1 95.6145 35.8301 6246.62 404.755 92.8768 33.7445 9.54861 2.88534 364.905 309.951
internal_count=1101577 701628 695442 399949 305841 94108 92581 91701 680 91021 1205 692325 89816 24465 5770 2423 2390 1527 3347 692322 2378 880 3306 214 2350 846 222 50 193 164
cat_boundaries=0 1 2
cat_threshold=140 9
is_linear=0
shrinkage=0.05


Tree=20
num_leaves=31
num_cat=2
split_feature=2 15 19 1 15 13 3 4 15 4 15 39 28 23 15 22 25 3 13 3 3 13 3 3 3 3 4 4 13 3
split_gain=65734.2 34682.1 29160.1 12202.6 50371.3 341.919 213.374 56.5875 94.621 36.4328 211.85 34.3603 0.928635 6.75138 290.362 159.972 111.005 0.215869 0.0610723 0.058983 0.0155802 0.00433288 0.00143771 0.00131453 0.00326178 0.000896107 0.0029005 0.00312867 0.000581268 0.000372085
threshold=0 1.0000000180025095e-35 1.0000000180025095e-35 1 1.0000000180025095e-35 6.0000000000000009 49743.500000000007 444.50000000000006 1.0000000180025095e-35 416.00000000000006 1.0000000180025095e-35 1.0000000180025095e-35 1.0000000180025095e-35 1.0000000180025095e-35 1.0000000180025095e-35 1.0000000180025095e-35 1.0000000180025095e-35 130.00000000000003 1.0000000180025095e-35 49873.500000000007 49873.500000000007 11006.000000000002 55029.000000000007 59706.500000000007 61101.000000000007 49439.000000000007 416.00000000000006 444.50000000000006 7362.0000000000009 49957.000000000007
decision_type=9 2 2 9 2 8 8 10 2 8 2 2 2 2 2 2 2 10 10 8 8 10 10 10 10 10 10 10 10 8
left_child=1 2 11 5 -5 17 21 9 -9 10 -8 18 13 14 15 16 20 -2 -1 -16 -11 25 29 -21 -25 -7 -27 -28 -26 -22
right_child=3 -3 -4 4 -6 6 7 8 -10 12 -12 -13 -14 -15 19 -17 -18 -19 -20 23 22 -23 -24 24 28 26 27 -29 -30 -31
leaf_value=-0.051617981301149418 -0.043940189782399421 0.072789167397658491 0.072789167397658491 -0.051998803787111247 0.072789168776328281 -0.051998594082567309 -0.051998594082567309 -0.051998594082567309 0.072789167397658491 -0.055972355005761767 0.072789167397658491 0.072789167397658491 0.072789167397658491 0.072789167397658491 0.074346255719442741 0.072789167397658491 0.072789167397658491 -0.051998594082567309 -0.051998594082567309 0.072790119762852892 -0.052978324220985487 -0.054567078147232953 -0.052947023457000246 0.073319698156189494 0.072775894206536809 -0.051996609698216338 -0.05539331025419162 -0.051987125273323935 0.072903929566077844 -0.052002609018131446
leaf_weight=1101.3413255885243 51.633364140987396 11380.168031930923 5734.2359772920609 10624.116824753582 33860.875785470009 23.061992883682251 39.914987683296204 24.318575829267502 40.472631216049194 2.6197707578539848 229.95813190937042 5.5189951658248892 120223.95102727413 34392.53820836544 61.9981529712677 60.708946824073792 22.075980663299561 9.9048302769660932 24489.914609730244 5703.0080543756485 0.98870549350976944 1.9926732778549183 4.3424155525863162 38.820253610610962 185.7655827999115 6.3509864509105665 1.579093284904957 1.1763961315155027 169.55565202236176 83.198476117104292
leaf_count=29686 1259 6186 3117 287435 18406 624 1080 658 22 28 125 3 65351 18695 33 33 12 268 662636 3100 20 34 83 21 101 172 18 32 92 2247
internal_value=0.0544864 -0.00196964 -0.0291244 0.0661964 0.0429771 0.0725938 0.0726432 0.0726697 0.0259516 0.0726885 0.0543327 -0.0519553 0.0727193 0.0725129 0.0710127 0.00730377 -0.0278081 -0.0452372 -0.0519822 0.0728118 -0.0521723 -0.0523046 -0.0520598 0.0727962 0.0728845 -0.0521644 -0.0525844 -0.0539391 0.072837 -0.0520141
internal_weight=248576 42711.2 31331 205865 44485 161380 161318 161284 64.7912 161219 269.873 25596.8 160950 40725.6 6333.08 173.934 113.225 61.5382 25591.3 6159.15 91.1494 34.1611 88.5296 6097.15 394.141 32.1685 9.10648 2.75549 355.321 84.1872
internal_count=1101577 701628 695442 399949 305841 94108 92581 91701 680 91021 1205 692325 89816 24465 5770 2423 2390 1527 692322 3347 2378 880 2350 3314 214 846 222 50 193 2267
cat_boundaries=0 1 2
cat_threshold=140 9
is_linear=0
shrinkage=0.05


Tree=21
num_leaves=31
num_cat=2
split_feature=2 15 19 1 15 13 4 15 4 15 39 4 15 3 28 23 15 22 25 13 3 3 3 13 3 3 3 3 3 3
split_gain=60703.2 32421.1 27476.8 11155.8 46925.1 317.051 155.871 49.4052 48.1042 233.31 32.495 17.3102 46.8957 2.00273 0.800901 5.89592 252.223 145.335 103.609 0.72643 0.22346 0.142876 0.111727 0.0640731 0.00125899 0.00111247 0.0026782 0.00048153 0.000533109 0.000235397
threshold=0 1.0000000180025095e-35 1.0000000180025095e-35 1 1.0000000180025095e-35 6.0000000000000009 5993.0000000000009 1.0000000180025095e-35 416.00000000000006 1.0000000180025095e-35 1.0000000180025095e-35 443.50000000000006 1.0000000180025095e-35 49899.000000000007 1.0000000180025095e-35 1.0000000180025095e-35 1.0000000180025095e-35 1.0000000180025095e-35 1.0000000180025095e-35 5286.0000000000009 130.00000000000003 49810.500000000007 49810.500000000007 1.0000000180025095e-35 55029.000000000007 59706.500000000007 61101.000000000007 61545.500000000007 61204.500000000007 50022.500000000007
decision_type=9 2 2 9 2 8 10 2 8 2 2 10 2 8 2 2 2 2 2 8 10 10 10 10 10 10 10 10 10 8
left_child=1 2 10 5 -5 20 8 -8 9 -7 23 13 -13 19 15 16 17 18 24 21 -2 -10 -21 -1 -15 29 -27 28 -28 -18
right_child=3 -3 -4 4 -6 6 7 -9 11 -11 -12 12 -14 14 -16 -17 25 -19 -20 22 -22 -23 -24 -25 -26 26 27 -29 -30 -31
leaf_value=-0.051498059197979888 -0.043504157830770364 0.071189296302611921 0.071189296302611921 -0.051897523866399842 0.071189297587297265 -0.051896536529019072 -0.051896718461027183 0.071189296302611921 0.064865836831797377 0.071189296302611921 0.071189296302611921 -0.0518921249328975 0.071189296302611921 -0.051901050653717418 0.071189296302611921 0.071189296302611921 0.071105285029122375 0.071189296302611921 0.071189296302611921 0.060228862010861764 -0.051897329927454439 0.070421354225295371 0.054403979601472578 -0.051897329927454439 -0.052795126069105129 0.071676343082947347 0.07132642365351069 0.07137296396459486 0.071169588032581152 0.071189672811808408
leaf_weight=1050.0064694620669 49.595104187726974 11062.183629512787 5574.0100829601288 10125.196599751711 32914.735993504524 46.510243356227875 33.944075152277946 10.729567050933836 27.439088694751263 223.53264689445496 5.3647835254669181 10.608452044427393 28.612178802490234 79.641516834497452 116864.65605759621 33431.542669534683 83.911709904670715 59.012618780136108 21.459134101867676 17.995978355407715 9.4396860599517805 20.014826461672783 15.173567198216913 23339.835119485855 4.1422174200415602 37.751865029335022 71.713639378547668 52.036782383918762 221.65791833400726 5445.2947705984116
leaf_count=29686 1259 6186 3117 287435 18406 1321 964 6 34 125 3 302 16 2257 65351 18695 47 33 12 27 268 13 36 662636 83 21 40 29 124 3045
internal_value=0.0534382 -0.00196503 -0.0289683 0.0648067 0.0422232 0.071 0.0710481 -0.0223343 0.0710747 0.0499899 -0.0518531 0.0711111 0.0378981 0.0711194 0.0711235 0.0709289 0.0694962 0.0083806 -0.026838 0.063241 -0.0448462 0.067209 0.0575642 -0.0518801 -0.0519453 0.0711941 0.0712765 0.0712328 0.0712079 0.0711884
internal_weight=240938 41031.4 29969.2 199906 43039.9 156866 156807 44.6736 156763 270.043 24395.2 156493 39.2206 156453 156373 39508.2 6076.62 164.255 105.243 80.6235 59.0348 47.4539 33.1695 24389.8 83.7837 5912.37 383.16 345.408 293.372 5529.21
internal_count=1101577 701628 695442 399949 305841 94108 92581 970 91611 1446 692325 90165 318 89847 89737 24386 5691 2385 2352 110 1527 47 63 692322 2340 3306 214 193 164 3092
cat_boundaries=0 1 2
cat_threshold=140 9
is_linear=0
shrinkage=0.05


Tree=22
num_leaves=31
num_cat=2
split_feature=2 15 19 1 15 13 4 15 4 15 39 4 15 3 3 28 23 15 22 25 13 3 3 13 13 3 3 3 13 3
split_gain=56176.2 30345.5 25910.5 10228.1 43783.7 294.587 144.178 46.5433 44.0171 217.441 30.7481 15.8679 43.7845 2.21293 0.81666 0.730862 5.38159 232.291 135.777 97.6708 0.724593 0.231209 0.164794 0.0672334 0.0127151 0.00107648 0.000907826 0.00220795 0.000395287 0.00018978
threshold=0 1.0000000180025095e-35 1.0000000180025095e-35 1 1.0000000180025095e-35 6.0000000000000009 5993.0000000000009 1.0000000180025095e-35 416.00000000000006 1.0000000180025095e-35 1.0000000180025095e-35 443.50000000000006 1.0000000180025095e-35 49899.000000000007 49774.000000000007 1.0000000180025095e-35 1.0000000180025095e-35 1.0000000180025095e-35 1.0000000180025095e-35 1.0000000180025095e-35 5286.0000000000009 130.00000000000003 49843.000000000007 1.0000000180025095e-35 5286.0000000000009 55029.000000000007 59706.500000000007 61101.000000000007 7362.0000000000009 50022.500000000007
decision_type=9 2 2 9 2 8 10 2 8 2 2 10 2 8 10 2 2 2 2 2 8 10 8 10 8 10 10 10 10 8
left_child=1 2 10 5 -5 21 8 -8 9 -7 23 13 -13 14 24 16 17 18 19 25 -16 -2 -22 -1 -10 -15 29 -28 -29 -19
right_child=3 -3 -4 4 -6 6 7 -9 11 -11 -12 12 -14 15 20 -17 -18 26 -20 -21 22 -23 -24 -25 -26 -27 27 28 -30 -31
leaf_value=-0.051382473838124998 -0.043061387136943095 0.069733288048564143 0.069733288048564143 -0.051801555108676768 0.069733282417091619 -0.051800626895499337 -0.051800795183155862 0.069733288048564143 0.054178434898155207 0.069733288048564143 0.069733288048564143 -0.051796443843445165 0.069733288048564143 -0.051804899790873826 0.068825566385898471 0.069733288048564143 0.069733288048564143 0.069656719826184502 0.069733288048564143 0.069733288048564143 0.061548490014887103 -0.051801371055734229 0.05291031664973786 -0.051801371055734229 0.051743638472401723 -0.052651456531138431 0.070181681693254547 0.069721086318650108 0.069829782561080564 0.069733633940125647
leaf_weight=1000.9872719570994 47.64925179630518 10736.751197576523 5410.0312775373459 9648.7772108539939 31946.43513584137 44.321761343628168 32.34688613563776 10.413919687271116 10.840693861246111 216.95666015148163 5.2069598436355582 10.109241880476473 27.770452499389648 75.894409961998463 35.5155134126544 113426.67758047581 32448.038092255592 81.43663477897644 57.27655827999115 20.827839374542236 11.206303514540194 8.9955207556486112 10.883455969393255 22241.626460596919 10.610217578709124 3.9506790004670611 36.655858755111694 175.25378525257111 160.00687086582184 5285.1042474508286
leaf_count=29686 1259 6186 3117 287435 18406 1321 964 6 23 125 3 302 16 2257 24 65351 18695 47 33 12 13 268 28 662636 22 83 21 101 92 3045
internal_value=0.0524789 -0.0019604 -0.0288213 0.0635393 0.041531 0.069549 0.069596 -0.0222025 0.0696218 0.049117 -0.0517561 0.0696571 0.0372997 0.0696651 0.0613019 0.0696695 0.0694808 0.0680912 0.00827331 -0.0266935 0.064403 -0.0444493 0.0572925 -0.0517833 0.0529741 -0.0518468 0.0697377 0.0698132 0.069773 0.0697325
internal_weight=233239 39394.6 28657.9 193844 41595.2 152249 152192 42.7608 152149 261.278 23247.8 151888 37.8797 151850 79.0562 151771 38344.4 5896.41 157.949 100.673 57.6053 56.6448 22.0898 23242.6 21.4509 79.8451 5738.46 371.917 335.261 5366.54
internal_count=1101577 701628 695442 399949 305841 94108 92581 970 91611 1446 692325 90165 318 89847 110 89737 24386 5691 2385 2352 65 1527 41 692322 45 2340 3306 214 193 3092
cat_boundaries=0 1 2
cat_threshold=140 9
is_linear=0
shrinkage=0.05


Tree=23
num_leaves=31
num_cat=2
split_feature=2 15 19 1 15 13 3 15 4 15 39 4 15 3 28 23 15 22 25 13 3 3 13 13 3 4 4 3 3 3
split_gain=52087.3 28435 24450.1 9402.26 40910.9 274.216 134.579 45.0067 43.605 77.2743 29.1092 26.8148 168.212 0.755325 0.668988 4.92705 214.431 127.008 92.1373 0.559079 0.714914 0.239103 0.0705693 0.00638121 0.00151765 0.00483896 0.00437812 0.000920741 0.000744068 0.00182678
threshold=0 1.0000000180025095e-35 1.0000000180025095e-35 1 1.0000000180025095e-35 6.0000000000000009 49759.000000000007 1.0000000180025095e-35 444.50000000000006 1.0000000180025095e-35 1.0000000180025095e-35 416.00000000000006 1.0000000180025095e-35 49899.000000000007 1.0000000180025095e-35 1.0000000180025095e-35 1.0000000180025095e-35 1.0000000180025095e-35 1.0000000180025095e-35 5286.0000000000009 49810.500000000007 130.00000000000003 1.0000000180025095e-35 11006.000000000002 49439.000000000007 416.00000000000006 443.50000000000006 55029.000000000007 59706.500000000007 61101.000000000007
decision_type=9 2 2 9 2 8 8 2 10 2 2 8 2 8 2 2 2 2 2 8 8 10 10 10 10 10 8 10 10 10
left_child=1 2 10 5 -5 21 7 23 11 -10 22 12 -8 19 15 16 17 18 27 -13 -21 -2 -1 24 -7 -26 -27 -15 -18 -30
right_child=3 -3 -4 4 -6 6 8 -9 9 -11 -12 13 -14 14 -16 -17 28 -19 -20 20 -22 -23 -24 -25 25 26 -28 -29 29 -31
leaf_value=-0.051270873253240173 -0.042611445848517379 0.068404106817155766 0.068404106817155766 -0.051710611795779238 0.068404107908203324 -0.051710437939664067 -0.051710442284009464 0.073386566612353918 -0.051710445196806822 0.068404106817155766 0.068404106817155766 0.066850850766927247 0.068404106817155766 -0.051713777599156976 0.068404106817155766 0.068404106817155766 0.068403350649532527 0.068404106817155766 0.068404106817155766 0.066453725765576802 0.050084864454134098 -0.051710438850890918 -0.051710438850890918 -0.054908598267963196 -0.051708936483683868 -0.055745713403364622 -0.051701221159329104 -0.05251553132119996 0.068817966647908096 0.068440408023142843
leaf_weight=954.18893413245678 45.791970983147621 10406.484920740128 5243.6167956590652 9193.9356482774019 30963.751506090164 19.957484595477588 33.838170908391476 9.283046603202818 20.981009963899851 37.009807348251343 5.0467919111251822 38.133006937801838 210.28299629688263 72.316994145512581 109937.63272798061 31449.924926161766 5201.4603593349457 55.514711022377014 20.187167644500732 12.117879182100294 14.838624879717829 8.571471765637396 21193.155839160085 1.9501654561609019 6.1996246352791768 1.7535823211073875 1.0819519124925137 3.7674831897020331 35.541383981704712 324.96003353595734
leaf_count=29686 1259 6186 3117 287435 18406 624 1058 5 656 22 3 28 125 2257 65351 18695 3092 33 12 9 36 268 662636 34 194 19 34 83 21 193
internal_value=0.0515988 -0.00195578 -0.028683 0.0623802 0.0408942 0.0682243 0.0682703 -0.0231719 0.0682952 0.0249468 -0.0516641 0.0683123 0.0517548 0.0683397 0.0683421 0.0681587 0.066808 0.00817388 -0.0265577 0.0629547 0.0574432 -0.0440461 -0.0516915 -0.0521401 -0.0519538 -0.0524915 -0.0542025 -0.0517535 0.0684082 0.0684776
internal_weight=225523 37802.5 27396 187721 40157.7 147563 147509 40.2259 147469 57.9908 22152.4 147411 244.121 147166 147101 37163.7 5713.75 151.786 96.2716 65.0895 26.9565 54.3634 22147.3 30.9428 28.9926 9.03516 2.83553 76.0845 5561.96 360.501
internal_count=1101577 701628 695442 399949 305841 94108 92581 910 91671 678 692325 90993 1183 89810 89737 24386 5691 2385 2352 73 45 1527 692322 905 871 247 53 2340 3306 214
cat_boundaries=0 1 2
cat_threshold=140 9
is_linear=0
shrinkage=0.05


Tree=24
num_leaves=31
num_cat=2
split_feature=2 15 19 1 15 13 3 15 4 15 39 4 15 3 28 23 15 22 25 13 3 13 13 3 4 4 3 3 3 3
split_gain=48381.1 26672.5 23086.2 8663.82 38275.8 255.679 125.07 42.3536 40.2392 72.4491 27.5695 24.6573 157.153 0.838844 0.614033 4.52321 198.361 118.942 86.9723 0.598158 0.247128 0.0740795 0.00547664 0.00129771 0.00412896 0.00372422 0.000787774 0.000611992 0.00151634 0.000276797
threshold=0 1.0000000180025095e-35 1.0000000180025095e-35 1 1.0000000180025095e-35 6.0000000000000009 49759.000000000007 1.0000000180025095e-35 444.50000000000006 1.0000000180025095e-35 1.0000000180025095e-35 416.00000000000006 1.0000000180025095e-35 49899.000000000007 1.0000000180025095e-35 1.0000000180025095e-35 1.0000000180025095e-35 1.0000000180025095e-35 1.0000000180025095e-35 5246.0000000000009 130.00000000000003 1.0000000180025095e-35 11006.000000000002 49439.000000000007 416.00000000000006 443.50000000000006 55029.000000000007 59706.500000000007 61101.000000000007 61545.500000000007
decision_type=9 2 2 9 2 8 8 2 10 2 2 8 2 8 2 2 2 2 2 10 10 10 10 10 10 8 10 10 10 10
left_child=1 2 10 5 -5 20 7 22 11 -10 21 12 -8 19 15 16 17 18 26 -13 -2 -1 23 -7 -25 -26 -15 -18 -29 -30
right_child=3 -3 -4 4 -6 6 8 -9 9 -11 -12 13 -14 14 -16 -17 27 -19 -20 -21 -22 -23 -24 24 25 -27 -28 28 29 -31
leaf_value=-0.051162941216995134 -0.042153959813903213 0.06718727947372953 0.06718727947372953 -0.051624404367014813 0.067187280493742757 -0.051624241874559822 -0.051624238324065999 0.071732296870641865 -0.051624243789366343 0.06718727947372953 0.06718727947372953 0.055194457674994792 0.06718727947372953 -0.051627407847099065 0.06718727947372953 0.06718727947372953 0.067186595156565929 0.06718727947372953 0.06718727947372953 0.065188159308113253 -0.051624237551293695 -0.051624237551293695 -0.054655434661380432 -0.051622810632430439 -0.055434293970984733 -0.05161550185881715 -0.052386893211112909 0.067570157152213539 0.067200831456039209 0.067331921335725312
leaf_weight=909.51920134201646 44.019557908177376 10073.647230148315 5075.9066305160522 8759.7776910439134 29973.416818857193 19.015044739469893 32.240254074335098 9.0287178754806501 19.990237442776561 35.82609748840332 4.8853769302368155 24.201194100081921 203.55737209320068 68.902231264859438 106421.42258930206 30444.040570259094 5035.0948106050491 53.73914623260498 19.541507720947266 39.265814036130905 8.166706942021845 20192.365750871599 1.8634301032870997 5.9068554453551751 1.6771926358342171 1.0308505147695541 3.5923185460269442 34.416363596916199 267.1624436378479 47.414871692657471
leaf_count=29686 1259 6186 3117 287435 18406 624 1058 5 656 22 3 42 125 2257 65351 18695 3092 33 12 31 268 662636 34 194 19 34 83 21 164 29
internal_value=0.0507896 -0.00195122 -0.0285526 0.0613175 0.0403068 0.0670116 0.0670567 -0.0230243 0.067081 0.0246357 -0.0515769 0.0670976 0.0509424 0.0671244 0.0671269 0.0669483 0.0656328 0.00808158 -0.0264298 0.0613774 -0.043636 -0.0516044 -0.0520318 -0.0518549 -0.052364 -0.0539806 -0.051665 0.067191 0.0672551 0.0672206
internal_weight=217831 36256.3 26182.7 181574 38733.2 142841 142789 38.5221 142750 55.8163 21106.8 142695 235.798 142459 142395 35973.9 5529.86 145.775 92.0361 63.467 52.1863 21101.9 29.4934 27.6299 8.6149 2.70804 72.4945 5384.09 348.994 314.577
internal_count=1101577 701628 695442 399949 305841 94108 92581 910 91671 678 692325 90993 1183 89810 89737 24386 5691 2385 2352 73 1527 692322 905 871 247 53 2340 3306 214 193
cat_boundaries=0 1 2
cat_threshold=140 9
is_linear=0
shrinkage=0.05


Tree=25
num_leaves=31
num_cat=2
split_feature=2 15 19 1 15 13 3 15 4 15 39 4 15 3 13 3 28 23 15 22 25 3 13 13 3 4 4 3 3 3
split_gain=45010.8 25042.8 21810.4 8000.71 35852.4 238.756 116.421 39.8911 37.2108 67.9943 26.1212 22.7267 147.009 0.940033 0.682577 0.836363 0.565015 4.16287 183.847 111.505 82.1436 0.25527 0.0777776 0.00470092 0.00111004 0.0035247 0.00316997 0.000674225 0.000505158 0.00126225
threshold=0 1.0000000180025095e-35 1.0000000180025095e-35 1 1.0000000180025095e-35 6.0000000000000009 49759.000000000007 1.0000000180025095e-35 444.50000000000006 1.0000000180025095e-35 1.0000000180025095e-35 416.00000000000006 1.0000000180025095e-35 49899.000000000007 5286.0000000000009 49810.500000000007 1.0000000180025095e-35 1.0000000180025095e-35 1.0000000180025095e-35 1.0000000180025095e-35 1.0000000180025095e-35 130.00000000000003 1.0000000180025095e-35 11006.000000000002 49439.000000000007 416.00000000000006 443.50000000000006 55029.000000000007 59706.500000000007 61101.000000000007
decision_type=9 2 2 9 2 8 8 2 10 2 2 8 2 8 8 8 2 2 2 2 2 10 10 10 10 10 8 10 10 10
left_child=1 2 10 5 -5 21 7 23 11 -10 22 12 -8 14 -13 -16 17 18 19 20 27 -2 -1 24 -7 -26 -27 -15 -20 -30
right_child=3 -3 -4 4 -6 6 8 -9 9 -11 -12 13 -14 16 15 -17 -18 -19 28 -21 -22 -23 -24 -25 25 26 -28 -29 29 -31
leaf_value=-0.051058355813082601 -0.041688574631025842 0.066070448533570802 0.066070448533570802 -0.051542671712252457 0.066070449505808551 -0.051542518476287914 -0.051542517705792747 0.07022845451090555 -0.051542521370025511 0.066070448533570802 0.066070448533570802 0.06429757967491577 0.066070448533570802 -0.051545520566344365 0.063766856579953346 0.045658686143309084 0.066070448533570802 0.066070448533570802 0.066069818554196011 0.066070448533570802 0.066070448533570802 -0.051542513467110487 -0.051542513467110487 -0.054415966870829835 -0.051541163388549777 -0.055141348562612082 -0.05153423269213242 -0.052265124715741233 0.066425392550571616 0.066101088085935178
leaf_weight=866.88897146843374 42.328421980142593 9740.185674905777 4907.882112622261 8345.4376086909324 28981.225854277611 18.115624597296126 30.715275995433331 8.7675722837448102 19.044690439477563 34.640168905258179 4.7236593961715689 36.014026395976543 196.81914150714874 65.643321910873055 11.413736760616301 14.448604159057142 102898.62173306942 29436.270803809166 4868.4181226491928 51.960253357887268 18.894637584686279 7.780418097972869 19237.257935702801 1.7801526878029097 5.6274509243667108 1.6036561354994774 0.98208270594477665 3.42487933859229 33.287631034851074 304.17357170581818
leaf_count=29686 1259 6186 3117 287435 18406 624 1058 5 656 22 3 28 125 2257 9 36 65351 18695 3092 33 12 268 662636 34 194 19 34 83 21 193
internal_value=0.0500437 -0.00194674 -0.0284298 0.0603406 0.039764 0.0658984 0.0659428 -0.0228857 0.0659665 0.0243473 -0.051494 0.0659827 0.0501937 0.0660088 0.0598474 0.0536503 0.0660116 0.0658373 0.0645538 0.00799577 -0.0263093 -0.0432186 -0.0515216 -0.0519293 -0.0517611 -0.0522433 -0.0537713 -0.0515812 0.0660739 0.0661331
internal_weight=210194 34756.9 25016.8 175437 37326.7 138111 138061 36.8765 138024 53.6849 20108.9 137970 227.534 137743 61.8764 25.8623 137681 34782.1 5345.8 139.923 87.9628 50.1088 20104.1 28.109 26.3288 8.21319 2.58574 69.0682 5205.88 337.461
internal_count=1101577 701628 695442 399949 305841 94108 92581 910 91671 678 692325 90993 1183 89810 73 45 89737 24386 5691 2385 2352 1527 692322 905 871 247 53 2340 3306 214
cat_boundaries=0 1 2
cat_threshold=140 9
is_linear=0
shrinkage=0.05


Tree=26
num_leaves=31
num_cat=2
split_feature=2 15 19 1 15 13 3 15 4 15 39 4 15 3 13 3 28 23 15 22 25 3 13 13 3 4 4 3 3 3
split_gain=41936.9 23533 20615.3 7403.02 33618.3 223.262 108.529 37.6006 34.476 63.8725 24.7573 20.9922 137.681 1.03989 0.719234 0.871701 0.521097 3.83994 170.694 104.634 77.623 0.263514 0.0816709 0.00403558 0.000949814 0.00301017 0.0026998 0.000577211 0.000418177 0.00105352
threshold=0 1.0000000180025095e-35 1.0000000180025095e-35 1 1.0000000180025095e-35 6.0000000000000009 49759.000000000007 1.0000000180025095e-35 444.50000000000006 1.0000000180025095e-35 1.0000000180025095e-35 416.00000000000006 1.0000000180025095e-35 49899.000000000007 5286.0000000000009 49810.500000000007 1.0000000180025095e-35 1.0000000180025095e-35 1.0000000180025095e-35 1.0000000180025095e-35 1.0000000180025095e-35 130.00000000000003 1.0000000180025095e-35 11006.000000000002 49439.000000000007 416.00000000000006 443.50000000000006 55029.000000000007 59706.500000000007 61101.000000000007
decision_type=9 2 2 9 2 8 8 2 10 2 2 8 2 8 8 10 2 2 2 2 2 10 10 10 10 10 8 10 10 10
left_child=1 2 10 5 -5 21 7 23 11 -10 22 12 -8 14 -13 -16 17 18 19 20 27 -2 -1 24 -7 -26 -27 -15 -20 -30
right_child=3 -3 -4 4 -6 6 8 -9 9 -11 -12 13 -14 16 15 -17 -18 -19 28 -21 -22 -23 -24 -25 25 26 -28 -29 29 -31
leaf_value=-0.050956825946998824 -0.041214979705463506 0.065042983221838449 0.065042983221838449 -0.05146517365767013 0.065042984140896695 -0.051465026726041668 -0.051465025996855956 0.068856990109776278 -0.051465032346091205 0.065042983221838449 0.065042983221838449 0.063071745626085626 0.065042983221838449 -0.051467873289953697 0.062544981817502995 0.04385235013466985 0.065042983221838449 0.065042983221838449 0.065042405819784363 0.065042983221838449 0.065042983221838449 -0.051465024701409026 -0.051465024701409026 -0.054189397108831562 -0.051463742109789525 -0.054865616699465138 -0.051457170360196994 -0.052149828504772844 0.065372655486505699 0.065071228098418504
leaf_weight=826.21201853454113 40.715109378099442 9407.7727432250977 4740.3859748840332 7950.0781142581254 27992.154994010925 17.257406523451216 29.260156501084566 8.5018286705017072 18.142458399757743 33.457969665527344 4.562450408935546 34.906443513929844 190.10210037231445 62.533684883266687 11.063781082630159 14.295548856258391 99386.898891448975 28431.67013168335 4702.2658021450043 50.186954498291016 18.249801635742188 7.4118250012397757 18325.903251945972 1.7002346385270346 5.3608465977013102 1.5329170897603035 0.93554968386888515 3.2648668549954882 32.161058783531189 293.80117928981781
leaf_count=29686 1259 6186 3117 287435 18406 624 1058 5 656 22 3 28 125 2257 9 36 65351 18695 3092 33 12 268 662636 34 194 19 34 83 21 193
internal_value=0.0493549 -0.00194235 -0.0283139 0.0594405 0.0392616 0.0648742 0.064918 -0.0227554 0.0649412 0.0240793 -0.0514154 0.064957 0.0495023 0.0649825 0.058416 0.0520076 0.0649854 0.0648152 0.0635607 0.0079159 -0.0261958 -0.0427935 -0.0514431 -0.051832 -0.0516723 -0.052129 -0.0535738 -0.0515017 0.0650462 0.065101
internal_weight=202643 33304.8 23897.1 169338 35942.2 133396 133348 35.2888 133312 51.6004 19156.7 133261 219.362 133041 60.2658 25.3593 132981 33594.1 5162.46 134.235 84.0484 48.1269 19152.1 26.787 25.0867 7.82931 2.46847 65.7986 5028.23 325.962
internal_count=1101577 701628 695442 399949 305841 94108 92581 910 91671 678 692325 90993 1183 89810 73 45 89737 24386 5691 2385 2352 1527 692322 905 871 247 53 2340 3306 214
cat_boundaries=0 1 2
cat_threshold=140 9
is_linear=0
shrinkage=0.05


Tree=27
num_leaves=31
num_cat=2
split_feature=2 15 19 1 15 13 3 15 4 15 39 4 15 3 13 28 23 15 22 25 3 13 13 3 4 4 3 3 3 13
split_gain=39125.7 22131.7 19494.6 6862.42 31554.1 209.04 101.309 35.466 31.998 60.0514 23.4716 19.4282 129.081 1.14811 0.779662 0.481603 3.54946 158.736 98.2729 73.3855 0.271842 0.0857686 0.00346482 0.000812954 0.0025718 0.00230064 0.000494285 0.000347222 0.000881382 0.000164769
threshold=0 1.0000000180025095e-35 1.0000000180025095e-35 1 1.0000000180025095e-35 6.0000000000000009 49759.000000000007 1.0000000180025095e-35 444.50000000000006 1.0000000180025095e-35 1.0000000180025095e-35 416.00000000000006 1.0000000180025095e-35 49899.000000000007 5246.0000000000009 1.0000000180025095e-35 1.0000000180025095e-35 1.0000000180025095e-35 1.0000000180025095e-35 1.0000000180025095e-35 130.00000000000003 1.0000000180025095e-35 11006.000000000002 49439.000000000007 416.00000000000006 443.50000000000006 55029.000000000007 59706.500000000007 61101.000000000007 7362.0000000000009
decision_type=9 2 2 9 2 8 8 2 10 2 2 8 2 8 10 2 2 2 2 2 10 10 10 10 10 8 10 10 10 10
left_child=1 2 10 5 -5 20 7 22 11 -10 21 12 -8 14 -13 16 17 18 19 26 -2 -1 23 -7 -25 -26 -15 -19 -29 -30
right_child=3 -3 -4 4 -6 6 8 -9 9 -11 -12 13 -14 15 -16 -17 -18 27 -20 -21 -22 -23 -24 24 25 -27 -28 28 29 -31
leaf_value=-0.050858059428619019 -0.040732912518474863 0.064095685980665826 0.064095685980665826 -0.05139167368103445 0.06409568684727697 -0.051391534906354654 -0.051391534132283458 0.067602612785251245 -0.051391539851528903 0.064095685980665826 0.064095685980665826 0.04976694766936899 0.064095685980665826 -0.051394236068840617 0.061608947653392525 0.064095685980665826 0.064095685980665826 0.064095145998913389 0.064095685980665826 0.064095685980665826 -0.05139153619843756 -0.05139153619843756 -0.053974969209253966 -0.051390314973263074 -0.054605937249192577 -0.051384087464300093 -0.052040630911554135 0.064402409134457203 0.064085340842962343 0.064161654188010911
leaf_weight=787.40504783205688 39.176277186721563 9077.8360970020294 4574.1375871896744 7572.8905848748982 27010.452131032944 16.438635399565108 27.871919866651297 8.2334079742431623 17.281696261838078 32.284577131271362 4.4024423360824576 22.620222419500351 183.4350973367691 59.566958043724298 36.052503868937492 95901.336368441582 27434.553157687187 4537.3520818948746 48.426865696907043 17.609769344329834 7.0601733773946753 17456.436739191413 1.6235759276896704 5.1064971424639216 1.4649146646261215 0.89115619845688354 3.1119894683361045 31.041672825813293 148.15446496009827 135.35042715072632
leaf_count=29686 1259 6186 3117 287435 18406 624 1058 5 656 22 3 42 125 2257 31 65351 18695 3092 33 12 268 662636 34 194 19 34 83 21 101 92
internal_value=0.0487176 -0.00193807 -0.0282045 0.0586097 0.0387956 0.0639299 0.063973 -0.022633 0.0639958 0.0238301 -0.0513407 0.0640112 0.0488626 0.0640362 0.0570435 0.0640394 0.0638728 0.0626448 0.00784144 -0.0260888 -0.0423605 -0.0513685 -0.0517398 -0.051588 -0.0520208 -0.0533873 -0.0514263 0.0640987 0.0641495 0.0641218
internal_weight=195200 31900.2 22822.4 163299 34583.3 128716 128670 33.7582 128636 49.5663 18248.2 128586 211.307 128375 58.6727 128317 32415.2 4980.61 128.716 80.2887 46.2365 18243.8 25.5248 23.9012 7.46257 2.35607 62.6789 4851.9 314.547 283.505
internal_count=1101577 701628 695442 399949 305841 94108 92581 910 91671 678 692325 90993 1183 89810 73 89737 24386 5691 2385 2352 1527 692322 905 871 247 53 2340 3306 214 193
cat_boundaries=0 1 2
cat_threshold=140 9
is_linear=0
shrinkage=0.05


Tree=28
num_leaves=31
num_cat=2
split_feature=2 15 19 1 15 13 3 15 4 15 39 4 15 3 13 3 28 23 15 22 25 3 13 13 3 4 4 3 3 3
split_gain=36548.4 20829.1 18442.4 6371.89 29643.1 195.952 94.6863 33.4734 29.7458 56.5027 22.2588 18.0131 121.137 1.27903 0.861713 0.999218 0.445952 3.28717 147.834 92.3735 69.409 0.280234 0.0900779 0.00297512 0.000696012 0.00219809 0.00196153 0.00042338 0.00028893 0.000738914
threshold=0 1.0000000180025095e-35 1.0000000180025095e-35 1 1.0000000180025095e-35 6.0000000000000009 49759.000000000007 1.0000000180025095e-35 444.50000000000006 1.0000000180025095e-35 1.0000000180025095e-35 416.00000000000006 1.0000000180025095e-35 49899.000000000007 5286.0000000000009 49810.500000000007 1.0000000180025095e-35 1.0000000180025095e-35 1.0000000180025095e-35 1.0000000180025095e-35 1.0000000180025095e-35 130.00000000000003 1.0000000180025095e-35 11006.000000000002 49439.000000000007 416.00000000000006 443.50000000000006 55029.000000000007 59706.500000000007 61101.000000000007
decision_type=9 2 2 9 2 8 8 2 10 2 2 8 2 8 8 10 2 2 2 2 2 10 10 10 10 10 8 10 10 10
left_child=1 2 10 5 -5 21 7 23 11 -10 22 12 -8 14 -13 -16 17 18 19 20 27 -2 -1 24 -7 -26 -27 -15 -20 -30
right_child=3 -3 -4 4 -6 6 8 -9 9 -11 -12 13 -14 16 15 -17 -18 -19 28 -21 -22 -23 -24 -25 25 26 -28 -29 29 -31
leaf_value=-0.050761782959625051 -0.040242147600592137 0.063220560364309605 0.063220560364309605 -0.051321962654755429 0.063220561171630579 -0.05132182856143909 -0.051321827924383202 0.066452286160995189 -0.051321832819233006 0.063220560364309605 0.063220560364309605 0.060963120672484994 0.063220560364309605 -0.051324389605313284 0.060288385285733284 0.039787501674480419 0.063220560364309605 0.063220560364309605 0.063220060689271898 0.063220560364309605 0.063220560364309605 -0.051321826077106295 -0.051321826077106295 -0.053771987344283026 -0.05132067124393587 -0.054361244374674857 -0.051314761241293999 -0.051937187214095938 0.063506369800073445 0.063244699933418067
leaf_weight=750.38775131851435 37.708700485527515 8751.5880689620972 4409.7478194236755 7213.0944835320115 26039.724487304688 15.657616518437868 26.547690872102976 7.9639676809310904 16.460622260347009 31.124302864074707 4.2442231178283683 32.849472269415855 176.84262990951538 56.737007040530443 10.374144196510317 13.917386807501314 92454.741657733917 26448.58372926712 4374.282125711441 46.686454296112061 16.976892471313477 6.7247364073991767 16627.061321094632 1.5500756800174702 4.8638757467269889 1.399583525955677 0.84881030209362518 2.9659628495573989 29.933746457099915 273.32272374629974
leaf_count=29686 1259 6186 3117 287435 18406 624 1058 5 656 22 3 28 125 2257 9 36 65351 18695 3092 33 12 268 662636 34 194 19 34 83 21 193
internal_value=0.0481269 -0.00193391 -0.0281013 0.0578411 0.0383628 0.0630573 0.0631 -0.0225177 0.0631223 0.0235979 -0.0512697 0.0631375 0.0482698 0.0631619 0.055683 0.0485428 0.0631654 0.0630021 0.0617984 0.00777195 -0.0259879 -0.041919 -0.0512976 -0.0516524 -0.0515081 -0.0519183 -0.0532111 -0.0513548 0.0632233 0.0632705
internal_weight=187885 30543 21791.4 157342 33252.8 124089 124045 32.2839 124012 47.5849 17381.7 123965 203.39 123761 57.141 24.2915 123704 31249.5 4800.9 123.366 76.6799 44.4334 17377.4 24.32 22.7699 7.11227 2.24839 59.703 4677.54 303.256
internal_count=1101577 701628 695442 399949 305841 94108 92581 910 91671 678 692325 90993 1183 89810 73 45 89737 24386 5691 2385 2352 1527 692322 905 871 247 53 2340 3306 214
cat_boundaries=0 1 2
cat_threshold=140 9
is_linear=0
shrinkage=0.05


Tree=29
num_leaves=31
num_cat=2
split_feature=2 1 15 19 15 13 3 15 4 15 39 4 15 3 13 28 23 15 22 25 3 13 13 3 4 4 3 3 3 3
split_gain=34224.5 13424.7 34598.6 16731 6064.91 183.884 88.597 31.6106 27.693 53.2015 21.1104 16.7288 113.783 1.40518 0.90041 0.413667 3.0496 137.868 86.8934 65.6734 0.288672 0.0876636 0.00255492 0.000596059 0.00187936 0.00167323 0.000362738 0.000241032 0.000620701 0.00011692
threshold=0 1 1.0000000180025095e-35 1.0000000180025095e-35 1.0000000180025095e-35 6.0000000000000009 49759.000000000007 1.0000000180025095e-35 444.50000000000006 1.0000000180025095e-35 1.0000000180025095e-35 416.00000000000006 1.0000000180025095e-35 49899.000000000007 5286.0000000000009 1.0000000180025095e-35 1.0000000180025095e-35 1.0000000180025095e-35 1.0000000180025095e-35 1.0000000180025095e-35 130.00000000000003 1.0000000180025095e-35 11006.000000000002 49439.000000000007 416.00000000000006 443.50000000000006 55029.000000000007 59706.500000000007 61101.000000000007 61545.500000000007
decision_type=9 9 2 2 2 8 8 2 10 2 2 8 2 8 8 2 2 2 2 2 10 10 10 10 10 8 10 10 10 10
left_child=4 5 3 10 -1 20 7 22 11 -10 21 12 -8 14 -13 16 17 18 19 26 -2 -3 23 -7 -25 -26 -15 -19 -29 -30
right_child=1 2 -4 -5 -6 6 8 -9 9 -11 -12 13 -14 15 -16 -17 -18 27 -20 -21 -22 -23 -24 24 25 -27 -28 28 29 -31
leaf_value=-0.051256439018195571 -0.039742498820270825 -0.050710969045635518 0.062410622880261238 0.062410622302945244 0.062410622302945244 -0.051255700888749062 -0.051255703714326577 0.06539482110593553 -0.051255706137003809 0.062410622302945244 0.062410622302945244 0.059914456167641572 0.062410622302945244 -0.05125813099141089 0.047056245897665529 0.062410622302945244 0.062410622302945244 0.062410157247834976 0.062410622302945244 0.062410622302945244 -0.051255701676856502 -0.051255701622032579 -0.053579795037812829 -0.051254605738171748 -0.054130559875834088 -0.051248996138316065 -0.051839179119517367 0.062677331520901033 0.062418958053435718 0.062512060869944611
leaf_weight=9748.0752846188843 36.309274677187204 783.46419741027057 32178.919122576714 4247.731675028801 1334.144789814949 14.912715964019307 25.284702684730291 7.6949317455291739 15.677519384771584 29.98078179359436 4.0882884263992301 31.780399546027184 170.34535109996796 54.037913881242275 23.819606862962246 89057.912317872047 25476.850710511208 4213.5670795440674 44.971172690391541 16.353153705596924 6.4048112332820883 12889.51984481141 1.4796329475939263 4.6324749886989585 1.3368551358580589 0.80842330306768428 2.8265105262398711 28.840890049934387 223.57610940933228 39.710583448410034
leaf_count=407668 1259 32746 23613 3117 979 624 1058 5 656 22 3 28 125 2257 45 65351 18695 3092 33 12 268 539343 34 194 19 34 83 21 164 29
internal_value=0.0475786 0.0531384 0.0313941 -0.0242699 -0.0375386 0.0622497 0.062292 -0.0224093 0.0623139 0.0233814 -0.0511905 0.0623288 0.0477195 0.0623528 0.0544059 0.0623565 0.0621962 0.0610149 0.00770702 -0.0258926 -0.0414689 -0.0512245 -0.0515695 -0.0514324 -0.0518212 -0.0530447 -0.051287 0.0624132 0.0624571 0.062433
internal_weight=180715 169633 50103.7 17924.8 11082.2 119529 119486 30.865 119456 45.6583 13677.1 119410 195.63 119214 55.6 119159 30100.7 4623.88 118.189 73.2176 42.7141 13673 23.1701 21.6905 6.77775 2.14528 56.8644 4505.69 292.128 263.287
internal_count=1101577 692930 598822 575209 408647 94108 92581 910 91671 678 572092 90993 1183 89810 73 89737 24386 5691 2385 2352 1527 572089 905 871 247 53 2340 3306 214 193
cat_boundaries=0 1 2
cat_threshold=132 9
is_linear=0
shrinkage=0.05


Tree=30
num_leaves=31
num_cat=2
split_feature=2 1 15 19 15 13 3 15 4 15 39 4 15 3 13 28 23 15 22 25 3 13 13 3 4 4 3 3 3 13
split_gain=32158.9 12515.8 32492 15833.7 5746.94 172.732 82.986 29.8667 25.8168 50.1261 20.0286 15.5596 106.963 1.55567 1.00065 0.384334 2.8337 128.735 81.795 62.1611 0.297134 0.0918262 0.0021943 0.000510585 0.0016074 0.00142797 0.000310854 0.000201409 0.000522326 9.8203e-05
threshold=0 1 1.0000000180025095e-35 1.0000000180025095e-35 1.0000000180025095e-35 6.0000000000000009 49759.000000000007 1.0000000180025095e-35 444.50000000000006 1.0000000180025095e-35 1.0000000180025095e-35 416.00000000000006 1.0000000180025095e-35 49899.000000000007 5246.0000000000009 1.0000000180025095e-35 1.0000000180025095e-35 1.0000000180025095e-35 1.0000000180025095e-35 1.0000000180025095e-35 130.00000000000003 1.0000000180025095e-35 11006.000000000002 49439.000000000007 416.00000000000006 443.50000000000006 55029.000000000007 59706.500000000007 61101.000000000007 7362.0000000000009
decision_type=9 9 2 2 2 8 8 2 10 2 2 8 2 8 10 2 2 2 2 2 10 10 10 8 10 8 10 10 10 10
left_child=4 5 3 10 -1 20 7 22 11 -10 21 12 -8 14 -13 16 17 18 19 26 -2 -3 23 -7 -25 -26 -15 -19 -29 -30
right_child=1 2 -4 -5 -6 6 8 -9 9 -11 -12 13 -14 15 -16 -17 -18 27 -20 -21 -22 -23 -24 24 25 -27 -28 28 29 -31
leaf_value=-0.051193661348171174 -0.039233822761209458 -0.050621811881262094 0.061659739679338604 0.061659739139641595 0.061659739139641595 -0.05119296258700709 -0.051192958312543113 0.064420545781115515 -0.051192967024392515 0.061659739139641595 0.061659739139641595 0.044630972696104304 0.061659739139641595 -0.051195267835043468 0.058567074020209199 0.061659739139641595 0.061659739139641595 0.061659317545635584 0.061659739139641595 0.061659739139641595 -0.05119296006986998 -0.051192959491979023 -0.053397781078356188 -0.05119192434959724 -0.053912975148826904 -0.051186598257838958 -0.051746300512519189 0.061908953057925369 0.061650765884410957 0.061713078979637771
leaf_weight=9283.7401305325329 34.975017756223679 746.53377515636384 30972.801133275032 4088.5198098421097 1284.1388815641403 14.202359994873405 24.080287005752325 7.4275199174880973 14.930733188986776 28.857053518295288 3.9350527524948111 21.125477224588394 163.9605313539505 51.463979788124561 33.00380539894104 85719.877476096153 24521.937069296837 4055.6337045431137 43.285580277442932 15.740211009979246 6.0997234508395186 12275.538279673085 1.4121467545628537 4.4118059575557789 1.276658333837986 0.76990978978574287 2.6933640427887431 27.766131162643433 132.41654980182648 121.00705814361572
leaf_count=407668 1259 32746 23613 3117 979 624 1058 5 656 22 3 42 125 2257 31 65351 18695 3092 33 12 268 539343 34 194 19 34 83 21 101 92
internal_value=0.0470687 0.0525426 0.0311016 -0.0241825 -0.037445 0.0615009 0.0615428 -0.0223071 0.0615644 0.0231793 -0.0511261 0.061579 0.047208 0.0616025 0.0531281 0.0616065 0.0614491 0.0602883 0.00764629 -0.0258027 -0.0410098 -0.0511602 -0.0514909 -0.0513606 -0.0517292 -0.0528873 -0.0512227 0.0616622 0.0617031 0.0616805
internal_weight=173704 163136 48087.3 17114.5 10567.9 115048 115007 29.5004 114978 43.7878 13026 114934 188.041 114746 54.1293 114692 28971.9 4450.01 113.183 69.8976 41.0747 13022.1 22.0729 20.6607 6.45837 2.04657 54.1573 4336.82 281.19 253.424
internal_count=1101577 692930 598822 575209 408647 94108 92581 910 91671 678 572092 90993 1183 89810 73 89737 24386 5691 2385 2352 1527 572089 905 871 247 53 2340 3306 214 193
cat_boundaries=0 1 2
cat_threshold=132 9
is_linear=0
shrinkage=0.05


Tree=31
num_leaves=31
num_cat=2
split_feature=2 1 15 19 15 13 3 15 4 15 39 4 15 3 13 3 28 23 15 22 25 3 13 13 3 4 4 3 3 3
split_gain=30241 11682.9 30537.9 14989.5 5447.08 162.41 77.8054 28.2322 24.0981 47.257 19.006 14.4925 100.628 1.71997 1.07079 0.5644 0.357622 2.63705 120.345 77.0451 58.8558 0.305598 0.0962164 0.00188477 0.000437473 0.00137525 0.0012192 0.000266449 0.00016869 0.000440239
threshold=0 1 1.0000000180025095e-35 1.0000000180025095e-35 1.0000000180025095e-35 6.0000000000000009 49759.000000000007 1.0000000180025095e-35 444.50000000000006 1.0000000180025095e-35 1.0000000180025095e-35 416.00000000000006 1.0000000180025095e-35 49899.000000000007 5286.0000000000009 49843.000000000007 1.0000000180025095e-35 1.0000000180025095e-35 1.0000000180025095e-35 1.0000000180025095e-35 1.0000000180025095e-35 130.00000000000003 1.0000000180025095e-35 11006.000000000002 49439.000000000007 416.00000000000006 443.50000000000006 55029.000000000007 59706.500000000007 61101.000000000007
decision_type=9 9 2 2 2 8 8 2 10 2 2 8 2 8 8 10 2 2 2 2 2 10 10 10 10 10 8 10 10 10
left_child=4 5 3 10 -1 21 7 23 11 -10 22 12 -8 14 -13 -16 17 18 19 20 27 -2 -3 24 -7 -26 -27 -15 -20 -30
right_child=1 2 -4 -5 -6 6 8 -9 9 -11 -12 13 -14 16 15 -17 -18 -19 28 -21 -22 -23 -24 -25 25 26 -28 -29 29 -31
leaf_value=-0.051134090377205267 -0.038716025439456188 -0.050534479424873928 0.060962522249515941 0.060962521747848088 0.060962521747848088 -0.05113342678939467 -0.051133430086066856 0.063521085406455666 -0.05113342916447039 0.060962521747848088 0.060962521747848088 0.058110843063420098 0.060962521747848088 -0.051135614222039119 0.050528024949447053 0.034646798641278391 0.060962521747848088 0.060962521747848088 0.060962124044355186 0.060962521747848088 0.060962521747848088 -0.051133427445097628 -0.051133426283629879 -0.053225364287132565 -0.051132439546300756 -0.053707656377760066 -0.051127390552315077 -0.051658262290117454 0.061195656994668883 0.060981840325829886
leaf_weight=8840.9948245510459 33.703053936362267 711.3212977014482 29790.620946884155 3932.4678214788437 1235.1254402399063 13.525035912171015 22.931872099637985 7.1627684831619254 14.218671791255472 27.755627870559692 3.7848583459854117 29.851962849497795 157.70243108272552 49.009718798100948 13.068303391337396 9.7821743190288526 82448.092589497566 23585.97559273243 3900.8353986740112 41.633441805839539 15.139433383941649 5.8088211193680754 11690.1050956361 1.3475169502198685 4.2013984508812419 1.2189200930297375 0.73318756930530038 2.5662630945444098 26.71198296546936 243.7556186914444
leaf_count=407668 1259 32746 23613 3117 979 624 1058 5 656 22 3 28 125 2257 17 28 65351 18695 3092 33 12 268 539343 34 194 19 34 83 21 193
internal_value=0.046594 0.0519884 0.0308285 -0.0241 -0.0373563 0.0608055 0.0608472 -0.0222108 0.0608683 0.0229903 -0.0510649 0.0608827 0.0467317 0.0609059 0.0518754 0.0437294 0.0609102 0.0607553 0.0596135 0.00758944 -0.0257178 -0.0405416 -0.0510991 -0.0514163 -0.0512924 -0.051642 -0.0527385 -0.0511616 0.0609648 0.061003
internal_weight=166861 156785 46128.3 16337.7 10076.1 110657 110617 28.1888 110589 41.9743 12405.2 110547 180.634 110366 52.7024 22.8505 110314 27865.6 4279.65 108.349 66.7154 39.5119 12401.4 21.0261 19.6785 6.15351 1.95211 51.576 4171.3 270.468
internal_count=1101577 692930 598822 575209 408647 94108 92581 910 91671 678 572092 90993 1183 89810 73 45 89737 24386 5691 2385 2352 1527 572089 905 871 247 53 2340 3306 214
cat_boundaries=0 1 2
cat_threshold=132 9
is_linear=0
shrinkage=0.05


Tree=32
num_leaves=31
num_cat=2
split_feature=2 1 15 19 15 13 3 15 4 15 39 4 15 3 13 28 23 15 22 25 3 13 13 3 4 4 3 3 3 3
split_gain=28457.6 10918 28722.2 14194.7 5164.12 152.838 73.0135 26.6985 22.5199 44.5771 18.0388 13.5162 94.7338 1.88293 1.13239 0.333223 2.45739 112.623 72.6142 55.743 0.31404 0.100846 0.00161905 0.000374915 0.00117698 0.00104139 0.000228435 0.000141554 0.000371591 7.01544e-05
threshold=0 1 1.0000000180025095e-35 1.0000000180025095e-35 1.0000000180025095e-35 6.0000000000000009 49759.000000000007 1.0000000180025095e-35 444.50000000000006 1.0000000180025095e-35 1.0000000180025095e-35 416.00000000000006 1.0000000180025095e-35 49899.000000000007 5246.0000000000009 1.0000000180025095e-35 1.0000000180025095e-35 1.0000000180025095e-35 1.0000000180025095e-35 1.0000000180025095e-35 130.00000000000003 1.0000000180025095e-35 11006.000000000002 49439.000000000007 416.00000000000006 443.50000000000006 55029.000000000007 59706.500000000007 61101.000000000007 61545.500000000007
decision_type=9 9 2 2 2 8 8 2 10 2 2 8 2 8 10 2 2 2 2 2 10 10 10 10 10 8 10 10 10 10
left_child=4 5 3 10 -1 20 7 22 11 -10 21 12 -8 14 -13 16 17 18 19 26 -2 -3 23 -7 -25 -26 -15 -19 -29 -30
right_child=1 2 -4 -5 -6 6 8 -9 9 -11 -12 13 -14 15 -16 -17 -18 27 -20 -21 -22 -23 -24 24 25 -27 -28 28 29 -31
leaf_value=-0.051077556417324345 -0.038189054708552342 -0.050448727949256783 0.060314176683547639 0.06031418001239415 0.06031418001239415 -0.051076929803021365 -0.051076929227464318 0.062689125913021726 -0.051076930447526439 0.06031418001239415 0.06031418001239415 0.041476574545823243 0.06031418001239415 -0.05107900530741806 0.056677642604054883 0.06031418001239415 0.06031418001239415 0.060313810568598185 0.06031418001239415 0.06031418001239415 -0.051076926270210959 -0.051076926746054345 -0.053062008369082848 -0.05107599182567555 -0.053513830983905643 -0.05107119805054882 -0.051574802089640229 0.06053252047808784 0.060320639896027373 0.060397079734057169
leaf_weight=8418.888233423233 32.490620695054531 677.75104844383895 28634.582634210587 3779.8666534423828 1187.1958465576172 12.879283539950857 21.836992647498846 6.9015542268753043 13.539802687242625 26.678558349609375 3.6379852294921866 20.235697850584984 151.58271789550781 46.669849442318082 31.051118895411491 79248.657577514648 22670.711288452148 3749.4603308439255 40.017837524414062 14.551940917968748 5.5314797535538665 11131.962103014812 1.2856442015618075 4.0007993318140498 1.1635660566389561 0.69817760214209523 2.44495566189289 25.680503606796265 198.95140874385834 35.349405765533447
leaf_count=407668 1259 32746 23613 3117 979 624 1058 5 656 22 3 42 125 2257 31 65351 18695 3092 33 12 268 539343 34 194 19 34 83 21 164 29
internal_value=0.0461515 0.0514722 0.0305732 -0.0240219 -0.0372721 0.0601587 0.0602002 -0.02212 0.0602211 0.0228136 -0.0510066 0.0602352 0.0462878 0.060258 0.0506799 0.0602627 0.0601102 0.0589858 0.00753616 -0.0256375 -0.040064 -0.0510409 -0.0513456 -0.0512278 -0.0515593 -0.0525978 -0.0511037 0.0603163 0.060352 0.0603322
internal_weight=160196 150590 44227.8 15593.2 9606.08 106362 106324 26.929 106297 40.2184 11813.4 106257 173.42 106084 51.2868 106032 26783.8 4113.13 103.685 63.6667 38.0221 11809.7 20.0275 18.7418 5.86254 1.86174 49.1148 4009.44 259.981 234.301
internal_count=1101577 692930 598822 575209 408647 94108 92581 910 91671 678 572092 90993 1183 89810 73 89737 24386 5691 2385 2352 1527 572089 905 871 247 53 2340 3306 214 193
cat_boundaries=0 1 2
cat_threshold=132 9
is_linear=0
shrinkage=0.05


Tree=33
num_leaves=31
num_cat=2
split_feature=2 1 15 19 15 13 3 15 4 15 39 4 15 3 13 3 3 28 23 15 22 25 13 13 3 4 4 3 3 3
split_gain=26796.7 10214 27032.9 13445.8 4896.96 143.95 68.5734 25.2579 21.0677 42.0708 17.1235 12.6208 89.2427 2.07053 1.24327 0.610583 0.322436 0.310885 2.29289 105.501 68.4758 52.8095 0.105723 0.00139093 0.000321377 0.00100758 0.000889858 0.000195885 0.000118971 0.000314075
threshold=0 1 1.0000000180025095e-35 1.0000000180025095e-35 1.0000000180025095e-35 6.0000000000000009 49759.000000000007 1.0000000180025095e-35 444.50000000000006 1.0000000180025095e-35 1.0000000180025095e-35 416.00000000000006 1.0000000180025095e-35 49899.000000000007 5286.0000000000009 49843.000000000007 130.00000000000003 1.0000000180025095e-35 1.0000000180025095e-35 1.0000000180025095e-35 1.0000000180025095e-35 1.0000000180025095e-35 1.0000000180025095e-35 11006.000000000002 49439.000000000007 416.00000000000006 443.50000000000006 55029.000000000007 59706.500000000007 61101.000000000007
decision_type=9 9 2 2 2 8 8 2 10 2 2 8 2 8 8 8 10 2 2 2 2 2 10 10 10 10 8 10 10 10
left_child=4 5 3 10 -1 16 7 23 11 -10 22 12 -8 14 -13 -16 -2 18 19 20 21 27 -3 24 -7 -26 -27 -15 -21 -30
right_child=1 2 -4 -5 -6 6 8 -9 9 -11 -12 13 -14 17 15 -17 -18 -19 -20 28 -22 -23 -24 -25 25 26 -28 -29 29 -31
leaf_value=-0.051023898866999054 -0.037652909356517009 -0.050364332861258514 0.059710478692981787 0.05971047821535691 0.05971047821535691 -0.051023303284346046 -0.051023302760553772 0.061918257017952665 -0.051023305309705815 0.05971047821535691 0.05971047821535691 0.056452564738868762 0.05971047821535691 -0.051025271667369677 0.04788855751822621 0.031057369706086788 -0.051023299476557885 0.05971047821535691 0.05971047821535691 0.059710131365062202 0.05971047821535691 0.05971047821535691 -0.051023301746013432 -0.052907209028654735 -0.051022414924369354 -0.053330778156276674 -0.051017865692889852 -0.051495664681779463 0.059915167375528947 0.059727252675519073
leaf_weight=8016.5029089823365 31.335063982754946 645.74993900209665 27506.445500850677 3630.9485403299332 1140.4230417013168 12.263705128803858 20.793270040303469 6.6446123123168936 12.892653251066802 25.627484083175659 3.4946569204330435 28.027448907494545 145.61070501804352 44.439304009079933 12.367359966039656 9.5485737919807452 5.267096832394599 76126.441469073296 21777.537042498589 3601.7391922473907 38.441226124763489 13.978627681732176 10599.89816808328 1.2264304533600796 3.8095734901726237 1.1105212643742561 0.66480382718145814 2.3291976153850547 24.673353314399719 225.07372152805328
leaf_count=407668 1259 32746 23613 3117 979 624 1058 5 656 22 3 28 125 2257 17 28 268 65351 18695 3092 33 12 539343 34 194 19 34 83 21 193
internal_value=0.0457385 0.0509908 0.0303344 -0.0239481 -0.0371922 0.0595564 0.0595977 -0.0220343 0.0596183 0.022648 -0.0509511 0.0596322 0.0458736 0.0596547 0.0494766 0.0405554 -0.0395769 0.0596597 0.0595094 0.0584012 0.0074862 -0.0255617 -0.0509855 -0.0512784 -0.0511665 -0.0514809 -0.0524647 -0.0510487 0.0597124 0.0597458
internal_weight=153715 144558 42386.5 14880.1 9156.93 102172 102135 25.7196 102110 38.5201 11249.1 102071 166.404 101905 49.9434 21.9159 36.6022 101855 25728.2 3950.67 99.1884 60.7471 11245.6 19.075 17.8486 5.5849 1.77533 46.7685 3851.49 249.747
internal_count=1101577 692930 598822 575209 408647 94108 92581 910 91671 678 572092 90993 1183 89810 73 45 1527 89737 24386 5691 2385 2352 572089 905 871 247 53 2340 3306 214
cat_boundaries=0 1 2
cat_threshold=132 9
is_linear=0
shrinkage=0.05


Tree=34
num_leaves=31
num_cat=2
split_feature=2 1 15 19 15 13 3 15 4 15 39 4 15 3 13 3 3 28 23 15 22 25 13 13 3 4 4 3 3 3
split_gain=25248.1 9564.88 25459.1 12739.8 4644.56 135.685 64.4527 23.9036 19.7289 39.7245 16.2571 11.7978 84.12 2.25444 1.2833 0.610573 0.330759 0.290387 2.1419 98.92 64.6064 50.0431 0.110862 0.00119505 0.000275538 0.00086281 0.000760666 0.000168001 0.000100129 0.000265789
threshold=0 1 1.0000000180025095e-35 1.0000000180025095e-35 1.0000000180025095e-35 6.0000000000000009 49759.000000000007 1.0000000180025095e-35 444.50000000000006 1.0000000180025095e-35 1.0000000180025095e-35 416.00000000000006 1.0000000180025095e-35 49899.000000000007 5286.0000000000009 49843.000000000007 130.00000000000003 1.0000000180025095e-35 1.0000000180025095e-35 1.0000000180025095e-35 1.0000000180025095e-35 1.0000000180025095e-35 1.0000000180025095e-35 11006.000000000002 49439.000000000007 416.00000000000006 443.50000000000006 55029.000000000007 59706.500000000007 61101.000000000007
decision_type=9 9 2 2 2 8 8 2 10 2 2 8 2 8 8 10 10 2 2 2 2 2 10 10 10 10 8 10 10 10
left_child=4 5 3 10 -1 16 7 23 11 -10 22 12 -8 14 -13 -16 -2 18 19 20 21 27 -3 24 -7 -26 -27 -15 -21 -30
right_child=1 2 -4 -5 -6 6 8 -9 9 -11 -12 13 -14 17 15 -17 -18 -19 -20 28 -22 -23 -24 -25 25 26 -28 -29 29 -31
leaf_value=-0.050972968862529736 -0.037107628315039991 -0.050281067680216868 0.059147632973585419 0.059147632549512864 0.059147632549512864 -0.0509723988089597 -0.050972403227750644 0.061202845305117139 -0.050972404229496004 0.059147632549512864 0.059147632549512864 0.055573780975487874 0.059147632549512864 -0.050974270941912307 0.046683102772982425 0.029724655704193154 -0.050972399702741839 0.059147632549512864 0.059147632549512864 0.059147309633434834 0.059147632549512864 0.059147632549512864 -0.05097239924720675 -0.052760486277188649 -0.050971553418813514 -0.053157842348343698 -0.050967236696063269 -0.051420614289091199 0.059339703726227648 0.059163290899335523
leaf_weight=7632.9606695137918 30.233838267624378 615.24805145524442 26407.600101947784 3485.8970403671265 1094.8646783828735 11.676952833309779 19.798424202948809 6.3925526142120352 12.275809260085223 24.603700637817383 3.3550500869750968 27.071445226669312 139.7937536239624 42.31320066191256 12.060267522931101 9.4796570688486081 5.0150942951440802 73085.292744636536 20907.553791999817 3457.8532778024673 36.905550956726074 13.420200347900389 10092.749955339357 1.1697790194302786 3.6273028403520575 1.0597102530300617 0.63299329951405492 2.2187534123659125 23.691843509674072 216.08573150634766
leaf_count=407668 1259 32746 23613 3117 979 624 1058 5 656 22 3 28 125 2257 17 28 268 65351 18695 3092 33 12 539343 34 194 19 34 83 21 193
internal_value=0.0453527 0.0505413 0.0301107 -0.0238783 -0.0371163 0.0589947 0.059036 -0.0219534 0.0590563 0.0224928 -0.0508982 0.05907 0.0454865 0.0590922 0.0483272 0.0392197 -0.0390803 0.0590975 0.0589493 0.0578561 0.0074393 -0.02549 -0.0509327 -0.0512147 -0.0511083 -0.0514065 -0.0523387 -0.0509965 0.0591495 0.0591807
internal_weight=147423 138695 40604.9 14197.3 8727.83 98090.2 98055 24.5593 98030.4 36.8795 10711.4 97993.5 159.592 97833.9 48.6114 21.5399 35.2489 97785.3 24700 3792.49 94.8577 57.9522 10708 18.1667 16.997 5.32001 1.6927 44.532 3697.63 239.778
internal_count=1101577 692930 598822 575209 408647 94108 92581 910 91671 678 572092 90993 1183 89810 73 45 1527 89737 24386 5691 2385 2352 572089 905 871 247 53 2340 3306 214
cat_boundaries=0 1 2
cat_threshold=132 9
is_linear=0
shrinkage=0.05


Tree=35
num_leaves=31
num_cat=2
split_feature=2 1 15 19 15 13 3 15 4 15 39 4 15 3 13 3 28 23 15 22 25 13 13 3 4 4 3 3 3 13
split_gain=23802.3 8965.23 23990.9 12073.7 4406 127.989 60.6229 22.6294 18.4924 37.5257 15.4365 11.04 79.3353 2.44879 1.37473 0.338984 0.271539 2.00305 92.8291 60.9848 47.4328 0.116273 0.00102684 0.000236283 0.000739022 0.000650455 0.000144112 8.44047e-05 0.000225177 4.30763e-05
threshold=0 1 1.0000000180025095e-35 1.0000000180025095e-35 1.0000000180025095e-35 6.0000000000000009 49759.000000000007 1.0000000180025095e-35 444.50000000000006 1.0000000180025095e-35 1.0000000180025095e-35 416.00000000000006 1.0000000180025095e-35 49899.000000000007 5246.0000000000009 130.00000000000003 1.0000000180025095e-35 1.0000000180025095e-35 1.0000000180025095e-35 1.0000000180025095e-35 1.0000000180025095e-35 1.0000000180025095e-35 11006.000000000002 49439.000000000007 416.00000000000006 443.50000000000006 55029.000000000007 59706.500000000007 61101.000000000007 7362.0000000000009
decision_type=9 9 2 2 2 8 8 2 10 2 2 8 2 8 10 10 2 2 2 2 2 10 10 10 10 8 10 10 10 10
left_child=4 5 3 10 -1 15 7 22 11 -10 21 12 -8 14 -13 -2 17 18 19 20 26 -3 23 -7 -25 -26 -15 -20 -29 -30
right_child=1 2 -4 -5 -6 6 8 -9 9 -11 -12 13 -14 16 -16 -17 -18 -19 27 -21 -22 -23 -24 24 25 -27 -28 28 29 -31
leaf_value=-0.05092461561905362 -0.036553291723959561 -0.050198719214126664 0.058622262746026249 0.058622262327745714 0.058622262327745714 -0.050924078960646858 -0.050924078501117631 0.060537902928897207 -0.050924078770430196 0.058622262327745714 0.058622262327745714 0.036754367205339061 0.058622262327745714 -0.050925853252656667 0.054151271817850039 -0.050924074626414732 0.058622262327745714 0.058622262327745714 0.058621958174988865 0.058622262327745714 0.058622262327745714 -0.050924076238578614 -0.052621400700142956 -0.050923277054281749 -0.052994397970928898 -0.050919175571283164 -0.05134943059849844 0.058802647235971117 0.058615104302112177 0.058660729920283511
leaf_weight=7267.4167991168797 29.184499505907297 586.17803026922047 25339.090748548508 3344.8500080108643 1050.5640544891357 11.117735201492914 18.850263740867376 6.1458758115768424 11.687912698835133 23.608180999755859 3.2192974090576163 18.919590249657631 134.13739204406738 40.286863535642624 28.403740093111992 4.7749180421233168 70128.10165977478 20061.588354110718 3317.9400057792664 35.412271499633789 12.877189636230467 9609.4009303692728 1.1155950743705023 3.4535858780145636 1.0110579580068588 0.60267584770917859 2.113395480439066 22.736980676651001 108.31937325000763 99.026114940643311
leaf_count=407668 1259 32746 23613 3117 979 624 1058 5 656 22 3 42 125 2257 31 268 65351 18695 3092 33 12 539343 34 194 19 34 83 21 101 92
internal_value=0.0449917 0.0501212 0.029901 -0.0238122 -0.0370443 0.0584703 0.0585116 -0.0218771 0.0585316 0.0223472 -0.0508478 0.0585452 0.0451246 0.0585671 0.0471961 -0.0385739 0.0585728 0.0584265 0.0573472 0.00739525 -0.0254222 -0.0508824 -0.0511542 -0.0510531 -0.051336 -0.0522194 -0.050947 0.058624 0.0586533 0.0586369
internal_weight=141322 133004 38882.7 13543.6 8317.98 94121.4 94087.5 23.4465 94064 35.2961 10198.8 94028.7 152.988 93875.7 47.3233 33.9594 93828.4 23700.3 3638.71 90.6897 55.2774 10195.6 17.3006 16.1851 5.06732 1.61373 42.4003 3548.02 230.082 207.345
internal_count=1101577 692930 598822 575209 408647 94108 92581 910 91671 678 572092 90993 1183 89810 73 1527 89737 24386 5691 2385 2352 572089 905 871 247 53 2340 3306 214 193
cat_boundaries=0 1 2
cat_threshold=132 9
is_linear=0
shrinkage=0.05


Tree=36
num_leaves=31
num_cat=2
split_feature=2 1 15 19 15 13 3 15 4 15 39 4 15 3 13 3 3 28 23 15 22 25 13 13 3 4 4 3 3 3
split_gain=22451.1 8410.34 22619.9 11445 4180.42 120.814 57.0584 21.4296 17.3483 35.4633 14.6591 10.3407 74.8613 2.67079 1.46205 0.64148 0.347082 0.25417 1.87508 87.1827 57.5919 44.9685 0.121967 0.000882377 0.000202662 0.000633153 0.000556401 0.000123641 7.12073e-05 0.000190976
threshold=0 1 1.0000000180025095e-35 1.0000000180025095e-35 1.0000000180025095e-35 6.0000000000000009 49759.000000000007 1.0000000180025095e-35 444.50000000000006 1.0000000180025095e-35 1.0000000180025095e-35 416.00000000000006 1.0000000180025095e-35 49899.000000000007 5286.0000000000009 49843.000000000007 130.00000000000003 1.0000000180025095e-35 1.0000000180025095e-35 1.0000000180025095e-35 1.0000000180025095e-35 1.0000000180025095e-35 1.0000000180025095e-35 11006.000000000002 49439.000000000007 416.00000000000006 443.50000000000006 55029.000000000007 59706.500000000007 61101.000000000007
decision_type=9 9 2 2 2 8 8 2 10 2 2 8 2 8 8 8 10 2 2 2 2 2 10 10 10 10 8 10 10 10
left_child=4 5 3 10 -1 16 7 23 11 -10 22 12 -8 14 -13 -16 -2 18 19 20 21 27 -3 24 -7 -26 -27 -15 -21 -30
right_child=1 2 -4 -5 -6 6 8 -9 9 -11 -12 13 -14 17 15 -17 -18 -19 -20 28 -22 -23 -24 -25 25 26 -28 -29 29 -31
leaf_value=-0.050878710705328949 -0.035990051408742479 -0.050117072467790583 0.058131334962138896 0.05813133458345935 0.05813133458345935 -0.050878195897701851 -0.050878195408141362 0.059919015818676452 -0.050878199343136504 0.05813133458345935 0.05813133458345935 0.05407867766426469 0.05813133458345935 -0.050879884976731821 0.044106324015910969 0.026402452988982885 -0.050878196758196007 0.05813133458345935 0.05813133458345935 0.058131056142885808 0.05813133458345935 0.05813133458345935 -0.050878198035710323 -0.052489526733905813 -0.05087743776339762 -0.05283987716334252 -0.05087354046235102 -0.051281903982608491 0.058300882858187991 0.058145023112377327
leaf_weight=6919.0606974102557 28.184700336307287 558.47544778138399 24301.677486181259 3207.9077686071396 1007.5526806116104 10.584813231602316 17.946687910705805 5.9049859046936026 11.127658830955623 22.641633272171021 3.0874954462051383 25.420826971530914 128.6456435918808 38.355799777433276 11.425671756267546 9.2663089632987994 4.5460349395871154 67256.971634984016 19240.242455601692 3182.0984913110733 33.962449908256531 12.349981784820555 9148.7795951422304 1.0637855865061272 3.2880377210676661 0.96448946744203568 0.57378423586487748 2.0129042584449044 21.809500813484192 198.85924851894379
leaf_count=407668 1259 32746 23613 3117 979 624 1058 5 656 22 3 28 125 2257 17 28 268 65351 18695 3092 33 12 539343 34 194 19 34 83 21 193
internal_value=0.0446537 0.0497281 0.0297042 -0.0237496 -0.0369758 0.0579802 0.0580215 -0.021805 0.0580413 0.0222105 -0.0507998 0.0580547 0.0447858 0.0580763 0.0460463 0.0361782 -0.0380579 0.0580825 0.0579379 0.0568716 0.00735384 -0.0253581 -0.0508344 -0.0510968 -0.0510006 -0.0512691 -0.0521064 -0.0508999 0.058133 0.0581604
internal_weight=135415 127488 37219.9 12918.3 7926.61 90268.2 90235.5 22.3799 90213.1 33.7693 9710.34 90179.4 146.592 90032.8 46.1128 20.692 32.7307 89986.7 22729.7 3489.45 86.6811 52.7187 9707.26 16.4749 15.4111 4.82631 1.53827 40.3687 3402.77 220.669
internal_count=1101577 692930 598822 575209 408647 94108 92581 910 91671 678 572092 90993 1183 89810 73 45 1527 89737 24386 5691 2385 2352 572089 905 871 247 53 2340 3306 214
cat_boundaries=0 1 2
cat_threshold=132 9
is_linear=0
shrinkage=0.05


Tree=37
num_leaves=31
num_cat=2
split_feature=2 1 15 19 15 13 3 15 4 15 39 4 15 3 13 3 28 23 15 22 25 13 13 3 4 4 3 3 3 3
split_gain=21186.9 7896.08 21338 10851.3 3967.03 114.119 53.7368 20.2991 16.2882 33.5271 13.9224 9.6945 70.6733 2.88537 1.51268 0.355025 0.23814 1.75695 81.9406 54.4104 42.6409 0.127957 0.000758296 0.000173848 0.000542581 0.000476093 0.000106095 6.01654e-05 0.000162118 3.0983e-05
threshold=0 1 1.0000000180025095e-35 1.0000000180025095e-35 1.0000000180025095e-35 6.0000000000000009 49759.000000000007 1.0000000180025095e-35 444.50000000000006 1.0000000180025095e-35 1.0000000180025095e-35 416.00000000000006 1.0000000180025095e-35 49899.000000000007 5246.0000000000009 130.00000000000003 1.0000000180025095e-35 1.0000000180025095e-35 1.0000000180025095e-35 1.0000000180025095e-35 1.0000000180025095e-35 1.0000000180025095e-35 11006.000000000002 49439.000000000007 416.00000000000006 443.50000000000006 55029.000000000007 59706.500000000007 61101.000000000007 61545.500000000007
decision_type=9 9 2 2 2 8 8 2 10 2 2 8 2 8 10 10 2 2 2 2 2 10 10 10 10 8 10 10 10 10
left_child=4 5 3 10 -1 15 7 22 11 -10 21 12 -8 14 -13 -2 17 18 19 20 26 -3 23 -7 -25 -26 -15 -20 -29 -30
right_child=1 2 -4 -5 -6 6 8 -9 9 -11 -12 13 -14 16 -16 -17 -18 -19 27 -21 -22 -23 -24 24 25 -27 -28 28 29 -31
leaf_value=-0.050835120156241642 -0.035418083148232284 -0.050035918967788917 0.057672125615259355 0.057672125238651041 0.057672125238651041 -0.050834636479874629 -0.050834636109613598 0.059342253304018849 -0.05083463467301931 0.057672125238651041 0.057672125238651041 0.033819130648407865 0.057672125238651041 -0.050836239139447528 0.05251384957411287 -0.050834631497771503 0.057672125238651041 0.057672125238651041 0.057671865841959415 0.057672125238651041 0.057672125238651041 -0.050834632488060694 -0.052364477233281331 -0.050833910556280754 -0.05269374373461299 -0.050830218180513809 -0.051217839449119534 0.057831603133193799 0.057676444678509201 0.057732752351628371
leaf_weight=6587.115339461714 27.232192512601618 532.07831863313913 23295.862753391266 3075.1366483569145 965.85138875246048 10.076995605602862 17.085676766932011 5.6702022552490225 10.593798631802199 21.704525589942932 2.9597080349922171 18.177946642041206 123.32116812467575 36.515700582414865 26.734204590320587 4.327934816479682 64473.29326492548 18443.913904726505 3050.3946598172188 32.556788384914398 11.83883213996887 8709.8582950998098 1.014259673655032 3.130288664251565 0.91993082314729691 0.54625393636524655 1.91706840135157 20.909910798072815 161.857950091362 28.773227334022522
leaf_count=407668 1259 32746 23613 3117 979 624 1058 5 656 22 3 42 125 2257 31 268 65351 18695 3092 33 12 539343 34 194 19 34 83 21 164 29
internal_value=0.044337 0.0493599 0.0295194 -0.0236903 -0.0369107 0.0575217 0.057563 -0.0217369 0.0575826 0.0220821 -0.0507539 0.0575959 0.0444683 0.0576172 0.0449473 -0.0375322 0.0576238 0.0574809 0.0564266 0.00731489 -0.0252974 -0.0507886 -0.0510423 -0.0509509 -0.0512057 -0.0519995 -0.0508553 0.0576737 0.0576994 0.0576849
internal_weight=129701 122148 35615.9 12320 7552.97 86532.5 86500.9 21.3579 86479.6 32.2983 9244.9 86447.3 140.407 86306.9 44.9122 31.5601 86262 21788.7 3344.76 82.8284 50.2716 9241.94 15.6877 14.6735 4.59647 1.46618 38.4328 3261.94 211.541 190.631
internal_count=1101577 692930 598822 575209 408647 94108 92581 910 91671 678 572092 90993 1183 89810 73 1527 89737 24386 5691 2385 2352 572089 905 871 247 53 2340 3306 214 193
cat_boundaries=0 1 2
cat_threshold=132 9
is_linear=0
shrinkage=0.05


Tree=38
num_leaves=31
num_cat=2
split_feature=2 1 15 19 15 13 3 15 4 15 39 4 15 3 13 3 3 28 23 15 22 25 13 13 3 4 4 3 3 3
split_gain=20003 7418.75 20138.5 10290.4 3765.09 107.864 50.6376 19.2332 15.3043 31.708 13.2241 9.0962 66.7493 3.12954 1.64128 0.660585 0.362785 0.22332 1.64772 77.0671 51.4246 40.4414 0.134257 0.000651714 0.000149161 0.000465061 0.000407502 9.10535e-05 5.0901e-05 0.000137747
threshold=0 1 1.0000000180025095e-35 1.0000000180025095e-35 1.0000000180025095e-35 6.0000000000000009 49759.000000000007 1.0000000180025095e-35 444.50000000000006 1.0000000180025095e-35 1.0000000180025095e-35 416.00000000000006 1.0000000180025095e-35 49899.000000000007 5286.0000000000009 49843.000000000007 130.00000000000003 1.0000000180025095e-35 1.0000000180025095e-35 1.0000000180025095e-35 1.0000000180025095e-35 1.0000000180025095e-35 1.0000000180025095e-35 11006.000000000002 49439.000000000007 416.00000000000006 443.50000000000006 55029.000000000007 59706.500000000007 61101.000000000007
decision_type=9 9 2 2 2 8 8 2 10 2 2 8 2 8 8 8 10 2 2 2 2 2 10 10 10 10 8 10 10 10
left_child=4 5 3 10 -1 16 7 23 11 -10 22 12 -8 14 -13 -16 -2 18 19 20 21 27 -3 24 -7 -26 -27 -15 -21 -30
right_child=1 2 -4 -5 -6 6 8 -9 9 -11 -12 13 -14 17 15 -17 -18 -19 -20 28 -22 -23 -24 -25 25 26 -28 -29 29 -31
leaf_value=-0.050793725820293081 -0.034837623111621807 -0.049955054793235462 0.057242179850089114 0.057242175897429887 0.057242175897429887 -0.050793266780431258 -0.0507932636635973 0.058804095329302822 -0.050793270345650655 0.057242175897429887 0.057242175897429887 0.05266089751914689 0.057242175897429887 -0.050794788025847373 0.041552353884463572 0.023262691142115835 -0.050793264816926004 0.057242175897429887 0.057242175897429887 0.05724193090423383 0.057242175897429887 0.057242175897429887 -0.050793262433633649 -0.052245877568842136 -0.050792580306372417 -0.052555500149281814 -0.050789067908649767 -0.051157048161890178 0.057392284894515692 0.057254188951320499
leaf_weight=6270.8354556094855 26.324822127819065 506.92734010424465 22321.930860340595 2946.5743621587753 925.47202455997467 9.5931449774652702 16.265302000567317 5.4417706727981559 10.085132935084404 20.797124147415161 2.8359714746475211 23.885731056332588 118.16547811031342 34.762438202276826 10.83748811483383 9.0676146298646945 4.1201272197067729 61777.857279896736 17672.828906178474 2922.8660672307014 31.195686221122742 11.343885898590086 8291.6511879693717 0.96692845970392305 2.9799845609813937 0.87730887532234192 0.52002317830920197 1.8256841097027052 20.038512468338013 182.66365849971771
leaf_count=407668 1259 32746 23613 3117 979 624 1058 5 656 22 3 28 125 2257 17 28 268 65351 18695 3092 33 12 539343 34 194 19 34 83 21 193
internal_value=0.04404 0.0490148 0.0293458 -0.0236341 -0.0368487 0.0570922 0.0571337 -0.0216725 0.0571531 0.0219613 -0.0507102 0.0571662 0.0441705 0.0571873 0.0438243 0.0332206 -0.0369969 0.0571944 0.057053 0.0560099 0.00727824 -0.0252399 -0.050745 -0.0509905 -0.0509036 -0.0511455 -0.0518981 -0.0508129 0.0572436 0.0572678
internal_weight=124182 116985 34069.9 11748 7196.31 82915.3 82884.9 20.3792 82864.5 30.8823 8801.41 82833.6 134.431 82699.2 43.7908 19.9051 30.4449 82655.4 20877.5 3204.7 79.1277 47.932 8798.58 14.9374 13.9705 4.37732 1.39733 36.5881 3125.57 202.702
internal_count=1101577 692930 598822 575209 408647 94108 92581 910 91671 678 572092 90993 1183 89810 73 45 1527 89737 24386 5691 2385 2352 572089 905 871 247 53 2340 3306 214
cat_boundaries=0 1 2
cat_threshold=132 9
is_linear=0
shrinkage=0.05


Tree=39
num_leaves=31
num_cat=2
split_feature=2 1 15 19 15 13 3 15 4 15 39 4 15 3 13 3 3 28 23 15 22 25 13 13 3 4 4 3 3 3
split_gain=18893.2 6975.12 19014.8 9760.15 3573.92 102.016 47.7429 18.2276 14.3899 29.9976 12.5619 8.5415 63.0693 3.36311 1.66451 0.645279 0.370333 0.209592 1.54654 72.5304 48.6203 38.3621 0.140883 0.000560147 0.000127999 0.000398704 0.00034889 7.81565e-05 4.30884e-05 0.00011714
threshold=0 1 1.0000000180025095e-35 1.0000000180025095e-35 1.0000000180025095e-35 6.0000000000000009 49759.000000000007 1.0000000180025095e-35 444.50000000000006 1.0000000180025095e-35 1.0000000180025095e-35 416.00000000000006 1.0000000180025095e-35 49899.000000000007 5286.0000000000009 49843.000000000007 130.00000000000003 1.0000000180025095e-35 1.0000000180025095e-35 1.0000000180025095e-35 1.0000000180025095e-35 1.0000000180025095e-35 1.0000000180025095e-35 11006.000000000002 49439.000000000007 416.00000000000006 443.50000000000006 55029.000000000007 59706.500000000007 61101.000000000007
decision_type=9 9 2 2 2 8 8 2 10 2 2 8 2 8 8 8 10 2 2 2 2 2 10 10 10 10 8 10 10 10
left_child=4 5 3 10 -1 16 7 23 11 -10 22 12 -8 14 -13 -16 -2 18 19 20 21 27 -3 24 -7 -26 -27 -15 -21 -30
right_child=1 2 -4 -5 -6 6 8 -9 9 -11 -12 13 -14 17 15 -17 -18 -19 -20 28 -22 -23 -24 -25 25 26 -28 -29 29 -31
leaf_value=-0.05075441526403518 -0.034248942526614333 -0.049874273975677987 0.056839259701379867 0.056839259396380772 0.056839259396380772 -0.050753979903049466 -0.050753979486432815 0.058301399722692299 -0.050753982289528703 0.056839259396380772 0.056839259396380772 0.051858072987123895 0.056839259396380772 -0.050755422929326423 0.040413789051383722 0.022216801898249185 -0.050753977408137231 0.056839259396380772 0.056839259396380772 0.056839034205647357 0.056839259396380772 0.056839259396380772 -0.050753977742042801 -0.052133374464463693 -0.050753327943174276 -0.052424687284459141 -0.050749993111959171 -0.051099358351766447 0.056980643239785259 0.056850527835853773
leaf_weight=5969.5066391304135 25.460529644042257 482.96568080503494 21379.977513253689 2822.2329862117767 886.41838097572327 9.1321670804172737 15.483708217740057 5.2198718786239615 9.6005137702450174 19.919514179229736 2.7162973880767813 23.063677906990051 113.17905783653259 33.092053519561887 10.591996818780897 9.0209866762161273 3.9221434108912936 59170.916869401932 16927.059890031815 2799.5244866609573 29.879271268844604 10.865189552307127 7893.2137648882344 0.92170550208538848 2.8367859199643144 0.83655176311731339 0.49503260757774092 1.738555647432803 19.195433735847473 174.9574933052063
leaf_count=407668 1259 32746 23613 3117 979 624 1058 5 656 22 3 28 125 2257 17 28 268 65351 18695 3092 33 12 539343 34 194 19 34 83 21 193
internal_value=0.0437611 0.048691 0.0291825 -0.0235808 -0.0367897 0.0566897 0.0567313 -0.0216116 0.0567505 0.0218477 -0.0506684 0.0567635 0.0438911 0.0567844 0.0427521 0.0320441 -0.0364521 0.056792 0.056652 0.0556194 0.00724372 -0.0251855 -0.0507033 -0.0509414 -0.0508588 -0.0510884 -0.0518021 -0.0507726 0.0568406 0.0568634
internal_weight=118854 111998 32581.1 11201.1 6855.93 79416.9 79387.5 19.4421 79368.1 29.52 8378.9 79338.6 128.663 79209.9 42.6767 19.613 29.3827 79167.2 19996.3 3069.25 75.5751 45.6958 8376.18 14.2222 13.3005 4.16837 1.33158 34.8306 2993.68 194.153
internal_count=1101577 692930 598822 575209 408647 94108 92581 910 91671 678 572092 90993 1183 89810 73 45 1527 89737 24386 5691 2385 2352 572089 905 871 247 53 2340 3306 214
cat_boundaries=0 1 2
cat_threshold=132 9
is_linear=0
shrinkage=0.05


Tree=40
num_leaves=31
num_cat=2
split_feature=2 1 15 19 15 13 3 15 4 15 39 4 15 3 13 3 28 23 15 22 25 13 13 3 4 4 3 3 3 13
split_gain=17852.1 6562.26 17961.3 9258.8 3392.89 96.543 45.0363 17.2785 13.539 28.3884 11.934 8.02647 59.6153 3.60597 1.76414 0.377639 0.196863 1.4527 68.302 45.9846 36.3956 0.147848 0.000481482 0.000109855 0.000341885 0.00029879 6.70939e-05 3.65305e-05 9.96796e-05 1.92623e-05
threshold=0 1 1.0000000180025095e-35 1.0000000180025095e-35 1.0000000180025095e-35 6.0000000000000009 49759.000000000007 1.0000000180025095e-35 444.50000000000006 1.0000000180025095e-35 1.0000000180025095e-35 416.00000000000006 1.0000000180025095e-35 49899.000000000007 5246.0000000000009 130.00000000000003 1.0000000180025095e-35 1.0000000180025095e-35 1.0000000180025095e-35 1.0000000180025095e-35 1.0000000180025095e-35 1.0000000180025095e-35 11006.000000000002 49439.000000000007 416.00000000000006 443.50000000000006 55029.000000000007 59706.500000000007 61101.000000000007 7362.0000000000009
decision_type=9 9 2 2 2 8 8 2 10 2 2 8 2 8 10 10 2 2 2 2 2 10 10 10 10 8 10 10 10 10
left_child=4 5 3 10 -1 15 7 22 11 -10 21 12 -8 14 -13 -2 17 18 19 20 26 -3 23 -7 -25 -26 -15 -20 -29 -30
right_child=1 2 -4 -5 -6 6 8 -9 9 -11 -12 13 -14 16 -16 -17 -18 -19 27 -21 -22 -23 -24 24 25 -27 -28 28 29 -31
leaf_value=-0.050717082844982012 -0.033652385125035267 -0.049793373076128265 0.056461364778087247 0.056461364485977453 0.056461364485977453 -0.050716666902489521 -0.050716666503993535 0.057831338186855853 -0.050716669654787695 0.056461364485977453 0.056461364485977453 0.029348110478341641 0.056461364485977453 -0.050718037602710944 0.050279043200090835 -0.050716667558027596 0.056461364485977453 0.056461364485977453 0.056461148613931603 0.056461364485977453 0.056461364485977453 -0.050716665978227715 -0.052026651279572012 -0.05071604628659885 -0.052300872741692352 -0.050712881542800917 -0.051044602680738439 0.056594600391831167 0.056455727024130042 0.056489671134282049
leaf_weight=5682.4447747077793 24.637333400547508 460.13891819491982 20469.930932462215 2702.103602707386 848.68765705823898 8.6930157644674164 14.739120822399853 5.0046300888061515 9.1388403307646531 19.071632742881775 2.6006771922111502 17.071802869439125 108.36154967546463 31.50075232796371 24.534277081489563 3.7335336208343497 56652.285062730312 16206.55336946249 2680.3612070679665 28.607449114322662 10.402708768844603 7513.6415868867189 0.87850651983171779 2.7003678437322391 0.79758893698453903 0.47122549731284358 1.6554944682866324 18.380653321743011 87.497111618518829 80.01503324508667
leaf_count=407668 1259 32746 23613 3117 979 624 1058 5 656 22 3 42 125 2257 31 268 65351 18695 3092 33 12 539343 34 194 19 34 83 21 101 92
internal_value=0.0434992 0.0483869 0.0290288 -0.0235303 -0.0367335 0.056312 0.0563539 -0.021554 0.0563729 0.0217408 -0.0506285 0.0563857 0.0436287 0.0564064 0.0416907 -0.035898 0.0564145 0.0562759 0.055253 0.0072112 -0.025134 -0.0506634 -0.0508947 -0.0508162 -0.0510341 -0.0517111 -0.0507343 0.0564626 0.0564841 0.0564719
internal_weight=113717 107186 31148.4 10678.5 6531.13 76037.1 76008.7 18.5453 75990.2 28.2105 7976.38 75962 123.101 75838.9 41.6061 28.3709 75797.3 19145 2938.42 72.1664 43.559 7973.78 13.5407 12.6622 3.96918 1.26881 33.1562 2866.25 185.893 167.512
internal_count=1101577 692930 598822 575209 408647 94108 92581 910 91671 678 572092 90993 1183 89810 73 1527 89737 24386 5691 2385 2352 572089 905 871 247 53 2340 3306 214 193
cat_boundaries=0 1 2
cat_threshold=132 9
is_linear=0
shrinkage=0.05


Tree=41
num_leaves=31
num_cat=2
split_feature=2 1 15 19 15 13 3 15 4 15 39 4 15 3 13 3 3 28 23 15 22 25 13 13 3 4 4 3 3 3
split_gain=16874.6 6177.55 16972.9 8784.55 3221.41 91.4173 42.5031 16.3822 12.7463 26.8733 11.3382 7.54759 56.3709 3.87961 1.83658 0.647221 0.384675 0.185038 1.36552 64.3567 43.5056 34.5352 0.155167 0.00041389 9.42982e-05 0.000293216 0.000255949 5.76051e-05 3.09882e-05 8.48914e-05
threshold=0 1 1.0000000180025095e-35 1.0000000180025095e-35 1.0000000180025095e-35 6.0000000000000009 49759.000000000007 1.0000000180025095e-35 444.50000000000006 1.0000000180025095e-35 1.0000000180025095e-35 416.00000000000006 1.0000000180025095e-35 49899.000000000007 5286.0000000000009 49843.000000000007 130.00000000000003 1.0000000180025095e-35 1.0000000180025095e-35 1.0000000180025095e-35 1.0000000180025095e-35 1.0000000180025095e-35 1.0000000180025095e-35 11006.000000000002 49439.000000000007 416.00000000000006 443.50000000000006 55029.000000000007 59706.500000000007 61101.000000000007
decision_type=9 9 2 2 2 8 8 2 10 2 2 8 2 8 8 8 10 2 2 2 2 2 10 10 10 10 8 10 10 10
left_child=4 5 3 10 -1 16 7 23 11 -10 22 12 -8 14 -13 -16 -2 18 19 20 21 27 -3 24 -7 -26 -27 -15 -21 -30
right_child=1 2 -4 -5 -6 6 8 -9 9 -11 -12 13 -14 17 15 -17 -18 -19 -20 28 -22 -23 -24 -25 25 26 -28 -29 29 -31
leaf_value=-0.050681621211115427 -0.03304830449439105 -0.049712154587622431 0.05610665538911036 0.056106651969314872 0.056106651969314872 -0.050681223475052217 -0.050681226160736427 0.057391363460342543 -0.050681228245012588 0.056106651969314872 0.056106651969314872 0.050526685750709066 0.056106651969314872 -0.050682531079749016 0.037878421563301269 0.019338428515714951 -0.05068122360602223 0.056106651969314872 0.056106651969314872 0.056106452521829511 0.056106651969314872 0.056106651969314872 -0.050681224966006869 -0.051925388720092031 -0.05068063627602945 -0.052183646831871357 -0.050677629159898624 -0.050992632739583356 0.056232288711023329 0.056116589625213709
leaf_weight=5408.9953887257725 23.85334607586265 438.39488947577775 19591.581712722778 2586.1585292816162 812.27115821838379 8.2746892087161523 14.029842074960468 4.79612112045288 8.6990598328411597 18.253284454345703 2.4890842437744132 21.704342067241669 103.71184349060059 29.984905899502341 10.069097548723219 8.8400487154722232 3.5538680478930464 54221.381471633911 15511.143312454224 2565.3483790159225 27.379926681518555 9.9563369750976545 7152.0689755119383 0.83724979963153678 2.5704188048839582 0.76035133749246597 0.4485474871471522 1.5763195529580105 17.594016492366791 160.32592731714249
leaf_count=407668 1259 32746 23613 3117 979 624 1058 5 656 22 3 28 125 2257 17 28 268 65351 18695 3092 33 12 539343 34 194 19 34 83 21 193
internal_value=0.0432529 0.0481012 0.0288841 -0.0234823 -0.03668 0.0559574 0.0559995 -0.0214995 0.0560183 0.0216401 -0.0505903 0.0560311 0.043382 0.0560516 0.0406023 0.029211 -0.0353347 0.0560602 0.0559229 0.0549091 0.00718054 -0.0250852 -0.0506253 -0.0508504 -0.0507757 -0.0509827 -0.0516249 -0.050698 0.0561079 0.056128
internal_weight=108767 102546 29770.7 10179.1 6221.27 72775.1 72747.7 17.6874 72730 26.9523 7592.95 72703 117.742 72585.3 40.6135 18.9091 27.4072 72544.7 18323.3 2812.17 68.8975 41.5176 7590.46 12.8913 12.054 3.77932 1.2089 31.5612 2743.27 177.92
internal_count=1101577 692930 598822 575209 408647 94108 92581 910 91671 678 572092 90993 1183 89810 73 45 1527 89737 24386 5691 2385 2352 572089 905 871 247 53 2340 3306 214
cat_boundaries=0 1 2
cat_threshold=132 9
is_linear=0
shrinkage=0.05


Tree=42
num_leaves=31
num_cat=2
split_feature=2 1 15 19 15 13 3 15 4 15 39 4 15 3 13 3 28 23 15 22 25 13 13 3 4 4 3 3 3 13
split_gain=15956.1 5818.7 16044.7 8335.8 3058.94 86.6135 40.1301 15.5354 12.0069 25.446 10.773 7.10182 53.321 4.13873 1.88843 0.391411 0.174042 1.28445 60.6714 41.1726 32.7746 0.162856 0.000355805 8.09534e-05 0.00025152 0.000219302 4.94649e-05 2.63147e-05 7.23418e-05 1.3918e-05
threshold=0 1 1.0000000180025095e-35 1.0000000180025095e-35 1.0000000180025095e-35 6.0000000000000009 49759.000000000007 1.0000000180025095e-35 444.50000000000006 1.0000000180025095e-35 1.0000000180025095e-35 416.00000000000006 1.0000000180025095e-35 49899.000000000007 5246.0000000000009 130.00000000000003 1.0000000180025095e-35 1.0000000180025095e-35 1.0000000180025095e-35 1.0000000180025095e-35 1.0000000180025095e-35 1.0000000180025095e-35 11006.000000000002 49439.000000000007 416.00000000000006 443.50000000000006 55029.000000000007 59706.500000000007 61101.000000000007 7362.0000000000009
decision_type=9 9 2 2 2 8 8 2 10 2 2 8 2 8 10 10 2 2 2 2 2 10 10 10 10 8 10 10 10 10
left_child=4 5 3 10 -1 15 7 22 11 -10 21 12 -8 14 -13 -2 17 18 19 20 26 -3 23 -7 -25 -26 -15 -20 -29 -30
right_child=1 2 -4 -5 -6 6 8 -9 9 -11 -12 13 -14 16 -16 -17 -18 -19 27 -21 -22 -23 -24 24 25 -27 -28 28 29 -31
leaf_value=-0.050647938873239401 -0.032437138591915965 -0.049630426144501527 0.055773461399818564 0.055773464859803307 0.055773464859803307 -0.050647560861529377 -0.050647560507526702 0.056979174131770283 -0.050647562951873795 0.055773464859803307 0.055773464859803307 0.026623070232757524 0.055773464859803307 -0.050648799834159444 0.048770650192827232 -0.050647561463129501 0.055773464859803307 0.055773464859803307 0.055773273910418843 0.055773464859803307 0.055773464859803307 -0.050647560844473652 -0.051829297197138614 -0.050647001746407343 -0.052072636548474084 -0.050644145704973324 -0.050943294650804577 0.05589199067869377 0.055768401342099184 0.055798553227002147
leaf_weight=5148.5310189854354 23.106755852699283 417.68368769064546 18744.600994765759 2474.3539200425148 777.1551131606102 7.8762275082990527 13.354246165603398 4.5943777561187735 8.2801629910245556 17.464159846305847 2.3814763426780692 16.472544059157372 99.228180944919586 28.541041730903093 23.152465716004372 3.3827341124415389 51877.286823451519 14840.566742122173 2454.4430337548256 26.196239769458771 9.5259053707122785 6807.6663350062445 0.79785592481494028 2.4466408472508197 0.72477151080965996 0.42694654688239075 1.5008571036159981 16.835261940956116 80.120522856712341 73.275646328926086
leaf_count=407668 1259 32746 23613 3117 979 624 1058 5 656 22 3 42 125 2257 31 268 65351 18695 3092 33 12 539343 34 194 19 34 83 21 101 92
internal_value=0.0430212 0.0478325 0.0287478 -0.0234368 -0.0366289 0.0556242 0.0556665 -0.0214479 0.0556852 0.0215452 -0.0505537 0.0556979 0.0431501 0.0557182 0.0395637 -0.0347626 0.0557274 0.0555912 0.0545861 0.00715162 -0.0250389 -0.0505888 -0.0508083 -0.0507373 -0.0509338 -0.0515431 -0.0506635 0.0557746 0.0557936 0.0557828
internal_weight=104002 98076.3 28446.7 9702.09 5925.69 69629.6 69603.1 16.8668 69586.2 25.7443 7227.73 69560.5 112.582 69447.9 39.625 26.4895 69408.3 17531 2690.44 65.764 39.5678 7225.35 12.2724 11.4746 3.59836 1.15172 30.0419 2624.67 170.231 153.396
internal_count=1101577 692930 598822 575209 408647 94108 92581 910 91671 678 572092 90993 1183 89810 73 1527 89737 24386 5691 2385 2352 572089 905 871 247 53 2340 3306 214 193
cat_boundaries=0 1 2
cat_threshold=132 9
is_linear=0
shrinkage=0.05


Tree=43
num_leaves=31
num_cat=2
split_feature=2 1 15 19 15 13 3 15 4 15 39 4 15 3 13 3 3 13 28 23 15 22 25 13 3 4 4 3 3 3
split_gain=15092.6 5483.59 15172.5 7911.03 2904.95 82.1082 37.9052 14.735 11.3164 24.1007 10.2367 6.68632 50.4522 4.42949 2.00044 0.637753 0.397819 0.170934 0.163801 1.20893 57.2256 38.9756 31.1078 0.000305891 6.95077e-05 0.000215789 0.000187946 4.24792e-05 2.23549e-05 6.16837e-05
threshold=0 1 1.0000000180025095e-35 1.0000000180025095e-35 1.0000000180025095e-35 6.0000000000000009 49759.000000000007 1.0000000180025095e-35 444.50000000000006 1.0000000180025095e-35 1.0000000180025095e-35 416.00000000000006 1.0000000180025095e-35 49899.000000000007 5286.0000000000009 49843.000000000007 130.00000000000003 1.0000000180025095e-35 1.0000000180025095e-35 1.0000000180025095e-35 1.0000000180025095e-35 1.0000000180025095e-35 1.0000000180025095e-35 11006.000000000002 49439.000000000007 416.00000000000006 443.50000000000006 55029.000000000007 59706.500000000007 61101.000000000007
decision_type=9 9 2 2 2 8 8 2 10 2 2 8 2 8 8 8 10 10 2 2 2 2 2 10 10 10 8 10 10 10
left_child=4 5 3 10 -1 16 7 23 11 -10 17 12 -8 14 -13 -16 -2 -3 19 20 21 22 27 24 -7 -26 -27 -15 -22 -30
right_child=1 2 -4 -5 -6 6 8 -9 9 -11 -12 13 -14 18 15 -17 -18 -19 -20 -21 28 -23 -24 -25 25 26 -28 -29 29 -31
leaf_value=-0.0506159379634512 -0.03181933925329529 -0.049547981110436415 0.055460272856102513 0.055460272601489592 0.055460272601489592 -0.050615579381927039 -0.050615582434495411 0.056592684859982978 -0.050615581297060286 0.055460272601489592 0.055460272601489592 0.049236489825875682 0.055460272601489592 -0.050616755802287076 0.035354007097270011 0.016642257313866395 -0.050615579465170139 -0.05061558035191055 0.055460272601489592 0.055460272601489592 0.05546009802595802 0.055460272601489592 0.055460272601489592 -0.051738103132767034 -0.050615050847545889 -0.051967486563872449 -0.050612335764739051 -0.050896449730466843 0.055572147366813478 0.055469060638857495
leaf_weight=4900.4522440806031 22.395831134170297 397.95760194957256 17928.556223154068 2366.6331097483635 743.32172423601151 7.4967139177024364 12.710775272920726 4.3993969559669486 7.8811858510598567 16.703858971595764 2.2777989506721488 20.452533379197121 94.908289611339569 27.165831990540031 9.5892347246408445 8.6716354042291659 3.2197379544377318 6479.6407939903438 49618.813075125217 14194.483794271946 2347.588574051857 25.055788457393646 9.1111958026885969 0.76024797465652305 2.328748863190413 0.69078373536467552 0.40637293085455872 1.4289402551949013 16.104030787944794 146.7193723320961
leaf_count=407668 1259 32746 23613 3117 979 624 1058 5 656 22 3 28 125 2257 17 28 268 539343 65351 18695 3092 33 12 34 194 19 34 83 21 193
internal_value=0.0428031 0.0475796 0.0286192 -0.0233935 -0.0365802 0.0553108 0.0553535 -0.0213991 0.055372 0.0214557 -0.0505187 0.0553846 0.0429318 0.0554048 0.0384969 0.0264683 -0.0341819 -0.0505538 0.0554146 0.0552795 0.0542824 0.00712434 -0.0249951 -0.0507683 -0.0507008 -0.0508874 -0.0514656 -0.0506307 0.0554613 0.0554793
internal_weight=99417.9 93774.2 27175.1 9246.51 5643.77 66599.1 66573.5 16.0823 66557.4 24.585 6879.88 66532.8 107.619 66425.2 38.7134 18.2609 25.6156 6877.6 66386.5 16767.7 2573.17 62.7618 37.706 11.6829 10.9226 3.42591 1.09716 28.5948 2510.41 162.823
internal_count=1101577 692930 598822 575209 408647 94108 92581 910 91671 678 572092 90993 1183 89810 73 45 1527 572089 89737 24386 5691 2385 2352 905 871 247 53 2340 3306 214
cat_boundaries=0 1 2
cat_threshold=132 9
is_linear=0
shrinkage=0.05


Tree=44
num_leaves=31
num_cat=2
split_feature=2 1 15 19 15 13 3 15 4 15 39 4 15 3 13 3 13 28 23 15 22 25 13 3 4 4 3 3 3 3
split_gain=14280.1 5170.34 14352.4 7508.85 2758.99 77.8806 35.8175 13.9781 10.6711 22.8321 9.7276 6.29868 47.7519 4.70243 2.00209 0.403871 0.179415 0.154255 1.13853 54.0007 36.9057 29.5294 0.000262994 5.96857e-05 0.000185168 0.000161109 3.64854e-05 1.9011e-05 5.2625e-05 1.01931e-05
threshold=0 1 1.0000000180025095e-35 1.0000000180025095e-35 1.0000000180025095e-35 6.0000000000000009 49759.000000000007 1.0000000180025095e-35 444.50000000000006 1.0000000180025095e-35 1.0000000180025095e-35 416.00000000000006 1.0000000180025095e-35 49899.000000000007 5246.0000000000009 130.00000000000003 1.0000000180025095e-35 1.0000000180025095e-35 1.0000000180025095e-35 1.0000000180025095e-35 1.0000000180025095e-35 1.0000000180025095e-35 11006.000000000002 49439.000000000007 416.00000000000006 443.50000000000006 55029.000000000007 59706.500000000007 61101.000000000007 61545.500000000007
decision_type=9 9 2 2 2 8 8 2 10 2 2 8 2 8 10 10 10 2 2 2 2 2 10 10 10 8 10 10 10 10
left_child=4 5 3 10 -1 15 7 22 11 -10 16 12 -8 14 -13 -2 -3 18 19 20 21 26 23 -7 -25 -26 -15 -21 -29 -30
right_child=1 2 -4 -5 -6 6 8 -9 9 -11 -12 13 -14 17 -16 -17 -18 -19 -20 27 -22 -23 -24 24 25 -27 -28 28 29 -31
leaf_value=-0.050585536373281149 -0.031195416222316832 -0.049464630102045708 0.055165689843166527 0.055165689615197938 0.055165689615197938 -0.050585196366977704 -0.05058519967427777 0.056230001155959386 -0.050585198693609945 0.055165689615197924 0.055165689615197938 0.02399114216732413 0.055165689615197938 -0.050586314007215805 0.047295873344965593 -0.050585196459858699 -0.050585197137591478 0.055165689615197938 0.055165689615197938 0.055165524429719906 0.055165689615197938 0.055165689615197938 -0.051651548200150416 -0.050584690331977017 -0.051867869937066768 -0.050582114806330562 -0.050851976146456326 0.055271330675181855 0.055168277025157531 0.055205917953791331
leaf_weight=4664.1851627491415 21.718918126076463 379.17093560099602 17142.93336391449 2262.9281001091003 710.74963426589966 7.1352699510753119 12.097942519932984 4.2111439108848563 7.5012049051001677 15.971901893615723 2.1779866218566886 15.921775981783865 90.749442577362061 25.856096769683067 21.88100104033947 3.0645026862621298 6167.2336371410638 47444.534574985504 13572.48663187027 2244.7177016735077 23.957852840423584 8.711946487426756 0.72435149177908975 2.2164703309535985 0.6583239771425724 0.38677901867777087 1.3604088388383377 15.399889171123503 119.10669559240341 21.184651255607605
leaf_count=407668 1259 32746 23613 3117 979 624 1058 5 656 22 3 42 125 2257 31 268 539343 65351 18695 3092 33 12 34 194 19 34 83 21 164 29
internal_value=0.0425977 0.0473415 0.0284979 -0.0233524 -0.0365336 0.0550159 0.055059 -0.0213529 0.0550774 0.0213713 -0.0504851 0.0550899 0.0427262 0.0551099 0.0374804 -0.033593 -0.0505203 0.0551204 0.0549863 0.0539967 0.00709858 -0.0249536 -0.0507304 -0.0506662 -0.0508434 -0.051392 -0.0505996 0.0551667 0.0551836 0.055174
internal_weight=95010.9 89636 25954.4 8811.51 5374.93 63681.6 63656.8 15.3323 63641.4 23.4731 6548.58 63618 102.847 63515.1 37.8028 24.7834 6546.4 63477.3 16032.8 2460.3 59.8863 35.9285 11.1212 10.3968 3.26157 1.0451 27.2165 2400.41 155.691 140.291
internal_count=1101577 692930 598822 575209 408647 94108 92581 910 91671 678 572092 90993 1183 89810 73 1527 572089 89737 24386 5691 2385 2352 905 871 247 53 2340 3306 214 193
cat_boundaries=0 1 2
cat_threshold=132 9
is_linear=0
shrinkage=0.05


Tree=45
num_leaves=31
num_cat=2
split_feature=2 1 15 19 15 13 3 15 4 15 39 4 15 3 13 3 3 13 28 23 15 22 25 13 3 4 4 3 3 3
split_gain=13515.2 4877.25 13580.7 7127.95 2620.59 73.9111 33.857 13.2622 10.0673 21.635 9.24435 5.93658 45.2086 5.00745 2.15304 0.617952 0.40954 0.188322 0.145346 1.07282 50.9799 34.9543 28.0345 0.000226122 5.12585e-05 0.00015891 0.000138131 3.13387e-05 1.61789e-05 4.4922e-05
threshold=0 1 1.0000000180025095e-35 1.0000000180025095e-35 1.0000000180025095e-35 6.0000000000000009 49759.000000000007 1.0000000180025095e-35 444.50000000000006 1.0000000180025095e-35 1.0000000180025095e-35 416.00000000000006 1.0000000180025095e-35 49899.000000000007 5286.0000000000009 49843.000000000007 130.00000000000003 1.0000000180025095e-35 1.0000000180025095e-35 1.0000000180025095e-35 1.0000000180025095e-35 1.0000000180025095e-35 1.0000000180025095e-35 11006.000000000002 49439.000000000007 416.00000000000006 443.50000000000006 55029.000000000007 59706.500000000007 61101.000000000007
decision_type=9 9 2 2 2 8 8 2 10 2 2 8 2 8 8 8 10 10 2 2 2 2 2 10 10 10 8 10 10 10
left_child=4 5 3 10 -1 16 7 23 11 -10 17 12 -8 14 -13 -16 -2 -3 19 20 21 22 27 24 -7 -26 -27 -15 -22 -30
right_child=1 2 -4 -5 -6 6 8 -9 9 -11 -12 13 -14 18 15 -17 -18 -19 -20 -21 28 -23 -24 -25 25 26 -28 -29 29 -31
leaf_value=-0.050556655562737751 -0.030565908253356724 -0.049380165519691752 0.054888436329951044 0.054888436092095705 0.054888436092095705 -0.050556332463126255 -0.050556332197010279 0.055889404220857267 -0.05055633391902125 0.054888436092095705 0.054888436092095705 0.04797900634442704 0.054888436092095705 -0.050557394494156374 0.032843197496654528 0.014127486452922111 -0.050556328727589889 -0.050556331214283136 0.054888436092095705 0.054888436092095705 0.054888281048300236 0.054888436092095705 0.054888436092095705 -0.051569384396594781 -0.050555854342677099 -0.05177346692435586 -0.050553400412454742 -0.05080973961236819 0.054988235881019781 0.054896226996369972
leaf_weight=4439.1808497495949 21.074433881789449 361.28006552532315 16387.146913766861 2163.1616034507751 679.41456842422485 6.7910563610494101 11.514324091374872 4.0295571088790885 7.1393381897360095 15.267743110656738 2.0819649696350089 19.302591264247894 86.74854040145874 24.608794337138537 9.1499908268451673 8.5146414190530795 2.9166676439344874 5869.7192734340206 45352.830910205841 12974.111702442169 2145.7537371516228 22.901614665985107 8.3278598785400373 0.69009454641491252 2.1095441728830342 0.62733010575175285 0.36811927799135435 1.2951094731688488 14.722335159778593 134.1073185801506
leaf_count=407668 1259 32746 23613 3117 979 624 1058 5 656 22 3 28 125 2257 17 28 268 539343 65351 18695 3092 33 12 34 194 19 34 83 21 193
internal_value=0.0424041 0.0471172 0.0283834 -0.0233134 -0.0364892 0.0547382 0.0547817 -0.0213091 0.0548 0.0212917 -0.0504529 0.0548124 0.0425325 0.0548322 0.0364356 0.0238219 -0.0329962 -0.0504881 0.0548435 0.0547103 0.0537278 0.00707426 -0.0249142 -0.0506943 -0.0506333 -0.0508016 -0.0513223 -0.05057 0.0548894 0.0549053
internal_weight=90776.9 85658.3 24783.4 8396.24 5118.6 60874.9 60850.9 14.6157 60836.3 22.4071 6233.08 60813.9 98.2629 60715.6 36.9672 17.6646 23.9911 6231 60678.7 15325.8 2351.72 57.1334 34.2318 10.5861 9.89605 3.10499 0.995449 25.9039 2294.58 148.83
internal_count=1101577 692930 598822 575209 408647 94108 92581 910 91671 678 572092 90993 1183 89810 73 45 1527 572089 89737 24386 5691 2385 2352 905 871 247 53 2340 3306 214
cat_boundaries=0 1 2
cat_threshold=132 9
is_linear=0
shrinkage=0.05


Tree=46
num_leaves=31
num_cat=2
split_feature=2 1 15 19 15 13 3 15 4 15 39 3 15 4 15 3 13 28 23 15 22 25 13 3 13 3 4 4 3 3
split_gain=12794.8 4602.78 12854.1 6767.11 2489.35 70.1823 32.0148 12.5849 9.50188 20.5051 8.78556 6.18748 32.2493 5.04131 40.7257 0.414801 0.197669 0.137024 1.01144 48.148 33.1138 26.618 0.0894286 0.000850065 0.000194434 4.40256e-05 0.000136401 0.000118454 2.69217e-05 1.37779e-05
threshold=0 1 1.0000000180025095e-35 1.0000000180025095e-35 1.0000000180025095e-35 6.0000000000000009 49759.000000000007 1.0000000180025095e-35 444.50000000000006 1.0000000180025095e-35 1.0000000180025095e-35 49899.000000000007 1.0000000180025095e-35 416.00000000000006 1.0000000180025095e-35 130.00000000000003 1.0000000180025095e-35 1.0000000180025095e-35 1.0000000180025095e-35 1.0000000180025095e-35 1.0000000180025095e-35 1.0000000180025095e-35 2726.0000000000005 49873.500000000007 11006.000000000002 49439.000000000007 416.00000000000006 443.50000000000006 55029.000000000007 59706.500000000007
decision_type=9 9 2 2 2 8 8 2 10 2 2 8 2 8 2 10 10 2 2 2 2 2 10 10 10 10 10 8 10 10
left_child=4 5 3 10 -1 15 7 24 11 -10 16 12 22 14 -13 -2 -3 18 19 20 21 28 23 -8 25 -7 -27 -28 -15 -21
right_child=1 2 -4 -5 -6 6 8 -9 9 -11 -12 13 -14 17 -16 -17 -18 -19 -20 29 -22 -23 -24 -25 -26 26 27 -29 -30 -31
leaf_value=-0.050529209615605024 -0.029931399448682967 -0.049294402473170608 0.054627350187121261 0.054627349960784367 0.054627349960784367 -0.050528903138367026 -0.059805950202131232 0.05556932282856452 -0.050528906535405371 0.054627349960784367 0.054627349960784367 -0.050528902739801165 0.05629748267450977 -0.050529914874569849 0.054627349960784367 -0.050528903548259674 -0.050528903770991299 0.054627349960784367 0.054627349960784367 0.054627201699246522 0.054627349960784367 0.054627349960784367 -0.070799563331893342 -0.058191422915697871 -0.051491389451306518 -0.050528446248206016 -0.051683997705326661 -0.050526120542932963 -0.05076963147369748 0.054643294224657628
leaf_weight=4224.9151132348925 20.460863824933771 344.2432301286608 15660.552269518375 2067.2485290169716 649.28980106115341 6.4632705859839881 2.4304611124098292 3.8545525670051566 6.7947417413815865 14.590782046318054 1.9896520972251881 10.35780645906925 29.964961528778076 23.42101862188429 82.902170717716217 2.7758878879249087 5586.403757950291 43341.91806858778 12398.848652541637 2050.6122569441795 21.886173069477081 7.9586083889007559 3.1082135792821646 1.2267781142145397 0.65740748308599073 2.0077213756740098 0.59774178266525269 0.3503501908853649 1.2328949347138394 142.2328474521637
leaf_count=407668 1259 32746 23613 3117 979 624 55 5 656 22 3 1000 36 2257 125 268 539343 65351 18695 3092 33 12 29 11 34 194 19 34 83 214
internal_value=0.0422215 0.0469057 0.0282752 -0.0232762 -0.0364466 0.0544765 0.0545206 -0.0212676 0.0545388 0.0212164 -0.050422 0.054551 0.0340358 0.054564 0.0429483 -0.032392 -0.0504572 0.0545827 0.0544505 0.0534745 0.00705128 -0.0248769 -0.0645639 -0.0592644 -0.05066 -0.050602 -0.0507619 -0.0512561 -0.0505419 0.0546282
internal_weight=86711.3 81837.1 23660.4 7999.89 4874.2 58176.7 58153.4 13.931 58139.5 21.3855 5932.64 58118.1 36.7304 58081.4 93.26 23.2368 5930.65 57988.1 14646.2 2247.34 54.4987 32.6125 6.76545 3.65724 10.0765 9.41908 2.95581 0.948092 24.6539 2192.85
internal_count=1101577 692930 598822 575209 408647 94108 92581 910 91671 678 572092 90993 131 90862 1125 1527 572089 89737 24386 5691 2385 2352 95 66 905 871 247 53 2340 3306
cat_boundaries=0 1 2
cat_threshold=132 9
is_linear=0
shrinkage=0.05


Tree=47
num_leaves=31
num_cat=2
split_feature=2 1 15 19 15 13 3 15 4 15 39 3 15 4 15 3 13 28 23 15 22 25 13 3 13 3 4 4 3 3
split_gain=12115.9 4345.76 12169.7 6425.2 2364.86 66.6788 30.2831 11.9437 8.97237 19.438 8.34994 5.93224 30.4215 4.75657 38.5753 0.419629 0.207481 0.129241 0.95403 45.4909 31.3771 25.2758 0.073751 0.000744272 0.000167191 3.78178e-05 0.000117094 0.000101599 2.31297e-05 1.17461e-05
threshold=0 1 1.0000000180025095e-35 1.0000000180025095e-35 1.0000000180025095e-35 6.0000000000000009 49759.000000000007 1.0000000180025095e-35 444.50000000000006 1.0000000180025095e-35 1.0000000180025095e-35 49899.000000000007 1.0000000180025095e-35 416.00000000000006 1.0000000180025095e-35 130.00000000000003 1.0000000180025095e-35 1.0000000180025095e-35 1.0000000180025095e-35 1.0000000180025095e-35 1.0000000180025095e-35 1.0000000180025095e-35 2726.0000000000005 49873.500000000007 11006.000000000002 49439.000000000007 416.00000000000006 443.50000000000006 55029.000000000007 59706.500000000007
decision_type=9 9 2 2 2 8 8 2 10 2 2 8 2 8 2 10 10 2 2 2 2 2 10 10 10 10 10 8 10 10
left_child=4 5 3 10 -1 15 7 24 11 -10 16 12 22 14 -13 -2 -3 18 19 20 21 28 23 -8 25 -7 -27 -28 -15 -21
right_child=1 2 -4 -5 -6 6 8 -9 9 -11 -12 13 -14 17 -16 -17 -18 -19 -20 29 -22 -23 -24 -25 -26 26 27 -29 -30 -31
leaf_value=-0.050503133593370143 -0.029292504018492566 -0.049207130825756396 0.054381349071935252 0.054381352506800679 0.054381352506800679 -0.050502842940628824 -0.059271971620720947 0.055268321624054623 -0.05050284772477838 0.054381352506800665 0.054381352506800679 -0.050502842640821638 0.055954639232716021 -0.0505038019616873 0.054381352506800679 -0.050502843400940328 -0.050502845635688499 0.054381352506800679 0.054381352506800679 0.054381207937708634 0.054381352506800679 0.054381352506800679 -0.069419271156300227 -0.057729262428730756 -0.051417332418688066 -0.050502409736006539 -0.051599184372238018 -0.050500199830782633 -0.050731538524064236 0.054396409154192277
leaf_weight=4020.8862167298794 19.876766495406631 328.02055852953345 14962.45978975296 1975.0978408455849 620.34673923254013 6.1511455290019477 2.3322259131819001 3.6860269308090201 6.4666093541309246 13.940376162528992 1.9009603857994068 9.8576061427593213 28.673774778842926 22.289990833029158 79.206682741641998 2.6418344527482978 5316.6245792498812 41409.88739079237 11846.151470839977 1959.2029396891594 20.910564243793488 7.6038415431976309 3.0139068346470594 1.1760526578873398 0.62622329127043563 1.9107634667307141 0.56950058415532112 0.33343016542494286 1.1736243208870281 135.89459234476089
leaf_count=407668 1259 32746 23613 3117 979 624 55 5 656 22 3 1000 36 2257 125 268 539343 65351 18695 3092 33 12 29 11 34 194 19 34 83 214
internal_value=0.0420496 0.0467066 0.0281731 -0.0232409 -0.0364058 0.0542305 0.0542752 -0.0212284 0.0542932 0.0211454 -0.0503923 0.0543054 0.0337845 0.0543184 0.0427728 -0.0317809 -0.0504275 0.054337 0.0542056 0.0532358 0.00702957 -0.0248415 -0.0636829 -0.0587548 -0.0506275 -0.0505723 -0.0507241 -0.0511934 -0.0505152 0.0543822
internal_weight=82808.9 78167.7 22584.1 7621.64 4641.23 55583.6 55561.1 13.2771 55547.8 20.407 5646.55 55527.4 35.196 55492.2 89.0643 22.5186 5644.65 55403.1 13993.2 2147.08 51.978 31.0675 6.52219 3.50828 9.59106 8.96484 2.81369 0.902931 23.4636 2095.1
internal_count=1101577 692930 598822 575209 408647 94108 92581 910 91671 678 572092 90993 131 90862 1125 1527 572089 89737 24386 5691 2385 2352 95 66 905 871 247 53 2340 3306
cat_boundaries=0 1 2
cat_threshold=132 9
is_linear=0
shrinkage=0.05


Tree=48
num_leaves=31
num_cat=2
split_feature=2 1 15 19 15 13 3 15 4 15 39 3 15 4 15 3 13 28 23 15 22 25 13 3 13 3 4 4 3 3
split_gain=11475.7 4104.67 11524.7 6101.15 2246.76 63.3848 28.6538 11.3367 8.47572 18.4299 7.93625 5.68453 28.7112 4.48989 36.547 0.424 0.217772 0.121955 0.900277 42.9962 29.7376 24.0035 0.0609703 0.000650382 0.000143773 3.24875e-05 0.000100533 8.71572e-05 1.98738e-05 1.001e-05
threshold=0 1 1.0000000180025095e-35 1.0000000180025095e-35 1.0000000180025095e-35 6.0000000000000009 49759.000000000007 1.0000000180025095e-35 444.50000000000006 1.0000000180025095e-35 1.0000000180025095e-35 49899.000000000007 1.0000000180025095e-35 416.00000000000006 1.0000000180025095e-35 130.00000000000003 1.0000000180025095e-35 1.0000000180025095e-35 1.0000000180025095e-35 1.0000000180025095e-35 1.0000000180025095e-35 1.0000000180025095e-35 2726.0000000000005 49873.500000000007 11006.000000000002 49439.000000000007 416.00000000000006 443.50000000000006 55029.000000000007 59706.500000000007
decision_type=9 9 2 2 2 8 8 2 10 2 2 8 2 8 2 10 10 2 2 2 2 2 10 10 10 10 10 8 10 10
left_child=4 5 3 10 -1 15 7 24 11 -10 16 12 22 14 -13 -2 -3 18 19 20 21 28 23 -8 25 -7 -27 -28 -15 -21
right_child=1 2 -4 -5 -6 6 8 -9 9 -11 -12 13 -14 17 -16 -17 -18 -19 -20 29 -22 -23 -24 -25 -26 26 27 -29 -30 -31
leaf_value=-0.050478354798963815 -0.028649879241008813 -0.049118163220551556 0.054149448210798472 0.054149447998143911 0.054149447998143911 -0.050478079823577285 -0.058769466480502346 0.054985083621384462 -0.050478079533362433 0.054149447998143911 0.054149447998143911 -0.050478079046969042 0.055632307194123813 -0.050478988923906044 0.054149447998143911 -0.050478074747712001 -0.050478076875542378 0.054149447998143911 0.054149447998143911 0.054149318444762874 0.054149447998143911 0.054149447998143911 -0.068151891036475995 -0.057296486248849691 -0.051347016838163909 -0.050477665587148016 -0.05151877007714481 -0.050475564802440503 -0.050695358882596159 0.054163676607891613
leaf_weight=3826.615501428023 19.320755930617455 312.57388887181878 14292.143226742744 1886.6136724948883 592.55527281761169 5.8539488585665787 2.2369699086993924 3.5238613486289969 6.1541709890589127 13.315848827362061 1.8157975673675526 9.3813287094235402 27.429368376731873 21.213053992018111 75.658231973648071 2.5141925998032084 5059.748570157215 39554.728941679001 11315.445173978806 1871.4305019974709 19.973773241043091 7.263190269470214 2.9188674781471491 1.1269313814118507 0.59647720400244075 1.8184428922832014 0.54254993237555027 0.31731946486979712 1.1171626402065147 129.80832433700562
leaf_count=407668 1259 32746 23613 3117 979 624 55 5 656 22 3 1000 36 2257 125 268 539343 65351 18695 3092 33 12 29 11 34 194 19 34 83 214
internal_value=0.0418874 0.0465188 0.0280765 -0.0232072 -0.0363668 0.0539986 0.0540438 -0.0211911 0.0540617 0.0210783 -0.0503636 0.0540738 0.0335487 0.0540869 0.0426072 -0.0311633 -0.050399 0.0541053 0.0539748 0.0530109 0.00700903 -0.0248079 -0.0628642 -0.058276 -0.0505965 -0.0505441 -0.0506883 -0.0511338 -0.0504898 0.0541502
internal_weight=79065.8 74646.6 21552.9 7260.75 4419.17 53093.7 53071.9 12.6526 53059.2 19.47 5374.14 53039.7 33.7121 53006 85.0396 21.8349 5372.32 52921 13366.3 2050.81 49.5672 29.5934 6.28277 3.3639 9.12874 8.53226 2.67831 0.859869 22.3302 2001.24
internal_count=1101577 692930 598822 575209 408647 94108 92581 910 91671 678 572092 90993 131 90862 1125 1527 572089 89737 24386 5691 2385 2352 95 66 905 871 247 53 2340 3306
cat_boundaries=0 1 2
cat_threshold=132 9
is_linear=0
shrinkage=0.05


Tree=49
num_leaves=31
num_cat=2
split_feature=2 1 15 19 15 13 3 15 4 15 39 3 15 4 15 3 13 28 23 15 22 25 13 3 13 3 4 4 3 3
split_gain=10871.8 3878.37 10916.4 5793.96 2134.71 60.2864 27.1198 10.7618 8.00955 17.4772 7.54337 5.44452 27.1094 4.23992 34.6328 0.427896 0.228573 0.11513 0.849927 40.6522 28.1893 22.7973 0.05052 0.000567373 0.00012364 2.79132e-05 8.63237e-05 7.47807e-05 1.70766e-05 8.54107e-06
threshold=0 1 1.0000000180025095e-35 1.0000000180025095e-35 1.0000000180025095e-35 6.0000000000000009 49759.000000000007 1.0000000180025095e-35 444.50000000000006 1.0000000180025095e-35 1.0000000180025095e-35 49899.000000000007 1.0000000180025095e-35 416.00000000000006 1.0000000180025095e-35 130.00000000000003 1.0000000180025095e-35 1.0000000180025095e-35 1.0000000180025095e-35 1.0000000180025095e-35 1.0000000180025095e-35 1.0000000180025095e-35 2726.0000000000005 49873.500000000007 11006.000000000002 49439.000000000007 416.00000000000006 443.50000000000006 55029.000000000007 59706.500000000007
decision_type=9 9 2 2 2 8 8 2 10 2 2 8 2 8 2 10 10 2 2 2 2 2 10 10 10 10 10 8 10 10
left_child=4 5 3 10 -1 15 7 24 11 -10 16 12 22 14 -13 -2 -3 18 19 20 21 28 23 -8 25 -7 -27 -28 -15 -21
right_child=1 2 -4 -5 -6 6 8 -9 9 -11 -12 13 -14 17 -16 -17 -18 -19 -20 29 -22 -23 -24 -25 -26 26 27 -29 -30 -31
leaf_value=-0.050454810328826628 -0.028004191991865258 -0.049027279707693057 0.05393073588859592 0.053930731386393142 0.053930731386393142 -0.050454543851119728 -0.058296373935015945 0.054718408722240958 -0.050454546332906261 0.053930731386393142 0.053930731386393142 -0.050454543557881586 0.055329065656765458 -0.050455411586210801 0.053930731386393142 -0.050454544221712139 -0.050454546246278237 0.053930731386393142 0.053930731386393142 0.053930609815702163 0.053930731386393142 0.053930731386393142 -0.066985693997470133 -0.056890872029913754 -0.051280243577290156 -0.050454156879079753 -0.051442514584703183 -0.050452156020389827 -0.050660988093655351 0.053944181553212456
leaf_weight=3641.6452452130616 18.791516896337274 297.86688851751387 13648.847093164921 1801.6964417695999 565.88412463665009 5.5709804417565429 2.144702060148119 3.3679233789443961 5.8566902093589315 12.716497182846069 1.7340677976608265 8.9278537780046445 26.231001496315002 20.187672685831792 72.252824902534485 2.3926613181829444 4815.1699536358938 37774.354881644249 10806.132492423058 1787.1963185667992 19.074745774269104 6.9362711906433097 2.8236153246834874 1.0794192468747499 0.56810681987553913 1.7305421587079766 0.5168351586908102 0.3019801303744315 1.0633807266131032 123.96720993518829
leaf_count=407668 1259 32746 23613 3117 979 624 55 5 656 22 3 1000 36 2257 125 268 539343 65351 18695 3092 33 12 29 11 34 194 19 34 83 214
internal_value=0.0417342 0.0463415 0.0279851 -0.0231752 -0.0363293 0.0537797 0.0538256 -0.0211558 0.0538434 0.0210149 -0.050336 0.0538554 0.0333271 0.0538685 0.0424509 -0.0305399 -0.0503714 0.0538869 0.053757 0.0527987 0.00698962 -0.0247761 -0.0621025 -0.0578258 -0.0505671 -0.0505173 -0.0506543 -0.0510773 -0.0504657 0.0539315
internal_weight=75477 71269.5 20565.3 6916.47 4207.53 50704.2 50683 12.0564 50670.9 18.5732 5114.77 50652.4 32.2787 50620.1 81.1807 21.1842 5113.04 50538.9 12764.6 1958.43 47.2621 28.1873 6.04774 3.22412 8.68844 8.12034 2.54936 0.818815 21.2511 1911.16
internal_count=1101577 692930 598822 575209 408647 94108 92581 910 91671 678 572092 90993 131 90862 1125 1527 572089 89737 24386 5691 2385 2352 95 66 905 871 247 53 2340 3306
cat_boundaries=0 1 2
cat_threshold=132 9
is_linear=0
shrinkage=0.05


Tree=50
num_leaves=31
num_cat=2
split_feature=2 1 15 19 15 13 3 15 4 15 39 3 15 4 15 3 13 28 23 15 22 25 13 3 13 3 4 4 3 3
split_gain=10301.8 3665.79 10342.6 5502.7 2028.37 57.371 25.6749 10.2172 7.57167 16.5764 7.17019 5.21232 25.6079 4.00542 32.8256 0.431295 0.239898 0.108734 0.802731 38.4484 26.7265 21.6536 0.0419507 0.000494236 0.000106331 2.39842e-05 7.41329e-05 6.41711e-05 1.46748e-05 7.29023e-06
threshold=0 1 1.0000000180025095e-35 1.0000000180025095e-35 1.0000000180025095e-35 6.0000000000000009 49759.000000000007 1.0000000180025095e-35 444.50000000000006 1.0000000180025095e-35 1.0000000180025095e-35 49899.000000000007 1.0000000180025095e-35 416.00000000000006 1.0000000180025095e-35 130.00000000000003 1.0000000180025095e-35 1.0000000180025095e-35 1.0000000180025095e-35 1.0000000180025095e-35 1.0000000180025095e-35 1.0000000180025095e-35 2726.0000000000005 49873.500000000007 11006.000000000002 49439.000000000007 416.00000000000006 443.50000000000006 55029.000000000007 59706.500000000007
decision_type=9 9 2 2 2 8 8 2 10 2 2 8 2 8 2 10 10 2 2 2 2 2 10 10 10 10 8 8 10 10
left_child=4 5 3 10 -1 15 7 24 11 -10 16 12 22 14 -13 -2 -3 18 19 20 21 28 23 -8 25 -7 -27 -28 -15 -21
right_child=1 2 -4 -5 -6 6 8 -9 9 -11 -12 13 -14 17 -16 -17 -18 -19 -20 29 -22 -23 -24 -25 -26 26 27 -29 -30 -31
leaf_value=-0.050432431321569694 -0.027356145361907759 -0.048934294808124751 0.053724364823248841 0.053724364658247648 0.053724364658247648 -0.050432178455089516 -0.057850798580083476 0.054467193034476571 -0.05043218120819435 0.053724364658247641 0.053724364658247648 -0.050432178143422948 0.055043610511289968 -0.050433006730269347 0.053724364658247648 -0.050432184287550079 -0.050432181018197644 0.053724364658247648 0.053724364658247648 0.053724242092185251 0.053724364658247648 0.053724364658247648 -0.065910457544641171 -0.056510402120568896 -0.051216830644621458 -0.050431811407112614 -0.051370192232658256 -0.050429914172431138 -0.050628342286657461 0.053737074064572836
leaf_weight=3465.538282988593 18.287787253037099 283.86475103907287 13031.796363472939 1720.2434080839157 540.30102550983429 5.3015713067725283 2.0554187241941717 3.2180700898170462 5.5734643042087564 12.141596078872681 1.6556721925735463 8.4961084648966771 25.07782381772995 19.211424809880562 68.98634135723114 2.2769535742700091 4582.3113173982129 36066.611152291298 10317.597213387489 1706.3988416194916 18.212394118309021 6.6226887702941886 2.7286039218306541 1.0335131753236058 0.54105212679132808 1.6468535866588352 0.49230349250137806 0.28737589716911349 1.0121548566967238 118.36424052715302
leaf_count=407668 1259 32746 23613 3117 979 624 55 5 656 22 3 1000 36 2257 125 268 539343 65351 18695 3092 33 12 29 11 34 194 19 34 83 214
internal_value=0.0415896 0.046174 0.0278986 -0.0231447 -0.0362933 0.0535731 0.0536197 -0.0211224 0.0536374 0.0209549 -0.0503094 0.0536494 0.0331188 0.0536625 0.0423034 -0.0299112 -0.0503448 0.0536807 0.0535516 0.0525984 0.00697125 -0.0247459 -0.0613929 -0.0574023 -0.0505392 -0.0504918 -0.050622 -0.0510236 -0.0504428 0.0537251
internal_weight=72037.9 68032 19619.9 6588.08 4005.84 48412.2 48391.6 11.4872 48380.1 17.7151 4867.83 48362.4 30.8954 48331.5 77.4824 20.5647 4866.18 48254 12187.4 1869.82 45.0587 26.8463 5.81754 3.08893 8.26916 7.7281 2.42653 0.779679 20.2236 1824.76
internal_count=1101577 692930 598822 575209 408647 94108 92581 910 91671 678 572092 90993 131 90862 1125 1527 572089 89737 24386 5691 2385 2352 95 66 905 871 247 53 2340 3306
cat_boundaries=0 1 2
cat_threshold=132 9
is_linear=0
shrinkage=0.05


Tree=51
num_leaves=31
num_cat=2
split_feature=2 1 15 19 15 13 3 15 4 15 39 3 15 4 15 3 13 28 23 15 22 25 13 3 13 3 4 4 3 3
split_gain=9763.62 3465.98 9800.99 5226.49 1927.45 54.6268 24.313 9.70123 7.1601 15.7246 6.81571 4.98796 24.1991 3.78529 31.1187 0.434182 0.251774 0.102729 0.758426 36.3752 25.344 20.5689 0.034905 0.000429976 9.14483e-05 2.06084e-05 6.36717e-05 5.50761e-05 1.26122e-05 6.22533e-06
threshold=0 1 1.0000000180025095e-35 1.0000000180025095e-35 1.0000000180025095e-35 6.0000000000000009 49759.000000000007 1.0000000180025095e-35 444.50000000000006 1.0000000180025095e-35 1.0000000180025095e-35 49899.000000000007 1.0000000180025095e-35 416.00000000000006 1.0000000180025095e-35 130.00000000000003 1.0000000180025095e-35 1.0000000180025095e-35 1.0000000180025095e-35 1.0000000180025095e-35 1.0000000180025095e-35 1.0000000180025095e-35 2726.0000000000005 49873.500000000007 11006.000000000002 49439.000000000007 416.00000000000006 443.50000000000006 55029.000000000007 59706.500000000007
decision_type=9 9 2 2 2 8 8 2 10 2 2 8 2 8 2 10 10 2 2 2 2 2 10 8 10 10 10 8 10 10
left_child=4 5 3 10 -1 15 7 24 11 -10 16 12 22 14 -13 -2 -3 18 19 20 21 28 23 -8 25 -7 -27 -28 -15 -21
right_child=1 2 -4 -5 -6 6 8 -9 9 -11 -12 13 -14 17 -16 -17 -18 -19 -20 29 -22 -23 -24 -25 -26 26 27 -29 -30 -31
leaf_value=-0.050411159116927444 -0.026706465179368873 -0.048838987663394923 0.05352955157730304 0.05352955138882777 0.05352955138882777 -0.05041092470366533 -0.057430962821944966 0.054230411257956572 -0.050410927885779326 0.053529551388827756 0.05352955138882777 -0.050410924520560223 0.054774747020179607 -0.050411705822031118 0.05352955138882777 -0.050410925135910493 -0.050410924246154488 0.05352955138882777 0.05352955138882777 0.053529441628925173 0.05352955138882777 0.05352955138882777 -0.064917243150567169 -0.056153239823911107 -0.051156603501266606 -0.050410568529706296 -0.05130159039307506 -0.050408767717353115 -0.050597324224441131 0.053541578033522212
leaf_weight=3297.8778422251344 17.808366186916832 270.53428624011576 12440.200978577137 1642.1507161259651 515.77335613965988 5.0450833560898882 1.9691054970026014 3.0741502642631531 5.3038222081959256 11.590412497520447 1.5805107951164235 8.0850701779127103 23.968892335891724 18.281998914666481 65.854616463184357 2.166795562952756 4360.6209238320589 34429.320323884487 9849.2164382338524 1628.9344879984856 17.38561874628067 6.3220431804656974 2.6342259705998003 0.98920268658548893 0.51525533199310292 1.5671789944171908 0.46890398487448692 0.27347218804061402 0.96336681023239989 112.99226039648056
leaf_count=407668 1259 32746 23613 3117 979 624 55 5 656 22 3 1000 36 2257 125 268 539343 65351 18695 3092 33 12 29 11 34 194 19 34 83 214
internal_value=0.0414529 0.0460157 0.0278167 -0.0231155 -0.0362587 0.053378 0.0534253 -0.0210906 0.0534429 0.0208982 -0.0502837 0.0534548 0.0329229 0.053468 0.042164 -0.0292778 -0.0503191 0.0534861 0.0533577 0.0524094 0.00695387 -0.0247172 -0.0607312 -0.0570037 -0.0505127 -0.0504676 -0.0505913 -0.0509727 -0.050421 0.0535302
internal_weight=68743.5 64929.8 18715.1 6274.89 3813.65 46214.7 46194.8 10.944 46183.8 16.8942 4632.74 46166.9 29.5614 46137.4 73.9397 19.9752 4631.16 46063.4 11634.1 1784.88 42.953 25.5674 5.59253 2.95831 7.86989 7.35464 2.30956 0.742376 19.2454 1741.93
internal_count=1101577 692930 598822 575209 408647 94108 92581 910 91671 678 572092 90993 131 90862 1125 1527 572089 89737 24386 5691 2385 2352 95 66 905 871 247 53 2340 3306
cat_boundaries=0 1 2
cat_threshold=132 9
is_linear=0
shrinkage=0.05


Tree=52
num_leaves=31
num_cat=2
split_feature=2 1 15 19 15 13 3 15 4 15 39 3 15 4 15 3 13 28 23 15 22 25 13 3 13 3 4 4 3 3
split_gain=9255.27 3278.05 9289.61 4964.51 1831.66 52.0431 23.0289 9.21221 6.77301 14.9187 6.47895 4.77143 22.8764 3.5785 29.5059 0.436542 0.264226 0.0970924 0.716834 34.4237 24.037 19.54 0.0290976 0.000373643 7.86516e-05 1.77104e-05 5.46904e-05 4.72763e-05 1.08398e-05 5.31726e-06
threshold=0 1 1.0000000180025095e-35 1.0000000180025095e-35 1.0000000180025095e-35 6.0000000000000009 49759.000000000007 1.0000000180025095e-35 444.50000000000006 1.0000000180025095e-35 1.0000000180025095e-35 49899.000000000007 1.0000000180025095e-35 416.00000000000006 1.0000000180025095e-35 130.00000000000003 1.0000000180025095e-35 1.0000000180025095e-35 1.0000000180025095e-35 1.0000000180025095e-35 1.0000000180025095e-35 1.0000000180025095e-35 2726.0000000000005 49873.500000000007 11006.000000000002 49439.000000000007 416.00000000000006 443.50000000000006 55029.000000000007 59706.500000000007
decision_type=9 9 2 2 2 8 8 2 10 2 2 8 2 8 2 10 10 2 2 2 2 2 10 8 10 10 8 8 10 10
left_child=4 5 3 10 -1 15 7 24 11 -10 16 12 22 14 -13 -2 -3 18 19 20 21 28 23 -8 25 -7 -27 -28 -15 -21
right_child=1 2 -4 -5 -6 6 8 -9 9 -11 -12 13 -14 17 -16 -17 -18 -19 -20 29 -22 -23 -24 -25 -26 26 27 -29 -30 -31
leaf_value=-0.050390947077870223 -0.026055887432589298 -0.048741156310446412 0.053345585285060351 0.05334558512800374 0.05334558512800374 -0.050390724960272984 -0.057035216093505897 0.054007127044050834 -0.05039072455351809 0.053345585128003727 0.05334558512800374 -0.050390722122948553 0.054521375919751786 -0.050391467767842368 0.05334558512800374 -0.050390722714156226 -0.050390723021899897 0.05334558512800374 0.05334558512800374 0.053345480697329577 0.05334558512800374 0.05334558512800374 -0.063998198818881927 -0.05581772225858711 -0.051099399868022102 -0.050390388623266093 -0.051236505305230932 -0.050388672245999314 -0.050567856723550964 0.053356961685663562
leaf_weight=3138.2650908334181 17.352105986326936 257.84382959175855 11873.26261985302 1567.3128384947777 492.26797205209732 4.8009069832041842 1.8857384547591207 2.9360061287879944 5.0471234652213761 11.062201619148254 1.5084820389747609 7.6937619596719733 22.9031902551651 17.397183421533562 62.853418290615082 2.0619250852614632 4149.571814072784 32860.26990967989 9400.3572395443916 1554.6987556219101 16.593302428722382 6.033928155899047 2.5408196016214788 0.94647152302787008 0.49066088534891594 1.4913287414237855 0.44658755697309971 0.26023590704426203 0.91690340265631576 107.84405136108398
leaf_count=407668 1259 32746 23613 3117 979 624 55 5 656 22 3 1000 36 2257 125 268 539343 65351 18695 3092 33 12 29 11 34 194 19 34 83 214
internal_value=0.0413236 0.0458662 0.0277392 -0.0230877 -0.0362254 0.0531936 0.0532417 -0.0210606 0.0532593 0.0208445 -0.0502588 0.0532712 0.0327385 0.0532843 0.0420323 -0.0286404 -0.0502942 0.0533024 0.0531746 0.0522308 0.00693743 -0.02469 -0.0601134 -0.0566284 -0.0504874 -0.0504445 -0.0505621 -0.0509244 -0.0504003 0.0533462
internal_weight=65588.9 61958.4 17849.5 5976.24 3630.53 44108.9 44089.5 10.4257 44079 16.1093 4408.92 44062.9 28.2762 44034.7 70.5472 19.414 4407.42 43964.1 11103.8 1703.48 40.9413 24.348 5.37303 2.83221 7.48972 6.99906 2.19815 0.706823 18.3141 1662.54
internal_count=1101577 692930 598822 575209 408647 94108 92581 910 91671 678 572092 90993 131 90862 1125 1527 572089 89737 24386 5691 2385 2352 95 66 905 871 247 53 2340 3306
cat_boundaries=0 1 2
cat_threshold=132 9
is_linear=0
shrinkage=0.05


Tree=53
num_leaves=31
num_cat=2
split_feature=2 1 15 19 15 13 3 15 4 15 39 3 15 4 15 3 13 28 23 15 22 25 13 3 13 3 4 4 3 3
split_gain=8774.92 3101.19 8806.57 4715.99 1740.72 49.6098 21.8175 8.74865 6.40873 14.156 6.15901 4.56269 21.6334 3.3841 27.9815 0.438364 0.277275 0.0917961 0.677751 32.5856 22.8008 18.5638 0.0242994 0.000324373 6.76489e-05 1.52217e-05 4.69815e-05 4.05867e-05 9.31716e-06 4.54418e-06
threshold=0 1 1.0000000180025095e-35 1.0000000180025095e-35 1.0000000180025095e-35 6.0000000000000009 49759.000000000007 1.0000000180025095e-35 444.50000000000006 1.0000000180025095e-35 1.0000000180025095e-35 49899.000000000007 1.0000000180025095e-35 416.00000000000006 1.0000000180025095e-35 130.00000000000003 1.0000000180025095e-35 1.0000000180025095e-35 1.0000000180025095e-35 1.0000000180025095e-35 1.0000000180025095e-35 1.0000000180025095e-35 2726.0000000000005 49873.500000000007 11006.000000000002 49439.000000000007 416.00000000000006 443.50000000000006 55029.000000000007 59706.500000000007
decision_type=9 9 2 2 2 8 8 2 10 2 2 8 2 8 2 10 10 2 2 2 2 2 10 8 10 10 10 8 10 10
left_child=4 5 3 10 -1 15 7 24 11 -10 16 12 22 14 -13 -2 -3 18 19 20 21 28 23 -8 25 -7 -27 -28 -15 -21
right_child=1 2 -4 -5 -6 6 8 -9 9 -11 -12 13 -14 17 -16 -17 -18 -19 -20 29 -22 -23 -24 -25 -26 26 27 -29 -30 -31
leaf_value=-0.05037173411591777 -0.025405164945157724 -0.048640596591072158 0.053171790066782312 0.053171789917453388 0.053171789917453388 -0.050371521391071289 -0.056662034826588506 0.053796476892643601 -0.05037152410650314 0.053171789917453374 0.053171789917453388 -0.050371523982956912 0.05428248376304623 -0.050372230133943069 0.053171789917453388 -0.050371521346250406 -0.050371521498237606 0.053171789917453388 0.053171789917453388 0.053171691307220631 0.053171789917453388 0.053171789917453388 -0.063146409069063186 -0.055502309870273672 -0.051045063044218401 -0.050371205479004325 -0.051174753373777748 -0.050369572919059608 -0.050539857535438132 0.053182556252495017
leaf_weight=2986.3199904095381 16.917908482253555 245.76308941608295 11330.179741293192 1495.6239691078663 469.75164124369621 4.5684609836898726 1.8052846314385531 2.8034747838973999 4.8027562112547431 10.556216657161713 1.4394840896129597 7.3212520219385615 21.879641830921173 16.554873554967351 59.978503733873367 1.9620926715433586 3948.6615806915797 31357.241580098867 8970.3850184381008 1483.5865969061852 15.834324985742567 5.7579363584518424 2.4486735924147069 0.9052982977591485 0.46721536852419365 1.4191224714741113 0.4253069031983614 0.24763554986566294 0.87265647947788139 102.91234350204468
leaf_count=407668 1259 32746 23613 3117 979 624 55 5 656 22 3 1000 36 2257 125 268 539343 65351 18695 3092 33 12 29 11 34 194 19 34 83 214
internal_value=0.0412014 0.0457247 0.0276657 -0.0230612 -0.0361933 0.0530194 0.0530683 -0.021032 0.0530858 0.0207938 -0.0502346 0.0530976 0.0325649 0.0531108 0.0419078 -0.0279998 -0.0502701 0.0531288 0.0530016 0.0520622 0.00692186 -0.0246642 -0.0595361 -0.0562747 -0.0504635 -0.0504227 -0.0505344 -0.0508785 -0.0503806 0.0531724
internal_weight=62569.4 59113.3 17021.7 5691.49 3456.07 42091.7 42072.8 9.93122 42062.8 15.359 4195.86 42047.5 27.0389 42020.4 67.2998 18.88 4194.42 41953.1 10595.9 1625.52 39.0198 23.1855 5.15926 2.71058 7.12774 6.66053 2.09206 0.672942 17.4275 1586.5
internal_count=1101577 692930 598822 575209 408647 94108 92581 910 91671 678 572092 90993 131 90862 1125 1527 572089 89737 24386 5691 2385 2352 95 66 905 871 247 53 2340 3306
cat_boundaries=0 1 2
cat_threshold=132 9
is_linear=0
shrinkage=0.05


Tree=54
num_leaves=31
num_cat=2
split_feature=2 1 15 19 15 13 3 15 4 15 39 3 15 4 15 3 13 28 23 15 22 25 13 3 13 3 4 13 3 3
split_gain=8320.86 2934.66 8350.12 4480.2 1654.37 47.3175 20.6742 8.30915 6.06573 13.4341 5.85502 4.36165 20.4647 3.20126 26.5402 0.439637 0.290952 0.0868165 0.641003 30.8537 21.6314 17.6376 0.0203262 0.000281354 5.81864e-05 1.3083e-05 4.03636e-05 2.17687e-05 8.0092e-06 3.88478e-06
threshold=0 1 1.0000000180025095e-35 1.0000000180025095e-35 1.0000000180025095e-35 6.0000000000000009 49759.000000000007 1.0000000180025095e-35 444.50000000000006 1.0000000180025095e-35 1.0000000180025095e-35 49899.000000000007 1.0000000180025095e-35 416.00000000000006 1.0000000180025095e-35 130.00000000000003 1.0000000180025095e-35 1.0000000180025095e-35 1.0000000180025095e-35 1.0000000180025095e-35 1.0000000180025095e-35 1.0000000180025095e-35 2726.0000000000005 49873.500000000007 11006.000000000002 49439.000000000007 416.00000000000006 1302.0000000000002 55029.000000000007 59706.500000000007
decision_type=9 9 2 2 2 8 8 2 10 2 2 8 2 8 2 10 10 2 2 2 2 2 10 8 10 10 10 10 10 10
left_child=4 5 3 10 -1 15 7 24 11 -10 16 12 22 14 -13 -2 -3 18 19 20 21 28 23 -8 25 -7 -27 -28 -15 -21
right_child=1 2 -4 -5 -6 6 8 -9 9 -11 -12 13 -14 17 -16 -17 -18 -19 -20 29 -22 -23 -24 -25 -26 26 27 -29 -30 -31
leaf_value=-0.050353475803713035 -0.024755060663612848 -0.04853707856170391 0.053007544134006671 0.053007543979749751 0.053007543979749751 -0.050353270808234332 -0.056310002281786536 0.053597651732125585 -0.050353275548121357 0.053007543979749744 0.053007543979749751 -0.050353270610621698 0.054057137157046631 -0.050353943488997757 0.053007543979749751 -0.050353271130111357 -0.050353271125207016 0.053007543979749751 0.053007543979749751 0.053007452127532967 0.053007543979749751 0.053007543979749751 -0.062355754651284873 -0.055205617633595418 -0.050993441778669671 -0.050352969436087608 -0.050469168951096266 -0.051067156789189105 -0.050513254387819499 0.053017736632573642
leaf_weight=2841.6795877180994 16.504730913788084 234.26325248135254 10810.150803267956 1426.9783018827438 448.19113171100616 4.3471898711286467 1.7277037575840948 2.6763899922370911 4.5701370518654558 10.071710824966431 1.3734151124954213 6.9666509516537181 20.89712530374527 15.753057586960498 57.225629687309265 1.8670597095042456 3757.4101400845684 29918.017005562782 8558.6651760339737 1415.4933144450188 15.107566237449644 5.4936604499816886 2.3580326256342232 0.86565729929134549 0.44486754061654199 1.3503875685855744 0.24885446624830354 0.39180307742208242 0.83052269183099348 98.189884066581726
leaf_count=407668 1259 32746 23613 3117 979 624 55 5 656 22 3 1000 36 2257 125 268 539343 65351 18695 3092 33 12 29 11 34 194 32 21 83 214
internal_value=0.0410858 0.0455909 0.027596 -0.0230359 -0.0361623 0.0528546 0.0529044 -0.0210049 0.0529219 0.0207457 -0.0502112 0.0529336 0.0324013 0.0529468 0.04179 -0.0273565 -0.0502467 0.0529647 0.0528381 0.0519028 0.00690711 -0.0246397 -0.0589961 -0.0559414 -0.0504407 -0.0504019 -0.050508 -0.0508349 -0.0503619 0.0530081
internal_weight=59680.1 56390.2 16230.2 5420.03 3289.87 40160.1 40141.7 9.45949 40132.2 14.6418 3993.05 40117.6 25.8485 40091.7 64.1923 18.3718 3991.67 40027.6 10109.5 1550.87 37.1848 22.0772 4.95139 2.59336 6.7831 6.33823 1.99105 0.640658 16.5836 1513.68
internal_count=1101577 692930 598822 575209 408647 94108 92581 910 91671 678 572092 90993 131 90862 1125 1527 572089 89737 24386 5691 2385 2352 95 66 905 871 247 53 2340 3306
cat_boundaries=0 1 2
cat_threshold=132 9
is_linear=0
shrinkage=0.05


Tree=55
num_leaves=31
num_cat=2
split_feature=2 1 15 19 15 13 3 15 4 15 39 3 15 4 15 3 13 28 23 15 22 25 13 3 13 3 4 13 3 3
split_gain=7891.51 2777.76 7918.67 4256.46 1572.39 45.1575 19.5948 7.89239 5.74259 12.7506 5.56616 4.16821 19.365 3.02917 25.1769 0.440356 0.30528 0.0821327 0.606435 29.2208 20.5248 16.7587 0.0170293 0.000243855 5.00476e-05 1.12506e-05 3.46948e-05 1.86879e-05 6.88534e-06 3.32582e-06
threshold=0 1 1.0000000180025095e-35 1.0000000180025095e-35 1.0000000180025095e-35 6.0000000000000009 49759.000000000007 1.0000000180025095e-35 444.50000000000006 1.0000000180025095e-35 1.0000000180025095e-35 49899.000000000007 1.0000000180025095e-35 416.00000000000006 1.0000000180025095e-35 130.00000000000003 1.0000000180025095e-35 1.0000000180025095e-35 1.0000000180025095e-35 1.0000000180025095e-35 1.0000000180025095e-35 1.0000000180025095e-35 2726.0000000000005 49873.500000000007 11006.000000000002 49439.000000000007 416.00000000000006 1302.0000000000002 55029.000000000007 59706.500000000007
decision_type=9 9 2 2 2 8 8 2 10 2 2 8 2 8 2 10 10 2 2 2 2 2 10 8 10 10 10 10 10 10
left_child=4 5 3 10 -1 15 7 24 11 -10 16 12 22 14 -13 -2 -3 18 19 20 21 28 23 -8 25 -7 -27 -28 -15 -21
right_child=1 2 -4 -5 -6 6 8 -9 9 -11 -12 13 -14 17 -16 -17 -18 -19 -20 29 -22 -23 -24 -25 -26 26 27 -29 -30 -31
leaf_value=-0.05033611942029155 -0.02410634065826062 -0.048430396993839747 0.052852276248312104 0.052852273310419078 0.052852273310419078 -0.050335922042154327 -0.055977792752169048 0.053409919714261671 -0.050335925635064727 0.052852273310419064 0.052852273310419078 -0.050335921741540147 0.053844474664260178 -0.050336562784517647 0.052852273310419078 -0.050335922237073588 -0.050335923949190481 0.052852273310419078 0.052852273310419078 0.052852182741376666 0.052852273310419078 0.052852273310419078 -0.061620815222042082 -0.054926355263290344 -0.050944401667240527 -0.050335637764124946 -0.05044620541636783 -0.051014102784044439 -0.0504879770075293 0.052861925554039547
leaf_weight=2703.9978111525998 16.111574189737443 223.31674255803227 10312.379350572824 1361.2707738876343 427.55344486236572 4.1365641704760474 1.6529489886015651 2.5545832514762878 4.3487093532457921 9.6079425811767578 1.310173988342284 6.629109848290681 19.954484790563583 14.989815066102892 54.590582847595215 1.7765988186001767 3575.3597609889694 28540.393437385559 8164.5675706863403 1350.3145093619823 14.411913871765135 5.2406959533691397 2.2691014264710248 0.82751929713413419 0.42356816632673133 1.2849595658481119 0.23682272946462024 0.3730724174529314 0.79040318913757879 93.669451981782913
leaf_count=407668 1259 32746 23613 3117 979 624 55 5 656 22 3 1000 36 2257 125 268 539343 65351 18695 3092 33 12 29 11 34 194 32 21 83 214
internal_value=0.0409764 0.0454642 0.02753 -0.0230116 -0.0361323 0.0526987 0.0527495 -0.0209793 0.0527669 0.0207002 -0.0501884 0.0527786 0.0322471 0.0527918 0.0416786 -0.0267114 -0.0502239 0.0528096 0.0526835 0.0517521 0.00689314 -0.0246164 -0.0584905 -0.055627 -0.050419 -0.0503821 -0.050483 -0.0507936 -0.0503441 0.0528528
internal_weight=56916.3 53784.8 15473.6 5161.26 3131.55 38311.2 38293.3 9.00957 38284.3 13.9567 3799.99 38270.3 24.7041 38245.6 61.2197 17.8882 3798.68 38184.4 9643.98 1479.42 35.4328 21.0209 4.74957 2.48047 6.45499 6.03142 1.89485 0.609895 15.7802 1443.98
internal_count=1101577 692930 598822 575209 408647 94108 92581 910 91671 678 572092 90993 131 90862 1125 1527 572089 89737 24386 5691 2385 2352 95 66 905 871 247 53 2340 3306
cat_boundaries=0 1 2
cat_threshold=132 9
is_linear=0
shrinkage=0.05


Tree=56
num_leaves=31
num_cat=2
split_feature=2 1 15 19 15 13 3 15 4 15 39 3 15 4 15 3 13 28 23 15 22 25 13 3 13 3 4 13 3 3
split_gain=7485.4 2629.87 7510.7 4044.12 1494.53 43.1219 18.5752 7.49711 5.43801 12.1032 5.29167 3.98222 18.3296 2.86712 23.887 0.440517 0.32029 0.0777231 0.573891 27.6806 19.4774 15.9245 0.0142881 0.000211206 4.30489e-05 9.67488e-06 2.98247e-05 1.60452e-05 5.91939e-06 2.84408e-06
threshold=0 1 1.0000000180025095e-35 1.0000000180025095e-35 1.0000000180025095e-35 6.0000000000000009 49759.000000000007 1.0000000180025095e-35 444.50000000000006 1.0000000180025095e-35 1.0000000180025095e-35 49899.000000000007 1.0000000180025095e-35 416.00000000000006 1.0000000180025095e-35 130.00000000000003 1.0000000180025095e-35 1.0000000180025095e-35 1.0000000180025095e-35 1.0000000180025095e-35 1.0000000180025095e-35 1.0000000180025095e-35 2726.0000000000005 49873.500000000007 11006.000000000002 49439.000000000007 416.00000000000006 1302.0000000000002 55029.000000000007 59706.500000000007
decision_type=9 9 2 2 2 8 8 2 10 2 2 8 2 8 2 10 10 2 2 2 2 2 10 8 10 10 10 10 10 10
left_child=4 5 3 10 -1 15 7 24 11 -10 16 12 22 14 -13 -2 -3 18 19 20 21 28 23 -8 25 -7 -27 -28 -15 -21
right_child=1 2 -4 -5 -6 6 8 -9 9 -11 -12 13 -14 17 -16 -17 -18 -19 -20 29 -22 -23 -24 -25 -26 26 27 -29 -30 -31
leaf_value=-0.050319615842034586 -0.023459773614626769 -0.04832032013119604 0.052705439925725711 0.052705438815958683 0.052705438815958683 -0.050319432150483893 -0.055664181241796541 0.053232590942570913 -0.050319435753641145 0.052705438815958676 0.052705438815958683 -0.050319435266825766 0.053643696020030524 -0.050320039103415343 0.052705438815958683 -0.050319435738459053 -0.050319433470752684 0.052705438815958683 0.052705438815958683 0.052705354153632145 0.052705438815958683 0.052705438815958683 -0.0609367547445279 -0.054663363632860208 -0.050897811923031479 -0.050319160449422244 -0.050424371680941896 -0.050963735673511701 -0.050463952270001715 0.052714579280132491
leaf_weight=2572.944535263814 15.737486410886051 212.89732426637784 9836.076745569706 1298.3971582353115 407.80584469437599 3.9360785614699108 1.5809680148959158 2.4378849267959595 4.1379417739808533 9.1641762852668762 1.2496604025363911 6.3078184612095347 19.050540119409561 14.263317502569407 52.069183439016342 1.6904928516596545 3402.0738381645642 27222.185655385256 7787.4670751392841 1287.9467867910862 13.746264427900313 4.998641610145568 2.1820497685112059 0.790851975325498 0.4032700266689061 1.2226814553141592 0.22536783525720228 0.3552193446084857 0.75220365263521749 89.343898415565491
leaf_count=407668 1259 32746 23613 3117 979 624 55 5 656 22 3 1000 36 2257 125 268 539343 65351 18695 3092 33 12 29 11 34 194 32 21 83 214
internal_value=0.0408728 0.0453443 0.0274672 -0.0229884 -0.0361033 0.0525511 0.052603 -0.0209549 0.0526203 0.0206571 -0.0501661 0.0526319 0.0321016 0.0526452 0.0415733 -0.0260651 -0.0502017 0.052663 0.0525373 0.0516095 0.00687991 -0.0245943 -0.0580168 -0.0553305 -0.0503985 -0.0503634 -0.0504593 -0.0507544 -0.0503272 0.052706
internal_weight=54273.4 51292.7 14750.7 4914.62 2980.75 36542 36524.6 8.5805 36516 13.3021 3616.22 36502.7 23.6044 36479.1 58.377 17.428 3614.97 36420.7 9198.52 1411.05 33.7604 20.0142 4.55387 2.37182 6.14262 5.73935 1.80327 0.580587 15.0155 1377.29
internal_count=1101577 692930 598822 575209 408647 94108 92581 910 91671 678 572092 90993 131 90862 1125 1527 572089 89737 24386 5691 2385 2352 95 66 905 871 247 53 2340 3306
cat_boundaries=0 1 2
cat_threshold=132 9
is_linear=0
shrinkage=0.05


Tree=57
num_leaves=31
num_cat=2
split_feature=2 1 15 19 15 13 3 15 4 15 39 3 15 4 15 3 13 28 23 15 22 25 13 3 13 3 4 13 3 3
split_gain=7101.16 2490.41 7124.82 3842.57 1420.58 41.203 17.6118 7.12215 5.15078 11.49 5.03082 3.80353 17.3543 2.71444 22.6664 0.440119 0.336008 0.07357 0.543237 26.2273 18.4856 15.1326 0.0120048 0.000182817 3.70297e-05 8.32008e-06 2.56397e-05 1.37779e-05 5.08908e-06 2.43346e-06
threshold=0 1 1.0000000180025095e-35 1.0000000180025095e-35 1.0000000180025095e-35 6.0000000000000009 49759.000000000007 1.0000000180025095e-35 444.50000000000006 1.0000000180025095e-35 1.0000000180025095e-35 49899.000000000007 1.0000000180025095e-35 416.00000000000006 1.0000000180025095e-35 130.00000000000003 1.0000000180025095e-35 1.0000000180025095e-35 1.0000000180025095e-35 1.0000000180025095e-35 1.0000000180025095e-35 1.0000000180025095e-35 2726.0000000000005 49873.500000000007 11006.000000000002 49439.000000000007 416.00000000000006 1302.0000000000002 55029.000000000007 59706.500000000007
decision_type=9 9 2 2 2 8 8 2 10 2 2 8 2 8 2 10 10 2 2 2 2 2 10 8 10 10 10 10 10 10
left_child=4 5 3 10 -1 15 7 24 11 -10 16 12 22 14 -13 -2 -3 18 19 20 21 28 23 -8 25 -7 -27 -28 -15 -21
right_child=1 2 -4 -5 -6 6 8 -9 9 -11 -12 13 -14 17 -16 -17 -18 -19 -20 29 -22 -23 -24 -25 -26 26 27 -29 -30 -31
leaf_value=-0.050303929039357959 -0.022816119392516085 -0.048206633511144972 0.052566542652128102 0.052566538597555459 0.052566538597555459 -0.05030375811194171 -0.055368025767697698 0.053065024581553301 -0.050303756268599835 0.052566538597555446 0.052566538597555459 -0.050303757996612367 0.05345406179754561 -0.050304333387636659 0.052566538597555459 -0.050303758444383118 -0.050303757968841761 0.052566538597555459 0.052566538597555459 0.052566461423010614 0.052566538597555459 0.052566538597555459 -0.060299270983476864 -0.054415558067294471 -0.050853543319364362 -0.05030349726285871 -0.050403608646677492 -0.050915913384099953 -0.050441120482224634 0.052575199396905872
leaf_weight=2448.2044965662062 15.381559303030373 202.97990710427985 9380.4637263715267 1238.2546214461327 388.91603285074234 3.7452510427683574 1.5117037575691936 2.3261255323886871 3.9373278385028216 8.739686131477356 1.1917753815650929 6.0020051896572104 18.184097051620483 13.571816598530859 49.65730756521225 1.6085350196808565 3237.1358140856028 25961.237653553486 7426.7469194531441 1228.2882280647755 13.109529197216032 4.7671015262603751 2.0970157273113728 0.75562089076265992 0.38392782025039185 1.163403616286814 0.21446259925141919 0.3382044592872262 0.7158339489251383 85.206158131361008
leaf_count=407668 1259 32746 23613 3117 979 624 55 5 656 22 3 1000 36 2257 125 268 539343 65351 18695 3092 33 12 29 11 34 194 32 21 83 214
internal_value=0.0407747 0.0452307 0.0274077 -0.0229662 -0.0360752 0.0524114 0.0524644 -0.0209318 0.0524816 0.0206163 -0.0501444 0.0524933 0.0319644 0.0525066 0.0414736 -0.0254185 -0.05018 0.0525242 0.0523991 0.0514747 0.00686737 -0.0245733 -0.0575725 -0.0550506 -0.0503789 -0.0503455 -0.0504367 -0.0507171 -0.0503112 0.052567
internal_weight=51746.8 48909.7 14060 4679.56 2837.12 34849.7 34832.7 8.17138 34824.5 12.677 3441.31 34811.9 22.5484 34789.3 55.6593 16.9901 3440.12 34733.6 8772.41 1345.66 32.1643 19.0548 4.36434 2.26732 5.84525 5.46132 1.71607 0.552667 14.2877 1313.49
internal_count=1101577 692930 598822 575209 408647 94108 92581 910 91671 678 572092 90993 131 90862 1125 1527 572089 89737 24386 5691 2385 2352 95 66 905 871 247 53 2340 3306
cat_boundaries=0 1 2
cat_threshold=132 9
is_linear=0
shrinkage=0.05


Tree=58
num_leaves=31
num_cat=2
split_feature=2 1 15 19 15 13 3 15 4 15 39 3 15 4 15 3 13 28 23 15 22 25 13 3 13 3 4 13 3 3
split_gain=6737.51 2358.83 6759.72 3651.25 1350.35 39.3938 16.7012 6.76641 4.87981 10.909 4.78291 3.63197 16.4351 2.57053 21.5108 0.439164 0.352464 0.0696571 0.514356 24.8553 17.5464 14.3809 0.0100995 0.000158162 3.18534e-05 7.15573e-06 2.2043e-05 1.18324e-05 4.37575e-06 2.08337e-06
threshold=0 1 1.0000000180025095e-35 1.0000000180025095e-35 1.0000000180025095e-35 6.0000000000000009 49759.000000000007 1.0000000180025095e-35 444.50000000000006 1.0000000180025095e-35 1.0000000180025095e-35 49899.000000000007 1.0000000180025095e-35 416.00000000000006 1.0000000180025095e-35 130.00000000000003 1.0000000180025095e-35 1.0000000180025095e-35 1.0000000180025095e-35 1.0000000180025095e-35 1.0000000180025095e-35 1.0000000180025095e-35 2726.0000000000005 49873.500000000007 11006.000000000002 49439.000000000007 416.00000000000006 1302.0000000000002 55029.000000000007 59706.500000000007
decision_type=9 9 2 2 2 8 8 2 10 2 2 8 2 8 2 10 10 2 2 2 2 2 10 10 10 10 10 10 10 10
left_child=4 5 3 10 -1 15 7 24 11 -10 16 12 22 14 -13 -2 -3 18 19 20 21 28 23 -8 25 -7 -27 -28 -15 -21
right_child=1 2 -4 -5 -6 6 8 -9 9 -11 -12 13 -14 17 -16 -17 -18 -19 -20 29 -22 -23 -24 -25 -26 26 27 -29 -30 -31
leaf_value=-0.050289019752688804 -0.022176132297159652 -0.048089100722535583 0.052435110770885064 0.052435109585182826 0.052435109585182826 -0.050288854552894037 -0.055088262728947485 0.052906632053863804 -0.050288857617866937 0.052435109585182819 0.052435109585182826 -0.050288854428881091 0.053274886931222391 -0.050289403455410935 0.052435109585182826 -0.05028885485283166 -0.050288856160734974 0.052435109585182826 0.052435109585182826 0.05243503457087384 0.052435109585182819 0.052435109585182826 -0.059704499116428847 -0.054181935868232736 -0.050811481227368255 -0.050288609022200441 -0.050383863608755325 -0.050870501355265364 -0.050419426115685777 0.052443314130366452
leaf_weight=2329.4772250158712 15.042929396033289 193.54062049277127 8944.7737906575203 1180.7420021295547 370.85223615169525 3.5636221747845411 1.4450950259342819 2.2191360592842102 3.7463837987743291 8.3337581157684326 1.1364215612411488 5.7109333574771872 17.353951841592789 12.913647337350994 47.350898385047913 1.5305278934538353 3080.1482494608499 24755.428482890129 7081.8003624677658 1171.2383930981159 12.500637173652651 4.5456862449645987 2.0141096352599561 0.72178961057215918 0.36549813812598575 1.1069831335917113 0.20408106129616488 0.32198996935039759 0.68120794277638275 81.24928218126297
leaf_count=407668 1259 32746 23613 3117 979 624 55 5 656 22 3 1000 36 2257 125 268 539343 65351 18695 3092 33 12 29 11 34 194 32 21 83 214
internal_value=0.0406818 0.0451231 0.0273511 -0.0229449 -0.0360478 0.0522791 0.0523333 -0.0209098 0.0523505 0.0205776 -0.0501232 0.052362 0.0318349 0.0523753 0.0413791 -0.0247723 -0.0501588 0.052393 0.0522682 0.0513471 0.00685548 -0.0245534 -0.0571556 -0.0547864 -0.0503603 -0.0503286 -0.0504152 -0.0506817 -0.0502959 0.0524356
internal_weight=49332.1 46631.7 13400.3 4455.57 2700.33 33231.4 33214.8 7.78131 33207 12.0801 3274.83 33195 21.5349 33173.4 53.0618 16.5735 3273.69 33120.4 8364.93 1283.13 30.6412 18.1405 4.18099 2.16688 5.56217 5.19668 1.63305 0.526071 13.5949 1252.49
internal_count=1101577 692930 598822 575209 408647 94108 92581 910 91671 678 572092 90993 131 90862 1125 1527 572089 89737 24386 5691 2385 2352 95 66 905 871 247 53 2340 3306
cat_boundaries=0 1 2
cat_threshold=132 9
is_linear=0
shrinkage=0.05


Tree=59
num_leaves=31
num_cat=2
split_feature=2 1 15 19 15 13 3 15 4 15 39 3 15 4 15 3 13 28 23 15 22 25 13 3 13 3 4 13 3 3
split_gain=6393.26 2234.64 6414.19 3469.62 1283.64 37.6878 15.8402 6.42886 4.62406 10.3584 4.54729 3.46736 15.5682 2.43481 20.4166 0.437656 0.36969 0.0659676 0.487122 23.5596 16.6568 13.6672 0.00850703 0.000136764 2.74011e-05 6.15413e-06 1.89525e-05 1.01626e-05 3.76234e-06 1.78188e-06
threshold=0 1 1.0000000180025095e-35 1.0000000180025095e-35 1.0000000180025095e-35 6.0000000000000009 49759.000000000007 1.0000000180025095e-35 444.50000000000006 1.0000000180025095e-35 1.0000000180025095e-35 49899.000000000007 1.0000000180025095e-35 416.00000000000006 1.0000000180025095e-35 130.00000000000003 1.0000000180025095e-35 1.0000000180025095e-35 1.0000000180025095e-35 1.0000000180025095e-35 1.0000000180025095e-35 1.0000000180025095e-35 2726.0000000000005 49873.500000000007 11006.000000000002 49439.000000000007 416.00000000000006 1302.0000000000002 55029.000000000007 59706.500000000007
decision_type=9 9 2 2 2 8 8 2 10 2 2 8 2 8 2 10 10 2 2 2 2 2 10 10 10 10 8 10 10 10
left_child=4 5 3 10 -1 15 7 24 11 -10 16 12 22 14 -13 -2 -3 18 19 20 21 28 23 -8 25 -7 -27 -28 -15 -21
right_child=1 2 -4 -5 -6 6 8 -9 9 -11 -12 13 -14 17 -16 -17 -18 -19 -20 29 -22 -23 -24 -25 -26 26 27 -29 -30 -31
leaf_value=-0.050274844945125297 -0.021540551092939245 -0.04796748802672629 0.052310715585679173 0.052310715460691215 0.052310715460691215 -0.050274688797500612 -0.054823896904447257 0.052756859001331625 -0.05027468952923151 0.052310715460691208 0.052310715460691215 -0.050274688665754699 0.053105536653461849 -0.050275209801888238 0.052310715460691215 -0.050274689065928635 -0.050274688271582574 0.052310715460691215 0.052310715460691215 0.052310648434016019 0.052310715460691194 0.052310715460691215 -0.059148978062232196 -0.053961586423337086 -0.050771509952460415 -0.050274451457951647 -0.050365090950068851 -0.050827377802005275 -0.050398802794900749 0.052318490240066198
leaf_weight=2216.4762846697122 14.720768665894868 184.55667637800798 8528.2546529769897 1125.7599038779736 353.58323577046394 3.3907532151788473 1.3810777319595247 2.1167487502098083 3.5646493663080019 7.9456906914710999 1.0835032761096943 5.4338998161256304 16.558900952339172 12.287221831735224 45.145969837903976 1.4562830291688431 2930.7325395243242 23602.674199014902 6752.0312489569187 1116.6987713575363 11.918536037206652 4.3340131044387809 1.9334170930087564 0.6893202275969087 0.34793937578797329 1.0532839270308612 0.19419845240190614 0.30653964355587959 0.64824349246919233 77.466445535421371
leaf_count=407668 1259 32746 23613 3117 979 624 55 5 656 22 3 1000 36 2257 125 268 539343 65351 18695 3092 33 12 29 11 34 194 32 21 83 214
internal_value=0.0405937 0.0450211 0.0272973 -0.0229244 -0.0360212 0.0521537 0.0522092 -0.020889 0.0522263 0.0205409 -0.0501024 0.0522378 0.0317126 0.0522511 0.0412898 -0.0241272 -0.050138 0.0522687 0.0521444 0.0512264 0.00684422 -0.0245345 -0.056764 -0.0545368 -0.0503426 -0.0503125 -0.0503948 -0.0506481 -0.0502814 0.0523112
internal_weight=47024.7 44454.7 12770.4 4242.13 2570.06 31684.3 31668.1 7.40946 31660.7 11.5103 3116.37 31649.2 20.5627 31628.6 50.5799 16.1771 3115.29 31578.1 7975.38 1223.35 29.188 17.2695 4.00382 2.0704 5.29271 4.94478 1.55402 0.500738 12.9355 1194.17
internal_count=1101577 692930 598822 575209 408647 94108 92581 910 91671 678 572092 90993 131 90862 1125 1527 572089 89737 24386 5691 2385 2352 95 66 905 871 247 53 2340 3306
cat_boundaries=0 1 2
cat_threshold=132 9
is_linear=0
shrinkage=0.05


Tree=60
num_leaves=31
num_cat=2
split_feature=2 1 15 19 15 13 3 15 4 15 39 3 15 4 15 3 13 28 23 15 22 25 13 3 13 3 4 13 3 3
split_gain=6067.29 2117.38 6087.09 3297.17 1220.27 36.0789 15.0259 6.10853 4.38257 9.83645 4.32333 3.3095 14.7504 2.30676 19.3803 0.435604 0.387717 0.0624883 0.461439 22.3356 15.8139 12.9896 0.0071739 0.000118211 2.35719e-05 5.2935e-06 1.62955e-05 8.72936e-06 3.23537e-06 1.52748e-06
threshold=0 1 1.0000000180025095e-35 1.0000000180025095e-35 1.0000000180025095e-35 6.0000000000000009 49759.000000000007 1.0000000180025095e-35 444.50000000000006 1.0000000180025095e-35 1.0000000180025095e-35 49899.000000000007 1.0000000180025095e-35 416.00000000000006 1.0000000180025095e-35 130.00000000000003 1.0000000180025095e-35 1.0000000180025095e-35 1.0000000180025095e-35 1.0000000180025095e-35 1.0000000180025095e-35 1.0000000180025095e-35 2726.0000000000005 49873.500000000007 11006.000000000002 49439.000000000007 416.00000000000006 1302.0000000000002 55029.000000000007 59706.500000000007
decision_type=9 9 2 2 2 8 8 2 10 2 2 8 2 8 2 10 10 2 2 2 2 2 10 8 10 10 10 10 10 10
left_child=4 5 3 10 -1 15 7 24 11 -10 16 12 22 14 -13 -2 -3 18 19 20 21 28 23 -8 25 -7 -27 -28 -15 -21
right_child=1 2 -4 -5 -6 6 8 -9 9 -11 -12 13 -14 17 -16 -17 -18 -19 -20 29 -22 -23 -24 -25 -26 26 27 -29 -30 -31
leaf_value=-0.050261370127441633 -0.020910111953910713 -0.047841558027890856 0.052192949642375336 0.052192945024077536 0.052192945024077536 -0.050261218015918464 -0.054574013153871351 0.052615196985161698 -0.050261218758199812 0.052192945024077536 0.052192945024077536 -0.050261217759493229 0.052945417271526331 -0.050261713655462094 0.052192945024077536 -0.050261218159449089 -0.050261217193790189 0.052192945024077536 0.052192945024077536 0.05219288071674423 0.052192945024077522 0.052192945024077536 -0.058629583887678777 -0.053753668913380626 -0.050733525749333042 -0.050260997183840084 -0.050347236690837419 -0.050786419769197122 -0.050379204344304089 0.052200316795546479
leaf_weight=2108.9285417534411 14.414290318265556 176.00633983314037 8130.16882199049 1073.2112526297569 337.07854229211807 3.2262268718332052 1.3195849824696777 2.0187979936599731 3.3916852092370373 7.5747987031936646 1.0329270958900441 5.1702358759939662 15.797745704650879 11.691026198212057 43.038628995418549 1.3856210932135571 2788.5272632376291 22500.939547836781 6436.8573525547981 1064.5729760527611 11.362198054790499 4.1317083835601798 1.8550022132694719 0.65817379625514272 0.33121172292157997 1.0021761702373622 0.18479113653302182 0.29181875567883253 0.61686212755739767 73.850967288017273
leaf_count=407668 1259 32746 23613 3117 979 624 55 5 656 22 3 1000 36 2257 125 268 539343 65351 18695 3092 33 12 29 11 34 194 32 21 83 214
internal_value=0.0405103 0.0449243 0.0272462 -0.0229048 -0.0359952 0.0520349 0.0520917 -0.0208692 0.0521087 0.0205062 -0.0500819 0.0521202 0.031597 0.0521336 0.0412051 -0.0234841 -0.0501176 0.0521511 0.0520271 0.051112 0.00683354 -0.0245165 -0.056396 -0.054301 -0.0503258 -0.0502971 -0.0503755 -0.0506161 -0.0502676 0.0521934
internal_weight=44820.6 42374.6 12168.9 4038.78 2446.01 30205.7 30189.9 7.05502 30182.8 10.9665 2965.57 30171.9 19.6305 30152.2 48.2089 15.7999 2964.53 30104 7603.08 1166.23 27.8018 16.4396 3.83276 1.97776 5.03622 4.70501 1.47879 0.47661 12.3079 1138.42
internal_count=1101577 692930 598822 575209 408647 94108 92581 910 91671 678 572092 90993 131 90862 1125 1527 572089 89737 24386 5691 2385 2352 95 66 905 871 247 53 2340 3306
cat_boundaries=0 1 2
cat_threshold=132 9
is_linear=0
shrinkage=0.05


Tree=61
num_leaves=31
num_cat=2
split_feature=2 1 15 19 15 13 3 15 4 15 39 3 15 4 15 3 13 28 23 15 22 25 13 3 13 3 4 13 3 3
split_gain=5758.55 2006.62 5777.37 3133.41 1160.06 34.5612 14.2554 5.80449 4.15447 9.34165 4.11047 3.15821 13.9785 2.18589 18.3986 0.433018 0.406578 0.059206 0.437209 21.1787 15.0151 12.3461 0.00605628 0.000102136 2.02782e-05 4.5529e-06 1.40119e-05 7.4992e-06 2.78228e-06 1.31008e-06
threshold=0 1 1.0000000180025095e-35 1.0000000180025095e-35 1.0000000180025095e-35 6.0000000000000009 49759.000000000007 1.0000000180025095e-35 444.50000000000006 1.0000000180025095e-35 1.0000000180025095e-35 49899.000000000007 1.0000000180025095e-35 416.00000000000006 1.0000000180025095e-35 130.00000000000003 1.0000000180025095e-35 1.0000000180025095e-35 1.0000000180025095e-35 1.0000000180025095e-35 1.0000000180025095e-35 1.0000000180025095e-35 2726.0000000000005 49873.500000000007 11006.000000000002 49439.000000000007 416.00000000000006 1302.0000000000002 55029.000000000007 59706.500000000007
decision_type=9 9 2 2 2 8 8 2 10 2 2 8 2 8 2 10 10 2 2 2 2 2 10 8 10 10 10 10 10 10
left_child=4 5 3 10 -1 15 7 24 11 -10 16 12 22 14 -13 -2 -3 18 19 20 21 28 23 -8 25 -7 -27 -28 -15 -21
right_child=1 2 -4 -5 -6 6 8 -9 9 -11 -12 13 -14 17 -16 -17 -18 -19 -20 29 -22 -23 -24 -25 -26 26 27 -29 -30 -31
leaf_value=-0.050248556374293013 -0.020285513846066694 -0.047711071560533634 0.052081424268058299 0.052081428693367043 0.052081428693367043 -0.050248415864085495 -0.054337740316955277 0.052481165105272377 -0.050248415545438734 0.052081428693367043 0.052081428693367043 -0.05024841158104873 0.052793978511685324 -0.050248884131456034 0.052081428693367043 -0.050248416690292265 -0.050248413066020653 0.052081428693367043 0.052081428693367043 0.052081360456476947 0.05208142869336703 0.052081428693367016 -0.058143508055682483 -0.053557386820520962 -0.050697430260662583 -0.05024820386695647 -0.050330255060050046 -0.050747520689812968 -0.050360576148174185 0.052088414004063888
leaf_weight=2006.5734190251678 14.122742982581256 167.86889770487323 7749.7977877259254 1023.0008322000504 321.30824983119965 3.0696442183107138 1.2605480635538695 1.9251205325126646 3.2270722175016981 7.2204101085662842 0.98460137844085593 4.9193021841347209 15.069297015666962 11.123615830671039 41.025057435035706 1.3183709885925043 2653.1881052711979 21448.228227496147 6135.7075899839401 1014.766737729311 10.830615162849426 3.9384055137634286 1.7789097218774257 0.62831077491864684 0.31527700414881099 0.95353600941598393 0.17583657754585147 0.27779399883002043 0.58698899531737048 70.396320879459381
leaf_count=407668 1259 32746 23613 3117 979 624 55 5 656 22 3 1000 36 2257 125 268 539343 65351 18695 3092 33 12 29 11 34 194 32 21 83 214
internal_value=0.0404311 0.0448326 0.0271976 -0.0228859 -0.0359698 0.0519222 0.0519804 -0.0208504 0.0519974 0.0204733 -0.0500618 0.0520089 0.0314879 0.0520222 0.0411249 -0.0228438 -0.0500974 0.0520397 0.0519161 0.0510038 0.00682341 -0.0244995 -0.0560499 -0.0540782 -0.0503099 -0.0502826 -0.050357 -0.0505858 -0.0502545 0.0520818
internal_weight=42715.6 40387.7 11594.8 3845.04 2327.88 28792.9 28777.4 6.71721 28770.7 10.4475 2822.04 28760.3 18.7371 28741.5 45.9444 15.4411 2821.06 28695.6 7247.35 1111.64 26.4796 15.649 3.66777 1.88886 4.79209 4.47681 1.40717 0.453631 11.7106 1085.16
internal_count=1101577 692930 598822 575209 408647 94108 92581 910 91671 678 572092 90993 131 90862 1125 1527 572089 89737 24386 5691 2385 2352 95 66 905 871 247 53 2340 3306
cat_boundaries=0 1 2
cat_threshold=132 9
is_linear=0
shrinkage=0.05


Tree=62
num_leaves=31
num_cat=2
split_feature=2 1 15 19 15 13 3 15 4 15 39 3 15 4 15 3 13 28 23 15 22 25 13 3 13 3 4 13 3 3
split_gain=5466.08 1901.96 5484.03 2977.9 1102.86 33.1295 13.5263 5.51589 3.93894 8.87247 3.90812 3.01328 13.2497 2.07177 17.4684 0.42991 0.426305 0.0561063 0.414326 20.0851 14.258 11.7349 0.00511803 8.82156e-05 1.74458e-05 3.91633e-06 1.2049e-05 6.44267e-06 2.39264e-06 1.12204e-06
threshold=0 1 1.0000000180025095e-35 1.0000000180025095e-35 1.0000000180025095e-35 6.0000000000000009 49759.000000000007 1.0000000180025095e-35 444.50000000000006 1.0000000180025095e-35 1.0000000180025095e-35 49899.000000000007 1.0000000180025095e-35 416.00000000000006 1.0000000180025095e-35 130.00000000000003 1.0000000180025095e-35 1.0000000180025095e-35 1.0000000180025095e-35 1.0000000180025095e-35 1.0000000180025095e-35 1.0000000180025095e-35 2726.0000000000005 49873.500000000007 11006.000000000002 49439.000000000007 416.00000000000006 1302.0000000000002 55029.000000000007 59706.500000000007
decision_type=9 9 2 2 2 8 8 2 10 2 2 8 2 8 2 10 10 2 2 2 2 2 10 8 10 10 10 10 10 10
left_child=4 5 3 10 -1 15 7 24 11 -10 16 12 22 14 -13 -2 -3 18 19 20 21 28 23 -8 25 -7 -27 -28 -15 -21
right_child=1 2 -4 -5 -6 6 8 -9 9 -11 -12 13 -14 17 -16 -17 -18 -19 -20 29 -22 -23 -24 -25 -26 26 27 -29 -30 -31
leaf_value=-0.050236375732535948 -0.019667447023585916 -0.047575787185852342 0.051975797855980048 0.051975797623568513 0.051975797623568513 -0.050236239302172442 -0.054114278461149017 0.052354317245587693 -0.050236239912357407 0.051975797623568513 0.051975797623568513 -0.050236243637126282 0.052650705611364181 -0.050236687634078715 0.051975797623568513 -0.050236243989684487 -0.050236242693887281 0.051975797623568513 0.051975797623568513 0.05197573731043436 0.0519757976235685 0.051975797623568493 -0.057688204340659466 -0.053372023845494609 -0.05066312868272882 -0.050236039035231994 -0.050314112106309518 -0.050710567338855622 -0.050342867981624961 0.051982423672800628
leaf_weight=1909.162854662165 13.845413003116844 160.12461247341707 7386.4386932253838 975.0362132191658 306.2433277964592 2.9206257150508463 1.2038966938853262 1.8355560600757597 3.0704111973755044 6.8818725347518921 0.93843716382980247 4.6804901212453833 14.372379869222641 10.583614864386615 39.101548492908478 1.2543694805353869 2524.38667829521 20442.602364480495 5848.0275925993919 967.18810003995895 10.322808802127838 3.7537486553192148 1.7051677564159033 0.59969094349071506 0.30009869625791896 0.90724561270326354 0.16731324233114719 0.26443351898342371 0.55855264142155725 67.09613972902298
leaf_count=407668 1259 32746 23613 3117 979 624 55 5 656 22 3 1000 36 2257 125 268 539343 65351 18695 3092 33 12 29 11 34 194 32 21 83 214
internal_value=0.0403561 0.0447455 0.0271513 -0.0228676 -0.035945 0.0518154 0.051875 -0.0208326 0.051892 0.020442 -0.0500419 0.0519034 0.0313846 0.0519168 0.0410489 -0.0222069 -0.0500776 0.0519342 0.051811 0.0509012 0.0068138 -0.0244833 -0.0557243 -0.0538675 -0.0502947 -0.0502687 -0.0503395 -0.0505569 -0.050242 0.0519762
internal_weight=40705.6 38490.2 11046.9 3660.49 2215.41 27443.2 27428.1 6.39527 27421.7 9.95228 2685.45 27411.8 17.8811 27393.9 43.782 15.0998 2684.51 27350.1 6907.53 1059.5 25.2187 14.8959 3.50876 1.80359 4.55972 4.25962 1.33899 0.431747 11.1422 1034.28
internal_count=1101577 692930 598822 575209 408647 94108 92581 910 91671 678 572092 90993 131 90862 1125 1527 572089 89737 24386 5691 2385 2352 95 66 905 871 247 53 2340 3306
cat_boundaries=0 1 2
cat_threshold=132 9
is_linear=0
shrinkage=0.05


Tree=63
num_leaves=31
num_cat=2
split_feature=2 1 15 19 15 13 3 15 4 15 39 3 15 4 15 13 3 28 23 15 22 25 13 3 13 3 4 13 3 3
split_gain=5188.95 1803.03 5206.15 2830.21 1048.51 31.7787 12.8361 5.24191 3.73522 8.42752 3.71577 2.8745 12.5611 1.96396 16.5868 0.446934 0.426296 0.0531797 0.392721 19.0509 13.5403 11.1545 0.00432932 7.61708e-05 1.50085e-05 3.36855e-06 1.03615e-05 5.53563e-06 2.05763e-06 9.6186e-07
threshold=0 1 1.0000000180025095e-35 1.0000000180025095e-35 1.0000000180025095e-35 6.0000000000000009 49759.000000000007 1.0000000180025095e-35 444.50000000000006 1.0000000180025095e-35 1.0000000180025095e-35 49899.000000000007 1.0000000180025095e-35 416.00000000000006 1.0000000180025095e-35 1.0000000180025095e-35 130.00000000000003 1.0000000180025095e-35 1.0000000180025095e-35 1.0000000180025095e-35 1.0000000180025095e-35 1.0000000180025095e-35 2726.0000000000005 49873.500000000007 11006.000000000002 49439.000000000007 416.00000000000006 1302.0000000000002 55029.000000000007 59706.500000000007
decision_type=9 9 2 2 2 8 8 2 10 2 2 8 2 8 2 10 10 2 2 2 2 2 10 8 10 10 10 10 10 10
left_child=4 5 3 10 -1 16 7 24 11 -10 15 12 22 14 -13 -3 -2 18 19 20 21 28 23 -8 25 -7 -27 -28 -15 -21
right_child=1 2 -4 -5 -6 6 8 -9 9 -11 -12 13 -14 17 -16 -17 -18 -19 -20 29 -22 -23 -24 -25 -26 26 27 -29 -30 -31
leaf_value=-0.050224797571689329 -0.019056556857663748 -0.04743544479258411 0.051875727100169515 0.051875727024040932 0.051875727024040932 -0.050224667737601869 -0.053902878638103384 0.052234238160127178 -0.050224669511125787 0.051875727024040919 0.051875727024040932 -0.050224662869757852 0.052515122419160176 -0.05022509025467993 0.051875727024040932 -0.050224669447832326 -0.050224668450518095 0.051875727024040932 0.051875727024040932 0.051875668793688962 0.051875727024040919 0.051875727024040912 -0.057261365909202805 -0.053196899083564765 -0.050630520560607496 -0.050224474232446227 -0.050298757371754634 -0.050675465951492166 -0.050326033380719032 0.05188201026153251
leaf_weight=1816.4600008232519 13.581616230309008 152.7546624825336 7039.4098634421825 929.22710287570953 291.85541665554047 2.7788091208785772 1.149559694342315 1.7499474883079527 2.9213214679621142 6.5585486888885498 0.89434754848480125 4.4532204046845427 13.705835670232773 10.069711721502241 37.26448118686676 2401.8102979483083 1.1934611964970816 19482.168880343437 5573.2758063077927 921.74767363071442 9.8378230333328247 3.5773901939392099 1.6337899593636391 0.57227407069876912 0.28564190538600076 0.8631924185901878 0.15920063899829984 0.25170678365975618 0.53148493962362486 63.944228440523148
leaf_count=407668 1259 32746 23613 3117 979 624 55 5 656 22 3 1000 36 2257 125 539343 268 65351 18695 3092 33 12 29 11 34 194 32 21 83 214
internal_value=0.0402849 0.0446628 0.0271071 -0.0228501 -0.0359206 0.0517139 0.0517752 -0.0208157 0.0517921 0.0204124 -0.0500222 0.0518035 0.0312871 0.0518169 0.0409769 -0.0500579 -0.0215742 0.0518342 0.0517113 0.050804 0.00680469 -0.0244679 -0.0554177 -0.0536682 -0.0502802 -0.0502555 -0.0503229 -0.0505295 -0.0502302 0.0518761
internal_weight=38786.7 36678.4 10524.1 3484.69 2108.32 26154.3 26139.5 6.0885 26133.4 9.47987 2555.46 26123.9 17.0615 26106.9 41.7177 2554.56 14.7751 26065.2 6582.98 1009.71 24.0164 14.1786 3.35562 1.72183 4.33855 4.05291 1.2741 0.410907 10.6012 985.692
internal_count=1101577 692930 598822 575209 408647 94108 92581 910 91671 678 572092 90993 131 90862 1125 572089 1527 89737 24386 5691 2385 2352 95 66 905 871 247 53 2340 3306
cat_boundaries=0 1 2
cat_threshold=132 9
is_linear=0
shrinkage=0.05


Tree=64
num_leaves=31
num_cat=2
split_feature=2 1 15 19 15 13 3 15 4 15 39 3 15 4 15 13 3 28 23 15 22 25 13 3 13 3 4 13 3 3
split_gain=4926.3 1709.49 4942.85 2689.92 996.87 30.5041 12.1827 4.98179 3.54259 8.00547 3.53292 2.74167 11.9105 1.8621 15.7512 0.468496 0.422193 0.0504142 0.372303 18.0726 12.8598 10.6032 0.0036655 6.57509e-05 1.29125e-05 2.89769e-06 8.91075e-06 4.75676e-06 1.76972e-06 8.2392e-07
threshold=0 1 1.0000000180025095e-35 1.0000000180025095e-35 1.0000000180025095e-35 6.0000000000000009 49759.000000000007 1.0000000180025095e-35 444.50000000000006 1.0000000180025095e-35 1.0000000180025095e-35 49899.000000000007 1.0000000180025095e-35 416.00000000000006 1.0000000180025095e-35 1.0000000180025095e-35 130.00000000000003 1.0000000180025095e-35 1.0000000180025095e-35 1.0000000180025095e-35 1.0000000180025095e-35 1.0000000180025095e-35 2726.0000000000005 49873.500000000007 11006.000000000002 49439.000000000007 416.00000000000006 1302.0000000000002 55029.000000000007 59706.500000000007
decision_type=9 9 2 2 2 8 8 2 10 2 2 8 2 8 2 10 10 2 2 2 2 2 10 10 10 10 10 10 10 10
left_child=4 5 3 10 -1 16 7 24 11 -10 15 12 22 14 -13 -3 -2 18 19 20 21 28 23 -8 25 -7 -27 -28 -15 -21
right_child=1 2 -4 -5 -6 6 8 -9 9 -11 -12 13 -14 17 -16 -17 -18 -19 -20 29 -22 -23 -24 -25 -26 26 27 -29 -30 -31
leaf_value=-0.050213783993554764 -0.018453475300353149 -0.047289794514509709 0.051780904565978628 0.051780899046141964 0.051780899046141964 -0.050213661208290551 -0.053702831327170519 0.052120536298506361 -0.05021366258730562 0.05178089904614195 0.051780899046141964 -0.050213661052822933 0.052386781526949235 -0.050214064312080343 0.051780899046141964 -0.050213659726107099 -0.050213661358095144 0.051780899046141964 0.051780899046141964 0.051780851767744052 0.05178089904614195 0.051780899046141929 -0.056860892992396432 -0.053031396292436299 -0.050599533623609895 -0.050213477863329692 -0.050284152183118824 -0.050642119432880987 -0.050310034536960681 0.051786864133509171
leaf_weight=1728.239575910382 13.330702736973761 145.74112544720992 6708.0460490584373 885.48599517345428 278.11703217029572 2.6438496918417518 1.0974653945304464 1.6681411564350126 2.7794406148605031 6.2498209476470947 0.85224831104278465 4.2369388975203028 13.068527519702911 9.5806565983220899 35.510346293449402 2285.1608471102081 1.1354980021715153 18565.093124985695 5310.9273916482925 878.35847833752632 9.3747314214706421 3.4089932441711435 1.5647772259544579 0.54601986799389113 0.27187319216318417 0.82126934546977259 0.15147919859737158 0.23958458285778761 0.50572083890438158 60.934562921524048
leaf_count=407668 1259 32746 23613 3117 979 624 55 5 656 22 3 1000 36 2257 125 539343 268 65351 18695 3092 33 12 29 11 34 194 32 21 83 214
internal_value=0.0402173 0.0445844 0.0270651 -0.0228331 -0.0358966 0.0516177 0.0516805 -0.0207996 0.0516974 0.0203843 -0.0500027 0.0517088 0.0311947 0.0517222 0.0409086 -0.0500384 -0.0209464 0.0517395 0.0516169 0.050712 0.00679604 -0.0244533 -0.0551289 -0.0534798 -0.0502665 -0.050243 -0.050307 -0.0505035 -0.0502189 0.0517812
internal_weight=36955.1 34948.8 10025.3 3317.24 2006.36 24923.5 24909 5.7962 24903.2 9.02926 2431.75 24894.2 16.2768 24877.9 39.7473 2430.9 14.4662 24838.2 6273.09 962.163 22.8701 13.4954 3.20826 1.64349 4.12806 3.85618 1.21233 0.391064 10.0864 939.293
internal_count=1101577 692930 598822 575209 408647 94108 92581 910 91671 678 572092 90993 131 90862 1125 572089 1527 89737 24386 5691 2385 2352 95 66 905 871 247 53 2340 3306
cat_boundaries=0 1 2
cat_threshold=132 9
is_linear=0
shrinkage=0.05


Tree=65
num_leaves=31
num_cat=2
split_feature=2 1 15 19 15 13 3 15 4 15 39 3 15 4 15 13 3 28 23 15 22 25 13 3 13 3 4 13 3 3
split_gain=4677.35 1621.02 4693.32 2556.67 947.795 29.3012 11.5638 4.73479 3.3604 7.60509 3.35909 2.61458 11.2955 1.76581 14.959 0.49103 0.417622 0.0478022 0.35302 17.1468 12.2145 10.0794 0.00310614 5.67425e-05 1.11093e-05 2.49264e-06 7.66335e-06 4.08768e-06 1.52201e-06 7.06176e-07
threshold=0 1 1.0000000180025095e-35 1.0000000180025095e-35 1.0000000180025095e-35 6.0000000000000009 49759.000000000007 1.0000000180025095e-35 444.50000000000006 1.0000000180025095e-35 1.0000000180025095e-35 49899.000000000007 1.0000000180025095e-35 416.00000000000006 1.0000000180025095e-35 1.0000000180025095e-35 130.00000000000003 1.0000000180025095e-35 1.0000000180025095e-35 1.0000000180025095e-35 1.0000000180025095e-35 1.0000000180025095e-35 2726.0000000000005 49873.500000000007 11006.000000000002 49439.000000000007 416.00000000000006 1302.0000000000002 55029.000000000007 59706.500000000007
decision_type=9 9 2 2 2 8 8 2 10 2 2 8 2 8 2 10 10 2 2 2 2 2 10 8 10 10 10 10 10 10
left_child=4 5 3 10 -1 16 7 24 11 -10 15 12 22 14 -13 -3 -2 18 19 20 21 28 23 -8 25 -7 -27 -28 -15 -21
right_child=1 2 -4 -5 -6 6 8 -9 9 -11 -12 13 -14 17 -16 -17 -18 -19 -20 29 -22 -23 -24 -25 -26 26 27 -29 -30 -31
leaf_value=-0.050203316152299352 -0.017858791206089741 -0.047138587048276358 0.051691031902204101 0.051691037332584372 0.051691037332584372 -0.050203199503516954 -0.053513488475070814 0.052012849027349352 -0.050203198855826518 0.051691037332584358 0.051691037332584372 -0.050203199486551789 0.052265264414074843 -0.050203584274903158 0.051691037332584372 -0.050203197972368774 -0.05020319979170014 0.051691037332584372 0.051691037332584372 0.051690983547662023 0.051691037332584358 0.051691037332584337 -0.056484879727008601 -0.05287493286697717 -0.050570079027379311 -0.050203024727804184 -0.050270267026335913 -0.05061043724489292 -0.0502948247901489 0.051696685816685378
leaf_weight=1644.2865631310269 13.092054400593041 139.0668880767189 6391.7045933008194 843.72770646214485 265.00141951441765 2.5154185877181598 1.0475416886620221 1.5899872779846189 2.6444228417240065 5.9550880789756775 0.81205746531486411 4.0311198681592932 12.459340572357178 9.1152574126608634 33.835727721452713 2174.1537716593593 1.0803385023027647 17689.58913859725 5060.4714380204678 836.9363739490509 8.9326321184635162 3.2482298612594613 1.4981195491272954 0.52088828594423597 0.25876061315648247 0.78137415088713147 0.14413027558475733 0.22803897131234407 0.48119836160913187 58.061305016279221
leaf_count=407668 1259 32746 23613 3117 979 624 55 5 656 22 3 1000 36 2257 125 539343 268 65351 18695 3092 33 12 29 11 34 194 32 21 83 214
internal_value=0.0401531 0.0445098 0.0270249 -0.0228167 -0.0358729 0.0515263 0.0515909 -0.0207843 0.0516077 0.0203577 -0.0499833 0.051619 0.0311074 0.0516325 0.0408439 -0.050019 -0.0203244 0.0516497 0.0515275 0.0506247 0.00678784 -0.0244394 -0.0548567 -0.0533014 -0.0502534 -0.0502311 -0.050292 -0.0504787 -0.0502082 0.0516914
internal_weight=35207.3 33298 9549.47 3157.76 1909.29 23748.5 23734.3 5.51771 23728.8 8.59951 2314.03 23720.2 15.5259 23704.7 37.8668 2313.22 14.1724 23666.8 5977.25 916.775 21.7773 12.8447 3.06655 1.56843 3.92772 3.66896 1.15354 0.372169 9.59646 894.998
internal_count=1101577 692930 598822 575209 408647 94108 92581 910 91671 678 572092 90993 131 90862 1125 572089 1527 89737 24386 5691 2385 2352 95 66 905 871 247 53 2340 3306
cat_boundaries=0 1 2
cat_threshold=132 9
is_linear=0
shrinkage=0.05


Tree=66
num_leaves=31
num_cat=2
split_feature=2 1 15 19 15 13 3 15 39 4 15 3 15 4 15 13 3 28 23 15 22 25 13 3 13 3 4 13 3 3
split_gain=4441.31 1537.31 4456.79 2430.09 901.159 28.1659 10.9775 4.50023 3.19383 3.18804 7.22522 2.49302 10.7139 1.67476 14.2077 0.514572 0.412602 0.0453322 0.334783 16.2707 11.6024 9.58188 0.00263427 4.89581e-05 9.55808e-06 2.14433e-06 6.59099e-06 3.51312e-06 1.30912e-06 6.06342e-07
threshold=0 1 1.0000000180025095e-35 1.0000000180025095e-35 1.0000000180025095e-35 6.0000000000000009 49759.000000000007 1.0000000180025095e-35 1.0000000180025095e-35 444.50000000000006 1.0000000180025095e-35 49899.000000000007 1.0000000180025095e-35 416.00000000000006 1.0000000180025095e-35 1.0000000180025095e-35 130.00000000000003 1.0000000180025095e-35 1.0000000180025095e-35 1.0000000180025095e-35 1.0000000180025095e-35 1.0000000180025095e-35 2726.0000000000005 49873.500000000007 11006.000000000002 49439.000000000007 416.00000000000006 1302.0000000000002 55029.000000000007 59706.500000000007
decision_type=9 9 2 2 2 8 8 2 2 10 2 8 2 8 2 10 10 2 2 2 2 2 10 8 10 10 10 10 10 10
left_child=4 5 3 8 -1 16 7 24 15 11 -11 12 22 14 -13 -3 -2 18 19 20 21 28 23 -8 25 -7 -27 -28 -15 -21
right_child=1 2 -4 -5 -6 6 9 -9 -10 10 -12 13 -14 17 -16 -17 -18 -19 -20 29 -22 -23 -24 -25 -26 26 27 -29 -30 -31
leaf_value=-0.050193358640116308 -0.017273081298070266 -0.046981544510532415 0.051605838228004235 0.05160584392030039 0.05160584392030039 -0.050193248528503244 -0.053334233518914843 0.051910836694029128 0.05160584392030039 -0.050193247225208765 0.051605843920300376 -0.050193248431307791 0.052150181923198993 -0.05019361485268678 0.05160584392030039 -0.050193248152189257 -0.050193248724600917 0.05160584392030039 0.05160584392030039 0.051605793213017614 0.051605843920300376 0.051605843920300355 -0.056131582126943337 -0.052726962997491217 -0.050542079698499442 -0.050193082208263518 -0.050257057614653315 -0.050580337665945732 -0.050280364213027486 0.05161120645363957
leaf_weight=1564.3961566938087 12.865077925845979 132.71569043491036 6089.7612945437431 803.87011858820915 252.48278668522835 2.393202541861684 0.9997169622220099 1.5153397619724271 0.77369597554206748 2.515939000528304 5.6737704873085022 3.8352608680725089 11.87718465924263 8.672379631781947 32.237332314252853 2068.5187057305593 1.027848352678119 16853.935232549906 4821.4154209196568 797.39954173564911 8.5106557309627533 3.0947839021682748 1.4337975860107688 0.49683962087146694 0.24627362773753692 0.74340956518426515 0.13713608519174159 0.21704321261495352 0.45785836735740382 55.318785607814789
leaf_count=407668 1259 32746 23613 3117 979 624 55 5 3 656 22 1000 36 2257 125 539343 268 65351 18695 3092 33 12 29 11 34 194 32 21 83 214
internal_value=0.0400922 0.0444389 0.0269866 -0.0228008 -0.0358495 0.0514394 0.0515059 -0.0207698 -0.0499639 0.0515227 0.0203324 0.051534 0.0310247 0.0515474 0.0407825 -0.0499996 -0.0197086 0.0515646 0.0514427 0.050542 0.00678006 -0.0244262 -0.0546 -0.0531326 -0.050241 -0.0502198 -0.0502777 -0.0504552 -0.050198 0.0516061
internal_weight=33539.5 31722.7 9095.64 3005.88 1816.88 22627 22613.1 5.2524 2202.01 22607.9 8.18971 22599.7 14.8075 22584.9 36.0726 2201.23 13.8929 22548.8 5694.87 873.454 20.7357 12.225 2.93035 1.49656 3.73707 3.49079 1.09759 0.354179 9.13024 852.718
internal_count=1101577 692930 598822 575209 408647 94108 92581 910 572092 91671 678 90993 131 90862 1125 572089 1527 89737 24386 5691 2385 2352 95 66 905 871 247 53 2340 3306
cat_boundaries=0 1 2
cat_threshold=132 9
is_linear=0
shrinkage=0.05


Tree=67
num_leaves=31
num_cat=2
split_feature=2 1 15 19 15 13 3 15 39 4 15 3 15 4 15 13 3 28 23 15 22 25 13 3 13 3 4 13 3 3
split_gain=4217.5 1458.1 4232.55 2309.83 856.837 27.0943 10.422 4.27748 3.03671 3.02492 6.86476 2.3768 10.1638 1.58864 13.4953 0.53916 0.40716 0.0429966 0.317538 15.4412 11.0218 9.10919 0.00223581 4.22323e-05 8.22356e-06 1.84474e-06 5.66874e-06 3.01948e-06 1.12597e-06 5.20807e-07
threshold=0 1 1.0000000180025095e-35 1.0000000180025095e-35 1.0000000180025095e-35 6.0000000000000009 49759.000000000007 1.0000000180025095e-35 1.0000000180025095e-35 444.50000000000006 1.0000000180025095e-35 49899.000000000007 1.0000000180025095e-35 416.00000000000006 1.0000000180025095e-35 1.0000000180025095e-35 130.00000000000003 1.0000000180025095e-35 1.0000000180025095e-35 1.0000000180025095e-35 1.0000000180025095e-35 1.0000000180025095e-35 2726.0000000000005 49873.500000000007 11006.000000000002 49439.000000000007 416.00000000000006 1302.0000000000002 55029.000000000007 59706.500000000007
decision_type=9 9 2 2 2 8 8 2 2 10 2 8 2 8 2 10 10 2 2 2 2 2 10 10 10 10 10 10 10 10
left_child=4 5 3 8 -1 16 7 24 15 11 -11 12 22 14 -13 -3 -2 18 19 20 21 28 23 -8 25 -7 -27 -28 -15 -21
right_child=1 2 -4 -5 -6 6 9 -9 -10 10 -12 13 -14 17 -16 -17 -18 -19 -20 29 -22 -23 -24 -25 -26 26 27 -29 -30 -31
leaf_value=-0.050183895439390162 -0.016696846804405904 -0.046818407703109674 0.051525073371246823 0.051525073301733254 0.051525073301733254 -0.050183788408849829 -0.053164484911182863 0.051814177912730443 0.051525073301733254 -0.05018378901323424 0.051525073301733254 -0.050183788305581324 0.052041168348513106 -0.050184136506687529 0.051525073301733254 -0.050183787900657008 -0.05018378858703685 0.051525073301733254 0.051525073301733254 0.051525024416897339 0.05152507330173324 0.051525073301733226 -0.05579940873502777 -0.052586987861751172 -0.050515464673823229 -0.050183631187410205 -0.050244496177661191 -0.050551735757968508 -0.050266614867954432 0.051530164401159075
leaf_weight=1488.3732519461773 12.649213001132008 126.67200550413691 5801.6113035231829 765.83329640328884 240.53602732717991 2.2769029946066448 0.95391975203528756 1.4440568983554838 0.73708690702915092 2.3936749726999542 5.4053039848804474 3.648883430287241 11.320996224880219 8.2509412379004026 30.711954459547997 1967.9974069376476 0.97789926175028163 16056.455487087369 4593.2799089699984 759.6688711643219 8.1079559773206711 2.9483476281166086 1.3717838826123623 0.47383466013707221 0.23438302637077857 0.70728288590908028 0.13047966593876481 0.2065717508085072 0.43564445758238513 52.7015251070261
leaf_count=407668 1259 32746 23613 3117 979 624 55 5 3 656 22 1000 36 2257 125 539343 268 65351 18695 3092 33 12 29 11 34 194 32 21 83 214
internal_value=0.0400343 0.0443716 0.0269501 -0.0227854 -0.0358263 0.0513569 0.0514253 -0.020756 -0.0499446 0.051442 0.0203084 0.0514533 0.0309465 0.0514668 0.0407243 -0.0499803 -0.0190999 0.051484 0.0513623 0.0504635 0.00677267 -0.0244136 -0.0543579 -0.0529728 -0.0502292 -0.050209 -0.050264 -0.0504328 -0.0501883 0.0515254
internal_weight=31948.5 30219.6 8662.85 2861.24 1728.91 21556.8 21543.1 4.99968 2095.41 21538.1 7.79898 21530.3 14.1205 21516.2 34.3608 2094.67 13.6271 21481.8 5425.39 832.113 19.7429 11.6349 2.79954 1.42775 3.55562 3.32124 1.04433 0.337051 8.68659 812.37
internal_count=1101577 692930 598822 575209 408647 94108 92581 910 572092 91671 678 90993 131 90862 1125 572089 1527 89737 24386 5691 2385 2352 95 66 905 871 247 53 2340 3306
cat_boundaries=0 1 2
cat_threshold=132 9
is_linear=0
shrinkage=0.05


Tree=68
num_leaves=31
num_cat=2
split_feature=2 1 15 19 15 13 3 15 39 4 15 3 15 4 15 13 3 28 23 15 22 25 13 3 13 3 4 13 3 3
split_gain=4005.24 1383.11 4019.93 2195.58 814.714 26.0827 9.89563 4.0659 2.88733 2.87051 6.52266 2.26572 9.64326 1.50717 12.8195 0.56483 0.401318 0.0407869 0.301223 14.6557 10.4709 8.66008 0.00189901 3.64235e-05 7.07555e-06 1.58698e-06 4.87584e-06 2.59538e-06 9.68491e-07 4.45917e-07
threshold=0 1 1.0000000180025095e-35 1.0000000180025095e-35 1.0000000180025095e-35 6.0000000000000009 49759.000000000007 1.0000000180025095e-35 1.0000000180025095e-35 444.50000000000006 1.0000000180025095e-35 49899.000000000007 1.0000000180025095e-35 416.00000000000006 1.0000000180025095e-35 1.0000000180025095e-35 130.00000000000003 1.0000000180025095e-35 1.0000000180025095e-35 1.0000000180025095e-35 1.0000000180025095e-35 1.0000000180025095e-35 2726.0000000000005 49873.500000000007 11006.000000000002 49439.000000000007 416.00000000000006 1302.0000000000002 55029.000000000007 59706.500000000007
decision_type=9 9 2 2 2 8 8 2 2 10 2 8 2 8 2 10 10 2 2 2 2 2 10 10 10 8 10 10 10 10
left_child=4 5 3 8 -1 16 7 24 15 11 -11 12 22 14 -13 -3 -2 18 19 20 21 28 23 -8 25 -7 -27 -28 -15 -21
right_child=1 2 -4 -5 -6 6 9 -9 -10 10 -12 13 -14 17 -16 -17 -18 -19 -20 29 -22 -23 -24 -25 -26 26 27 -29 -30 -31
leaf_value=-0.050174892646613935 -0.016130592048015223 -0.046648911461230347 0.051448483969133957 0.051448484519736715 0.051448484519736715 -0.050174793764093395 -0.053003706518417563 0.051722574400342808 0.051448484519736715 -0.050174792876517306 0.051448484519736715 -0.050174790725974229 0.051937882827883024 -0.050175123409852806 0.051448484519736715 -0.0501747935460818 -0.050174794349035823 0.051448484519736715 0.051448484519736715 0.051448442309094171 0.051448484519736715 0.051448484519736715 -0.055486907716681882 -0.052454537361425461 -0.050490165808788547 -0.050174642734949829 -0.050232551159276953 -0.050524558947421749 -0.050253543552871573 0.0514533152579182
leaf_weight=1416.0320060607046 12.443921739235517 120.92105322494172 5526.671313688159 729.54027736186981 229.13696873188019 2.1662356206215918 0.91007942520081753 1.3760007321834562 0.7021561861038198 2.2773319436237207 5.1491453647613525 3.4715319052338591 10.789739310741425 7.8499123884830642 29.256507754325867 1872.3441820756998 0.93036911543458778 15295.536306023598 4375.6032997369766 723.66793023049831 7.7237180471420279 2.8086247444152823 1.3120441851206122 0.45183482719585299 0.2230609266553073 0.67290575196966607 0.12414487055502832 0.19660016475245357 0.41450289683416475 50.204226717352867
leaf_count=407668 1259 32746 23613 3117 979 624 55 5 3 656 22 1000 36 2257 125 539343 268 65351 18695 3092 33 12 29 11 34 194 32 21 83 214
internal_value=0.0399793 0.0443075 0.0269151 -0.0227704 -0.0358033 0.0512784 0.0513489 -0.0207429 -0.0499252 0.0513656 0.0202857 0.0513768 0.0308724 0.0513903 0.0406691 -0.0499609 -0.0184988 0.0514075 0.051286 0.0503892 0.00676566 -0.0244017 -0.0541294 -0.0528215 -0.050218 -0.0501988 -0.0502511 -0.0504115 -0.0501791 0.0514488
internal_weight=30430.9 28785.7 8250.18 2723.51 1645.17 20535.6 20522.2 4.75895 1993.97 20517.4 7.42648 20510 13.4637 20496.5 32.728 1993.27 13.3743 20463.8 5168.27 792.669 18.7968 11.073 2.67396 1.36191 3.38295 3.15989 0.993651 0.320745 8.26442 773.872
internal_count=1101577 692930 598822 575209 408647 94108 92581 910 572092 91671 678 90993 131 90862 1125 572089 1527 89737 24386 5691 2385 2352 95 66 905 871 247 53 2340 3306
cat_boundaries=0 1 2
cat_threshold=132 9
is_linear=0
shrinkage=0.05


Tree=69
num_leaves=31
num_cat=2
split_feature=2 1 15 19 15 13 3 15 39 4 15 3 15 4 15 13 3 28 23 15 22 25 13 3 13 3 4 13 3 3
split_gain=3803.91 1312.12 3818.28 2087.02 774.677 25.1276 9.39668 3.86494 2.74531 2.72432 6.19797 2.15957 9.15061 1.43006 12.1784 0.591621 0.395102 0.0386967 0.28579 13.9117 9.94819 8.23334 0.00161404 3.14093e-05 6.0879e-06 1.36532e-06 4.19382e-06 2.23097e-06 8.33112e-07 3.83369e-07
threshold=0 1 1.0000000180025095e-35 1.0000000180025095e-35 1.0000000180025095e-35 6.0000000000000009 49759.000000000007 1.0000000180025095e-35 1.0000000180025095e-35 444.50000000000006 1.0000000180025095e-35 49899.000000000007 1.0000000180025095e-35 416.00000000000006 1.0000000180025095e-35 1.0000000180025095e-35 130.00000000000003 1.0000000180025095e-35 1.0000000180025095e-35 1.0000000180025095e-35 1.0000000180025095e-35 1.0000000180025095e-35 2726.0000000000005 49873.500000000007 11006.000000000002 49439.000000000007 416.00000000000006 1302.0000000000002 55029.000000000007 59706.500000000007
decision_type=9 9 2 2 2 8 8 2 2 10 2 8 2 8 2 10 10 2 2 2 2 2 10 10 10 8 10 10 10 10
left_child=4 5 3 8 -1 16 7 24 15 11 -11 12 22 14 -13 -3 -2 18 19 20 21 28 23 -8 25 -7 -27 -28 -15 -21
right_child=1 2 -4 -5 -6 6 9 -9 -10 10 -12 13 -14 17 -16 -17 -18 -19 -20 29 -22 -23 -24 -25 -26 26 27 -29 -30 -31
leaf_value=-0.050166335399178669 -0.015574749604396485 -0.046472777523842275 0.051375846138227071 0.051375846078750953 0.051375846078750953 -0.050166239122523021 -0.052851399841301952 0.051635750355651246 0.051375846078750953 -0.050166236384013831 0.051375846078750946 -0.050166239017326197 0.051840002491215481 -0.050166554601393326 0.051375846078750953 -0.050166236482932697 -0.050166235738646384 0.051375846078750953 0.051375846078750953 0.051375803291232675 0.051375846078750953 0.051375846078750932 -0.055192734861978204 -0.052329170687480199 -0.05046611484352264 -0.050166096786365216 -0.050221188857839487 -0.050498729319365422 -0.050241119988761553 0.05138043275299569
leaf_weight=1347.1953017772175 12.24869340099394 115.44876266107894 5264.3777610212564 694.91656060516834 218.26221136748791 2.0609295840840787 0.86812607105821127 1.3110377192497251 0.66883210837840934 2.166625272948294 4.9047687947750092 3.3027720637619522 10.282407239079475 7.468310961499812 27.868004515767097 1781.3249578899704 0.88514160271734077 14569.615704879165 4167.9387553781271 689.32290680706501 7.3571531921625128 2.6753284335136414 1.2545386801939455 0.43080225423909724 0.21228068764321495 0.64019404817372638 0.11811629333533347 0.1871050950139761 0.39438241347670544 47.82176947593689
leaf_count=407668 1259 32746 23613 3117 979 624 55 5 3 656 22 1000 36 2257 125 539343 268 65351 18695 3092 33 12 29 11 34 194 32 21 83 214
internal_value=0.039927 0.0442465 0.0268816 -0.0227558 -0.0357804 0.0512038 0.0512764 -0.0207305 -0.0499057 0.0512931 0.0202641 0.0513043 0.0308022 0.0513178 0.0406167 -0.0499414 -0.017906 0.0513349 0.0512137 0.0503186 0.00675901 -0.0243904 -0.0539136 -0.0526782 -0.0502073 -0.0501891 -0.0502388 -0.0503913 -0.0501703 0.0513761
internal_weight=28983.5 27418.1 7856.74 2592.36 1565.46 19561.3 19548.2 4.52966 1897.44 19543.7 7.07139 19536.6 12.8359 19523.8 31.1708 1896.77 13.1338 19492.6 4922.98 755.04 17.8952 10.538 2.55347 1.29893 3.21863 3.00635 0.945415 0.305221 7.86269 737.145
internal_count=1101577 692930 598822 575209 408647 94108 92581 910 572092 91671 678 90993 131 90862 1125 572089 1527 89737 24386 5691 2385 2352 95 66 905 871 247 53 2340 3306
cat_boundaries=0 1 2
cat_threshold=132 9
is_linear=0
shrinkage=0.05


Tree=70
num_leaves=31
num_cat=2
split_feature=2 1 15 19 15 13 3 15 39 4 15 3 15 4 15 13 3 28 23 15 22 25 13 3 13 3 4 13 3 3
split_gain=3612.91 1244.88 3627.02 1983.87 736.623 24.2258 8.92368 3.67404 2.61027 2.58587 5.88975 2.05817 8.68422 1.35708 11.5701 0.619572 0.388541 0.0367182 0.271181 13.2069 9.45216 7.82785 0.00137273 2.70806e-05 5.23823e-06 1.1746e-06 3.60755e-06 1.91787e-06 7.16684e-07 3.28957e-07
threshold=0 1 1.0000000180025095e-35 1.0000000180025095e-35 1.0000000180025095e-35 6.0000000000000009 49759.000000000007 1.0000000180025095e-35 1.0000000180025095e-35 444.50000000000006 1.0000000180025095e-35 49899.000000000007 1.0000000180025095e-35 416.00000000000006 1.0000000180025095e-35 1.0000000180025095e-35 130.00000000000003 1.0000000180025095e-35 1.0000000180025095e-35 1.0000000180025095e-35 1.0000000180025095e-35 1.0000000180025095e-35 2726.0000000000005 49873.500000000007 11006.000000000002 49439.000000000007 416.00000000000006 1302.0000000000002 55029.000000000007 59706.500000000007
decision_type=9 9 2 2 2 8 8 2 2 10 2 8 2 8 2 10 10 2 2 2 2 2 10 10 10 10 10 10 10 10
left_child=4 5 3 8 -1 16 7 24 15 11 -11 12 22 14 -13 -3 -2 18 19 20 21 28 23 -8 25 -7 -27 -28 -15 -21
right_child=1 2 -4 -5 -6 6 9 -9 -10 10 -12 13 -14 17 -16 -17 -18 -19 -20 29 -22 -23 -24 -25 -26 26 27 -29 -30 -31
leaf_value=-0.050158194744694663 -0.0150297342940001 -0.046289734504826652 0.051306946603088689 0.051306946459095483 0.051306946459095483 -0.050158106659023705 -0.052707083011507665 0.051553433158239938 0.051306946459095483 -0.050158104303578366 0.051306946459095483 -0.050158103311551877 0.051747227884679184 -0.050158404920337012 0.051306946459095483 -0.050158104253516779 -0.050158103545855565 0.051306946459095483 0.051306946459095483 0.051306905258691721 0.051306946459095483 0.051306946459095476 -0.054915664818945067 -0.052210484413057534 -0.050443252967849253 -0.050157968876650853 -0.050210386183362904 -0.050474189018068875 -0.050229306819722534 0.051311299297558566
leaf_weight=1281.6945644197986 12.0630419999361 110.24170400458388 5014.1858470141888 661.89038564264774 207.88921640813351 1.9607267479877926 0.82799103576689714 1.2490386664867399 0.63704560697078605 2.0612834859639397 4.6716677844524384 3.1421906314790276 9.79802106320858 7.1052024981472659 26.543566957116127 1694.7165860617533 0.84210584126412946 13877.189153715968 3969.855874106288 656.56252726912498 7.0075016766786566 2.5481824278831482 1.1992225970607249 0.41069981479085982 0.20201685396023084 0.60906759928911913 0.11237926105968654 0.17806423082947731 0.37523415964096773 45.549216777086258
leaf_count=407668 1259 32746 23613 3117 979 624 55 5 3 656 22 1000 36 2257 125 539343 268 65351 18695 3092 33 12 29 11 34 194 32 21 83 214
internal_value=0.0398773 0.0441885 0.0268495 -0.0227416 -0.0357575 0.0511327 0.0512076 -0.0207187 -0.0498861 0.0512243 0.0202436 0.0512355 0.0307357 0.051249 0.040567 -0.0499218 -0.017322 0.0512661 0.0511451 0.0502517 0.00675269 -0.0243796 -0.0537098 -0.0525424 -0.0501972 -0.0501798 -0.0502271 -0.0503721 -0.050162 0.0513072
internal_weight=27603.3 26113.7 7481.67 2467.49 1489.58 18632.1 18619.2 4.31129 1805.6 18614.8 6.73295 18608.1 12.2359 18595.9 29.6858 1804.96 12.9051 18566.2 4689 719.148 17.0361 10.0286 2.43791 1.23869 3.06225 2.86024 0.899511 0.290443 7.48044 702.112
internal_count=1101577 692930 598822 575209 408647 94108 92581 910 572092 91671 678 90993 131 90862 1125 572089 1527 89737 24386 5691 2385 2352 95 66 905 871 247 53 2340 3306
cat_boundaries=0 1 2
cat_threshold=132 9
is_linear=0
shrinkage=0.05


Tree=71
num_leaves=31
num_cat=2
split_feature=2 1 15 19 15 13 3 15 39 4 15 3 15 4 15 13 3 28 23 15 22 25 13 3 13 3 4 13 3 3
split_gain=3431.7 1181.19 3445.57 1885.85 700.451 23.3743 8.47518 3.49268 2.48187 2.45471 5.59715 1.96132 8.24258 1.28797 10.9929 0.648722 0.381661 0.0348452 0.257351 12.5391 8.98138 7.44251 0.00116821 2.33456e-05 4.50725e-06 1.01067e-06 3.10312e-06 1.64881e-06 6.16574e-07 2.82097e-07
threshold=0 1 1.0000000180025095e-35 1.0000000180025095e-35 1.0000000180025095e-35 6.0000000000000009 49759.000000000007 1.0000000180025095e-35 1.0000000180025095e-35 444.50000000000006 1.0000000180025095e-35 49899.000000000007 1.0000000180025095e-35 416.00000000000006 1.0000000180025095e-35 1.0000000180025095e-35 130.00000000000003 1.0000000180025095e-35 1.0000000180025095e-35 1.0000000180025095e-35 1.0000000180025095e-35 1.0000000180025095e-35 2726.0000000000005 49873.500000000007 11006.000000000002 49439.000000000007 416.00000000000006 1302.0000000000002 55029.000000000007 59706.500000000007
decision_type=9 9 2 2 2 8 8 2 2 10 2 8 2 8 2 10 10 2 2 2 2 2 10 10 10 10 10 10 10 10
left_child=4 5 3 8 -1 16 7 24 15 11 -11 12 22 14 -13 -3 -2 18 19 20 21 28 23 -8 25 -7 -27 -28 -15 -21
right_child=1 2 -4 -5 -6 6 9 -9 -10 10 -12 13 -14 17 -16 -17 -18 -19 -20 29 -22 -23 -24 -25 -26 26 27 -29 -30 -31
leaf_value=-0.050150456280825609 -0.014495901321969637 -0.04609950174956693 0.051241582192761898 0.051241582131868392 0.051241582131868392 -0.050150369904580133 -0.052570315872063324 0.051475381974883327 0.051241582131868392 -0.050150370881400355 0.051241582131868385 -0.050150373691123018 0.051659276256018329 -0.050150654034920916 0.051241582131868392 -0.050150370692501813 -0.050150370019365391 0.051241582131868392 0.051241582131868392 0.051241544711963086 0.051241582131868392 0.051241582131868371 -0.054654567684587999 -0.052098091314005723 -0.050421517486738301 -0.050150242714624427 -0.050200108654508892 -0.050450862570920435 -0.050218075405545862 0.051245714175366087
leaf_weight=1219.3689213427715 11.886503944173452 105.28711804165505 4775.5719215422869 630.39245367050171 197.99621820449829 1.8653814001008875 0.78960676724090928 1.1898784190416334 0.60672998428344627 1.9610483045689751 4.4493532180786133 2.9893934261053827 9.335633397102356 6.7596956603229064 25.280416011810303 1612.3065923636314 0.80115625262260515 13216.803734302521 3780.9390187263489 625.3181446492672 6.674029827117919 2.4269199371337891 1.1460474950727073 0.39149127248674631 0.19224512018263329 0.57945004897192109 0.10691979434341192 0.16945627052336931 0.35701159015297879 43.381807059049606
leaf_count=407668 1259 32746 23613 3117 979 624 55 5 3 656 22 1000 36 2257 125 539343 268 65351 18695 3092 33 12 29 11 34 194 32 21 83 214
internal_value=0.03983 0.0441332 0.0268188 -0.0227277 -0.0357346 0.0510651 0.0511424 -0.0207075 -0.0498663 0.051159 0.0202241 0.0511702 0.0306728 0.0511837 0.0405199 -0.0499021 -0.0167473 0.0512008 0.05108 0.0501882 0.00674669 -0.0243694 -0.0535173 -0.0524138 -0.0501875 -0.050171 -0.050216 -0.0503539 -0.050154 0.0512418
internal_weight=26287.3 24870 7124.16 2348.59 1417.37 17745.8 17733.1 4.10333 1718.2 17729 6.4104 17722.6 11.6628 17710.9 28.2698 1717.59 12.6877 17682.7 4465.86 684.918 16.2177 9.54363 2.32715 1.1811 2.91345 2.72121 0.855826 0.276376 7.11671 668.7
internal_count=1101577 692930 598822 575209 408647 94108 92581 910 572092 91671 678 90993 131 90862 1125 572089 1527 89737 24386 5691 2385 2352 95 66 905 871 247 53 2340 3306
cat_boundaries=0 1 2
cat_threshold=132 9
is_linear=0
shrinkage=0.05


Tree=72
num_leaves=31
num_cat=2
split_feature=2 1 15 19 15 13 3 15 39 4 15 3 15 4 15 13 3 28 23 15 22 25 13 3 13 3 4 13 3 3
split_gain=3259.74 1120.84 3273.43 1792.7 666.068 22.5701 8.04986 3.32038 2.35978 2.33046 5.31934 1.86885 7.82429 1.22252 10.4451 0.679112 0.374491 0.0330716 0.244254 11.9061 8.53451 7.07631 0.000994748 2.01233e-05 3.87841e-06 8.6955e-07 2.66942e-06 1.41758e-06 5.30316e-07 2.42284e-07
threshold=0 1 1.0000000180025095e-35 1.0000000180025095e-35 1.0000000180025095e-35 6.0000000000000009 49759.000000000007 1.0000000180025095e-35 1.0000000180025095e-35 444.50000000000006 1.0000000180025095e-35 49899.000000000007 1.0000000180025095e-35 416.00000000000006 1.0000000180025095e-35 1.0000000180025095e-35 130.00000000000003 1.0000000180025095e-35 1.0000000180025095e-35 1.0000000180025095e-35 1.0000000180025095e-35 1.0000000180025095e-35 2726.0000000000005 49873.500000000007 11006.000000000002 49439.000000000007 416.00000000000006 1302.0000000000002 55029.000000000007 59706.500000000007
decision_type=9 9 2 2 2 8 8 2 2 10 2 8 2 8 2 10 10 2 2 2 2 2 10 10 10 10 10 10 10 10
left_child=4 5 3 8 -1 16 7 24 15 11 -11 12 22 14 -13 -3 -2 18 19 20 21 28 23 -8 25 -7 -27 -28 -15 -21
right_child=1 2 -4 -5 -6 6 9 -9 -10 10 -12 13 -14 17 -16 -17 -18 -19 -20 29 -22 -23 -24 -25 -26 26 27 -29 -30 -31
leaf_value=-0.05014309599343067 -0.0139735776248378 -0.045901793747875869 0.051179562533840206 0.051179562482012497 0.051179562482012497 -0.050143014258943221 -0.052440673559222412 0.051401360595374236 0.051179562482012497 -0.050143013278232632 0.05117956248201249 -0.050143017824689773 0.051575884091941984 -0.050143287255763849 0.051179562482012497 -0.050143014575984135 -0.050143013942078624 0.051179562482012497 0.051179562482012497 0.051179528392051615 0.051179562482012497 0.051179562482012476 -0.054408399164608205 -0.051991627181454531 -0.05040085599556992 -0.050142892816582421 -0.050190334985756674 -0.050428694413032438 -0.050207391237179114 0.051183487923566785
leaf_weight=1160.0655473400839 11.718635745346543 100.57284057815559 4548.0303633660078 600.35615980625153 188.56229722499847 1.7746593719348318 0.7529071150347566 1.1334361582994463 0.57782113552093406 1.8656735781114537 4.2373549938201904 2.844005590304735 8.8943252116441727 6.4309424257371557 24.075880646705627 1533.8927996403072 0.76219237502664405 12587.063009142876 3600.7887095212936 595.52359656989574 6.3560324907302848 2.3112845420837402 1.0949616581201551 0.37314131367020309 0.1829422938171773 0.55126868002116669 0.10172455804422498 0.16126086609438062 0.33967036614194501 41.314954906702042
leaf_count=407668 1259 32746 23613 3117 979 624 55 5 3 656 22 1000 36 2257 125 539343 268 65351 18695 3092 33 12 29 11 34 194 32 21 83 214
internal_value=0.039785 0.0440805 0.0267893 -0.022714 -0.0357116 0.0510007 0.0510805 -0.0206968 -0.0498463 0.0510971 0.0202056 0.0511083 0.0306131 0.0511218 0.0404751 -0.049882 -0.0161824 0.0511388 0.0510183 0.050128 0.00674099 -0.0243597 -0.0533353 -0.0522919 -0.0501784 -0.0501626 -0.0502054 -0.0503365 -0.0501465 0.0511798
internal_weight=25032.7 23684.1 6783.43 2235.4 1348.63 16900.7 16888.2 3.90529 1635.04 16884.3 6.10303 16878.2 11.1153 16867 26.9199 1634.47 12.4808 16840.1 4253.07 652.276 15.4379 9.0819 2.22101 1.12605 2.77186 2.58891 0.814254 0.262985 6.77061 636.839
internal_count=1101577 692930 598822 575209 408647 94108 92581 910 572092 91671 678 90993 131 90862 1125 572089 1527 89737 24386 5691 2385 2352 95 66 905 871 247 53 2340 3306
cat_boundaries=0 1 2
cat_threshold=132 9
is_linear=0
shrinkage=0.05


Tree=73
num_leaves=31
num_cat=2
split_feature=2 1 15 19 15 13 3 15 39 4 15 3 15 4 15 13 3 28 23 15 22 25 13 3 13 3 4 13 3 3
split_gain=3096.54 1063.65 3110.08 1704.18 633.383 21.8106 7.64646 3.15668 2.2437 2.2127 5.05555 1.78058 7.42801 1.16052 9.92514 0.710778 0.36706 0.0313922 0.231853 11.3062 8.1103 6.72829 0.000847503 1.73437e-05 3.33715e-06 7.48205e-07 2.2963e-06 1.21887e-06 4.56244e-07 2.0793e-07
threshold=0 1 1.0000000180025095e-35 1.0000000180025095e-35 1.0000000180025095e-35 6.0000000000000009 49759.000000000007 1.0000000180025095e-35 1.0000000180025095e-35 444.50000000000006 1.0000000180025095e-35 49899.000000000007 1.0000000180025095e-35 416.00000000000006 1.0000000180025095e-35 1.0000000180025095e-35 130.00000000000003 1.0000000180025095e-35 1.0000000180025095e-35 1.0000000180025095e-35 1.0000000180025095e-35 1.0000000180025095e-35 2726.0000000000005 49873.500000000007 11006.000000000002 49439.000000000007 416.00000000000006 1302.0000000000002 55029.000000000007 59706.500000000007
decision_type=9 9 2 2 2 8 8 2 2 10 2 8 2 8 2 10 10 2 2 2 2 2 10 10 10 10 10 10 10 10
left_child=4 5 3 8 -1 16 7 24 15 11 -11 12 22 14 -13 -3 -2 18 19 20 21 28 23 -8 25 -7 -27 -28 -15 -21
right_child=1 2 -4 -5 -6 6 9 -9 -10 10 -12 13 -14 17 -16 -17 -18 -19 -20 29 -22 -23 -24 -25 -26 26 27 -29 -30 -31
leaf_value=-0.05013609724082118 -0.013463047997378942 -0.045696343682762937 0.051120713316083415 0.051120716422702467 0.051120716422702467 -0.050136019478792204 -0.052317770992487446 0.051331151850454559 0.051120716422702467 -0.050136020768082594 0.051120716422702453 -0.050136019467912678 0.051496800155148327 -0.050136277499336024 0.051120716422702467 -0.050136020280393524 -0.050136019666895619 0.051120716422702467 0.051120716422702467 0.051120680497049022 0.051120716422702467 0.051120716422702439 -0.054176198931580648 -0.051890768487436671 -0.050381206310787567 -0.050135906960032728 -0.050181037552890065 -0.050407624894464036 -0.050197235631696306 0.05112443933217499
leaf_weight=1103.6386822215281 11.559019817039367 96.087264494039118 4331.0748988240957 571.71726796030998 179.56727793812752 1.6883377758786089 0.71782734477892274 1.0795952677726748 0.55025723576545615 1.7749248857144255 4.0352197289466858 2.7056697290390757 8.4732087403535843 6.1181350734550488 22.927384823560715 1459.282389364671 0.72511842660605985 11986.62020483613 3429.0196742117405 567.11521308124065 6.0528295934200278 2.2010289430618286 1.045910957502201 0.35561547218821943 0.1740862454753368 0.52445423277094949 0.096780868479982018 0.15345858130604029 0.32316815806552757 39.344246625900269
leaf_count=407668 1259 32746 23613 3117 979 624 55 5 3 656 22 1000 36 2257 125 539343 268 65351 18695 3092 33 12 29 11 34 194 32 21 83 214
internal_value=0.0397422 0.0440302 0.026761 -0.0227006 -0.0356885 0.0509393 0.0510218 -0.0206867 -0.049826 0.0510384 0.0201881 0.0510495 0.0305565 0.0510631 0.0404327 -0.0498617 -0.0156278 0.0510801 0.0509597 0.0500709 0.00673558 -0.0243504 -0.0531633 -0.0521763 -0.0501696 -0.0501547 -0.0501954 -0.05032 -0.0501393 0.0511209
internal_weight=23836.7 22553.5 6458.71 2127.64 1283.21 16094.8 16082.5 3.71671 1555.92 16078.8 5.81014 16073 10.5926 16062.4 25.6331 1555.37 12.2841 16036.8 4050.17 621.155 14.6952 8.64233 2.11935 1.07344 2.63712 2.46303 0.774694 0.250239 6.4413 606.459
internal_count=1101577 692930 598822 575209 408647 94108 92581 910 572092 91671 678 90993 131 90862 1125 572089 1527 89737 24386 5691 2385 2352 95 66 905 871 247 53 2340 3306
cat_boundaries=0 1 2
cat_threshold=132 9
is_linear=0
shrinkage=0.05


Tree=74
num_leaves=31
num_cat=2
split_feature=2 1 15 19 15 13 3 15 39 4 15 3 15 4 15 13 3 28 23 15 22 25 13 3 13 3 4 13 3 3
split_gain=2941.65 1009.45 2955.06 1620.05 602.311 21.0933 7.26378 3.00113 2.13331 2.10109 4.80504 1.69633 7.05251 1.10178 9.43159 0.743765 0.359397 0.029801 0.220103 10.7373 7.70755 6.39752 0.000722429 1.49467e-05 2.87158e-06 6.43743e-07 1.97555e-06 1.04803e-06 3.92536e-07 1.78681e-07
threshold=0 1 1.0000000180025095e-35 1.0000000180025095e-35 1.0000000180025095e-35 6.0000000000000009 49759.000000000007 1.0000000180025095e-35 1.0000000180025095e-35 444.50000000000006 1.0000000180025095e-35 49899.000000000007 1.0000000180025095e-35 416.00000000000006 1.0000000180025095e-35 1.0000000180025095e-35 130.00000000000003 1.0000000180025095e-35 1.0000000180025095e-35 1.0000000180025095e-35 1.0000000180025095e-35 1.0000000180025095e-35 2726.0000000000005 49873.500000000007 11006.000000000002 49439.000000000007 416.00000000000006 1302.0000000000002 55029.000000000007 59706.500000000007
decision_type=9 9 2 2 2 8 8 2 2 10 2 8 2 8 2 10 10 2 2 2 2 2 10 10 10 10 10 10 10 10
left_child=4 5 3 8 -1 16 7 24 15 11 -11 12 22 14 -13 -3 -2 18 19 20 21 28 23 -8 25 -7 -27 -28 -15 -21
right_child=1 2 -4 -5 -6 6 9 -9 -10 10 -12 13 -14 17 -16 -17 -18 -19 -20 29 -22 -23 -24 -25 -26 26 27 -29 -30 -31
leaf_value=-0.050129443803029063 -0.012964545441472481 -0.045482851801026368 0.051064861186615518 0.051064864463651799 0.051064864463651799 -0.050129366281528809 -0.052201239340575481 0.051264546134292779 0.051064864463651799 -0.050129367564839579 0.051064864463651785 -0.050129366152886448 0.051421791463755744 -0.050129613040541678 0.051064864463651799 -0.050129369313462471 -0.05012937087448005 0.051064864463651799 0.051064864463651799 0.051064829820469594 0.051064864463651799 0.051064864463651771 -0.053957080149250415 -0.051795197079961101 -0.050362525907083379 -0.05012925691997773 -0.050172197952195532 -0.050387598131480388 -0.050187581260120774 0.051068400564178697
leaf_weight=1049.9493861598894 11.407252751290795 91.819377057487145 4124.2382579445839 544.41409662365913 170.99178716540337 1.6062043448910124 0.684304300229994 1.0282433629035952 0.52397891879081626 1.6885792012326408 3.8425120711326599 2.5740456767380264 8.0714257061481476 5.8205044283531588 21.832454949617386 1388.2918886891566 0.68984318058937866 11414.182107299566 3265.2619622647762 540.03180630505085 5.763768106698989 2.095915675163269 0.99883937253616739 0.33888031332753599 0.16565583483315993 0.49894079519435752 0.092076623113825917 0.14603087026625872 0.30746471369639028 37.465437442064285
leaf_count=407668 1259 32746 23613 3117 979 624 55 5 3 656 22 1000 36 2257 125 539343 268 65351 18695 3092 33 12 29 11 34 194 32 21 83 214
internal_value=0.0397014 0.0439823 0.0267337 -0.0226875 -0.0356652 0.0508808 0.0509661 -0.020677 -0.0498054 0.0509826 0.0201714 0.0509938 0.0305028 0.0510073 0.0403924 -0.0498411 -0.0150839 0.0510243 0.0509041 0.0500166 0.00673045 -0.0243416 -0.0530005 -0.0520668 -0.0501613 -0.0501471 -0.0501858 -0.0503043 -0.0501325 0.0510651
internal_weight=22696.8 21475.9 6149.29 2025.05 1220.94 15326.6 15314.5 3.53715 1480.64 15311 5.53109 15305.4 10.0934 15295.3 24.4065 1480.11 12.0971 15270.9 3856.75 591.485 13.9877 8.22388 2.02202 1.02318 2.50891 2.34325 0.737048 0.238107 6.12797 577.497
internal_count=1101577 692930 598822 575209 408647 94108 92581 910 572092 91671 678 90993 131 90862 1125 572089 1527 89737 24386 5691 2385 2352 95 66 905 871 247 53 2340 3306
cat_boundaries=0 1 2
cat_threshold=132 9
is_linear=0
shrinkage=0.05


Tree=75
num_leaves=31
num_cat=2
split_feature=2 1 15 19 15 13 3 15 39 4 15 3 15 4 15 13 3 28 23 15 22 25 13 3 13 3 4 13 3 3
split_gain=2794.61 958.069 2807.92 1540.09 572.773 20.4156 6.90072 2.85332 2.02834 1.99529 4.56714 1.61593 6.69663 1.04611 8.96303 0.778109 0.35153 0.0282931 0.208968 10.198 7.32514 6.08314 0.000616119 1.28793e-05 2.47097e-06 5.53777e-07 1.69955e-06 9.01188e-07 3.37695e-07 1.53408e-07
threshold=0 1 1.0000000180025095e-35 1.0000000180025095e-35 1.0000000180025095e-35 6.0000000000000009 49759.000000000007 1.0000000180025095e-35 1.0000000180025095e-35 444.50000000000006 1.0000000180025095e-35 49899.000000000007 1.0000000180025095e-35 416.00000000000006 1.0000000180025095e-35 1.0000000180025095e-35 130.00000000000003 1.0000000180025095e-35 1.0000000180025095e-35 1.0000000180025095e-35 1.0000000180025095e-35 1.0000000180025095e-35 2726.0000000000005 49873.500000000007 11006.000000000002 49439.000000000007 416.00000000000006 1302.0000000000002 55029.000000000007 59706.500000000007
decision_type=9 9 2 2 2 8 8 2 2 10 2 8 2 8 2 10 10 2 2 2 2 2 10 10 10 10 10 10 10 10
left_child=4 5 3 8 -1 16 7 24 15 11 -11 12 22 14 -13 -3 -2 18 19 20 21 28 23 -8 25 -7 -27 -28 -15 -21
right_child=1 2 -4 -5 -6 6 9 -9 -10 10 -12 13 -14 17 -16 -17 -18 -19 -20 29 -22 -23 -24 -25 -26 26 27 -29 -30 -31
leaf_value=-0.050123115728312698 -0.012478268284245597 -0.045261048337144845 0.0510118491080555 0.05101184900260778 0.05101184900260778 -0.050123046192564961 -0.052090723353107118 0.0512013566181354 0.05101184900260778 -0.050123046276260255 0.051011849002607773 -0.050123041904701161 0.051350638219798378 -0.050123276314404511 0.05101184900260778 -0.050123045144577764 -0.050123046845844704 0.05101184900260778 0.05101184900260778 0.051011819237263126 0.051011849002607773 0.051011849002607759 -0.053750218626259366 -0.051704617351369803 -0.050344769839689718 -0.050122936648647559 -0.050163788875341758 -0.050368561456637873 -0.050178399221839233 0.051015209868922953
leaf_weight=998.86572267394513 11.262954721227285 87.758653863100335 3927.0708382129669 518.38733308017254 162.81719572842121 1.5280567063018691 0.65227653225883642 0.97927197813987721 0.49892909824848075 1.6064237621612836 3.6588133871555328 2.4488091003149774 7.6881477683782578 5.5373174520209414 20.788712427020073 1320.7465026667342 0.65627984050661403 10868.50516654551 3109.1598305851221 514.21449948847294 5.4882200807332993 1.9957163929939268 0.95368958963081241 0.32290339446626604 0.15763088292442251 0.47466549696400751 0.08760030590929091 0.13896003877744079 0.29252165718935419 35.674446597695351
leaf_count=407668 1259 32746 23613 3117 979 624 55 5 3 656 22 1000 36 2257 125 539343 268 65351 18695 3092 33 12 29 11 34 194 32 21 83 214
internal_value=0.0396626 0.0439365 0.0267074 -0.0226744 -0.0356416 0.0508249 0.0509132 -0.0206679 -0.0497844 0.0509297 0.0201556 0.0509408 0.030452 0.0509544 0.0403541 -0.0498201 -0.014551 0.0509713 0.0508513 0.0499651 0.00672557 -0.0243333 -0.0528466 -0.0519629 -0.0501535 -0.0501399 -0.0501767 -0.0502894 -0.050126 0.051012
internal_weight=21610.4 20448.7 5854.46 1927.39 1161.68 14594.3 14582.4 3.36619 1409 14579 5.26524 14573.7 9.61702 14564.1 23.2375 1408.51 11.9192 14540.9 3672.36 563.203 13.3138 7.82556 1.92887 0.97518 2.38691 2.22928 0.701226 0.22656 5.82984 549.889
internal_count=1101577 692930 598822 575209 408647 94108 92581 910 572092 91671 678 90993 131 90862 1125 572089 1527 89737 24386 5691 2385 2352 95 66 905 871 247 53 2340 3306
cat_boundaries=0 1 2
cat_threshold=132 9
is_linear=0
shrinkage=0.05


Tree=76
num_leaves=31
num_cat=2
split_feature=2 1 15 19 15 13 3 15 39 4 15 3 15 4 15 13 3 28 23 15 22 25 13 3 13 3 4 13 3 3
split_gain=2655.03 909.349 2668.26 1464.09 544.691 19.7753 6.55623 2.71286 1.92853 1.89497 4.34119 1.53923 6.35929 0.99335 8.51816 0.813851 0.343488 0.0268642 0.198415 9.68643 6.96201 5.78432 0.000525696 1.10972e-05 2.12622e-06 4.76551e-07 1.46211e-06 7.74944e-07 2.90533e-07 1.31619e-07
threshold=0 1 1.0000000180025095e-35 1.0000000180025095e-35 1.0000000180025095e-35 6.0000000000000009 49759.000000000007 1.0000000180025095e-35 1.0000000180025095e-35 444.50000000000006 1.0000000180025095e-35 49899.000000000007 1.0000000180025095e-35 416.00000000000006 1.0000000180025095e-35 1.0000000180025095e-35 130.00000000000003 1.0000000180025095e-35 1.0000000180025095e-35 1.0000000180025095e-35 1.0000000180025095e-35 1.0000000180025095e-35 2726.0000000000005 49873.500000000007 11006.000000000002 49439.000000000007 416.00000000000006 1302.0000000000002 55029.000000000007 59706.500000000007
decision_type=9 9 2 2 2 8 8 2 2 10 2 8 2 8 2 10 10 2 2 2 2 2 10 8 10 10 10 10 10 10
left_child=4 5 3 8 -1 16 7 24 15 11 -11 12 22 14 -13 -3 -2 18 19 20 21 28 23 -8 25 -7 -27 -28 -15 -21
right_child=1 2 -4 -5 -6 6 9 -9 -10 10 -12 13 -14 17 -16 -17 -18 -19 -20 29 -22 -23 -24 -25 -26 26 27 -29 -30 -31
leaf_value=-0.050117097506004266 -0.012004387159196231 -0.045030640856298015 0.05096152619728727 0.050961526155875285 0.050961526155875285 -0.050117028019080738 -0.051985908951302034 0.051141395495497302 0.050961526155875285 -0.050117029014444293 0.050961526155875271 -0.050117032378691521 0.051283131997965775 -0.050117250586797057 0.050961526155875285 -0.050117028080558214 -0.050117027557018745 0.050961526155875285 0.050961526155875285 0.05096150064730285 0.050961526155875285 0.050961526155875264 -0.053554852365640761 -0.051618755322865743 -0.050327879497317977 -0.050116927891923596 -0.050155791389794119 -0.050350464836925568 -0.050169669579908517 0.050964719222864108
leaf_weight=950.26168813928962 11.12576124258339 83.895104249240831 3739.1410235315561 493.57989406585693 155.02557468414307 1.4537026204634469 0.62168405717238784 0.93257693946361531 0.47505283355712791 1.5282563751097757 3.4837207794189453 2.329651731997731 7.3225761950016022 5.2678766620811057 19.793868064880371 1256.4799025827087 0.62434572819620449 10348.392575263977 2960.3709077835083 489.60675875842571 5.225581169128418 1.9002113342285154 0.9104032781906426 0.30765324551611939 0.14999218331649888 0.45156856905668963 0.083340939832851291 0.13222918566316366 0.27830240130424488 33.96735343337059
leaf_count=407668 1259 32746 23613 3117 979 624 55 5 3 656 22 1000 36 2257 125 539343 268 65351 18695 3092 33 12 29 11 34 194 32 21 83 214
internal_value=0.0396255 0.0438928 0.0266821 -0.0226616 -0.0356177 0.0507716 0.050863 -0.0206592 -0.049763 0.0508795 0.0201406 0.0508906 0.0304037 0.0509041 0.0403177 -0.0497987 -0.0140295 0.050921 0.0508012 0.0499163 0.00672093 -0.0243254 -0.0527009 -0.0518644 -0.050146 -0.0501331 -0.0501681 -0.0502752 -0.0501199 0.0509617
internal_weight=20575.1 19469.8 5573.57 1834.43 1105.29 13896.3 13884.5 3.20341 1340.85 13881.3 5.01198 13876.3 9.16232 13867.1 22.1235 1340.38 11.7501 13845 3496.62 536.246 12.672 7.44639 1.83974 0.929337 2.27083 2.12084 0.667139 0.21557 5.54618 523.574
internal_count=1101577 692930 598822 575209 408647 94108 92581 910 572092 91671 678 90993 131 90862 1125 572089 1527 89737 24386 5691 2385 2352 95 66 905 871 247 53 2340 3306
cat_boundaries=0 1 2
cat_threshold=132 9
is_linear=0
shrinkage=0.05


Tree=77
num_leaves=31
num_cat=2
split_feature=2 1 15 19 15 13 3 15 39 4 15 3 15 4 15 13 3 28 23 15 22 25 13 3 13 3 4 13 3 3
split_gain=2522.5 863.149 2535.67 1391.85 517.993 19.1704 6.2293 2.57938 1.83361 1.79984 4.12656 1.46606 6.03946 0.943332 8.09573 0.851025 0.335298 0.0255099 0.188415 9.20122 6.61717 5.50028 0.000448743 9.56084e-06 1.82975e-06 4.10103e-07 1.25787e-06 6.6644e-07 2.49927e-07 1.13282e-07
threshold=0 1 1.0000000180025095e-35 1.0000000180025095e-35 1.0000000180025095e-35 6.0000000000000009 49759.000000000007 1.0000000180025095e-35 1.0000000180025095e-35 444.50000000000006 1.0000000180025095e-35 49899.000000000007 1.0000000180025095e-35 416.00000000000006 1.0000000180025095e-35 1.0000000180025095e-35 130.00000000000003 1.0000000180025095e-35 1.0000000180025095e-35 1.0000000180025095e-35 1.0000000180025095e-35 1.0000000180025095e-35 2726.0000000000005 49873.500000000007 11006.000000000002 49439.000000000007 416.00000000000006 1302.0000000000002 55029.000000000007 59706.500000000007
decision_type=9 9 2 2 2 8 8 2 2 10 2 8 2 8 2 10 10 2 2 2 2 2 10 10 10 10 10 10 10 10
left_child=4 5 3 8 -1 16 7 24 15 11 -11 12 22 14 -13 -3 -2 18 19 20 21 28 23 -8 25 -7 -27 -28 -15 -21
right_child=1 2 -4 -5 -6 6 9 -9 -10 10 -12 13 -14 17 -16 -17 -18 -19 -20 29 -22 -23 -24 -25 -26 26 27 -29 -30 -31
leaf_value=-0.050111372528195391 -0.011543024262716617 -0.044791367195325824 0.050913752892467537 0.05091375284463652 0.05091375284463652 -0.050111305603357498 -0.051886477785497737 0.051084492270626614 0.05091375284463652 -0.050111307221196499 0.050913752844636506 -0.050111305462319428 0.051219077287192827 -0.050111520581433568 0.05091375284463652 -0.050111306120638834 -0.050111305626023873 0.05091375284463652 0.05091375284463652 0.050913726238861236 0.050913752844636506 0.050913752844636499 -0.05337027332313185 -0.051537346473446766 -0.050311828758497927 -0.050111214257647779 -0.050148183605589952 -0.05033326455369759 -0.050161365444374328 0.050916786398341712
leaf_weight=904.01750923227519 10.995327882468697 80.219187690643594 3560.0342056006193 469.93715800344944 147.59976826608181 1.3829586238134663 0.5924687827937285 0.88805782794952381 0.45229755342006583 1.4538841946050514 3.3168487250804901 2.2162799723446396 6.9739412069320679 5.0115179782733303 18.845731392502785 1195.3337372702081 0.59396215900778848 9852.6991378515959 2818.5675870627165 466.15431347489357 4.9752730876207352 1.8091902136802671 0.86892170191276819 0.29309942247346044 0.14272135496139515 0.42959304293617595 0.079288076609373093 0.12582219345495105 0.26477214624173928 32.340396150946617
leaf_count=407668 1259 32746 23613 3117 979 624 55 5 3 656 22 1000 36 2257 125 539343 268 65351 18695 3092 33 12 29 11 34 194 32 21 83 214
internal_value=0.0395902 0.043851 0.0266576 -0.0226488 -0.0355935 0.0507206 0.0508153 -0.0206509 -0.049741 0.0508318 0.0201263 0.0508429 0.030358 0.0508564 0.0402832 -0.0497767 -0.0135197 0.0508733 0.0507537 0.0498699 0.00671653 -0.0243178 -0.052563 -0.0517709 -0.0501388 -0.0501266 -0.0501599 -0.0502617 -0.050114 0.0509139
internal_weight=19588.6 18537 5305.98 1745.94 1051.62 13231 13219.4 3.04844 1276.01 13216.4 4.77073 13211.6 8.72843 13202.9 21.062 1275.55 11.5893 13181.8 3329.12 510.555 12.0608 7.08548 1.75449 0.885568 2.16038 2.01766 0.634703 0.20511 5.27629 498.495
internal_count=1101577 692930 598822 575209 408647 94108 92581 910 572092 91671 678 90993 131 90862 1125 572089 1527 89737 24386 5691 2385 2352 95 66 905 871 247 53 2340 3306
cat_boundaries=0 1 2
cat_threshold=132 9
is_linear=0
shrinkage=0.05


Tree=78
num_leaves=31
num_cat=2
split_feature=2 1 15 19 15 13 3 15 39 4 15 3 15 4 15 13 3 28 23 15 22 25 13 3 13 3 4 13 3 3
split_gain=2396.66 819.33 2409.79 1323.18 492.609 18.5988 5.91902 2.45252 1.74335 1.70961 3.92269 1.39627 5.73617 0.895906 7.69459 0.889677 0.326988 0.0242259 0.178932 8.74092 6.28965 5.23029 0.000383214 8.23675e-06 1.57449e-06 3.52775e-07 1.0823e-06 5.73133e-07 2.15074e-07 9.70703e-08
threshold=0 1 1.0000000180025095e-35 1.0000000180025095e-35 1.0000000180025095e-35 6.0000000000000009 49759.000000000007 1.0000000180025095e-35 1.0000000180025095e-35 444.50000000000006 1.0000000180025095e-35 49899.000000000007 1.0000000180025095e-35 416.00000000000006 1.0000000180025095e-35 1.0000000180025095e-35 130.00000000000003 1.0000000180025095e-35 1.0000000180025095e-35 1.0000000180025095e-35 1.0000000180025095e-35 1.0000000180025095e-35 2726.0000000000005 49873.500000000007 11006.000000000002 49439.000000000007 416.00000000000006 1302.0000000000002 55029.000000000007 59706.500000000007
decision_type=9 9 2 2 2 8 8 2 2 10 2 8 2 8 2 10 10 2 2 2 2 2 10 10 10 10 10 10 10 10
left_child=4 5 3 8 -1 16 7 24 15 11 -11 12 22 14 -13 -3 -2 18 19 20 21 28 23 -8 25 -7 -27 -28 -15 -21
right_child=1 2 -4 -5 -6 6 9 -9 -10 10 -12 13 -14 17 -16 -17 -18 -19 -20 29 -22 -23 -24 -25 -26 26 27 -29 -30 -31
leaf_value=-0.050105927075390772 -0.011094247878275303 -0.04454293299671392 0.050868396194541865 0.050868396140083261 0.050868396140083261 -0.050105868573418949 -0.051792146815784805 0.051030486686012691 0.050868396140083261 -0.050105868233279116 0.05086839614008324 -0.05010586856616827 0.051158289437646567 -0.050106066394882257 0.050868396140083261 -0.050105869184645817 -0.050105868718151307 0.050868396140083261 0.050868396140083261 0.050868372421817215 0.050868396140083254 0.050868396140083233 -0.053195823955152599 -0.051460148251858844 -0.050296560148089656 -0.050105773024196991 -0.050140950161369782 -0.050316912965781349 -0.050153472242349464 0.050871275603890022
leaf_weight=860.01913509424776 10.871323185041543 76.721843906678259 3389.3527021706104 447.40659342706203 140.52327717840672 1.3156500749755657 0.56457431218586662 0.84561820328235615 0.43061269819736381 1.3831237533595402 3.1578264534473419 2.1084137260913876 6.6415015459060669 4.7676089524757099 17.942195758223534 1137.156939113047 0.56505406741052944 9380.3234799653292 2683.4347975999117 443.80510038137436 4.7367396801710129 1.722450792789459 0.82918592006899416 0.27921248774509877 0.13580092135816801 0.40868479060009111 0.07543175620958209 0.11972368648275733 0.25189769989810873 30.789963573217392
leaf_count=407668 1259 32746 23613 3117 979 624 55 5 3 656 22 1000 36 2257 125 539343 268 65351 18695 3092 33 12 29 11 34 194 32 21 83 214
internal_value=0.0395565 0.043811 0.0266339 -0.0226362 -0.0355689 0.0506719 0.0507701 -0.020643 -0.0497186 0.0507865 0.0201127 0.0507976 0.0303146 0.0508111 0.0402505 -0.0497543 -0.0130218 0.050828 0.0507085 0.0498258 0.00671235 -0.0243106 -0.0524325 -0.0516823 -0.050132 -0.0501204 -0.050152 -0.0502489 -0.0501084 0.0508686
internal_weight=18648.7 17648.1 5051.07 1661.72 1000.54 12597.1 12585.6 2.90091 1214.31 12582.7 4.54095 12578.2 8.31447 12569.9 20.0506 1213.88 11.4364 12549.8 3169.51 486.074 11.4787 6.74196 1.67297 0.843787 2.05529 1.91949 0.60384 0.195155 5.01951 474.595
internal_count=1101577 692930 598822 575209 408647 94108 92581 910 572092 91671 678 90993 131 90862 1125 572089 1527 89737 24386 5691 2385 2352 95 66 905 871 247 53 2340 3306
cat_boundaries=0 1 2
cat_threshold=132 9
is_linear=0
shrinkage=0.05


Tree=79
num_leaves=31
num_cat=2
split_feature=2 1 15 19 15 13 3 15 39 4 15 3 15 13 4 15 3 28 23 15 22 25 13 3 13 3 4 13 3 3
split_gain=2277.16 777.763 2290.26 1257.9 468.476 18.0585 5.6245 2.33195 1.65751 1.62403 3.72901 1.32972 5.44854 0.92984 0.850932 7.31362 0.318585 0.0230086 0.169943 8.3042 5.97857 4.97362 0.000327387 7.09551e-06 1.35491e-06 3.03627e-07 9.31097e-07 4.92916e-07 1.85018e-07 8.35999e-08
threshold=0 1 1.0000000180025095e-35 1.0000000180025095e-35 1.0000000180025095e-35 6.0000000000000009 49759.000000000007 1.0000000180025095e-35 1.0000000180025095e-35 444.50000000000006 1.0000000180025095e-35 49899.000000000007 1.0000000180025095e-35 1.0000000180025095e-35 416.00000000000006 1.0000000180025095e-35 130.00000000000003 1.0000000180025095e-35 1.0000000180025095e-35 1.0000000180025095e-35 1.0000000180025095e-35 1.0000000180025095e-35 2726.0000000000005 49873.500000000007 11006.000000000002 49439.000000000007 416.00000000000006 1302.0000000000002 55029.000000000007 59706.500000000007
decision_type=9 9 2 2 2 8 8 2 2 10 2 8 2 10 8 2 10 2 2 2 2 2 10 10 10 8 10 10 10 10
left_child=4 5 3 8 -1 16 7 24 13 11 -11 12 22 -3 15 -13 -2 18 19 20 21 28 23 -8 25 -7 -27 -28 -16 -21
right_child=1 2 -4 -5 -6 6 9 -9 -10 10 -12 14 -14 -15 17 -17 -18 -19 -20 29 -22 -23 -24 -25 -26 26 27 -29 -30 -31
leaf_value=-0.050100748034514503 -0.010658121790436761 -0.044285067551743433 0.050825327376635511 0.050825327340443011 0.050825327340443011 -0.050100693118784824 -0.051702637931018293 0.050979217854208329 0.050825327340443011 -0.050100698600219588 0.050825327340442983 -0.050100693110336908 0.051100597429300156 -0.050100693710417921 -0.050100886356902678 0.050825327340443011 -0.050100693262286257 0.050825327340443011 0.050825327340443011 0.050825300678138466 0.050825327340442997 0.050825327340442976 -0.053030898080277979 -0.05138693062665322 -0.050282045298921413 -0.050100609443048831 -0.050134068744010718 -0.050301367903067877 -0.050145965026892614 0.050828061963344912
leaf_weight=818.15791831770912 10.75343573838472 73.394439681200311 3226.7150973826647 425.93785187602043 133.78028777241707 1.2516110457945613 0.53794595948420443 0.80516542494297016 0.40994980931281944 1.3158004421275098 3.0062986016273499 2.0057871006429222 6.324544295668602 1081.8059748765081 4.5355470946524274 17.081242054700851 0.53755013179034072 8930.2099961340427 2554.6705617010593 422.50917786359787 4.5094479024410248 1.6397992372512815 0.79113707912620157 0.26596400886774063 0.12921418366022397 0.38879206869751248 0.071762508247047663 0.1139190006069839 0.23964747367426742 29.312591761350632
leaf_count=407668 1259 32746 23613 3117 979 624 55 5 3 656 22 1000 36 539343 2257 125 268 65351 18695 3092 33 12 29 11 34 194 32 21 83 214
internal_value=0.0395243 0.0437727 0.026611 -0.0226236 -0.0355438 0.0506253 0.0507271 -0.0206356 -0.0496955 0.0507435 0.0200999 0.0507546 0.0302734 -0.0497312 0.0507681 0.0402194 -0.0125359 0.050785 0.0506656 0.049784 0.00670837 -0.0243038 -0.0523088 -0.0515982 -0.0501256 -0.0501145 -0.0501446 -0.0502367 -0.0501031 0.0508255
internal_weight=17753.2 16801.3 4808.26 1581.55 951.938 11993 11981.7 2.76046 1155.61 11979 4.3221 11974.6 7.91959 1155.2 11966.7 19.087 11.291 11947.6 3017.42 462.746 10.9244 6.41499 1.59505 0.80391 1.9553 1.82608 0.574474 0.185682 4.77519 451.822
internal_count=1101577 692930 598822 575209 408647 94108 92581 910 572092 91671 678 90993 131 572089 90862 1125 1527 89737 24386 5691 2385 2352 95 66 905 871 247 53 2340 3306
cat_boundaries=0 1 2
cat_threshold=132 9
is_linear=0
shrinkage=0.05


Tree=80
num_leaves=31
num_cat=2
split_feature=2 1 15 19 15 13 3 15 39 4 15 3 15 13 4 15 3 28 23 15 22 25 13 3 13 3 4 13 3 3
split_gain=2163.68 738.329 2176.76 1195.85 445.53 17.548 5.34492 2.21736 1.57589 1.54283 3.54501 1.26626 5.1757 0.97155 0.808276 6.95178 0.310113 0.0218542 0.161417 7.88978 5.68308 4.72963 0.000279795 6.11195e-06 1.16598e-06 2.61235e-07 8.01135e-07 4.2394e-07 1.59207e-07 7.201e-08
threshold=0 1 1.0000000180025095e-35 1.0000000180025095e-35 1.0000000180025095e-35 6.0000000000000009 49759.000000000007 1.0000000180025095e-35 1.0000000180025095e-35 444.50000000000006 1.0000000180025095e-35 49899.000000000007 1.0000000180025095e-35 1.0000000180025095e-35 416.00000000000006 1.0000000180025095e-35 130.00000000000003 1.0000000180025095e-35 1.0000000180025095e-35 1.0000000180025095e-35 1.0000000180025095e-35 1.0000000180025095e-35 2726.0000000000005 49873.500000000007 11006.000000000002 49439.000000000007 416.00000000000006 1302.0000000000002 55029.000000000007 59706.500000000007
decision_type=9 9 2 2 2 8 8 2 2 10 2 8 2 10 8 2 10 2 2 2 2 2 10 10 10 10 10 10 10 10
left_child=4 5 3 8 -1 16 7 24 13 11 -11 12 22 -3 15 -13 -2 18 19 20 21 28 23 -8 25 -7 -27 -28 -16 -21
right_child=1 2 -4 -5 -6 6 9 -9 -10 10 -12 14 -14 -15 17 -17 -18 -19 -20 29 -22 -23 -24 -25 -26 26 27 -29 -30 -31
leaf_value=-0.050095827521934123 -0.010234666579999897 -0.044017508424480344 0.050784430938702378 0.050784430923034224 0.050784430923034224 -0.050095772933353877 -0.051617700133871125 0.050930550844067501 0.050784430923034224 -0.050095772627849068 0.05078443092303421 -0.050095772928962182 0.051045834997390266 -0.050095773497853192 -0.050095953288464418 0.050784430923034224 -0.050095773069196027 0.050784430923034224 0.050784430923034224 0.050784400126833475 0.050784430923034224 0.050784430923034196 -0.052874921002243641 -0.051317484453594887 -0.050268242995851857 -0.050095689952663253 -0.050127523595825646 -0.050286589182115926 -0.050138825166107175 0.050787026709018912
leaf_weight=778.3304319633171 10.641364749521014 70.228738774778321 3071.755805939436 405.4826750010252 127.35564287006855 1.1906833158573138 0.51253080763854064 0.76661044359207142 0.39026243984699149 1.2517479916568834 2.8619245588779449 1.9081464270129824 6.0223838835954666 1029.1442509167828 4.3147599393269029 16.260934993624687 0.51138249365612942 8501.3469021469355 2431.9854376465082 402.21867647767067 4.2928868383169174 1.5610497593879697 0.75471673079300672 0.25332652020733804 0.12294523278251279 0.36986585799604643 0.068271297379396856 0.1083941487595439 0.22799136769026507 27.904961183667183
leaf_count=407668 1259 32746 23613 3117 979 624 55 5 3 656 22 1000 36 539343 2257 125 268 65351 18695 3092 33 12 29 11 34 194 32 21 83 214
internal_value=0.0394936 0.043736 0.0265887 -0.022611 -0.0355181 0.0505807 0.0506863 -0.0206285 -0.0496718 0.0507027 0.0200876 0.0507138 0.0302343 -0.0497075 0.0507273 0.0401898 -0.0120624 0.0507441 0.0506249 0.0497442 0.0067046 -0.0242974 -0.0521917 -0.0515184 -0.0501194 -0.0501089 -0.0501375 -0.0502251 -0.0500981 0.0507846
internal_weight=16900.1 15994.5 4577 1505.25 905.686 11417.5 11406.3 2.62677 1099.76 11403.7 4.11367 11399.6 7.54296 1099.37 11392 18.1691 11.1527 11373.9 2872.51 440.52 10.3967 6.1038 1.52057 0.765857 1.86016 1.73721 0.546531 0.176665 4.54275 430.124
internal_count=1101577 692930 598822 575209 408647 94108 92581 910 572092 91671 678 90993 131 572089 90862 1125 1527 89737 24386 5691 2385 2352 95 66 905 871 247 53 2340 3306
cat_boundaries=0 1 2
cat_threshold=132 9
is_linear=0
shrinkage=0.05


Tree=81
num_leaves=31
num_cat=2
split_feature=2 1 15 19 15 13 3 15 39 4 15 3 15 13 4 15 3 28 23 15 22 25 13 3 13 3 4 13 3 3
split_gain=2055.89 700.912 2068.97 1136.87 423.712 17.0653 5.07947 2.10843 1.49826 1.46578 3.37019 1.20577 4.91687 1.01485 0.767813 6.60809 0.301598 0.0207588 0.153327 7.4965 5.40238 4.49768 0.000239209 5.26434e-06 1.00333e-06 2.24785e-07 6.89258e-07 3.64633e-07 1.3698e-07 6.16055e-08
threshold=0 1 1.0000000180025095e-35 1.0000000180025095e-35 1.0000000180025095e-35 6.0000000000000009 49759.000000000007 1.0000000180025095e-35 1.0000000180025095e-35 444.50000000000006 1.0000000180025095e-35 49899.000000000007 1.0000000180025095e-35 1.0000000180025095e-35 416.00000000000006 1.0000000180025095e-35 130.00000000000003 1.0000000180025095e-35 1.0000000180025095e-35 1.0000000180025095e-35 1.0000000180025095e-35 1.0000000180025095e-35 2726.0000000000005 49873.500000000007 11006.000000000002 49439.000000000007 416.00000000000006 1302.0000000000002 55029.000000000007 59706.500000000007
decision_type=9 9 2 2 2 8 8 2 2 10 2 8 2 10 8 2 10 2 2 2 2 2 10 10 10 10 10 10 10 10
left_child=4 5 3 8 -1 16 7 24 13 11 -11 12 22 -3 15 -13 -2 18 19 20 21 28 23 -8 25 -7 -27 -28 -16 -21
right_child=1 2 -4 -5 -6 6 9 -9 -10 10 -12 14 -14 -15 17 -17 -18 -19 -20 29 -22 -23 -24 -25 -26 26 27 -29 -30 -31
leaf_value=-0.050091144542611404 -0.0098238493020515495 -0.043739986373515755 0.050745585321535273 0.05074558528772987 0.05074558528772987 -0.050091095739622671 -0.051537083373842843 0.050884345993045393 0.05074558528772987 -0.050091092561421316 0.050745585287729857 -0.050091092846081903 0.050993848796731495 -0.050091093394257519 -0.050091266435901921 0.05074558528772987 -0.050091092986288804 0.05074558528772987 0.05074558528772987 0.050745563859815448 0.050745585287729857 0.05074558528772985 -0.052727368365425215 -0.051251599566203787 -0.050255116013479317 -0.050091017406170515 -0.050121297756058225 -0.050272538886554675 -0.050132037235929183 0.050748053861691282
leaf_weight=740.43828657688573 10.534827133640643 67.21693895990029 2924.1247252300382 385.99484811723232 121.23482717573643 1.1327161018271001 0.48827775521203853 0.72986786067485798 0.37150610983371635 1.1908079680288204 2.7243781387805939 1.8152503762394196 5.7343616485595703 979.0414162290981 4.1047008895548043 15.479421243071556 0.48648635204881507 8092.7652612477541 2315.1022411137819 382.88768722116947 4.0865672081708908 1.4860244393348692 0.71986701444257051 0.24127359595149755 0.116978897480294 0.35185928572900582 0.064949530293233693 0.10313579370267689 0.21690072678029526 26.56389032304287
leaf_count=407668 1259 32746 23613 3117 979 624 55 5 3 656 22 1000 36 539343 2257 125 268 65351 18695 3092 33 12 29 11 34 194 32 21 83 214
internal_value=0.0394642 0.0437008 0.026567 -0.0225983 -0.0354918 0.0505379 0.0506475 -0.0206217 -0.0496474 0.0506639 0.020076 0.050675 0.0301973 -0.0496831 0.0506885 0.0401618 -0.0116013 0.0507053 0.0505862 0.0497065 0.00670101 -0.0242912 -0.0520807 -0.0514427 -0.0501136 -0.0501036 -0.0501308 -0.0502141 -0.0500933 0.0507457
internal_weight=16087.6 15225.9 4356.75 1432.62 861.673 10869.1 10858.1 2.49951 1046.63 10855.6 3.91519 10851.7 7.18378 1046.26 10844.5 17.2947 11.0213 10827.2 2734.45 419.346 9.89419 5.80763 1.44942 0.729551 1.76964 1.65266 0.519945 0.168085 4.3216 409.452
internal_count=1101577 692930 598822 575209 408647 94108 92581 910 572092 91671 678 90993 131 572089 90862 1125 1527 89737 24386 5691 2385 2352 95 66 905 871 247 53 2340 3306
cat_boundaries=0 1 2
cat_threshold=132 9
is_linear=0
shrinkage=0.05


Tree=82
num_leaves=31
num_cat=2
split_feature=2 1 15 19 15 13 3 15 39 4 15 3 15 13 4 15 3 28 23 15 22 25 13 3 13 3 4 13 3 3
split_gain=1953.51 665.404 1966.59 1080.79 402.968 16.6091 4.82744 2.0049 1.42444 1.39267 3.20407 1.1481 4.67129 1.05976 0.729425 6.28161 0.293063 0.0197199 0.145655 7.12321 5.13571 4.27716 0.000204579 4.53421e-06 8.6347e-07 1.93467e-07 5.9309e-07 3.13644e-07 1.1787e-07 5.30085e-08
threshold=0 1 1.0000000180025095e-35 1.0000000180025095e-35 1.0000000180025095e-35 6.0000000000000009 49759.000000000007 1.0000000180025095e-35 1.0000000180025095e-35 444.50000000000006 1.0000000180025095e-35 49899.000000000007 1.0000000180025095e-35 1.0000000180025095e-35 416.00000000000006 1.0000000180025095e-35 130.00000000000003 1.0000000180025095e-35 1.0000000180025095e-35 1.0000000180025095e-35 1.0000000180025095e-35 1.0000000180025095e-35 2726.0000000000005 49873.500000000007 11006.000000000002 49439.000000000007 416.00000000000006 1302.0000000000002 55029.000000000007 59706.500000000007
decision_type=9 9 2 2 2 8 8 2 2 10 2 8 2 10 8 2 10 2 2 2 2 2 10 10 10 8 10 10 10 10
left_child=4 5 3 8 -1 16 7 24 13 11 -11 12 22 -3 15 -13 -2 18 19 20 21 28 23 -8 25 -7 -27 -28 -16 -21
right_child=1 2 -4 -5 -6 6 9 -9 -10 10 -12 14 -14 -15 17 -17 -18 -19 -20 29 -22 -23 -24 -25 -26 26 27 -29 -30 -31
leaf_value=-0.050086692761039976 -0.0094256363905814659 -0.043452252510359696 0.050708693770485584 0.050708693731562671 0.050708693731562671 -0.050086640688753084 -0.051460566234360385 0.050840474472529811 0.050708693731562671 -0.050086643698319611 0.05070869373156265 -0.050086640595838089 0.050944492813490977 -0.050086642895492375 -0.050086806673359255 0.050708693731562671 -0.050086644100886507 0.050708693731562671 0.050708693731562671 0.050708672828543883 0.050708693731562664 0.050708693731562643 -0.052587742981148849 -0.051189084217480169 -0.050242635168682617 -0.050086568504027422 -0.050115377160377554 -0.050259184418092379 -0.050125581798175903 0.050711040195706214
leaf_weight=704.38769963406958 10.433551581576463 64.351566733093932 2783.486005410552 367.43003764003515 115.40391621738672 1.0775662654777987 0.46513736341148593 0.69485577940940846 0.35363814979791541 1.1328296656720334 2.593346431851387 1.7268691444769508 5.4598447531461716 931.37368608766701 3.9048512213630584 14.734922908246517 0.46280021313577968 7703.5355758145452 2203.7550701573491 364.47232334315777 3.8900196477770805 1.4145525991916654 0.68653085292316973 0.22977975662797689 0.11130071419756848 0.33472787262871895 0.061789018334820867 0.098131215199828148 0.20634825550951053 25.286332473158836
leaf_count=407668 1259 32746 23613 3117 979 624 55 5 3 656 22 1000 36 539343 2257 125 268 65351 18695 3092 33 12 29 11 34 194 32 21 83 214
internal_value=0.0394361 0.043667 0.0265459 -0.0225857 -0.0354649 0.0504969 0.0506107 -0.0206153 -0.0496222 0.0506271 0.020065 0.0506381 0.0301621 -0.0496579 0.0506517 0.0401351 -0.0111526 0.0506685 0.0505495 0.0496707 0.0066976 -0.0242853 -0.0519756 -0.0513708 -0.0501081 -0.0500985 -0.0501244 -0.0502036 -0.0500888 0.0507088
internal_weight=15313.6 14493.8 4146.99 1363.51 819.792 10346.8 10335.9 2.37837 996.079 10333.5 3.72618 10329.8 6.84129 995.725 10322.9 16.4618 10.8964 10306.5 2602.93 399.174 9.41577 5.52575 1.38145 0.694917 1.68352 1.57221 0.494648 0.15992 4.1112 389.759
internal_count=1101577 692930 598822 575209 408647 94108 92581 910 572092 91671 678 90993 131 572089 90862 1125 1527 89737 24386 5691 2385 2352 95 66 905 871 247 53 2340 3306
cat_boundaries=0 1 2
cat_threshold=132 9
is_linear=0
shrinkage=0.05


Tree=83
num_leaves=31
num_cat=2
split_feature=2 1 15 19 15 13 3 15 39 4 15 13 3 15 4 15 3 28 23 15 22 25 13 3 13 3 4 13 3 3
split_gain=1856.26 631.706 1869.36 1027.47 383.242 16.1777 4.58811 1.90648 1.35423 1.32328 3.04623 1.10632 1.09313 4.43825 0.693 5.97146 0.28453 0.0187344 0.138376 6.76888 4.88236 4.06751 0.000175018 3.90509e-06 7.43045e-07 1.66458e-07 5.10308e-07 2.69772e-07 1.01407e-07 4.55441e-08
threshold=0 1 1.0000000180025095e-35 1.0000000180025095e-35 1.0000000180025095e-35 6.0000000000000009 49759.000000000007 1.0000000180025095e-35 1.0000000180025095e-35 444.50000000000006 1.0000000180025095e-35 1.0000000180025095e-35 49899.000000000007 1.0000000180025095e-35 416.00000000000006 1.0000000180025095e-35 130.00000000000003 1.0000000180025095e-35 1.0000000180025095e-35 1.0000000180025095e-35 1.0000000180025095e-35 1.0000000180025095e-35 2726.0000000000005 49873.500000000007 11006.000000000002 49439.000000000007 416.00000000000006 1302.0000000000002 55029.000000000007 59706.500000000007
decision_type=9 9 2 2 2 8 8 2 2 10 2 10 8 2 8 2 10 2 2 2 2 2 10 10 10 8 10 10 10 10
left_child=4 5 3 8 -1 16 7 24 11 12 -11 -3 13 22 15 -14 -2 18 19 20 21 28 23 -8 25 -7 -27 -28 -16 -21
right_child=1 2 -4 -5 -6 6 9 -9 -10 10 -12 -13 14 -15 17 -17 -18 -19 -20 29 -22 -23 -24 -25 -26 26 27 -29 -30 -31
leaf_value=-0.05008245801141703 -0.0090399413843785404 -0.043154052868480869 0.050673651761213058 0.050673654304933383 0.050673654304933383 -0.050082408959103202 -0.051387930201033993 0.050798814468020606 0.050673654304933383 -0.050082409668805165 0.050673654304933362 -0.0500824108662421 -0.050082408502397494 0.050897629983851923 -0.050082565704583498 0.050673654304933369 -0.050082412174112245 0.050673654304933383 0.050673654304933383 0.050673633099614063 0.050673654304933369 0.050673654304933348 -0.052455584591715856 -0.051129763877955425 -0.050230764122788298 -0.050082337929562751 -0.050109745287148955 -0.050246481295620531 -0.050119439464117371 0.050675882256727679
leaf_weight=670.08953957306221 10.337282119318839 61.625544608337805 2649.5185724124312 349.74586075544357 109.84959822893143 1.0250971796922383 0.44306195713579632 0.66149567067623127 0.33661776781082053 1.077669695252552 2.4685302972793579 886.02305226423778 1.6427841037511814 5.1982261762022972 3.7147159370360883 14.025740325450897 0.44026545342058021 7332.7692480683327 2097.6897230744362 346.93047791719437 3.7027954459190369 1.3464710712432859 0.65465210424736142 0.21882044884841889 0.10589690273627628 0.31842921976931426 0.058781972620636225 0.09336830023676157 0.19630797160789359 24.069370359182358
leaf_count=407668 1259 32746 23613 3117 979 624 55 5 3 656 22 539343 1000 36 2257 125 268 65351 18695 3092 33 12 29 11 34 194 32 21 83 214
internal_value=0.0394092 0.0436345 0.0265253 -0.0225729 -0.0354372 0.0504574 0.0505757 -0.0206092 -0.0495962 0.0505921 0.0200545 -0.0496319 0.0506031 0.0301287 0.0506167 0.0401098 -0.0107165 0.0506335 0.0505146 0.0496366 0.00669436 -0.0242798 -0.0518759 -0.0513026 -0.0501028 -0.0500937 -0.0501183 -0.0501937 -0.0500844 0.0506738
internal_weight=14576.4 13796.4 3947.25 1297.73 779.939 9849.19 9838.41 2.26307 947.985 9836.15 3.5462 947.649 9832.6 6.51476 9826.09 15.6685 10.7775 9810.42 2477.65 379.96 8.96029 5.25749 1.31653 0.661882 1.60157 1.49568 0.470579 0.15215 3.91102 371
internal_count=1101577 692930 598822 575209 408647 94108 92581 910 572092 91671 678 572089 90993 131 90862 1125 1527 89737 24386 5691 2385 2352 95 66 905 871 247 53 2340 3306
cat_boundaries=0 1 2
cat_threshold=132 9
is_linear=0
shrinkage=0.05


Tree=84
num_leaves=31
num_cat=2
split_feature=2 1 15 19 15 13 3 15 39 4 15 13 3 15 4 15 3 28 23 15 22 25 13 3 13 3 4 13 3 3
split_gain=1763.88 599.719 1776.99 976.787 364.486 15.7698 4.36084 1.81292 1.28746 1.25741 2.89624 1.15455 1.04074 4.21708 0.658435 5.6768 0.27602 0.0177991 0.131469 6.4325 4.64163 3.86818 0.000149774 3.36314e-06 6.39425e-07 1.43256e-07 4.39062e-07 2.32061e-07 8.7262e-08 3.9259e-08
threshold=0 1 1.0000000180025095e-35 1.0000000180025095e-35 1.0000000180025095e-35 6.0000000000000009 49759.000000000007 1.0000000180025095e-35 1.0000000180025095e-35 444.50000000000006 1.0000000180025095e-35 1.0000000180025095e-35 49899.000000000007 1.0000000180025095e-35 416.00000000000006 1.0000000180025095e-35 130.00000000000003 1.0000000180025095e-35 1.0000000180025095e-35 1.0000000180025095e-35 1.0000000180025095e-35 1.0000000180025095e-35 2726.0000000000005 49873.500000000007 11006.000000000002 49439.000000000007 416.00000000000006 1302.0000000000002 55029.000000000007 59706.500000000007
decision_type=9 9 2 2 2 8 8 2 2 10 2 10 8 2 8 2 10 2 2 2 2 2 10 10 10 10 10 10 10 10
left_child=4 5 3 8 -1 16 7 24 11 12 -11 -3 13 22 15 -14 -2 18 19 20 21 28 23 -8 25 -7 -27 -28 -16 -21
right_child=1 2 -4 -5 -6 6 9 -9 -10 10 -12 -13 14 -15 17 -17 -18 -19 -20 29 -22 -23 -24 -25 -26 26 27 -29 -30 -31
leaf_value=-0.05007842817409236 -0.0086666696008615776 -0.042845156923138283 0.050640367697988214 0.05064036492663232 0.05064036492663232 -0.050078384345626864 -0.051318971204626918 0.050759248745239821 0.05064036492663232 -0.050078385587052271 0.050640364926632299 -0.050078384803202217 -0.050078384337345627 0.050853131691841517 -0.050078532694471795 0.050640364926632313 -0.050078384454125907 0.05064036492663232 0.05064036492663232 0.050640346313750986 0.050640364926632299 0.050640364926632278 -0.052330463414307873 -0.051073463970972524 -0.050219477325510076 -0.050078319670744109 -0.050104387779338622 -0.05023440769310239 -0.050113602152468267 0.050642486693823721
leaf_weight=637.45889523928054 10.245772227644917 59.032115529174916 2521.9147640764713 332.90172285586596 104.55912309139967 0.97517897689249389 0.42200560192577519 0.62971223890781391 0.32040589302778144 1.0251914487453171 2.3496432155370712 842.87725001736544 1.5627869870513666 4.9489234834909439 3.5338244638405727 13.350245542824268 0.41882628854364234 6979.6151717528701 1996.6627233847976 330.22192781418562 3.5244648233056068 1.2816235721111295 0.62417565437499434 0.20837211946491152 0.10075431817676861 0.30292294849641621 0.055920969927683473 0.088835483882576227 0.18675512657500792 22.910210825502872
leaf_count=407668 1259 32746 23613 3117 979 624 55 5 3 656 22 539343 1000 36 2257 125 268 65351 18695 3092 33 12 29 11 34 194 32 21 83 214
internal_value=0.0393834 0.0436032 0.0265051 -0.0225601 -0.0354088 0.0504195 0.0505425 -0.0206034 -0.0495694 0.0505589 0.0200445 -0.049605 0.0505699 0.0300969 0.0505835 0.0400857 -0.010293 0.0506002 0.0504815 0.0496043 0.00669128 -0.0242745 -0.0517814 -0.0512378 -0.0500978 -0.0500891 -0.0501125 -0.0501842 -0.0500803 0.0506405
internal_weight=13874.3 13132.3 3757.05 1235.13 742.018 9375.25 9364.58 2.15332 902.23 9362.43 3.37483 901.909 9359.05 6.20348 9352.85 14.913 10.6646 9337.94 2358.32 361.659 8.52667 5.0022 1.25455 0.630378 1.52361 1.42286 0.447679 0.144756 3.72058 353.132
internal_count=1101577 692930 598822 575209 408647 94108 92581 910 572092 91671 678 572089 90993 131 90862 1125 1527 89737 24386 5691 2385 2352 95 66 905 871 247 53 2340 3306
cat_boundaries=0 1 2
cat_threshold=132 9
is_linear=0
shrinkage=0.05


Tree=85
num_leaves=31
num_cat=2
split_feature=2 1 15 19 15 13 3 15 39 13 4 15 3 15 4 15 3 28 23 15 22 25 13 3 13 3 4 13 3 3
split_gain=1676.11 569.356 1689.24 928.596 346.651 15.384 4.14498 1.72398 1.22396 1.2045 1.19489 2.75371 0.990824 4.00716 0.625629 5.39684 0.267553 0.0169116 0.124915 6.11313 4.4129 3.67867 0.000128207 2.89625e-06 5.50262e-07 1.23252e-07 3.77794e-07 1.99618e-07 7.50835e-08 3.36566e-08
threshold=0 1 1.0000000180025095e-35 1.0000000180025095e-35 1.0000000180025095e-35 6.0000000000000009 49759.000000000007 1.0000000180025095e-35 1.0000000180025095e-35 1.0000000180025095e-35 444.50000000000006 1.0000000180025095e-35 49899.000000000007 1.0000000180025095e-35 416.00000000000006 1.0000000180025095e-35 130.00000000000003 1.0000000180025095e-35 1.0000000180025095e-35 1.0000000180025095e-35 1.0000000180025095e-35 1.0000000180025095e-35 2726.0000000000005 49873.500000000007 11006.000000000002 49439.000000000007 416.00000000000006 1302.0000000000002 55029.000000000007 59706.500000000007
decision_type=9 9 2 2 2 8 8 2 2 10 10 2 8 2 8 2 10 2 2 2 2 2 10 10 10 10 10 10 10 10
left_child=4 5 3 8 -1 16 7 24 9 -3 12 -12 13 22 15 -14 -2 18 19 20 21 28 23 -8 25 -7 -27 -28 -16 -21
right_child=1 2 -4 -5 -6 6 10 -9 -10 -11 11 -13 14 -15 17 -17 -18 -19 -20 29 -22 -23 -24 -25 -26 26 27 -29 -30 -31
leaf_value=-0.050074599567642479 -0.0083056903643398509 -0.042525339312709805 0.050608745012046 0.050608747830258906 0.050608747830258906 -0.050074558271891105 -0.051253499084547273 0.050721671726705476 0.050608747830258906 -0.05007455518786659 -0.050074554510931339 0.050608747830258899 -0.050074554742726235 0.050810871145553188 -0.050074698298612733 0.050608747830258906 -0.050074558774772376 0.050608747830258906 0.050608747830258906 0.050608727560570124 0.050608747830258899 0.050608747830258871 -0.052211973430300818 -0.051020030080115443 -0.050208744539158356 -0.050074493551157243 -0.050099293079968035 -0.050222925749888847 -0.05010805039170492 0.050610758891304911
leaf_weight=606.41486600018106 10.158789521083232 56.564858157886192 2400.3806567937136 316.85877109318972 99.520287744700909 0.92768806347157828 0.40192400175146736 0.59943337738513935 0.30496513098478217 801.82941073854454 0.97526496252976302 2.2364109605550766 1.4866797719150771 4.7113781422376633 3.3617288811365129 12.706880457699299 0.39842955488711673 6643.258758328855 1900.4410412535071 314.30811330676079 3.3546164408326149 1.2198605239391325 0.59504764212761074 0.19841204665135592 0.095860445173457154 0.28817067993804812 0.053198944195173681 0.084521756507456303 0.17766616027802218 21.806183345615864
leaf_count=407668 1259 32746 23613 3117 979 624 55 5 3 539343 656 22 1000 36 2257 125 268 65351 18695 3092 33 12 29 11 34 194 32 21 83 214
internal_value=0.0393587 0.043573 0.0264853 -0.0225471 -0.0353794 0.0503831 0.050511 -0.0205979 -0.0495415 -0.0495771 0.0505273 0.020035 0.0505383 0.0300668 0.0505519 0.0400629 -0.00988205 0.0505687 0.05045 0.0495736 0.00668836 -0.0242694 -0.0516919 -0.0511763 -0.050093 -0.0500848 -0.050107 -0.0501752 -0.0500764 0.0506089
internal_weight=13205.7 12499.8 3575.94 1175.56 705.935 8923.85 8913.29 2.04887 858.699 858.394 8911.24 3.21168 8908.03 5.90676 8902.12 14.1936 10.5572 8887.93 2244.67 344.228 8.11387 4.75926 1.19538 0.600336 1.44944 1.35358 0.425891 0.137721 3.5394 336.114
internal_count=1101577 692930 598822 575209 408647 94108 92581 910 572092 572089 91671 678 90993 131 90862 1125 1527 89737 24386 5691 2385 2352 95 66 905 871 247 53 2340 3306
cat_boundaries=0 1 2
cat_threshold=132 9
is_linear=0
shrinkage=0.05


Tree=86
num_leaves=31
num_cat=2
split_feature=2 1 15 19 15 13 3 15 13 39 4 15 3 15 4 15 3 28 23 15 22 25 13 3 13 3 4 13 3 3
split_gain=1592.72 540.529 1605.88 882.778 329.691 15.0191 3.93996 1.63943 1.24402 1.17573 1.13554 2.61824 0.943256 3.80789 0.594491 5.13084 0.259146 0.0160691 0.118692 5.80988 4.19555 3.49848 0.000109778 2.49415e-06 4.73566e-07 1.06078e-07 3.25087e-07 1.71718e-07 6.46164e-08 2.89077e-08
threshold=0 1 1.0000000180025095e-35 1.0000000180025095e-35 1.0000000180025095e-35 6.0000000000000009 49759.000000000007 1.0000000180025095e-35 1.0000000180025095e-35 1.0000000180025095e-35 444.50000000000006 1.0000000180025095e-35 49899.000000000007 1.0000000180025095e-35 416.00000000000006 1.0000000180025095e-35 130.00000000000003 1.0000000180025095e-35 1.0000000180025095e-35 1.0000000180025095e-35 1.0000000180025095e-35 1.0000000180025095e-35 2726.0000000000005 49873.500000000007 11006.000000000002 49439.000000000007 416.00000000000006 1302.0000000000002 55029.000000000007 59706.500000000007
decision_type=9 9 2 2 2 8 8 2 10 2 10 2 8 2 8 2 10 2 2 2 2 2 10 10 10 10 10 10 10 10
left_child=4 5 3 8 -1 16 7 24 -3 -10 12 -12 13 22 15 -14 -2 18 19 20 21 28 23 -8 25 -7 -27 -28 -16 -21
right_child=1 2 -4 -5 -6 6 10 -9 9 -11 11 -13 14 -15 17 -17 -18 -19 -20 29 -22 -23 -24 -25 -26 26 27 -29 -30 -31
leaf_value=-0.05007095671844089 -0.0079568589238164008 -0.042194384662756199 0.05057870392526808 0.050578703899783785 0.050578703899783785 -0.050070914104072377 -0.051191328247776641 0.050685983114934691 -0.050070914413759521 0.050578703899783785 -0.050070913770154934 0.050578703899783764 -0.050070913993713967 0.050770736008305839 -0.050071048028374227 0.050578703899783778 -0.050070914098784461 0.050578703899783785 0.050578703899783785 0.050578688941262877 0.050578703899783778 0.050578703899783743 -0.052099743265066646 -0.050969302141469525 -0.050198538206855527 -0.05007085428304401 -0.050094447238467024 -0.050212009717963038 -0.050102769823244353 0.050580618616637013
leaf_weight=576.88056123862043 10.0761110689491 54.217655992717482 2284.6347053125501 301.57989437878132 94.721436187624931 0.88250675937160827 0.38277453789487459 0.5705900415778159 762.7777883693343 0.29025976359844108 0.92776650423183982 2.1285715997219086 1.4142737491056312 4.4850549548864365 3.1980026423698287 12.094156816601753 0.37902480317279774 6322.9219369739294 1808.8020934909582 299.15222083777189 3.1928573995828629 1.1610390543937681 0.56721535348333418 0.18891847017221153 0.091203350923024007 0.2741358419880271 0.050609173718839884 0.08041662210598588 0.16901864088140417 20.754732303321362
leaf_count=407668 1259 32746 23613 3117 979 624 55 5 539343 3 656 22 1000 36 2257 125 268 65351 18695 3092 33 12 29 11 34 194 32 21 83 214
internal_value=0.039335 0.043544 0.0264659 -0.0225339 -0.0353492 0.0503479 0.050481 -0.0205927 -0.0495127 -0.0500326 0.0504973 0.020026 0.0505083 0.0300382 0.0505219 0.0400411 -0.0094836 0.0505386 0.0504201 0.0495444 0.00668558 -0.0242646 -0.0516069 -0.051118 -0.0500884 -0.0500806 -0.0501018 -0.0501666 -0.0500726 0.0505788
internal_weight=12569 11897.4 3403.5 1118.87 671.602 8493.95 8483.49 1.94946 817.286 763.068 8481.54 3.05634 8478.48 5.62396 8472.86 13.5084 10.4551 8459.35 2136.43 327.628 7.72092 4.52806 1.13891 0.571693 1.37887 1.28767 0.405162 0.131026 3.36702 319.907
internal_count=1101577 692930 598822 575209 408647 94108 92581 910 572092 539346 91671 678 90993 131 90862 1125 1527 89737 24386 5691 2385 2352 95 66 905 871 247 53 2340 3306
cat_boundaries=0 1 2
cat_threshold=132 9
is_linear=0
shrinkage=0.05


Tree=87
num_leaves=31
num_cat=2
split_feature=2 1 15 19 15 13 3 15 13 39 4 15 3 15 4 15 3 28 23 15 22 25 13 3 13 3 4 13 3 3
split_gain=1513.48 513.16 1526.68 839.214 313.563 14.674 3.74522 1.55905 1.29745 1.11829 1.07918 2.4895 0.897935 3.61871 0.564932 4.87808 0.250818 0.0152696 0.112787 5.52191 3.98901 3.32716 9.40207e-05 2.14772e-06 4.07551e-07 9.12619e-08 2.79749e-07 1.47725e-07 5.56019e-08 2.48388e-08
threshold=0 1 1.0000000180025095e-35 1.0000000180025095e-35 1.0000000180025095e-35 6.0000000000000009 49759.000000000007 1.0000000180025095e-35 1.0000000180025095e-35 1.0000000180025095e-35 444.50000000000006 1.0000000180025095e-35 49899.000000000007 1.0000000180025095e-35 416.00000000000006 1.0000000180025095e-35 130.00000000000003 1.0000000180025095e-35 1.0000000180025095e-35 1.0000000180025095e-35 1.0000000180025095e-35 1.0000000180025095e-35 2726.0000000000005 49873.500000000007 11006.000000000002 49439.000000000007 416.00000000000006 1302.0000000000002 55029.000000000007 59706.500000000007
decision_type=9 9 2 2 2 8 8 2 10 2 10 2 8 2 8 2 10 2 2 2 2 2 10 10 10 10 10 10 10 10
left_child=4 5 3 8 -1 16 7 24 -3 -10 12 -12 13 22 15 -14 -2 18 19 20 21 28 23 -8 25 -7 -27 -28 -16 -21
right_child=1 2 -4 -5 -6 6 10 -9 9 -11 11 -13 14 -15 17 -17 -18 -19 -20 29 -22 -23 -24 -25 -26 26 27 -29 -30 -31
leaf_value=-0.050067490226578443 -0.0076199946028908134 -0.04185210158159737 0.050550161339138124 0.050550161309558195 0.050550161309558195 -0.050067453752318671 -0.051132290239914981 0.050652079254424082 -0.050067449824725489 0.050550161309558195 -0.050067450942998526 0.050550161309558174 -0.050067453746743908 0.050732613570874774 -0.050067578484915859 0.050550161309558188 -0.050067449519507382 0.050550161309558195 0.050550161309558195 0.050550147626696421 0.050550161309558188 0.050550161309558153 -0.051993413310489303 -0.050921148620671999 -0.050188834054257482 -0.050067392134512882 -0.05008983820768316 -0.050201631578639362 -0.050097747948534568 0.050551981120575386
leaf_weight=548.7828058283776 9.9975257311016286 51.9846900945995 2174.4078706204891 287.02956081926823 90.151408419013023 0.83952299272641517 0.36451619095168986 0.54311615973711003 725.62559701001737 0.27625559270381828 0.88257829856593106 2.0258743464946747 1.3453895226120938 4.2694412395358086 3.0422395785572003 11.51064969599247 0.36056386167183596 6017.8597462624311 1721.5327685326338 284.71900649368763 3.038811519742012 1.1050223708152769 0.54062748607248068 0.17987045960035175 0.086771662929095217 0.26078365440480411 0.048145252862013876 0.076510070124641061 0.16079121502116311 19.753413952887058
leaf_count=407668 1259 32746 23613 3117 979 624 55 5 539343 3 656 22 1000 36 2257 125 268 65351 18695 3092 33 12 29 11 34 194 32 21 83 214
internal_value=0.0393122 0.0435159 0.0264468 -0.0225206 -0.0353179 0.050314 0.0504525 -0.0205877 -0.0494827 -0.0500292 0.0504688 0.0200175 0.0504798 0.0300111 0.0504934 0.0400205 -0.00909759 0.0505101 0.0503917 0.0495167 0.00668294 -0.0242601 -0.0515264 -0.0510625 -0.0500841 -0.0500767 -0.0500968 -0.0501585 -0.0500691 0.0505503
internal_weight=11962.8 11323.9 3239.32 1064.92 638.934 8084.54 8074.19 1.85485 777.887 725.902 8072.33 2.90845 8069.42 5.35446 8064.07 12.856 10.3581 8051.21 2033.35 311.819 7.34686 4.30805 1.08501 0.544387 1.31173 1.22496 0.385439 0.124655 3.20303 304.472
internal_count=1101577 692930 598822 575209 408647 94108 92581 910 572092 539346 91671 678 90993 131 90862 1125 1527 89737 24386 5691 2385 2352 95 66 905 871 247 53 2340 3306
cat_boundaries=0 1 2
cat_threshold=132 9
is_linear=0
shrinkage=0.05


Tree=88
num_leaves=31
num_cat=2
split_feature=2 1 15 19 15 13 3 15 13 39 4 15 3 15 4 15 3 28 23 15 22 25 13 3 13 3 4 13 3 3
split_gain=1438.2 487.171 1451.43 797.793 298.227 14.3475 3.56022 1.48263 1.35265 1.06366 1.02566 2.36713 0.854759 3.4391 0.536869 4.63789 0.242583 0.0145106 0.107181 5.24844 3.79272 3.16426 8.05459e-05 1.84947e-06 3.50723e-07 7.85561e-08 2.40701e-07 1.2708e-07 4.78578e-08 2.13649e-08
threshold=0 1 1.0000000180025095e-35 1.0000000180025095e-35 1.0000000180025095e-35 6.0000000000000009 49759.000000000007 1.0000000180025095e-35 1.0000000180025095e-35 1.0000000180025095e-35 444.50000000000006 1.0000000180025095e-35 49899.000000000007 1.0000000180025095e-35 416.00000000000006 1.0000000180025095e-35 130.00000000000003 1.0000000180025095e-35 1.0000000180025095e-35 1.0000000180025095e-35 1.0000000180025095e-35 1.0000000180025095e-35 2726.0000000000005 49873.500000000007 11006.000000000002 49439.000000000007 416.00000000000006 1302.0000000000002 55029.000000000007 59706.500000000007
decision_type=9 9 2 2 2 8 8 2 10 2 10 2 8 2 8 2 10 2 2 2 2 2 10 10 10 10 10 10 10 10
left_child=4 5 3 8 -1 16 7 24 -3 -10 12 -12 13 22 15 -14 -2 18 19 20 21 28 23 -8 25 -7 -27 -28 -16 -21
right_child=1 2 -4 -5 -6 6 10 -9 9 -11 11 -13 14 -15 17 -17 -18 -19 -20 29 -22 -23 -24 -25 -26 26 27 -29 -30 -31
leaf_value=-0.050064192707320869 -0.0072949247039510116 -0.041498311517794026 0.050523045513617464 0.050523045499475089 0.050523045499475089 -0.050064158423172349 -0.051076221491855804 0.05061987299053692 -0.05006415879611327 0.050523045499475089 -0.050064158216742399 0.050523045499475054 -0.050064158416850246 0.050696403649991006 -0.050064275237806433 0.050523045499475075 -0.050064158516059248 0.050523045499475089 0.050523045499475089 0.050523028377659963 0.050523045499475075 0.05052304549947504 -0.051892657578395451 -0.050875422156361941 -0.050179600935100571 -0.050064104570022874 -0.050085454948752023 -0.050191760852980966 -0.050092972250248183 0.05052477142256117
leaf_weight=522.05184852913953 9.922832971438762 49.860419905162416 2069.4429446309805 273.17381771653891 85.799540437757969 0.79863018682226516 0.34710955922491826 0.51694846898317326 690.28066052717622 0.26291994005441566 0.83958828239701611 1.9280795603990555 1.2798561947420228 4.0640457421541214 2.8940539075992997 10.954997502267361 0.34300092980265695 5727.3603341653943 1638.4294264391065 270.97481365501881 2.8921193405985832 1.0516797602176664 0.5152340661152266 0.17124797008000314 0.082554562250152119 0.24808098049834371 0.045801088679581881 0.072792581515386701 0.15296355122700322 18.799892701208591
leaf_count=407668 1259 32746 23613 3117 979 624 55 5 539343 3 656 22 1000 36 2257 125 268 65351 18695 3092 33 12 29 11 34 194 32 21 83 214
internal_value=0.0392903 0.0434887 0.0264279 -0.022507 -0.0352856 0.0502812 0.0504255 -0.0205829 -0.0494516 -0.0500259 0.0504418 0.0200093 0.0504527 0.0299853 0.0504663 0.0400009 -0.00872393 0.050483 0.0503647 0.0494904 0.00668043 -0.0242558 -0.0514499 -0.0510099 -0.05008 -0.050073 -0.0500921 -0.0501507 -0.0500657 0.0505231
internal_weight=11385.6 10777.7 3083.02 1013.58 607.851 7694.69 7684.42 1.76481 740.404 690.544 7682.66 2.76767 7679.89 5.09764 7674.79 12.2349 10.2658 7662.56 1935.19 296.766 6.99082 4.0987 1.03359 0.518358 1.24786 1.1653 0.366675 0.118594 3.04702 289.775
internal_count=1101577 692930 598822 575209 408647 94108 92581 910 572092 539346 91671 678 90993 131 90862 1125 1527 89737 24386 5691 2385 2352 95 66 905 871 247 53 2340 3306
cat_boundaries=0 1 2
cat_threshold=132 9
is_linear=0
shrinkage=0.05


Tree=89
num_leaves=31
num_cat=2
split_feature=2 1 15 19 15 13 3 15 13 39 4 15 3 15 4 15 3 28 23 15 22 25 13 3 13 3 4 13 3 3
split_gain=1366.66 462.492 1379.93 758.409 283.643 14.0385 3.38447 1.40998 1.40964 1.01171 0.974842 2.25083 0.813629 3.26854 0.510224 4.40963 0.234455 0.0137899 0.101858 4.9887 3.60618 3.00936 6.90176e-05 1.59249e-06 3.01847e-07 6.75919e-08 2.07126e-07 1.09328e-07 4.11806e-08 1.8309e-08
threshold=0 1 1.0000000180025095e-35 1.0000000180025095e-35 1.0000000180025095e-35 6.0000000000000009 49759.000000000007 1.0000000180025095e-35 1.0000000180025095e-35 1.0000000180025095e-35 444.50000000000006 1.0000000180025095e-35 49899.000000000007 1.0000000180025095e-35 416.00000000000006 1.0000000180025095e-35 130.00000000000003 1.0000000180025095e-35 1.0000000180025095e-35 1.0000000180025095e-35 1.0000000180025095e-35 1.0000000180025095e-35 2726.0000000000005 49873.500000000007 11006.000000000002 49439.000000000007 416.00000000000006 1302.0000000000002 55029.000000000007 59706.500000000007
decision_type=9 9 2 2 2 8 8 2 10 2 10 2 8 2 8 2 10 2 2 2 2 2 10 8 10 10 10 10 10 10
left_child=4 5 3 8 -1 16 7 24 -3 -10 12 -12 13 22 15 -14 -2 18 19 20 21 28 23 -8 25 -7 -27 -28 -16 -21
right_child=1 2 -4 -5 -6 6 10 -9 9 -11 11 -13 14 -15 17 -17 -18 -19 -20 29 -22 -23 -24 -25 -26 26 27 -29 -30 -31
leaf_value=-0.050061059929555611 -0.0069814315321785657 -0.04113285242214236 0.050497270962449416 0.050497274385927306 0.050497274385927306 -0.050061027245357874 -0.051022969033294667 0.050589275103621004 -0.050061025948575005 0.050497274385927306 -0.050061025736259937 0.050497274385927271 -0.050061023062835691 0.05066200487486261 -0.050061137742704487 0.050497274385927299 -0.050061023156193478 0.050497274385927306 0.050497274385927306 0.050497261919253245 0.050497274385927285 0.050497274385927243 -0.051797161034845954 -0.05083200975653273 -0.050170825743058749 -0.050060973723572037 -0.050081284416253785 -0.050182376255957208 -0.050088430337974194 0.050498915931646828
leaf_weight=496.62139231478795 9.8518405295908416 47.839571718825027 1969.494325093925 259.98024512082338 81.655649654567242 0.75972686102613785 0.33051674510352314 0.49202650785446156 656.65533037972637 0.25022160261869331 0.79868979961611253 1.8349584192037582 1.2175111332908262 3.8683984950184822 2.7530774270417164 10.425900109112263 0.32629248453304249 5450.7439842447639 1559.29762031883 257.88741725683212 2.7524376288056374 1.0008864104747774 0.49098657595459372 0.16303172975312907 0.078541717957705148 0.23599631479009986 0.043570879264734685 0.069255069829523563 0.14551629230845708 17.891935974359512
leaf_count=407668 1259 32746 23613 3117 979 624 55 5 539343 3 656 22 1000 36 2257 125 268 65351 18695 3092 33 12 29 11 34 194 32 21 83 214
internal_value=0.0392692 0.0434623 0.0264092 -0.0224931 -0.0352521 0.0502495 0.0503998 -0.0205784 -0.0494193 -0.0500227 0.0504161 0.0200016 0.050427 0.0299608 0.0504406 0.0399822 -0.00836249 0.0504573 0.050339 0.0494653 0.00667804 -0.0242517 -0.0513774 -0.0509599 -0.0500761 -0.0500694 -0.0500876 -0.0501433 -0.0500625 0.0504974
internal_weight=10836 10257.7 2934.22 964.725 578.277 7323.46 7313.28 1.67912 704.745 656.906 7311.6 2.63365 7308.97 4.85293 7304.12 11.6434 10.1781 7292.47 1841.73 282.431 6.65192 3.89948 0.984535 0.493548 1.18709 1.10855 0.348822 0.112826 2.89859 275.779
internal_count=1101577 692930 598822 575209 408647 94108 92581 910 572092 539346 91671 678 90993 131 90862 1125 1527 89737 24386 5691 2385 2352 95 66 905 871 247 53 2340 3306
cat_boundaries=0 1 2
cat_threshold=132 9
is_linear=0
shrinkage=0.05


Tree=90
num_leaves=31
num_cat=2
split_feature=2 1 15 19 15 13 3 13 15 39 4 15 3 15 4 15 3 28 23 15 22 25 13 3 13 3 4 13 3 3
split_gain=1298.67 439.053 1311.99 720.96 269.774 13.7461 3.2175 1.46843 1.3409 0.962295 0.926578 2.14028 0.77445 3.10658 0.484923 4.1927 0.226448 0.0131057 0.0968046 4.74199 3.42888 2.86207 5.9153e-05 1.37122e-06 2.59751e-07 5.81637e-08 1.78239e-07 9.40627e-08 3.54259e-08 1.57953e-08
threshold=0 1 1.0000000180025095e-35 1.0000000180025095e-35 1.0000000180025095e-35 6.0000000000000009 49759.000000000007 1.0000000180025095e-35 1.0000000180025095e-35 1.0000000180025095e-35 444.50000000000006 1.0000000180025095e-35 49899.000000000007 1.0000000180025095e-35 416.00000000000006 1.0000000180025095e-35 130.00000000000003 1.0000000180025095e-35 1.0000000180025095e-35 1.0000000180025095e-35 1.0000000180025095e-35 1.0000000180025095e-35 2726.0000000000005 49873.500000000007 11006.000000000002 49439.000000000007 416.00000000000006 1302.0000000000002 55029.000000000007 59706.500000000007
decision_type=9 9 2 2 2 8 8 10 2 2 10 2 8 2 8 2 10 2 2 2 2 2 10 10 10 10 10 10 10 10
left_child=4 5 3 7 -1 16 8 -3 24 -9 12 -12 13 22 15 -14 -2 18 19 20 21 28 23 -8 25 -7 -27 -28 -16 -21
right_child=1 2 -4 -5 -6 6 10 9 -10 -11 11 -13 14 -15 17 -17 -18 -19 -20 29 -22 -23 -24 -25 -26 26 27 -29 -30 -31
leaf_value=-0.050058081451052221 -0.006679298523054409 -0.040755585080891693 0.050472784911772317 0.050472784891157967 0.050472784891157967 -0.050058046357698054 -0.050972386008160592 -0.050058044550943565 0.050560207493213452 0.050472784891157967 -0.050058046678422757 0.050472784891157932 -0.050058046857433605 0.050629326298018779 -0.050058154551673333 0.050472784891157953 -0.050058041919241791 0.050472784891157967 0.050472784891157967 0.050472772432657742 0.050472784891157946 0.050472784891157918 -0.051706636796639754 -0.050790780387344164 -0.050162471928689202 -0.050057994261519349 -0.050077314785299559 -0.050173452058411873 -0.050084108211005444 0.050474347230957242
leaf_weight=472.42828957061283 9.7843673350289428 45.91712736140471 1874.3269719704986 247.41781648993492 77.709991127252579 0.72271646885201313 0.31470137368887652 624.66612818778958 0.46829238533973683 0.23813071846961875 0.75978129531722438 1.7462919354438782 1.1581996222957958 3.6820496246218681 2.6189604651881382 9.9221132695674896 0.31039703078568059 5187.3601942360401 1483.9512605965137 245.42610832303762 2.6194379031658173 0.95252287387847889 0.46783790289191529 0.15520328585989773 0.07472331856843073 0.22449965472333133 0.041449104202911258 0.065888880752027035 0.13843101810198266 17.027411423623562
leaf_count=407668 1259 32746 23613 3117 979 624 55 539343 5 3 656 22 1000 36 2257 125 268 65351 18695 3092 33 12 29 11 34 194 32 21 83 214
internal_value=0.0392488 0.0434367 0.0263906 -0.022479 -0.0352174 0.0502187 0.0503753 -0.0493856 -0.0205742 -0.0500197 0.0503916 0.0199942 0.0504026 0.0299376 0.0504162 0.0399645 -0.00801312 0.0504328 0.0503146 0.0494415 0.00667577 -0.0242477 -0.0513086 -0.0509124 -0.0500724 -0.050066 -0.0500833 -0.0501363 -0.0500595 0.0504729
internal_weight=10312.7 9762.56 2792.57 918.239 550.138 6969.99 6959.9 670.821 1.59757 624.904 6958.3 2.50607 6955.79 4.61979 6951.17 11.0803 10.0948 6940.09 1752.73 268.783 6.32935 3.70991 0.937743 0.469905 1.12928 1.05455 0.331838 0.107338 2.75739 262.454
internal_count=1101577 692930 598822 575209 408647 94108 92581 572092 910 539346 91671 678 90993 131 90862 1125 1527 89737 24386 5691 2385 2352 95 66 905 871 247 53 2340 3306
cat_boundaries=0 1 2
cat_threshold=132 9
is_linear=0
shrinkage=0.05


Tree=91
num_leaves=31
num_cat=2
split_feature=2 1 15 19 15 13 3 13 15 39 4 15 3 15 4 15 3 28 23 15 22 25 13 3 13 3 4 13 3 3
split_gain=1234.06 416.792 1247.42 685.351 256.585 13.4694 3.05885 1.52902 1.27522 0.9153 0.880737 2.03519 0.737135 2.95277 0.460896 3.98654 0.218572 0.0124561 0.0920066 4.50765 3.26037 2.72202 5.07096e-05 1.18062e-06 2.23544e-07 5.00523e-08 1.53388e-07 8.09226e-08 3.04899e-08 1.36308e-08
threshold=0 1 1.0000000180025095e-35 1.0000000180025095e-35 1.0000000180025095e-35 6.0000000000000009 49759.000000000007 1.0000000180025095e-35 1.0000000180025095e-35 1.0000000180025095e-35 444.50000000000006 1.0000000180025095e-35 49899.000000000007 1.0000000180025095e-35 416.00000000000006 1.0000000180025095e-35 130.00000000000003 1.0000000180025095e-35 1.0000000180025095e-35 1.0000000180025095e-35 1.0000000180025095e-35 1.0000000180025095e-35 2726.0000000000005 49873.500000000007 11006.000000000002 49439.000000000007 416.00000000000006 1302.0000000000002 55029.000000000007 59706.500000000007
decision_type=9 9 2 2 2 8 8 10 2 2 10 2 8 2 8 2 10 2 2 2 2 2 10 10 10 10 10 10 10 10
left_child=4 5 3 7 -1 16 8 -3 24 -9 12 -12 13 22 15 -14 -2 18 19 20 21 28 23 -8 25 -7 -27 -28 -16 -21
right_child=1 2 -4 -5 -6 6 10 9 -10 -11 11 -13 14 -15 17 -17 -18 -19 -20 29 -22 -23 -24 -25 -26 26 27 -29 -30 -31
leaf_value=-0.050055241395996347 -0.0063883003860934961 -0.040366398252175688 0.05044951400764728 0.050449517805592071 0.050449517805592071 -0.050055212844664611 -0.05092433294561282 -0.050055211342342254 0.050532587874357895 0.050449517805592071 -0.050055211217555323 0.050449517805592037 -0.050055208222168461 0.050598278676549494 -0.050055313104530132 0.050449517805592065 -0.050055213592761022 0.050449517805592071 0.050449517805592071 0.050449499932792123 0.050449517805592051 0.050449517805592016 -0.051620811203694918 -0.050751625346719065 -0.050154532440021639 -0.050055162053293613 -0.05007354473177348 -0.050164966924993559 -0.050079999417048729 0.050450999552174275
leaf_weight=449.41250783228315 9.7202399848028982 44.088312723557465 1783.7165722027421 235.45692191272974 73.953264854848385 0.687507120426744 0.29962855437770475 594.23359426867682 0.44569084048271168 0.22661878913640876 0.72276622464414608 1.6618711203336716 1.1017743963748206 3.5045689344406128 2.4913701015757397 9.4424495473504066 0.29527507023885924 4936.5881629511714 1412.2127543017268 233.5615167170763 2.4928066805005074 0.90647515654563893 0.44574241078225896 0.14774495747406036 0.07108998845797021 0.21356245852075517 0.039430501637980342 0.062685777200385928 0.1316901899408548 16.204281352460384
leaf_count=407668 1259 32746 23613 3117 979 624 55 539343 5 3 656 22 1000 36 2257 125 268 65351 18695 3092 33 12 29 11 34 194 32 21 83 214
internal_value=0.0392292 0.0434118 0.0263722 -0.0224645 -0.0351814 0.0501888 0.0503521 -0.0493506 -0.0205701 -0.0500169 0.0503684 0.0199873 0.0503793 0.0299155 0.0503929 0.0399477 -0.00767568 0.0504096 0.0502915 0.0494189 0.00667361 -0.024244 -0.0512434 -0.0508673 -0.0500689 -0.0500628 -0.0500793 -0.0501297 -0.0500566 0.0504496
internal_weight=9814.54 9291.17 2657.72 874.005 523.366 6633.45 6623.44 638.549 1.51997 594.46 6621.92 2.38464 6619.53 4.39768 6615.13 10.5442 10.0155 6604.59 1668 255.788 6.02234 3.52954 0.893116 0.447374 1.07428 1.00319 0.315679 0.102116 2.62306 249.766
internal_count=1101577 692930 598822 575209 408647 94108 92581 572092 910 539346 91671 678 90993 131 90862 1125 1527 89737 24386 5691 2385 2352 95 66 905 871 247 53 2340 3306
cat_boundaries=0 1 2
cat_threshold=132 9
is_linear=0
shrinkage=0.05


Tree=92
num_leaves=31
num_cat=2
split_feature=2 1 15 19 15 13 3 13 15 39 4 15 3 15 4 15 3 28 23 15 22 25 13 3 13 3 4 13 3 3
split_gain=1172.66 395.648 1186.06 651.491 244.042 13.2075 2.9081 1.59141 1.21277 0.870602 0.837194 1.9353 0.701595 2.80668 0.438078 3.79059 0.210839 0.0118389 0.0874487 4.28503 3.1002 2.58884 4.34789e-05 1.01659e-06 1.92399e-07 4.30735e-08 1.32001e-07 6.96205e-08 2.62378e-08 1.17078e-08
threshold=0 1 1.0000000180025095e-35 1.0000000180025095e-35 1.0000000180025095e-35 6.0000000000000009 49759.000000000007 1.0000000180025095e-35 1.0000000180025095e-35 1.0000000180025095e-35 444.50000000000006 1.0000000180025095e-35 49899.000000000007 1.0000000180025095e-35 416.00000000000006 1.0000000180025095e-35 130.00000000000003 1.0000000180025095e-35 1.0000000180025095e-35 1.0000000180025095e-35 1.0000000180025095e-35 1.0000000180025095e-35 2726.0000000000005 49873.500000000007 11006.000000000002 49439.000000000007 416.00000000000006 1302.0000000000002 55029.000000000007 59706.500000000007
decision_type=9 9 2 2 2 8 8 10 2 2 10 2 8 2 8 2 10 2 2 2 2 2 10 10 10 10 10 10 10 10
left_child=4 5 3 7 -1 16 8 -3 24 -9 12 -12 13 22 15 -14 -2 18 19 20 21 28 23 -8 25 -7 -27 -28 -16 -21
right_child=1 2 -4 -5 -6 6 10 9 -10 -11 11 -13 14 -15 17 -17 -18 -19 -20 29 -22 -23 -24 -25 -26 26 27 -29 -30 -31
leaf_value=-0.050052541854207523 -0.006108188222072891 -0.039965199496043685 0.05042740236507573 0.050427402337982777 0.050427402337982777 -0.05005251557174193 -0.050878691092925088 -0.050052515737838726 0.050506345445042622 0.050427402337982777 -0.050052515259482726 0.050427402337982742 -0.050052515425573207 0.050568779036436584 -0.050052613470868083 0.050427402337982763 -0.050052515501402765 0.050427402337982777 0.050427402337982777 0.050427388180676061 0.050427402337982756 0.050427402337982721 -0.051539420056055621 -0.050714435121425643 -0.050146982948921698 -0.05005246649027946 -0.050069956126934746 -0.050156896231771199 -0.050076092659435627 0.050428812877760236
leaf_weight=427.5168758679647 9.6592939374968374 42.34858241607435 1697.4490182995796 224.06929843872786 70.376593895256519 0.6540113423252476 0.28526473999954749 565.28216847998556 0.42416896671056736 0.21565861254930396 0.68755260936450135 1.5814964920282364 1.0480951750650991 3.3355447053909302 2.3699891181895509 8.9857755228877068 0.28088910132646638 4697.8353295698762 1343.9125872030854 222.26556249707937 2.3722447380423546 0.86263445019721974 0.42465596890542656 0.14063980715582147 0.067632812482770532 0.20315754925832152 0.037510074907913804 0.059637907659634948 0.12527711212169368 15.420600220561026
leaf_count=407668 1259 32746 23613 3117 979 624 55 539343 5 3 656 22 1000 36 2257 125 268 65351 18695 3092 33 12 29 11 34 194 32 21 83 214
internal_value=0.0392102 0.0433875 0.0263538 -0.0224496 -0.035144 0.0501598 0.05033 -0.0493141 -0.0205662 -0.0500142 0.0503463 0.0199806 0.0503572 0.0298945 0.0503708 0.0399317 -0.00734996 0.0503875 0.0502695 0.0493974 0.00667156 -0.0242405 -0.0511814 -0.0508245 -0.0500655 -0.0500597 -0.0500754 -0.0501233 -0.0500538 0.0504275
internal_weight=9340.3 8842.4 2529.36 831.916 497.893 6313.04 6303.1 607.846 1.44612 565.498 6301.65 2.26905 6299.38 4.18611 6295.2 10.0339 9.94018 6285.16 1587.33 243.416 5.73015 3.3579 0.850561 0.425905 1.02195 0.954317 0.300306 0.097148 2.49527 237.686
internal_count=1101577 692930 598822 575209 408647 94108 92581 572092 910 539346 91671 678 90993 131 90862 1125 1527 89737 24386 5691 2385 2352 95 66 905 871 247 53 2340 3306
cat_boundaries=0 1 2
cat_threshold=132 9
is_linear=0
shrinkage=0.05


Tree=93
num_leaves=31
num_cat=2
split_feature=2 1 15 19 15 13 3 13 15 39 4 15 3 15 4 15 3 28 23 15 22 25 13 3 13 3 4 13 3 3
split_gain=1114.29 375.562 1127.74 619.294 232.113 12.9595 2.76486 1.6556 1.15339 0.82809 0.795832 1.84034 0.667749 2.66791 0.416405 3.60434 0.203257 0.011253 0.0831207 4.07353 2.94795 2.4622 3.72868e-05 8.75216e-07 1.6558e-07 3.70721e-08 1.13586e-07 5.99e-08 2.25822e-08 1.00845e-08
threshold=0 1 1.0000000180025095e-35 1.0000000180025095e-35 1.0000000180025095e-35 6.0000000000000009 49759.000000000007 1.0000000180025095e-35 1.0000000180025095e-35 1.0000000180025095e-35 444.50000000000006 1.0000000180025095e-35 49899.000000000007 1.0000000180025095e-35 416.00000000000006 1.0000000180025095e-35 130.00000000000003 1.0000000180025095e-35 1.0000000180025095e-35 1.0000000180025095e-35 1.0000000180025095e-35 1.0000000180025095e-35 2726.0000000000005 49873.500000000007 11006.000000000002 49439.000000000007 416.00000000000006 1302.0000000000002 55029.000000000007 59706.500000000007
decision_type=9 9 2 2 2 8 8 10 2 2 10 2 8 2 8 2 10 2 2 2 2 2 10 10 10 10 10 10 10 10
left_child=4 5 3 7 -1 16 8 -3 24 -9 12 -12 13 22 15 -14 -2 18 19 20 21 28 23 -8 25 -7 -27 -28 -16 -21
right_child=1 2 -4 -5 -6 6 10 9 -10 -11 11 -13 14 -15 17 -17 -18 -19 -20 29 -22 -23 -24 -25 -26 26 27 -29 -30 -31
leaf_value=-0.050049980743082582 -0.0058387068796579445 -0.039551916809268992 0.050406384531153793 0.050406384525530749 0.050406384525530749 -0.050049951043858468 -0.050835324655911007 -0.050049951188349401 0.050481405529618675 0.050406384525530749 -0.050049950733080377 0.050406384525530715 -0.050049950889798481 0.050540749470237636 -0.050050043875250194 0.050406384525530749 -0.050049950965619087 0.050406384525530749 0.050406384525530749 0.05040636872473913 0.050406384525530736 0.050406384525530701 -0.051462230707655467 -0.05067911619022019 -0.050139800445945064 -0.050049906001681944 -0.050066541411080148 -0.050149221560145646 -0.05007237671948727 0.05040772416867171
leaf_weight=406.68693787581287 9.6013717260211671 40.693616042495705 1615.3197038173676 213.2279371842742 66.971495188772678 0.62214590387884505 0.27157786360476199 537.73985930392519 0.40367630124092102 0.20522419363260169 0.65405293123330843 1.5049774199724197 0.99702877923845967 3.1745835542678833 2.2545162482419983 8.5510080680251122 0.26720330724492747 4470.5354260280728 1278.8887666538358 211.51147754490376 2.2574661299586296 0.82089677453041066 0.40453585237264633 0.13387161283753812 0.064343305071815848 0.19325908506289124 0.035683058784343302 0.056737794307991862 0.11917589663062234 14.674510546028612
leaf_count=407668 1259 32746 23613 3117 979 624 55 539343 5 3 656 22 1000 36 2257 125 268 65351 18695 3092 33 12 29 11 34 194 32 21 83 214
internal_value=0.0391918 0.0433638 0.0263354 -0.0224343 -0.0351051 0.0501314 0.0503091 -0.049276 -0.0205625 -0.0500116 0.0503253 0.0199743 0.0503363 0.0298746 0.0503499 0.0399165 -0.00703578 0.0503665 0.0502485 0.049377 0.00666961 -0.0242371 -0.0511226 -0.0507837 -0.0500623 -0.0500568 -0.0500717 -0.0501173 -0.0500512 0.0504065
internal_weight=8888.84 8415.18 2407.19 791.867 473.658 6008 5998.13 578.639 1.37585 537.945 5996.75 2.15903 5994.59 3.98457 5990.61 9.54804 9.86858 5981.06 1510.53 231.638 5.45206 3.19459 0.809985 0.405449 0.972169 0.907826 0.28568 0.0924209 2.37369 226.186
internal_count=1101577 692930 598822 575209 408647 94108 92581 572092 910 539346 91671 678 90993 131 90862 1125 1527 89737 24386 5691 2385 2352 95 66 905 871 247 53 2340 3306
cat_boundaries=0 1 2
cat_threshold=132 9
is_linear=0
shrinkage=0.05


Tree=94
num_leaves=31
num_cat=2
split_feature=2 1 15 19 15 13 3 13 15 39 4 15 3 15 4 15 3 28 23 15 22 25 13 3 13 3 4 13 3 3
split_gain=1058.83 356.481 1072.31 588.677 220.769 12.7247 2.62874 1.72159 1.09693 0.787656 0.756538 1.75007 0.635517 2.5361 0.395819 3.42731 0.195834 0.0106963 0.079009 3.87259 2.80323 2.34177 3.19821e-05 7.53554e-07 1.42507e-07 3.19144e-08 9.77371e-08 5.15359e-08 1.94252e-08 8.63329e-09
threshold=0 1 1.0000000180025095e-35 1.0000000180025095e-35 1.0000000180025095e-35 6.0000000000000009 49759.000000000007 1.0000000180025095e-35 1.0000000180025095e-35 1.0000000180025095e-35 444.50000000000006 1.0000000180025095e-35 49899.000000000007 1.0000000180025095e-35 416.00000000000006 1.0000000180025095e-35 130.00000000000003 1.0000000180025095e-35 1.0000000180025095e-35 1.0000000180025095e-35 1.0000000180025095e-35 1.0000000180025095e-35 2726.0000000000005 49873.500000000007 11006.000000000002 49439.000000000007 416.00000000000006 1302.0000000000002 55029.000000000007 59706.500000000007
decision_type=9 9 2 2 2 8 8 10 2 2 10 2 8 2 8 2 10 2 2 2 2 2 10 10 10 10 10 10 10 10
left_child=4 5 3 7 -1 16 8 -3 24 -9 12 -12 13 22 15 -14 -2 18 19 20 21 28 23 -8 25 -7 -27 -28 -16 -21
right_child=1 2 -4 -5 -6 6 10 9 -10 -11 11 -13 14 -15 17 -17 -18 -19 -20 29 -22 -23 -24 -25 -26 26 27 -29 -30 -31
leaf_value=-0.050047539401654323 -0.0055795954347124315 -0.039126520681689536 0.050386407032603643 0.050386407024708257 0.050386407024708257 -0.050047511117722147 -0.050794124485374563 -0.050047511011053862 0.050457705058510549 0.050386407024708257 -0.050047513646438474 0.05038640702470823 -0.050047510724050885 0.050514115599579593 -0.050047604690205173 0.05038640702470825 -0.050047510796945631 0.050386407024708257 0.050386407024708257 0.050386394736257126 0.050386407024708237 0.050386407024708202 -0.051389010668590335 -0.050645561412692081 -0.050132971504167095 -0.05004747255503729 -0.050063295256744134 -0.050141923716802511 -0.050068841389759623 0.050387680366482147
leaf_weight=386.87096839479636 9.5463241217657888 39.119295366923325 1537.1335201710463 202.9070833325386 63.729879558086395 0.59183161210967206 0.25853710272349451 511.53829227708047 0.38416458666324615 0.19529074430465598 0.62218393333023336 1.4321321249008179 0.94844819977879247 3.0213093310594559 2.1446641267975792 8.1371143460273743 0.25418372754938978 4254.1484770178795 1216.9868215918541 201.27369213104248 2.1481981873512268 0.78116297721862782 0.38534084288403392 0.12742485757917166 0.061213372042402625 0.18384244129993021 0.0339449203456752 0.053978317067958415 0.11337142065167416 13.964238636195658
leaf_count=407668 1259 32746 23613 3117 979 624 55 539343 5 3 656 22 1000 36 2257 125 268 65351 18695 3092 33 12 29 11 34 194 32 21 83 214
internal_value=0.0391739 0.0433406 0.0263169 -0.0224186 -0.0350647 0.0501038 0.0502891 -0.0492363 -0.020559 -0.0500092 0.0503054 0.0199683 0.0503163 0.0298556 0.0503299 0.039902 -0.00673291 0.0503466 0.0502286 0.0493576 0.00666776 -0.0242339 -0.0510668 -0.0507451 -0.0500593 -0.050054 -0.0500682 -0.0501116 -0.0500487 0.0503865
internal_weight=8459.1 8008.5 2290.89 753.76 450.601 5717.6 5707.8 550.853 1.30898 511.734 5706.49 2.05432 5704.44 3.79261 5700.65 9.08556 9.80051 5691.56 1437.41 220.425 5.1874 3.0392 0.771303 0.385962 0.924811 0.863597 0.271766 0.0879232 2.25804 215.238
internal_count=1101577 692930 598822 575209 408647 94108 92581 572092 910 539346 91671 678 90993 131 90862 1125 1527 89737 24386 5691 2385 2352 95 66 905 871 247 53 2340 3306
cat_boundaries=0 1 2
cat_threshold=132 9
is_linear=0
shrinkage=0.05


Tree=95
num_leaves=31
num_cat=2
split_feature=2 1 15 19 15 13 3 13 15 39 4 15 3 15 4 15 3 28 23 15 22 25 13 3 13 3 4 13 3 3
split_gain=1006.1 338.354 1019.63 559.562 209.981 12.5024 2.49938 1.78935 1.04324 0.749199 0.719207 1.66425 0.604825 2.41087 0.376263 3.25903 0.188577 0.0101676 0.0751039 3.68167 2.66565 2.22725 2.74374e-05 6.48813e-07 1.22643e-07 2.74617e-08 8.4112e-08 4.43439e-08 1.67191e-08 7.45607e-09
threshold=0 1 1.0000000180025095e-35 1.0000000180025095e-35 1.0000000180025095e-35 6.0000000000000009 49759.000000000007 1.0000000180025095e-35 1.0000000180025095e-35 1.0000000180025095e-35 444.50000000000006 1.0000000180025095e-35 49899.000000000007 1.0000000180025095e-35 416.00000000000006 1.0000000180025095e-35 130.00000000000003 1.0000000180025095e-35 1.0000000180025095e-35 1.0000000180025095e-35 1.0000000180025095e-35 1.0000000180025095e-35 2726.0000000000005 49873.500000000007 11006.000000000002 49439.000000000007 416.00000000000006 1302.0000000000002 55029.000000000007 59706.500000000007
decision_type=9 9 2 2 2 8 8 10 2 2 10 2 8 2 8 2 10 2 2 2 2 2 10 10 10 10 10 10 10 10
left_child=4 5 3 7 -1 16 8 -3 24 -9 12 -12 13 22 15 -14 -2 18 19 20 21 28 23 -8 25 -7 -27 -28 -16 -21
right_child=1 2 -4 -5 -6 6 10 9 -10 -11 11 -13 14 -15 17 -17 -18 -19 -20 29 -22 -23 -24 -25 -26 26 27 -29 -30 -31
leaf_value=-0.050045220103776634 -0.0053305940631639534 -0.038689005658789993 0.050367418121255739 0.05036741811122615 0.05036741811122615 -0.05004519294287485 -0.050754974877698956 -0.050045193127328393 0.050435184771740631 0.05036741811122615 -0.050045192715304214 0.050367418111226109 -0.050045192854458159 0.0504888052578263 -0.050045278193986721 0.050367418111226137 -0.050045192924432803 0.05036741811122615 0.05036741811122615 0.050367406219768145 0.05036741811122613 0.050367418111226081 -0.051319549162566105 -0.050613679595979601 -0.050126475657367109 -0.050045154411392324 -0.050060206450249257 -0.050134985503684476 -0.050065478300965506 0.050368631003392228
leaf_weight=368.0196846324252 9.4940101793035829 37.621700454037637 1462.7038945965469 193.08210840448737 60.644011590629816 0.56299306981964015 0.24611300136894021 486.61224742658669 0.36558771878480911 0.18583456054329772 0.59186640643747401 1.362786777317524 0.90223259758204033 2.8753627389669418 2.0401600039913319 7.7431066893041134 0.2417979617603131 4048.1581220217049 1158.0590364523232 191.52781143784523 2.0441801659762859 0.74333824217319477 0.36703115870477632 0.12128469237359241 0.058235317235812545 0.17488423525355756 0.032291349314618856 0.051352690905332565 0.10784929117653508 13.288091909140347
leaf_count=407668 1259 32746 23613 3117 979 624 55 539343 5 3 656 22 1000 36 2257 125 268 65351 18695 3092 33 12 29 11 34 194 32 21 83 214
internal_value=0.0391566 0.0433179 0.0262984 -0.0224024 -0.0350226 0.0500767 0.0502702 -0.0491949 -0.0205557 -0.0500069 0.0502864 0.0199626 0.0502973 0.0298376 0.050311 0.0398883 -0.00644112 0.0503276 0.0502097 0.0493392 0.006666 -0.0242309 -0.0510138 -0.0507083 -0.0500564 -0.0500514 -0.0500649 -0.0501061 -0.0500463 0.0503675
internal_weight=8050.03 7621.37 2180.21 717.502 428.664 5441.16 5431.42 524.42 1.24534 486.798 5430.18 1.95465 5428.22 3.60979 5424.61 8.64534 9.73581 5415.97 1367.81 209.751 4.93553 2.89135 0.734429 0.367398 0.879757 0.821521 0.258528 0.083644 2.14801 204.816
internal_count=1101577 692930 598822 575209 408647 94108 92581 572092 910 539346 91671 678 90993 131 90862 1125 1527 89737 24386 5691 2385 2352 95 66 905 871 247 53 2340 3306
cat_boundaries=0 1 2
cat_threshold=132 9
is_linear=0
shrinkage=0.05


Tree=96
num_leaves=31
num_cat=2
split_feature=2 1 15 19 15 13 3 13 15 39 4 15 3 15 4 15 3 28 23 15 22 25 13 3 13 3 4 13 3 3
split_gain=955.986 321.131 969.561 531.876 199.72 12.2918 2.37645 1.85888 0.992188 0.712621 0.683738 1.58266 0.575602 2.29191 0.357686 3.09907 0.181491 0.00966535 0.0713942 3.50026 2.53487 2.11834 2.35418e-05 5.58523e-07 1.05553e-07 2.36304e-08 7.23857e-08 3.81531e-08 1.43886e-08 6.42015e-09
threshold=0 1 1.0000000180025095e-35 1.0000000180025095e-35 1.0000000180025095e-35 6.0000000000000009 49759.000000000007 1.0000000180025095e-35 1.0000000180025095e-35 1.0000000180025095e-35 444.50000000000006 1.0000000180025095e-35 49899.000000000007 1.0000000180025095e-35 416.00000000000006 1.0000000180025095e-35 130.00000000000003 1.0000000180025095e-35 1.0000000180025095e-35 1.0000000180025095e-35 1.0000000180025095e-35 1.0000000180025095e-35 2726.0000000000005 49873.500000000007 11006.000000000002 49439.000000000007 416.00000000000006 1302.0000000000002 55029.000000000007 59706.500000000007
decision_type=9 9 2 2 2 8 8 10 2 2 10 2 8 2 8 2 10 2 2 2 2 2 10 10 10 10 10 10 10 10
left_child=4 5 3 7 -1 16 8 -3 24 -9 12 -12 13 22 15 -14 -2 18 19 20 21 28 23 -8 25 -7 -27 -28 -16 -21
right_child=1 2 -4 -5 -6 6 10 9 -10 -11 11 -13 14 -15 17 -17 -18 -19 -20 29 -22 -23 -24 -25 -26 26 27 -29 -30 -31
leaf_value=-0.050043010372876784 -0.0050914259503757877 -0.038239394548907825 0.050349370981688374 0.050349370258213566 0.050349370258213566 -0.050042987704421497 -0.050717774163707686 -0.050042986358091117 0.050413781445888498 0.050349370258213566 -0.050042987565559152 0.050349370258213524 -0.050042984307269084 0.050464751942463762 -0.050043068217226178 0.050349370258213559 -0.050042987765322837 0.050349370258213566 0.050349370258213566 0.050349358547181193 0.050349370258213545 0.050349370258213504 -0.051253639982707766 -0.050583401828050434 -0.050120298976761658 -0.050042949456925681 -0.05005726961776296 -0.05012838556296767 -0.050062281451371697 0.050350523635334599
leaf_weight=350.08621391677298 9.4442948186770046 36.197113275760785 1391.8531360328197 183.72955670580268 57.706524226814508 0.53555857547325991 0.23427731951233033 462.8997826295672 0.34790171682834625 0.17683306708931823 0.5630249365349288 1.2967758253216743 0.8582670707255583 2.7364004515111446 1.9407438163179902 7.3680444620549679 0.23001521616242904 3852.0725891180336 1101.964729744941 182.25054582208395 1.9451637379825113 0.70733226835727681 0.34956846787827089 0.11543688882375136 0.055401801946572959 0.16636217338964343 0.030718238500412554 0.048854459193535149 0.10259580798447121 12.64445501193404
leaf_count=407668 1259 32746 23613 3117 979 624 55 539343 5 3 656 22 1000 36 2257 125 268 65351 18695 3092 33 12 29 11 34 194 32 21 83 214
internal_value=0.0391397 0.0432956 0.0262797 -0.0223856 -0.0349788 0.0500501 0.0502522 -0.0491517 -0.0205525 -0.0500046 0.0502684 0.0199572 0.0502793 0.0298205 0.0502929 0.0398752 -0.00616019 0.0503096 0.0501918 0.0493216 0.00666432 -0.024228 -0.0509635 -0.0506734 -0.0500536 -0.0500489 -0.0500617 -0.0501009 -0.050044 0.0503494
internal_weight=7660.66 7252.87 2074.86 683.003 407.793 5178.01 5168.33 499.274 1.1848 463.077 5167.15 1.8598 5165.29 3.43568 5161.85 8.22631 9.67431 5153.63 1301.56 199.591 4.69584 2.75067 0.699283 0.349714 0.836895 0.781493 0.245935 0.0795727 2.04334 194.895
internal_count=1101577 692930 598822 575209 408647 94108 92581 572092 910 539346 91671 678 90993 131 90862 1125 1527 89737 24386 5691 2385 2352 95 66 905 871 247 53 2340 3306
cat_boundaries=0 1 2
cat_threshold=132 9
is_linear=0
shrinkage=0.05


Tree=97
num_leaves=31
num_cat=2
split_feature=2 1 15 19 15 13 3 13 15 39 4 15 3 15 4 15 3 28 23 15 22 25 13 3 13 3 4 13 3 3
split_gain=908.348 304.767 921.966 505.548 189.962 12.0924 2.2596 1.93013 0.943643 0.677832 0.650036 1.50509 0.547777 2.17888 0.340036 2.947 0.174581 0.00918816 0.0678696 3.32787 2.41054 2.01477 2.02026e-05 4.80851e-07 9.08411e-08 2.03414e-08 6.22943e-08 3.28305e-08 1.23845e-08 5.50057e-09
threshold=0 1 1.0000000180025095e-35 1.0000000180025095e-35 1.0000000180025095e-35 6.0000000000000009 49759.000000000007 1.0000000180025095e-35 1.0000000180025095e-35 1.0000000180025095e-35 444.50000000000006 1.0000000180025095e-35 49899.000000000007 1.0000000180025095e-35 416.00000000000006 1.0000000180025095e-35 130.00000000000003 1.0000000180025095e-35 1.0000000180025095e-35 1.0000000180025095e-35 1.0000000180025095e-35 1.0000000180025095e-35 2726.0000000000005 49873.500000000007 11006.000000000002 49439.000000000007 416.00000000000006 1302.0000000000002 55029.000000000007 59706.500000000007
decision_type=9 9 2 2 2 8 8 10 2 2 10 2 8 2 8 2 10 2 2 2 2 2 10 10 10 10 10 10 10 10
left_child=4 5 3 7 -1 16 8 -3 24 -9 12 -12 13 22 15 -14 -2 18 19 20 21 28 23 -8 25 -7 -27 -28 -16 -21
right_child=1 2 -4 -5 -6 6 10 9 -10 -11 11 -13 14 -15 17 -17 -18 -19 -20 29 -22 -23 -24 -25 -26 26 27 -29 -30 -31
leaf_value=-0.050040911958158109 -0.0048618134025385428 -0.037777750395480897 0.050332214855148695 0.050332214825501292 0.050332214825501292 -0.050040887363866075 -0.050682426174172956 -0.050040889195930693 0.050393437701383687 0.050332214825501292 -0.050040889277416213 0.050332214825501244 -0.050040887268702594 0.050441891444465752 -0.050040964244195935 0.050332214825501292 -0.050040887329917932 0.050332214825501292 0.050332214825501292 0.050332206145507985 0.050332214825501265 0.050332214825501223 -0.051191098342161415 -0.050554628677713723 -0.050114421189834571 -0.050040852894567493 -0.050054474513301001 -0.050122110865233299 -0.05005924001496357 0.050333311687233956
leaf_weight=333.02592441788875 9.3970488999038899 34.84198007255327 1324.4115602523088 174.827029209584 54.91038228943944 0.50945991527987622 0.22300298488698933 440.34189553855686 0.33106457442045212 0.16826470568776031 0.53558777563739446 1.2339411750435829 0.81644224701449264 2.6040945127606392 1.8461682133493007 7.0110294036567211 0.21880619460716921 3665.4222604669631 1048.5695576108992 173.41967768967152 1.8509117625653742 0.67305882275104512 0.33291580801596865 0.1098678857088089 0.052705847891047597 0.15825506008695811 0.029221682227216661 0.046477470197714865 0.097597931628115364 12.031786832958458
leaf_count=407668 1259 32746 23613 3117 979 624 55 539343 5 3 656 22 1000 36 2257 125 268 65351 18695 3092 33 12 29 11 34 194 32 21 83 214
internal_value=0.0391233 0.0432736 0.0262609 -0.0223684 -0.0349331 0.050024 0.0502351 -0.0491065 -0.0205495 -0.0500025 0.0502513 0.019952 0.0502622 0.0298043 0.0502758 0.0398628 -0.00588985 0.0502924 0.0501747 0.049305 0.00666273 -0.0242252 -0.0509157 -0.0506402 -0.050051 -0.0500465 -0.0500587 -0.050096 -0.0500419 0.0503323
internal_weight=7290.05 6902.11 1974.59 650.179 387.936 4927.52 4917.91 475.352 1.12718 440.51 4916.78 1.76953 4915.01 3.26988 4911.74 7.82747 9.61586 4903.91 1238.49 189.919 4.46774 2.61682 0.665787 0.332871 0.79612 0.743414 0.233954 0.0756992 1.94377 185.451
internal_count=1101577 692930 598822 575209 408647 94108 92581 572092 910 539346 91671 678 90993 131 90862 1125 1527 89737 24386 5691 2385 2352 95 66 905 871 247 53 2340 3306
cat_boundaries=0 1 2
cat_threshold=132 9
is_linear=0
shrinkage=0.05


Tree=98
num_leaves=31
num_cat=2
split_feature=2 1 15 19 15 13 3 13 15 39 4 15 3 15 4 15 4 28 23 15 22 25 13 3 13 3 4 13 3 3
split_gain=863.063 289.219 876.723 480.51 180.682 11.9034 2.14855 2.00308 0.897481 0.644742 0.618013 1.43134 0.521285 2.07148 0.323267 2.80244 0.167851 0.00873486 0.0645214 3.16405 2.29234 1.91628 1.73394e-05 4.13975e-07 7.8188e-08 1.75116e-08 5.36061e-08 2.82495e-08 1.06564e-08 4.72426e-09
threshold=0 1 1.0000000180025095e-35 1.0000000180025095e-35 1.0000000180025095e-35 6.0000000000000009 49759.000000000007 1.0000000180025095e-35 1.0000000180025095e-35 1.0000000180025095e-35 444.50000000000006 1.0000000180025095e-35 49899.000000000007 1.0000000180025095e-35 416.00000000000006 1.0000000180025095e-35 66.500000000000014 1.0000000180025095e-35 1.0000000180025095e-35 1.0000000180025095e-35 1.0000000180025095e-35 1.0000000180025095e-35 2726.0000000000005 49873.500000000007 11006.000000000002 49439.000000000007 416.00000000000006 1302.0000000000002 55029.000000000007 59706.500000000007
decision_type=9 9 2 2 2 8 8 10 2 2 10 2 8 2 8 2 10 2 2 2 2 2 10 10 10 10 10 10 10 10
left_child=4 5 3 7 -1 16 8 -3 24 -9 12 -12 13 22 15 -14 -2 18 19 20 21 28 23 -8 25 -7 -27 -28 -16 -21
right_child=1 2 -4 -5 -6 6 10 9 -10 -11 11 -13 14 -15 17 -17 -18 -19 -20 29 -22 -23 -24 -25 -26 26 27 -29 -30 -31
leaf_value=-0.050038913516875887 -0.0046414791816056468 -0.037304168091987881 0.050315908476679952 0.05031590845983841 0.05031590845983841 -0.050038890320469667 -0.050648835719536447 -0.050038892059301433 0.050374103886812086 0.05031590845983841 -0.050038893470215895 0.050315908459838368 -0.050038893591794475 0.050420166575330487 -0.050038966988003142 0.05031590845983841 -0.050038893650093133 0.05031590845983841 0.05031590845983841 0.050315899360058626 0.050315908459838389 0.050315908459838347 -0.051131741494532937 -0.05052729029048586 -0.050108835091137061 -0.050038860627049424 -0.050051816571529441 -0.050116142765591412 -0.050056348483924387 0.050316949692361335
leaf_weight=316.79638086177874 9.3521514991298282 33.552929862053134 1260.21722317487 166.3531487211585 52.248871542513371 0.48463210812769808 0.21226414397824589 418.88245029479731 0.31503619253635406 0.16010890156030555 0.5094866501749481 1.1741319447755814 0.77665405115112651 2.4781317673623562 1.7561979090678499 6.6712042316794395 0.20814297371544022 3487.7589419558644 997.74530488997698 165.01401383429766 1.7611979171633718 0.64043560624122609 0.31703765579732135 0.1045646860729903 0.050140802457462996 0.15054271346889436 0.027797962946351618 0.044215869973413646 0.092843252234160789 11.448617450892923
leaf_count=407668 1259 32746 23613 3117 979 624 55 539343 5 3 656 22 1000 36 2257 125 268 65351 18695 3092 33 12 29 11 34 194 32 21 83 214
internal_value=0.0391072 0.0432518 0.0262418 -0.0223505 -0.0348855 0.0499983 0.0502188 -0.0490593 -0.0205467 -0.0500005 0.050235 0.0199471 0.0502459 0.0297888 0.0502595 0.039851 -0.00562985 0.0502761 0.0501585 0.0492891 0.00666121 -0.0242226 -0.0508703 -0.0506087 -0.0500485 -0.0500442 -0.0500558 -0.0500913 -0.0500398 0.050316
internal_weight=6937.3 6568.26 1879.17 618.949 369.045 4689.09 4679.53 452.595 1.07237 419.043 4678.46 1.68362 4676.78 3.112 4673.67 7.44786 9.56029 4666.22 1178.46 180.713 4.25067 2.48948 0.633866 0.316829 0.757329 0.707189 0.222557 0.0720138 1.84904 176.463
internal_count=1101577 692930 598822 575209 408647 94108 92581 572092 910 539346 91671 678 90993 131 90862 1125 1527 89737 24386 5691 2385 2352 95 66 905 871 247 53 2340 3306
cat_boundaries=0 1 2
cat_threshold=132 9
is_linear=0
shrinkage=0.05


Tree=99
num_leaves=31
num_cat=2
split_feature=2 1 15 19 15 13 13 3 15 39 4 15 3 15 4 15 4 28 23 15 22 25 13 3 13 3 4 13 3 3
split_gain=820.015 274.444 833.715 456.701 171.855 11.7243 2.07769 2.04299 0.853584 0.613269 0.587582 1.36122 0.496064 1.96943 0.307333 2.66501 0.161303 0.00830417 0.0613402 3.00837 2.17997 1.82261 1.48844e-05 3.5643e-07 6.72817e-08 1.50589e-08 4.61338e-08 2.43081e-08 9.16928e-09 4.07465e-09
threshold=0 1 1.0000000180025095e-35 1.0000000180025095e-35 1.0000000180025095e-35 6.0000000000000009 1.0000000180025095e-35 49759.000000000007 1.0000000180025095e-35 1.0000000180025095e-35 444.50000000000006 1.0000000180025095e-35 49899.000000000007 1.0000000180025095e-35 416.00000000000006 1.0000000180025095e-35 66.500000000000014 1.0000000180025095e-35 1.0000000180025095e-35 1.0000000180025095e-35 1.0000000180025095e-35 1.0000000180025095e-35 2726.0000000000005 49873.500000000007 11006.000000000002 49439.000000000007 416.00000000000006 1302.0000000000002 55029.000000000007 59706.500000000007
decision_type=9 9 2 2 2 8 10 8 2 2 10 2 8 2 8 2 10 2 2 2 2 2 10 10 10 10 10 10 10 10
left_child=4 5 3 6 -1 16 -3 8 24 -8 12 -12 13 22 15 -14 -2 18 19 20 21 28 23 -9 25 -7 -27 -28 -16 -21
right_child=1 2 -4 -5 -6 7 9 10 -10 -11 11 -13 14 -15 17 -17 -18 -19 -20 29 -22 -23 -24 -25 -26 26 27 -29 -30 -31
leaf_value=-0.050037016404729698 -0.0044301423319400672 -0.036818777513316366 0.05030040655704289 0.050300406537881509 0.050300406537881509 -0.050036997593236224 -0.050036994369445115 -0.05061691337563437 0.050355726350840263 0.050300406537881509 -0.050036995612833639 0.050300406537881454 -0.050036994148062258 0.050399515860954897 -0.050037065770010151 0.050300406537881495 -0.050036994203440016 0.050300406537881509 0.050300406537881509 0.050300396690753105 0.050300406537881474 0.050300406537881426 -0.051075405629046923 -0.050501307779642339 -0.050103518720557495 -0.050036962725366556 -0.050049287622684582 -0.050110466204078011 -0.050053596610097853 0.050301396681183531
leaf_weight=301.35717867792118 9.3094858452677691 32.326751993387006 1199.1158333010972 158.28754826635122 49.715595044195652 0.46101334568811558 398.4680492739426 0.2020360239548612 0.29977830499410629 0.15234605222940345 0.48465661652153236 1.1172043830156326 0.7388035301119088 2.3582132868468761 1.6706090224906796 6.3477521762251854 0.19799904967658299 3318.6556197479367 949.36981547623873 157.0133405290544 1.6758065745234487 0.60938420891761769 0.30189979803981259 0.099514884757809341 0.047700339462608099 0.14320595667231828 0.026443543145433068 0.042064081062562764 0.088319964706897625 10.893544256687163
leaf_count=407668 1259 32746 23613 3117 979 624 539343 55 5 3 656 22 1000 36 2257 125 268 65351 18695 3092 33 12 29 11 34 194 32 21 83 214
internal_value=0.0390915 0.0432303 0.0262225 -0.022332 -0.0348359 0.0499729 -0.04901 0.0502033 -0.0205439 -0.0499986 0.0502195 0.0199425 0.0502304 0.0297742 0.0502441 0.0398398 -0.00537993 0.0502607 0.050143 0.0492741 0.00665977 -0.0242201 -0.0508272 -0.0505788 -0.0500461 -0.0500421 -0.0500531 -0.0500869 -0.0500379 0.0503005
internal_weight=6601.58 6250.5 1788.35 589.235 351.073 4462.15 430.947 4452.65 1.02021 398.62 4451.63 1.60186 4450.02 2.96166 4447.06 7.08656 9.50748 4439.98 1121.32 171.951 4.04412 2.36831 0.603451 0.301551 0.720427 0.672727 0.211714 0.0685076 1.75893 167.907
internal_count=1101577 692930 598822 575209 408647 94108 572092 92581 910 539346 91671 678 90993 131 90862 1125 1527 89737 24386 5691 2385 2352 95 66 905 871 247 53 2340 3306
cat_boundaries=0 1 2
cat_threshold=132 9
is_linear=0
shrinkage=0.05


Tree=100
num_leaves=31
num_cat=2
split_feature=2 1 15 19 15 13 13 3 15 39 4 15 3 15 4 15 4 28 23 15 22 25 13 3 13 3 4 13 3 3
split_gain=779.09 260.403 792.83 434.058 163.461 11.5546 2.1539 1.94266 0.811839 0.583334 0.558663 1.29455 0.472053 1.87245 0.292192 2.53436 0.15494 0.00789494 0.0583175 2.86041 2.07313 1.73353 1.27785e-05 3.06817e-07 5.79105e-08 1.29612e-08 3.97002e-08 2.09144e-08 7.89223e-09 3.52287e-09
threshold=0 1 1.0000000180025095e-35 1.0000000180025095e-35 1.0000000180025095e-35 6.0000000000000009 1.0000000180025095e-35 49759.000000000007 1.0000000180025095e-35 1.0000000180025095e-35 444.50000000000006 1.0000000180025095e-35 49899.000000000007 1.0000000180025095e-35 416.00000000000006 1.0000000180025095e-35 66.500000000000014 1.0000000180025095e-35 1.0000000180025095e-35 1.0000000180025095e-35 1.0000000180025095e-35 1.0000000180025095e-35 2726.0000000000005 49873.500000000007 11006.000000000002 49439.000000000007 416.00000000000006 1302.0000000000002 55029.000000000007 59706.500000000007
decision_type=9 9 2 2 2 8 10 8 2 2 10 2 8 2 8 2 10 2 2 2 2 2 10 10 10 10 10 10 10 10
left_child=4 5 3 6 -1 16 -3 8 24 -8 12 -12 13 22 15 -14 -2 18 19 20 21 28 23 -9 25 -7 -27 -28 -16 -21
right_child=1 2 -4 -5 -6 7 9 10 -10 -11 11 -13 14 -15 17 -17 -18 -19 -20 29 -22 -23 -24 -25 -26 26 27 -29 -30 -31
leaf_value=-0.05003520863300253 -0.0042275330838263941 -0.036321755043235461 0.050285669744866271 0.050285669723303665 0.050285669723303665 -0.050035191052858433 -0.050035187534114151 -0.050586570776825601 0.05033825635185131 0.050285669723303665 -0.050035191357211656 0.050285669723303617 -0.050035187324777665 0.050379888825161478 -0.05003525621038294 0.050285669723303665 -0.050035187377235051 0.050285669723303665 0.050285669723303665 0.050285658730132202 0.05028566972330363 0.050285669723303596 -0.051021925467902567 -0.050476625260307689 -0.050098465362037152 -0.050035158961585828 -0.050046883735214071 -0.050105065824259123 -0.050050980596994303 0.050286611954568829
leaf_weight=286.66991830349434 9.2689410625025594 31.160390120581724 1140.9601367525756 150.610789809376 47.304447617381811 0.43854488310171291 379.04787861416116 0.19229497562628273 0.28525441139936447 0.14495744928717513 0.46103585441596684 1.063021294772625 0.70279638748615969 2.2440537996590137 1.5891884377924719 6.0398937202990055 0.18834915105253536 3157.7047561220825 903.32650480791926 149.39837686344981 1.5945319421589377 0.57982979714870442 0.28746938559925184 0.094706612289883196 0.045378428651019931 0.13622650492470711 0.025155053765047342 0.040016795042902231 0.084016830776817986 10.365229498594998
leaf_count=407668 1259 32746 23613 3117 979 624 539343 55 5 3 656 22 1000 36 2257 125 268 65351 18695 3092 33 12 29 11 34 194 32 21 83 214
internal_value=0.039076 0.043209 0.0262028 -0.0223128 -0.0347841 0.0499478 -0.0489584 0.0501886 -0.0205414 -0.0499968 0.0502048 0.019938 0.0502157 0.0297602 0.0502293 0.0398291 -0.00513983 0.0502459 0.0501283 0.0492598 0.00665841 -0.0242178 -0.0507863 -0.0505503 -0.0500439 -0.05004 -0.0500505 -0.0500826 -0.050036 0.0502857
internal_weight=6282.05 5948.08 1701.92 560.964 333.974 4246.16 410.353 4236.7 0.970576 379.193 4235.73 1.52406 4234.2 2.81852 4231.39 6.74269 9.45729 4224.64 1066.94 163.611 3.84757 2.25304 0.574471 0.287002 0.685322 0.639943 0.201398 0.0651718 1.67321 159.764
internal_count=1101577 692930 598822 575209 408647 94108 572092 92581 910 539346 91671 678 90993 131 90862 1125 1527 89737 24386 5691 2385 2352 95 66 905 871 247 53 2340 3306
cat_boundaries=0 1 2
cat_threshold=132 9
is_linear=0
shrinkage=0.05


Tree=101
num_leaves=31
num_cat=2
split_feature=2 1 15 19 15 13 13 3 15 39 4 15 3 15 4 15 4 28 23 15 22 25 13 3 13 3 4 13 3 3
split_gain=740.185 247.061 753.963 412.526 155.477 11.3938 2.23166 1.84728 0.772142 0.554861 0.531179 1.23116 0.449196 1.78029 0.277805 2.41014 0.148762 0.00750598 0.0554445 2.71978 1.97156 1.64881 1.09719e-05 2.64115e-07 4.98346e-08 1.11562e-08 3.41651e-08 1.7998e-08 6.79381e-09 2.98644e-09
threshold=0 1 1.0000000180025095e-35 1.0000000180025095e-35 1.0000000180025095e-35 6.0000000000000009 1.0000000180025095e-35 49759.000000000007 1.0000000180025095e-35 1.0000000180025095e-35 444.50000000000006 1.0000000180025095e-35 49899.000000000007 1.0000000180025095e-35 416.00000000000006 1.0000000180025095e-35 66.500000000000014 1.0000000180025095e-35 1.0000000180025095e-35 1.0000000180025095e-35 1.0000000180025095e-35 1.0000000180025095e-35 2726.0000000000005 49873.500000000007 11006.000000000002 49439.000000000007 416.00000000000006 1302.0000000000002 55029.000000000007 59706.500000000007
decision_type=9 9 2 2 2 8 10 8 2 2 10 2 8 2 8 2 10 2 2 2 2 2 10 10 10 10 10 10 10 10
left_child=4 5 3 6 -1 16 -3 8 24 -8 12 -12 13 22 15 -14 -2 18 19 20 21 28 23 -9 25 -7 -27 -28 -16 -21
right_child=1 2 -4 -5 -6 7 9 10 -10 -11 11 -13 14 -15 17 -17 -18 -19 -20 29 -22 -23 -24 -25 -26 26 27 -29 -30 -31
leaf_value=-0.050033488651985342 -0.004033360438342069 -0.03581330875812639 0.050271660089235198 0.050271660083644067 0.050271660083644067 -0.050033472700485249 -0.050033472893847533 -0.050557733624189284 0.050321649964532457 0.050271660083644067 -0.050033472591928169 0.050271660083644011 -0.050033472694787376 0.050361231574844983 -0.050033534606236156 0.05027166008364406 -0.050033472747245303 0.050271660083644067 0.050271660083644067 0.050271655391058045 0.050271660083644025 0.05027166008364399 -0.050971152381487833 -0.050453168620596713 -0.050093653344361513 -0.050033443254354895 -0.050044594757128559 -0.050099932470835412 -0.050048492743859002 0.050272555140485869
leaf_weight=272.69799358514138 9.2304133456200326 30.05093861737987 1085.6096533760428 143.30432941764593 45.009604908525944 0.41717075067572296 360.57354551192839 0.18301833700388703 0.27142967283725739 0.13792524486780067 0.4385655448422755 1.0114517956972122 0.66854298347607244 2.1353808604180813 1.511733537889085 5.7468852028250694 0.17916923877783197 3004.5175591185689 859.50415093451738 142.15072890743613 1.5171776935458186 0.55170097947120655 0.27371484856121242 0.090128544077742845 0.043169337033759803 0.12958698940929025 0.023929293849505484 0.038068954250775278 0.079923154786229023 9.8623987473547441
leaf_count=407668 1259 32746 23613 3117 979 624 539343 55 5 3 656 22 1000 36 2257 125 268 65351 18695 3092 33 12 29 11 34 194 32 21 83 214
internal_value=0.0390609 0.0431878 0.0261828 -0.0222929 -0.0347301 0.0499228 -0.0489045 0.0501746 -0.0205389 -0.0499951 0.0501908 0.0199338 0.0502017 0.029747 0.0502154 0.039819 -0.00490926 0.0502319 0.0501144 0.0492462 0.0066571 -0.0242155 -0.0507474 -0.0505232 -0.0500417 -0.0500381 -0.050048 -0.0500786 -0.0500343 0.0502717
internal_weight=5977.96 5660.25 1619.68 534.067 317.708 4040.58 390.762 4031.17 0.923355 360.711 4030.24 1.45002 4028.79 2.68224 4026.11 6.41543 9.40958 4019.7 1015.18 155.674 3.66054 2.14336 0.546862 0.273147 0.651925 0.608756 0.191585 0.0619982 1.59166 152.013
internal_count=1101577 692930 598822 575209 408647 94108 572092 92581 910 539346 91671 678 90993 131 90862 1125 1527 89737 24386 5691 2385 2352 95 66 905 871 247 53 2340 3306
cat_boundaries=0 1 2
cat_threshold=132 9
is_linear=0
shrinkage=0.05


Tree=102
num_leaves=31
num_cat=2
split_feature=2 1 15 19 15 13 13 3 15 39 4 15 3 15 4 15 4 28 23 15 22 25 13 3 13 3 4 13 3 3
split_gain=703.197 234.38 717.012 392.048 147.884 11.2413 2.31092 1.75662 0.73439 0.527779 0.505059 1.17088 0.427438 1.69271 0.264132 2.29204 0.14277 0.00713645 0.052715 2.58613 1.87498 1.56825 9.42183e-06 2.27383e-07 4.28932e-08 9.60439e-09 2.94021e-08 1.54858e-08 5.84609e-09 2.58515e-09
threshold=0 1 1.0000000180025095e-35 1.0000000180025095e-35 1.0000000180025095e-35 6.0000000000000009 1.0000000180025095e-35 49759.000000000007 1.0000000180025095e-35 1.0000000180025095e-35 444.50000000000006 1.0000000180025095e-35 49899.000000000007 1.0000000180025095e-35 416.00000000000006 1.0000000180025095e-35 66.500000000000014 1.0000000180025095e-35 1.0000000180025095e-35 1.0000000180025095e-35 1.0000000180025095e-35 1.0000000180025095e-35 2726.0000000000005 49873.500000000007 11006.000000000002 49439.000000000007 416.00000000000006 1302.0000000000002 55029.000000000007 59706.500000000007
decision_type=9 9 2 2 2 8 10 8 2 2 10 2 8 2 8 2 10 2 2 2 2 2 10 10 10 10 10 10 10 10
left_child=4 5 3 6 -1 16 -3 8 24 -8 12 -12 13 22 15 -14 -2 18 19 20 21 28 23 -9 25 -7 -27 -28 -16 -21
right_child=1 2 -4 -5 -6 7 9 10 -10 -11 11 -13 14 -15 17 -17 -18 -19 -20 29 -22 -23 -24 -25 -26 26 27 -29 -30 -31
leaf_value=-0.050031856803861498 -0.0038473554418857556 -0.035293689161107096 0.050258339810087205 0.05025833978356023 0.05025833978356023 -0.050031837970409831 -0.050031838045557823 -0.050530326841561446 0.050305865259352746 0.05025833978356023 -0.050031839585813143 0.050258339783560174 -0.050031837849835295 0.050343498041230797 -0.05003189784354313 0.050258339783560216 -0.050031837899373599 0.05025833978356023 0.05025833978356023 0.050258333596090832 0.050258339783560174 0.050258339783560139 -0.050922946835012008 -0.050430872146927867 -0.050089081853557295 -0.0500318121707434 -0.050042421413362327 -0.050095049699244602 -0.050046124445773922 0.050259191796751659
leaf_weight=259.40659837785643 9.1938024265691602 28.995632817735896 1032.9306751489639 136.35051726177335 42.825523387640715 0.39683774276636541 342.99907424970297 0.1741844745120037 0.25827086344361305 0.13123245164751907 0.41718973260139935 0.96237131208181381 0.6359579856507479 2.0319345779716969 1.4380512395873659 5.4680188186466694 0.17043647496029812 2858.7239825390279 817.79689451679587 135.2528887912631 1.4435569681227209 0.52492980659008015 0.26060587030951865 0.085769872064702213 0.041067597223445773 0.12327087565790862 0.022763212153222412 0.036215751548297703 0.076028763083740958 9.3838354274630529
leaf_count=407668 1259 32746 23613 3117 979 624 539343 55 5 3 656 22 1000 36 2257 125 268 65351 18695 3092 33 12 29 11 34 194 32 21 83 214
internal_value=0.0390459 0.0431666 0.0261624 -0.0222722 -0.0346737 0.049898 -0.0488481 0.0501613 -0.0205366 -0.0499935 0.0501775 0.0199298 0.0501884 0.0297344 0.0502021 0.0398094 -0.00468795 0.0502186 0.0501011 0.0492332 0.00665587 -0.0242134 -0.0507105 -0.0504975 -0.0500397 -0.0500362 -0.0500457 -0.0500747 -0.0500326 0.0502584
internal_weight=5688.56 5386.33 1541.41 508.476 302.232 3844.92 372.126 3835.55 0.878426 343.13 3834.68 1.37956 3833.3 2.55249 3830.74 6.10398 9.36424 3824.64 965.916 148.119 3.48257 2.03901 0.52056 0.259954 0.620155 0.579088 0.18225 0.058979 1.51408 144.637
internal_count=1101577 692930 598822 575209 408647 94108 572092 92581 910 539346 91671 678 90993 131 90862 1125 1527 89737 24386 5691 2385 2352 95 66 905 871 247 53 2340 3306
cat_boundaries=0 1 2
cat_threshold=132 9
is_linear=0
shrinkage=0.05


Tree=103
num_leaves=31
num_cat=2
split_feature=2 1 15 19 15 13 13 3 15 39 4 15 3 15 4 15 4 28 23 15 22 25 13 3 13 3 4 13 3 3
split_gain=668.032 222.329 681.883 372.574 140.662 11.0967 2.39159 1.67043 0.698489 0.50202 0.480233 1.11357 0.406726 1.60947 0.251139 2.17975 0.136964 0.00678529 0.0501212 2.45908 1.78315 1.49162 8.09172e-06 1.95737e-07 3.69181e-08 8.26536e-09 2.53055e-08 1.33261e-08 5.03094e-09 2.23147e-09
threshold=0 1 1.0000000180025095e-35 1.0000000180025095e-35 1.0000000180025095e-35 6.0000000000000009 1.0000000180025095e-35 49759.000000000007 1.0000000180025095e-35 1.0000000180025095e-35 444.50000000000006 1.0000000180025095e-35 49899.000000000007 1.0000000180025095e-35 416.00000000000006 1.0000000180025095e-35 5993.0000000000009 1.0000000180025095e-35 1.0000000180025095e-35 1.0000000180025095e-35 1.0000000180025095e-35 1.0000000180025095e-35 2726.0000000000005 49873.500000000007 11006.000000000002 49439.000000000007 416.00000000000006 1302.0000000000002 55029.000000000007 59706.500000000007
decision_type=9 9 2 2 2 8 10 8 2 2 10 2 8 2 8 2 8 2 2 2 2 2 10 10 10 10 10 10 10 10
left_child=4 5 3 6 -1 16 -3 8 24 -8 12 -12 13 22 15 -14 -2 18 19 20 21 28 23 -9 25 -7 -27 -28 -16 -21
right_child=1 2 -4 -5 -6 7 9 10 -10 -11 11 -13 14 -15 17 -17 -18 -19 -20 29 -22 -23 -24 -25 -26 26 27 -29 -30 -31
leaf_value=-0.050030302659896567 -0.05003028445158219 -0.034763190812281401 0.050245678317953318 0.050245678309232725 0.050245678309232725 -0.050030284408490423 -0.050030282322199207 -0.050504275243389775 0.050290858973304042 0.050245678309232725 -0.050030284310885631 0.050245678309232669 -0.050030284404960206 0.050326639438823401 -0.050030343252159354 0.050245678309232711 -0.0036692350318565043 0.050245678309232725 0.050245678309232725 0.05024567017433821 0.050245678309232683 0.050245678309232614 -0.050877175068812557 -0.050409685443149402 -0.050084733775155578 -0.050030258966905029 -0.050040351994742882 -0.050090407161101538 -0.050043874595871091 0.05024648759743492
leaf_weight=246.76267566008028 0.16212909808382392 27.991837896930519 982.79538971558213 129.73248149827123 40.746903877705336 0.37749515357427299 326.28069996123668 0.16577270650304865 0.24574630334973335 0.12486283108591933 0.39685515844030195 0.91566076129674911 0.60496025253087271 1.9334670789539814 1.3679581530741405 5.2026179619133472 9.159012764692303 2719.9702914319932 778.10354238376021 128.68813320249319 1.3734911419451237 0.49945132434368145 0.24811337096616626 0.081620248616673052 0.039068013487849385 0.11726243223529309 0.021653910458553582 0.034452600288204849 0.072323966771364101 8.9283802136778814
leaf_count=407668 268 32746 23613 3117 979 624 539343 55 5 3 656 22 1000 36 2257 125 1259 65351 18695 3092 33 12 29 11 34 194 32 21 83 214
internal_value=0.0390311 0.0431455 0.0261415 -0.0222507 -0.0346149 0.0498732 -0.0487891 0.0501487 -0.0205343 -0.0499919 0.0501649 0.019926 0.0501758 0.0297224 0.0501894 0.0398002 -0.00447562 0.050206 0.0500885 0.0492209 0.00665469 -0.0242113 -0.0506754 -0.0504731 -0.0500378 -0.0500344 -0.0500435 -0.0500711 -0.050031 0.0502457
internal_weight=5413.14 5125.63 1466.93 484.13 287.51 3658.71 354.397 3649.39 0.835678 326.406 3648.55 1.31252 3647.24 2.42897 3644.81 5.80758 9.32114 3639 919.033 140.93 3.31322 1.93973 0.495506 0.247393 0.589932 0.550864 0.173369 0.0561065 1.44028 137.617
internal_count=1101577 692930 598822 575209 408647 94108 572092 92581 910 539346 91671 678 90993 131 90862 1125 1527 89737 24386 5691 2385 2352 95 66 905 871 247 53 2340 3306
cat_boundaries=0 1 2
cat_threshold=132 9
is_linear=0
shrinkage=0.05


Tree=104
num_leaves=31
num_cat=2
split_feature=2 1 15 19 15 13 13 3 15 39 4 15 3 15 4 15 4 28 23 15 22 25 13 3 13 3 4 13 3 3
split_gain=634.599 210.875 648.484 354.054 133.793 10.9596 2.4736 1.5885 0.664347 0.477519 0.456637 1.05907 0.387012 1.53036 0.238789 2.07299 0.131343 0.00645151 0.0476557 2.33832 1.69584 1.41875 6.95018e-06 1.68504e-07 3.17745e-08 7.11355e-09 2.17785e-08 1.14684e-08 4.32763e-09 1.91548e-09
threshold=0 1 1.0000000180025095e-35 1.0000000180025095e-35 1.0000000180025095e-35 6.0000000000000009 1.0000000180025095e-35 49759.000000000007 1.0000000180025095e-35 1.0000000180025095e-35 444.50000000000006 1.0000000180025095e-35 49899.000000000007 1.0000000180025095e-35 416.00000000000006 1.0000000180025095e-35 66.500000000000014 1.0000000180025095e-35 1.0000000180025095e-35 1.0000000180025095e-35 1.0000000180025095e-35 1.0000000180025095e-35 2726.0000000000005 49873.500000000007 11006.000000000002 49439.000000000007 416.00000000000006 1302.0000000000002 55029.000000000007 59706.500000000007
decision_type=9 9 2 2 2 8 10 8 2 2 10 2 8 2 8 2 10 2 2 2 2 2 10 10 10 10 10 10 10 10
left_child=4 5 3 6 -1 16 -3 8 24 -8 12 -12 13 22 15 -14 -2 18 19 20 21 28 23 -9 25 -7 -27 -28 -16 -21
right_child=1 2 -4 -5 -6 7 9 10 -10 -11 11 -13 14 -15 17 -17 -18 -19 -20 29 -22 -23 -24 -25 -26 26 27 -29 -30 -31
leaf_value=-0.050028824089787843 -0.0034987308994830187 -0.03422214572158435 0.050233637814753929 0.050233637804395416 0.050233637804395416 -0.050028806834976992 -0.050028807006686708 -0.050479511186613812 0.050276593028121132 0.050233637804395416 -0.050028806742550072 0.05023363780439536 -0.050028806833692957 0.050310612827003311 -0.050028862849700456 0.050233637804395409 -0.050028806877398649 0.050233637804395416 0.050233637804395416 0.050233631823516284 0.050233637804395374 0.050233637804395298 -0.050833708321236709 -0.050389545023361487 -0.050080597790490844 -0.050028782574360046 -0.050038382598025205 -0.050085992095775557 -0.050041730212412733 0.050234408239354246
leaf_weight=234.73467535385862 9.1259547146037185 27.037052303145174 935.08231582865119 123.43418632820249 38.768709789961576 0.35909485054435208 310.37673321657348 0.15776328614447277 0.23382577300071716 0.11880094930529495 0.37751118233427294 0.87120696157217026 0.57547254255041469 1.839741874486208 1.3012795411050309 4.950039554387331 0.15422640740871507 2587.9202793501318 740.32791575416923 122.44053306803107 1.3068104423582554 0.47520379722118389 0.23620945677976124 0.077669832855463028 0.037165635381825268 0.11154668300878257 0.020598627452272922 0.032775143743492663 0.068799556698650011 8.494928725063799
leaf_count=407668 1259 32746 23613 3117 979 624 539343 55 5 3 656 22 1000 36 2257 125 268 65351 18695 3092 33 12 29 11 34 194 32 21 83 214
internal_value=0.0390165 0.0431243 0.02612 -0.0222283 -0.0345534 0.0498485 -0.0487274 0.0501367 -0.0205322 -0.0499904 0.0501529 0.0199224 0.0501638 0.029711 0.0501774 0.0397915 -0.00427201 0.050194 0.0500765 0.0492092 0.00665357 -0.0242094 -0.0506421 -0.0504498 -0.0500359 -0.0500328 -0.0500414 -0.0500676 -0.0500295 0.0502337
internal_weight=5151.05 4877.55 1396.05 460.967 273.503 3481.5 337.533 3472.22 0.795007 310.496 3471.42 1.24872 3470.17 2.31138 3467.86 5.52551 9.28018 3462.34 874.415 134.088 3.15209 1.84528 0.471643 0.235433 0.561181 0.524015 0.16492 0.0533738 1.37008 130.935
internal_count=1101577 692930 598822 575209 408647 94108 572092 92581 910 539346 91671 678 90993 131 90862 1125 1527 89737 24386 5691 2385 2352 95 66 905 871 247 53 2340 3306
cat_boundaries=0 1 2
cat_threshold=132 9
is_linear=0
shrinkage=0.05


Tree=105
num_leaves=31
num_cat=2
split_feature=2 1 15 19 15 13 13 3 15 39 4 15 3 15 4 15 4 28 23 15 22 25 13 3 13 3 4 13 3 3
split_gain=602.812 199.988 616.73 336.442 127.26 10.8295 2.55686 1.51061 0.631877 0.454214 0.434208 1.00724 0.368248 1.45516 0.227052 1.97148 0.125906 0.00613433 0.0453129 2.22353 1.61282 1.34944 5.97024e-06 1.45059e-07 2.73467e-08 6.12126e-09 1.87424e-08 9.8687e-09 3.72751e-09 1.64719e-09
threshold=0 1 1.0000000180025095e-35 1.0000000180025095e-35 1.0000000180025095e-35 6.0000000000000009 1.0000000180025095e-35 49759.000000000007 1.0000000180025095e-35 1.0000000180025095e-35 444.50000000000006 1.0000000180025095e-35 49899.000000000007 1.0000000180025095e-35 416.00000000000006 1.0000000180025095e-35 5993.0000000000009 1.0000000180025095e-35 1.0000000180025095e-35 1.0000000180025095e-35 1.0000000180025095e-35 1.0000000180025095e-35 2726.0000000000005 49873.500000000007 11006.000000000002 49439.000000000007 416.00000000000006 1302.0000000000002 55029.000000000007 59706.500000000007
decision_type=9 9 2 2 2 8 10 8 2 2 10 2 8 2 8 2 8 2 2 2 2 2 10 10 10 10 10 10 10 10
left_child=4 5 3 6 -1 16 -3 8 24 -8 12 -12 13 22 15 -14 -2 18 19 20 21 28 23 -9 25 -7 -27 -28 -16 -21
right_child=1 2 -4 -5 -6 7 9 10 -10 -11 11 -13 14 -15 17 -17 -18 -19 -20 29 -22 -23 -24 -25 -26 26 27 -29 -30 -31
leaf_value=-0.050027418104531235 -0.050027401443588949 -0.033670924763441377 0.050222193362692263 0.050222193373145069 0.050222193373145069 -0.050027401404381437 -0.050027401558778932 -0.050455972559303675 0.050263029430334949 0.050222193373145069 -0.050027401316332348 0.050222193373144999 -0.05002740139988502 0.050295378610992016 -0.050027451330435194 0.050222193373145055 -0.0033355804457125974 0.050222193373145069 0.050222193373145069 0.050222184566844866 0.05022219337314502 0.050222193373144944 -0.050792427447647198 -0.050370403207533478 -0.050076662734352899 -0.050027377561098818 -0.050036509277791456 -0.050081790503795978 -0.050039695321373749 0.050222922703329259
leaf_weight=223.292655841331 0.14670871617272496 26.12889280996751 889.67542808130383 117.44031587988138 36.886130653321743 0.34159093239577487 295.24756964889821 0.15013732115039613 0.22248046100139618 0.11303206533193488 0.35910957003943511 0.82890181243419647 0.54742145584896196 1.7505333423614502 1.237849432742222 4.7096693888306618 9.0945421680808032 2462.2528338357806 704.37815379351377 116.49491873756051 1.2433527186512947 0.45212826132774364 0.22486739559099078 0.073909197439206764 0.035355754749616608 0.10610938968602568 0.019594734767451882 0.03117923007812351 0.065446759283076861 8.0824274793267232
leaf_count=407668 268 32746 23613 3117 979 624 539343 55 5 3 656 22 1000 36 2257 125 1259 65351 18695 3092 33 12 29 11 34 194 32 21 83 214
internal_value=0.039002 0.043103 0.026098 -0.0222051 -0.0344892 0.0498237 -0.0486628 0.0501253 -0.0205302 -0.049989 0.0501415 0.019919 0.0501523 0.0297002 0.050166 0.0397832 -0.00407683 0.0501825 0.0500652 0.0491981 0.00665251 -0.0242075 -0.0506104 -0.0504277 -0.0500342 -0.0500312 -0.0500393 -0.0500643 -0.0500281 0.0502222
internal_weight=4901.63 4641.45 1328.61 438.93 260.179 3312.85 321.489 3303.61 0.756311 295.361 3302.85 1.18801 3301.66 2.19945 3299.46 5.25709 9.24125 3294.21 831.954 127.576 2.99878 1.75542 0.448914 0.224047 0.53383 0.498474 0.156883 0.050774 1.3033 124.577
internal_count=1101577 692930 598822 575209 408647 94108 572092 92581 910 539346 91671 678 90993 131 90862 1125 1527 89737 24386 5691 2385 2352 95 66 905 871 247 53 2340 3306
cat_boundaries=0 1 2
cat_threshold=132 9
is_linear=0
shrinkage=0.05


Tree=106
num_leaves=31
num_cat=2
split_feature=2 1 15 19 15 13 13 3 15 39 4 15 3 15 4 15 4 28 23 15 22 25 13 3 13 3 4 13 3 3
split_gain=572.59 189.64 586.538 319.692 121.046 10.7062 2.64128 1.43655 0.600997 0.432048 0.412888 0.957965 0.350388 1.38369 0.215895 1.87496 0.120651 0.00583276 0.0430853 2.11441 1.53388 1.28352 5.12899e-06 1.24871e-07 2.3534e-08 5.26445e-09 1.61318e-08 8.49199e-09 3.20775e-09 1.40808e-09
threshold=0 1 1.0000000180025095e-35 1.0000000180025095e-35 1.0000000180025095e-35 6.0000000000000009 1.0000000180025095e-35 49759.000000000007 1.0000000180025095e-35 1.0000000180025095e-35 444.50000000000006 1.0000000180025095e-35 49899.000000000007 1.0000000180025095e-35 416.00000000000006 1.0000000180025095e-35 66.500000000000014 1.0000000180025095e-35 1.0000000180025095e-35 1.0000000180025095e-35 1.0000000180025095e-35 1.0000000180025095e-35 2726.0000000000005 49873.500000000007 11006.000000000002 49439.000000000007 416.00000000000006 1302.0000000000002 55029.000000000007 59706.500000000007
decision_type=9 9 2 2 2 8 10 8 2 2 10 2 8 2 8 2 10 2 2 2 2 2 10 10 10 10 10 10 10 10
left_child=4 5 3 6 -1 16 -3 8 24 -8 12 -12 13 22 15 -14 -2 18 19 20 21 28 23 -9 25 -7 -27 -28 -16 -21
right_child=1 2 -4 -5 -6 7 9 10 -10 -11 11 -13 14 -15 17 -17 -18 -19 -20 29 -22 -23 -24 -25 -26 26 27 -29 -30 -31
leaf_value=-0.050026077253526452 -0.0031795061394249697 -0.033109953482595468 0.050211307475070244 0.0502113074614755 0.0502113074614755 -0.050026066958638218 -0.050026064156039288 -0.050433595827782757 0.050250138183014895 0.0502113074614755 -0.050026066874958676 0.050211307461475445 -0.050026061364873226 0.050280894537709633 -0.050026111501053953 0.0502113074614755 -0.050026061405656463 0.0502113074614755 0.0502113074614755 0.050211305640866379 0.050211307461475452 0.050211307461475375 -0.050753220169586215 -0.050352209494493594 -0.050072919605042038 -0.050026039560517689 -0.050034728670528876 -0.05007779512109594 -0.05003775714399631 0.050212005305755918
leaf_weight=212.40808067843318 9.0646937256678903 25.265090580098331 846.46424168348312 111.73628582060337 35.094585761427879 0.32493980863364413 280.85549022560008 0.1428768105688506 0.21168288588523865 0.10754214227199455 0.34160448517650255 0.78864237666130066 0.52073696861043561 1.6656263917684555 1.1775095122284245 4.480922594666481 0.1395572891924538 2342.6621798723936 670.1667832583189 110.83680133149028 1.182963564991951 0.43016856908798229 0.21406155559816398 0.070329365524230525 0.033633884944720194 0.10093700641300529 0.018639735062606633 0.029660907806828618 0.062257231853436568 7.6898724697530261
leaf_count=407668 1259 32746 23613 3117 979 624 539343 55 5 3 656 22 1000 36 2257 125 268 65351 18695 3092 33 12 29 11 34 194 32 21 83 214
internal_value=0.0389875 0.0430815 0.0260754 -0.0221808 -0.0344222 0.0497988 -0.0485952 0.0501144 -0.0205283 -0.0499877 0.0501306 0.0199157 0.0501415 0.0296899 0.0501551 0.0397753 -0.00388981 0.0501717 0.0500543 0.0491875 0.00665149 -0.0242058 -0.0505803 -0.0504067 -0.0500325 -0.0500296 -0.0500374 -0.0500612 -0.0500267 0.0502114
internal_weight=4664.29 4416.79 1264.43 417.964 247.503 3152.36 306.228 3143.15 0.719494 280.963 3142.43 1.13025 3141.3 2.09289 3139.21 5.00166 9.20425 3134.21 791.546 121.38 2.8529 1.66994 0.427268 0.213206 0.507811 0.474177 0.149238 0.0483006 1.23977 118.527
internal_count=1101577 692930 598822 575209 408647 94108 572092 92581 910 539346 91671 678 90993 131 90862 1125 1527 89737 24386 5691 2385 2352 95 66 905 871 247 53 2340 3306
cat_boundaries=0 1 2
cat_threshold=132 9
is_linear=0
shrinkage=0.05


Tree=107
num_leaves=31
num_cat=2
split_feature=2 1 15 19 15 13 13 3 15 39 4 15 3 15 4 15 4 28 23 15 22 25 13 3 13 3 4 13 3 3
split_gain=543.854 179.805 557.832 303.762 115.136 10.5891 2.72675 1.36615 0.571629 0.410964 0.392621 0.911105 0.33339 1.31575 0.205291 1.78318 0.115576 0.00554623 0.0409689 2.01068 1.45881 1.22083 4.40663e-06 1.07491e-07 2.02548e-08 4.53108e-09 1.38835e-08 7.3067e-09 2.76113e-09 1.21663e-09
threshold=0 1 1.0000000180025095e-35 1.0000000180025095e-35 1.0000000180025095e-35 6.0000000000000009 1.0000000180025095e-35 49759.000000000007 1.0000000180025095e-35 1.0000000180025095e-35 444.50000000000006 1.0000000180025095e-35 49899.000000000007 1.0000000180025095e-35 416.00000000000006 1.0000000180025095e-35 66.500000000000014 1.0000000180025095e-35 1.0000000180025095e-35 1.0000000180025095e-35 1.0000000180025095e-35 1.0000000180025095e-35 2726.0000000000005 49873.500000000007 11006.000000000002 49439.000000000007 416.00000000000006 1302.0000000000002 55029.000000000007 59706.500000000007
decision_type=9 9 2 2 2 8 10 8 2 2 10 2 8 2 8 2 10 2 2 2 2 2 10 10 10 10 10 10 10 10
left_child=4 5 3 6 -1 16 -3 8 24 -8 12 -12 13 22 15 -14 -2 18 19 20 21 28 23 -9 25 -7 -27 -28 -16 -21
right_child=1 2 -4 -5 -6 7 9 10 -10 -11 11 -13 14 -15 17 -17 -18 -19 -20 29 -22 -23 -24 -25 -26 26 27 -29 -30 -31
leaf_value=-0.050024803425188294 -0.0030302624712508961 -0.032539683290023678 0.050200961388028813 0.050200961372730515 0.050200961372730515 -0.050024794093713021 -0.050024791130068816 -0.050412324615942521 0.050237879583977844 0.050200961372730515 -0.050024794014414266 0.050200961372730446 -0.050024788213242702 0.05026712435030968 -0.050024837782066026 0.050200961372730502 -0.0500247882511086 0.050200961372730515 0.050200961372730515 0.050200956330357573 0.05020096137273046 0.05020096137273037 -0.050715977917055781 -0.050334916502901075 -0.05006935912044478 -0.050024768283578672 -0.050033035690134002 -0.050073993976225264 -0.050035915637087161 0.050201623087675264
leaf_weight=202.05383204598911 9.0363321332260931 24.443491091486067 805.34346219524741 106.30819690972567 33.389709584414959 0.30909996369155124 267.16464130004169 0.13596452650381219 0.20140688493847847 0.10231780260801215 0.32495228317566105 0.75033055245876312 0.49535260768607248 1.5848159119486809 1.1201094928546798 4.2632417753338814 0.13275429606437761 2228.8569060787559 637.6104399189353 105.45241639763117 1.1254958286881447 0.40927121043205272 0.20376740049687214 0.066921768622705713 0.031995757977711037 0.096016629948280752 0.017731249507050961 0.028216415375936776 0.059223036223556735 7.3163076601922503
leaf_count=407668 1259 32746 23613 3117 979 624 539343 55 5 3 656 22 1000 36 2257 125 268 65351 18695 3092 33 12 29 11 34 194 32 21 83 214
internal_value=0.0389731 0.0430599 0.0260521 -0.0221556 -0.0343521 0.0497737 -0.0485245 0.0501041 -0.0205265 -0.0499864 0.0501203 0.0199126 0.0501311 0.0296801 0.0501448 0.0397678 -0.00371067 0.0501613 0.050044 0.0491775 0.00665053 -0.0242041 -0.0505517 -0.0503868 -0.0500309 -0.0500282 -0.0500356 -0.0500582 -0.0500254 0.050201
internal_weight=4438.43 4202.99 1203.36 398.019 235.444 2999.63 291.71 2990.46 0.684467 267.267 2989.78 1.07528 2988.7 1.99147 2986.71 4.75859 9.16909 2981.95 753.093 115.483 2.7141 1.5886 0.406654 0.202886 0.48306 0.451064 0.141964 0.0459477 1.17933 112.769
internal_count=1101577 692930 598822 575209 408647 94108 572092 92581 910 539346 91671 678 90993 131 90862 1125 1527 89737 24386 5691 2385 2352 95 66 905 871 247 53 2340 3306
cat_boundaries=0 1 2
cat_threshold=132 9
is_linear=0
shrinkage=0.05


Tree=108
num_leaves=31
num_cat=2
split_feature=2 1 15 19 15 13 13 3 15 39 4 15 3 15 4 15 4 28 23 15 22 25 13 3 13 3 4 13 3 3
split_gain=516.533 170.456 530.538 288.613 109.515 10.478 2.81316 1.29921 0.543699 0.390909 0.373356 0.866543 0.317212 1.25117 0.195211 1.69591 0.110679 0.00527387 0.0389571 1.91206 1.38743 1.16121 3.78642e-06 9.25263e-08 1.74328e-08 3.90034e-09 1.19478e-08 6.28764e-09 2.37512e-09 1.06026e-09
threshold=0 1 1.0000000180025095e-35 1.0000000180025095e-35 1.0000000180025095e-35 6.0000000000000009 1.0000000180025095e-35 49759.000000000007 1.0000000180025095e-35 1.0000000180025095e-35 444.50000000000006 1.0000000180025095e-35 49899.000000000007 1.0000000180025095e-35 416.00000000000006 1.0000000180025095e-35 66.500000000000014 1.0000000180025095e-35 1.0000000180025095e-35 1.0000000180025095e-35 1.0000000180025095e-35 1.0000000180025095e-35 2726.0000000000005 49873.500000000007 11006.000000000002 49439.000000000007 416.00000000000006 1302.0000000000002 55029.000000000007 59706.500000000007
decision_type=9 9 2 2 2 8 10 8 2 2 10 2 8 2 8 2 10 2 2 2 2 2 10 10 10 10 10 10 10 10
left_child=4 5 3 6 -1 16 -3 8 24 -8 12 -12 13 22 15 -14 -2 18 19 20 21 28 23 -9 25 -7 -27 -28 -16 -21
right_child=1 2 -4 -5 -6 7 9 10 -10 -11 11 -13 14 -15 17 -17 -18 -19 -20 29 -22 -23 -24 -25 -26 26 27 -29 -30 -31
leaf_value=-0.05002359602910892 -0.0028875892101503679 -0.031960620171090207 0.050191122097858809 0.050191122106906683 0.050191122106906683 -0.050023584455941662 -0.050023581895531938 -0.050392100332500071 0.050226224481388727 0.050191122106906683 -0.050023582920467116 0.05019112210690662 -0.050023581754787584 0.050254033517105612 -0.050023627815798423 0.050191122106906676 -0.050023581791200013 0.050191122106906683 0.050191122106906683 0.050191113327594343 0.050191122106906641 0.050191122106906544 -0.050680602655810952 -0.050318477001883036 -0.050065974235988298 -0.05002356108476691 -0.050031424756593904 -0.050070380570774932 -0.050034162115477177 0.050191751461314327
leaf_weight=192.20407950814115 9.0093824909999931 23.66204097418813 766.21280959621072 101.14281177520752 31.76734447479248 0.2940319164772518 254.14085144200362 0.12938405264867436 0.19162749499082565 0.09734630584716697 0.30911147687584051 0.71387290954589844 0.47120507224462915 1.5079063326120377 1.065506277285748 4.056096076965332 0.12628276436589736 2120.5594778060913 606.62972927093506 100.32861115783453 1.0708093643188477 0.38938522338867199 0.19396143042831682 0.063678227888885885 0.030437312612775713 0.091335992387030274 0.016867015947354957 0.026842173188924789 0.056336619483772554 6.9608213827013961
leaf_count=407668 1259 32746 23613 3117 979 624 539343 55 5 3 656 22 1000 36 2257 125 268 65351 18695 3092 33 12 29 11 34 194 32 21 83 214
internal_value=0.0389586 0.043038 0.0260281 -0.0221292 -0.034279 0.0497483 -0.0484505 0.0500943 -0.0205247 -0.0499852 0.0501104 0.0199096 0.0501213 0.0296708 0.0501349 0.0397607 -0.00353915 0.0501515 0.0500342 0.0491679 0.00664962 -0.0242025 -0.0505246 -0.0503678 -0.0500294 -0.0500268 -0.0500338 -0.0500553 -0.0500242 0.0501912
internal_weight=4223.52 3999.55 1145.26 379.043 223.971 2854.29 277.9 2845.16 0.651142 254.238 2844.51 1.02298 2843.48 1.89493 2841.59 4.5273 9.13567 2837.06 716.501 109.871 2.58204 1.51123 0.387024 0.193062 0.459514 0.429077 0.135045 0.0437092 1.12184 107.289
internal_count=1101577 692930 598822 575209 408647 94108 572092 92581 910 539346 91671 678 90993 131 90862 1125 1527 89737 24386 5691 2385 2352 95 66 905 871 247 53 2340 3306
cat_boundaries=0 1 2
cat_threshold=132 9
is_linear=0
shrinkage=0.05


Tree=109
num_leaves=31
num_cat=2
split_feature=2 1 15 19 15 13 13 3 15 39 4 15 3 15 4 15 4 28 23 15 22 25 13 3 13 3 4 13 3 3
split_gain=490.554 161.569 504.586 274.206 104.169 10.3726 2.9004 1.23556 0.517136 0.371834 0.355041 0.824166 0.301815 1.18977 0.185629 1.61292 0.105956 0.00501494 0.0370445 1.81831 1.31956 1.1045 3.25369e-06 7.96585e-08 1.50064e-08 3.35935e-09 1.02822e-08 5.41155e-09 2.04421e-09 9.03185e-10
threshold=0 1 1.0000000180025095e-35 1.0000000180025095e-35 1.0000000180025095e-35 6.0000000000000009 1.0000000180025095e-35 49759.000000000007 1.0000000180025095e-35 1.0000000180025095e-35 444.50000000000006 1.0000000180025095e-35 49899.000000000007 1.0000000180025095e-35 416.00000000000006 1.0000000180025095e-35 66.500000000000014 1.0000000180025095e-35 1.0000000180025095e-35 1.0000000180025095e-35 1.0000000180025095e-35 1.0000000180025095e-35 2726.0000000000005 49873.500000000007 11006.000000000002 49439.000000000007 416.00000000000006 1302.0000000000002 55029.000000000007 59706.500000000007
decision_type=9 9 2 2 2 8 10 8 2 2 10 2 8 2 8 2 10 2 2 2 2 2 10 10 10 10 10 10 10 10
left_child=4 5 3 6 -1 16 -3 8 24 -8 12 -12 13 22 15 -14 -2 18 19 20 21 28 23 -9 25 -7 -27 -28 -16 -21
right_child=1 2 -4 -5 -6 7 9 10 -10 -11 11 -13 14 -15 17 -17 -18 -19 -20 29 -22 -23 -24 -25 -26 26 27 -29 -30 -31
leaf_value=-0.050022446599632814 -0.0027512352979484544 -0.031373291342076379 0.050181766890175963 0.050181767566425117 0.050181767566425117 -0.050022430471178658 -0.050022431906603583 -0.050372877077785608 0.050215140960104244 0.050181767566425117 -0.050022431933275484 0.050181767566425055 -0.050022430057276572 0.050241586043557808 -0.0500224748383232 0.05018176756642511 -0.050022433338732609 0.050181767566425117 0.050181767566425117 0.050181760232516984 0.050181767566425062 0.050181767566424978 -0.050646994256253068 -0.050302846861831445 -0.050062755051311782 -0.050022412080002888 -0.050029890372102974 -0.050066944533913998 -0.050032495014788542 0.050182364057024691
leaf_weight=182.83427144709276 8.9837757870554888 22.918787825794425 728.97663074545562 96.227502660825849 30.223524255678058 0.27969808955094777 241.7516749794886 0.12311969778966125 0.18232092633843422 0.09261549822986026 0.29404252272797649 0.6791803203523159 0.44823417556472112 1.434711292386055 1.0135636937920924 3.8589790929108858 0.12012657185550857 2017.5051416065544 577.14891313575208 95.452865570783615 1.0187704805284739 0.37046199291944515 0.18462116221780889 0.060590949258767068 0.028954681823961437 0.086883428157307208 0.016044881223933771 0.025534773070830852 0.053590790077578165 6.6225454080849877
leaf_count=407668 1259 32746 23613 3117 979 624 539343 55 5 3 656 22 1000 36 2257 125 268 65351 18695 3092 33 12 29 11 34 194 32 21 83 214
internal_value=0.0389442 0.0430158 0.0260033 -0.0221018 -0.0342026 0.0497227 -0.048373 0.0500849 -0.0205231 -0.0499841 0.0501011 0.0199068 0.050112 0.029662 0.0501256 0.0397539 -0.00337498 0.0501422 0.0500249 0.0491588 0.00664875 -0.024201 -0.0504988 -0.0503498 -0.050028 -0.0500255 -0.0500322 -0.0500526 -0.050023 0.0501818
internal_weight=4019.02 3805.96 1089.97 360.991 213.058 2715.99 264.763 2706.89 0.619437 241.844 2706.27 0.973223 2705.3 1.80304 2703.49 4.30721 9.1039 2699.19 681.681 104.532 2.45639 1.43762 0.368332 0.183711 0.437116 0.408161 0.128463 0.0415797 1.06715 102.075
internal_count=1101577 692930 598822 575209 408647 94108 572092 92581 910 539346 91671 678 90993 131 90862 1125 1527 89737 24386 5691 2385 2352 95 66 905 871 247 53 2340 3306
cat_boundaries=0 1 2
cat_threshold=132 9
is_linear=0
shrinkage=0.05


Tree=110
num_leaves=31
num_cat=2
split_feature=2 1 15 19 15 13 13 3 15 39 4 15 3 15 4 15 4 28 23 15 22 25 13 3 13 3 4 13 3 3
split_gain=465.853 153.121 479.908 260.504 99.0836 10.2724 2.98834 1.17505 0.491874 0.35369 0.33763 0.783867 0.287162 1.13141 0.176521 1.53401 0.101404 0.00476879 0.0352263 1.72918 1.25501 1.05056 2.79616e-06 6.85683e-08 1.29145e-08 2.89093e-09 8.84883e-09 4.65672e-09 1.75905e-09 7.78584e-10
threshold=0 1 1.0000000180025095e-35 1.0000000180025095e-35 1.0000000180025095e-35 6.0000000000000009 1.0000000180025095e-35 49759.000000000007 1.0000000180025095e-35 1.0000000180025095e-35 444.50000000000006 1.0000000180025095e-35 49899.000000000007 1.0000000180025095e-35 416.00000000000006 1.0000000180025095e-35 66.500000000000014 1.0000000180025095e-35 1.0000000180025095e-35 1.0000000180025095e-35 1.0000000180025095e-35 1.0000000180025095e-35 2726.0000000000005 49873.500000000007 11006.000000000002 49439.000000000007 416.00000000000006 1302.0000000000002 55029.000000000007 59706.500000000007
decision_type=9 9 2 2 2 8 10 8 2 2 10 2 8 2 8 2 10 2 2 2 2 2 10 10 10 10 10 10 10 10
left_child=4 5 3 6 -1 16 -3 8 24 -8 12 -12 13 22 15 -14 -2 18 19 20 21 28 23 -9 25 -7 -27 -28 -16 -21
right_child=1 2 -4 -5 -6 7 9 10 -10 -11 11 -13 14 -15 17 -17 -18 -19 -20 29 -22 -23 -24 -25 -26 26 27 -29 -30 -31
leaf_value=-0.05002135009334089 -0.0026209565052711372 -0.030778280639592773 0.050172866626671565 0.050172869063305758 0.050172869063305758 -0.050021337310307418 -0.050021337437608539 -0.050354600289740682 0.050204605383761217 0.050172869063305758 -0.050021337242356446 0.050172869063305682 -0.050021337308652672 0.050229750534875939 -0.050021377998210242 0.050172869063305751 -0.050021337340693556 0.050172869063305758 0.050172869063305758 0.050172863373837265 0.050172869063305717 0.050172869063305627 -0.050615067304131491 -0.050287993081298291 -0.050059691712872056 -0.050021319527855927 -0.050028433198446 -0.050063675526720877 -0.050030908215103476 0.050173438144379835
leaf_weight=173.92105629283469 8.9594453750178182 22.211872741230763 693.54389646463096 91.550257232040167 28.754476044327021 0.26606272938079201 229.96621279924875 0.11715652019483935 0.17346450686454773 0.088113818317650749 0.2797078626754218 0.64616800099611282 0.42638261220417906 1.3650530409067869 0.96415220628841714 3.6714090965688229 0.11427036847453642 1919.4420469589531 549.09594448283315 90.813269730657339 0.96925200149416912 0.35245527327060688 0.17572506560827605 0.057652490737382323 0.02754418837139383 0.082647835661191493 0.015262796659953892 0.024290973495226353 0.050978712388314307 6.3006525672972193
leaf_count=407668 1259 32746 23613 3117 979 624 539343 55 5 3 656 22 1000 36 2257 125 268 65351 18695 3092 33 12 29 11 34 194 32 21 83 214
internal_value=0.0389296 0.0429932 0.0259777 -0.0220731 -0.0341227 0.0496967 -0.048292 0.0500761 -0.0205215 -0.049983 0.0500922 0.0199041 0.0501031 0.0296536 0.0501167 0.0397475 -0.0032179 0.0501333 0.050016 0.0491502 0.00664792 -0.0241996 -0.0504742 -0.0503326 -0.0500266 -0.0500243 -0.0500306 -0.0500501 -0.0500219 0.0501729
internal_weight=3824.43 3621.75 1037.36 343.816 202.676 2584.39 252.266 2575.32 0.589273 230.054 2574.73 0.925876 2573.8 1.71559 2572.09 4.09779 9.07372 2567.99 648.547 99.4508 2.33684 1.36759 0.350534 0.174809 0.415809 0.388264 0.122202 0.0395538 1.01513 97.1139
internal_count=1101577 692930 598822 575209 408647 94108 572092 92581 910 539346 91671 678 90993 131 90862 1125 1527 89737 24386 5691 2385 2352 95 66 905 871 247 53 2340 3306
cat_boundaries=0 1 2
cat_threshold=132 9
is_linear=0
shrinkage=0.05


Tree=111
num_leaves=31
num_cat=2
split_feature=2 1 15 19 15 13 13 3 15 39 4 15 3 15 4 15 28 23 15 22 25 13 3 13 3 4 13 3 3 3
split_gain=442.366 145.091 456.444 247.474 94.2469 10.1774 3.07685 1.11751 0.467847 0.336432 0.321077 0.745544 0.273217 1.07593 0.167862 1.45897 0.0045348 0.0334978 1.64443 1.19363 0.999261 2.40319e-06 5.90193e-08 1.11143e-08 2.48931e-09 7.61526e-09 4.008e-09 1.51316e-09 6.68919e-10 2.33034e-09
threshold=0 1 1.0000000180025095e-35 1.0000000180025095e-35 1.0000000180025095e-35 6.0000000000000009 1.0000000180025095e-35 49759.000000000007 1.0000000180025095e-35 1.0000000180025095e-35 444.50000000000006 1.0000000180025095e-35 49899.000000000007 1.0000000180025095e-35 416.00000000000006 1.0000000180025095e-35 1.0000000180025095e-35 1.0000000180025095e-35 1.0000000180025095e-35 1.0000000180025095e-35 1.0000000180025095e-35 2726.0000000000005 49873.500000000007 11006.000000000002 49439.000000000007 416.00000000000006 1302.0000000000002 55029.000000000007 59706.500000000007 61101.000000000007
decision_type=9 9 2 2 2 8 10 8 2 2 10 2 8 2 8 2 2 2 2 2 2 10 10 10 10 10 10 10 10 10
left_child=4 5 3 6 -1 -2 -3 8 23 -8 12 -12 13 21 15 -14 17 18 19 20 27 22 -9 24 -7 -26 -27 -16 -20 -30
right_child=1 2 -4 -5 -6 7 9 10 -10 -11 11 -13 14 -15 16 -17 -18 -19 28 -21 -22 -23 -24 -25 25 26 -28 -29 29 -31
leaf_value=-0.050020305099750854 -0.00306764089347265 -0.030176199831967367 0.050164410637964597 0.050164408024127444 0.050164408024127444 -0.050020296109243079 -0.050020296229666465 -0.050337220313422304 0.050194587397992013 0.050164408024127444 -0.050020296044390226 0.05016440802412736 -0.05002029610717993 0.050218498445462778 -0.050020335301066303 0.05016440802412743 0.050164408024127444 0.050164408024127444 0.050164403877407886 0.050164408024127395 0.050164408024127298 -0.050584732923791599 -0.050273869791659202 -0.050056777690875215 -0.050020281558596197 -0.05002704632280798 -0.05006056885367989 -0.050029397979750645 0.050167920745250866 0.050164622916580873
leaf_weight=165.4421867490164 9.0450265229446796 21.539528294000775 659.82778063230217 87.099614711478353 27.356600193306804 0.25309183390345424 218.75507190919598 0.11148023663554307 0.1650366447865963 0.083830235525964691 0.26607175249955517 0.6147550605237484 0.40559592889621887 1.2987622264772654 0.91714859055355125 3.4929264802485704 1826.1299072857946 522.4020843859762 86.398455882444978 0.92213259078562249 0.33532094210386276 0.16725256311474368 0.054855762195074931 0.026202329725492746 0.07861864467849955 0.014518813695758581 0.023107687069568783 0.048493877577129751 0.59467111714184184 5.399683428928256
leaf_count=407668 1527 32746 23613 3117 979 624 539343 55 5 3 656 22 1000 36 2257 125 65351 18695 3092 33 12 29 11 34 194 32 21 83 21 193
internal_value=0.0389149 0.0429702 0.0259511 -0.0220432 -0.0340394 0.0496702 -0.0482072 0.0500676 -0.02052 -0.0499819 0.0500838 0.0199016 0.0500946 0.0296456 0.0501083 0.0397414 0.0501248 0.0500076 0.049142 0.00664713 -0.0241982 -0.0504509 -0.0503163 -0.0500253 -0.0500231 -0.0500291 -0.0500476 -0.0500208 0.0501644 0.050165
internal_weight=3639.27 3446.47 987.306 327.478 192.799 2459.17 240.378 2450.12 0.560576 218.839 2449.56 0.880827 2448.68 1.63235 2447.05 3.89852 2443.15 617.018 94.6159 2.2231 1.30096 0.333589 0.166336 0.395539 0.369337 0.116245 0.0376265 0.965642 92.3928 5.99435
internal_count=1101577 692930 598822 575209 408647 94108 572092 92581 910 539346 91671 678 90993 131 90862 1125 89737 24386 5691 2385 2352 95 66 905 871 247 53 2340 3306 214
cat_boundaries=0 1 2
cat_threshold=132 9
is_linear=0
shrinkage=0.05


Tree=112
num_leaves=31
num_cat=2
split_feature=2 1 15 19 15 13 13 3 15 39 4 15 3 15 4 15 28 23 15 22 25 13 3 13 3 4 13 3 3 3
split_gain=420.034 137.457 434.131 235.082 89.6465 10.0867 3.16579 1.0628 0.444995 0.320016 0.305339 0.709098 0.259947 1.02318 0.15963 1.38761 0.00431236 0.0318547 1.56386 1.13526 0.95047 2.06555e-06 5.08096e-08 9.56753e-09 2.1414e-09 6.55583e-09 3.44956e-09 1.30281e-09 5.70054e-10 2.00321e-09
threshold=0 1 1.0000000180025095e-35 1.0000000180025095e-35 1.0000000180025095e-35 6.0000000000000009 1.0000000180025095e-35 49759.000000000007 1.0000000180025095e-35 1.0000000180025095e-35 444.50000000000006 1.0000000180025095e-35 49899.000000000007 1.0000000180025095e-35 416.00000000000006 1.0000000180025095e-35 1.0000000180025095e-35 1.0000000180025095e-35 1.0000000180025095e-35 1.0000000180025095e-35 1.0000000180025095e-35 2726.0000000000005 49873.500000000007 11006.000000000002 49439.000000000007 416.00000000000006 1302.0000000000002 55029.000000000007 59706.500000000007 61101.000000000007
decision_type=9 9 2 2 2 8 10 8 2 2 10 2 8 2 8 2 2 2 2 2 2 10 10 10 10 10 10 10 10 10
left_child=4 5 3 6 -1 -2 -3 8 23 -8 12 -12 13 21 15 -14 17 18 19 20 27 22 -9 24 -7 -26 -27 -16 -20 -30
right_child=1 2 -4 -5 -6 7 9 10 -10 -11 11 -13 14 -15 16 -17 -18 -19 28 -21 -22 -23 -24 -25 25 26 -28 -29 29 -31
leaf_value=-0.050019318523572498 -0.0029233189056410854 -0.029567688308984888 0.050156366282625132 0.050156366274098044 0.050156366274098044 -0.050019303852085806 -0.050019307261321859 -0.050320698863251669 0.050185058355186309 0.050156366274098044 -0.050019305572561547 0.050156366274097967 -0.050019303372296708 0.050207798986965403 -0.050019342806255175 0.05015636627409803 0.050156366274098044 0.050156366274098044 0.050156363538887139 0.050156366274098002 0.050156366274097891 -0.050555907925606471 -0.050260439771267984 -0.05005400686452971 -0.05001928677422679 -0.050025724323830782 -0.050057610601257144 -0.050027964795191962 0.050159704262413375 0.050156569497988815
leaf_weight=157.37650964129716 9.0177099991124106 20.900074699078687 627.74573222361505 82.864665878936648 26.026470290496945 0.24075304518919438 208.0902645860624 0.10607722226995941 0.15701676532626152 0.079754250124095871 0.2531001624010959 0.58486450091004372 0.38582223351113532 1.2356774657964706 0.87243559033959106 3.3230937551707029 1737.3399999532849 497.00190202333033 82.19759745337069 0.87729675136506546 0.31901700049638748 0.15918397923815064 0.052194006537320092 0.024925771285779774 0.074785813805647194 0.013811078068101779 0.02198197809047997 0.04613009124295786 0.56575899012386699 5.1371417082846165
leaf_count=407668 1527 32746 23613 3117 979 624 539343 55 5 3 656 22 1000 36 2257 125 65351 18695 3092 33 12 29 11 34 194 32 21 83 21 193
internal_value=0.0389001 0.0429467 0.0259236 -0.022012 -0.0339523 0.0496433 -0.0481184 0.0500596 -0.0205186 -0.0499809 0.0500757 0.0198991 0.0500866 0.029638 0.0501002 0.0397355 0.0501168 0.0499996 0.0491341 0.00664638 -0.0241969 -0.0504287 -0.0503008 -0.0500241 -0.0500219 -0.0500277 -0.0500453 -0.0500198 0.0501564 0.0501569
internal_weight=3463.09 3279.69 939.68 311.935 183.403 2340.01 229.07 2330.99 0.533274 208.17 2330.46 0.837965 2329.62 1.55313 2328.07 3.70892 2324.36 587.017 90.0154 2.11488 1.23758 0.317455 0.158271 0.376258 0.351332 0.110579 0.0357931 0.918566 87.9005 5.7029
internal_count=1101577 692930 598822 575209 408647 94108 572092 92581 910 539346 91671 678 90993 131 90862 1125 89737 24386 5691 2385 2352 95 66 905 871 247 53 2340 3306 214
cat_boundaries=0 1 2
cat_threshold=132 9
is_linear=0
shrinkage=0.05


Tree=113
num_leaves=31
num_cat=2
split_feature=2 1 15 19 15 13 13 3 15 39 4 15 3 15 4 15 28 23 15 22 25 13 3 13 3 4 13 3 3 3
split_gain=398.798 130.2 412.914 223.296 85.2709 10.0007 3.255 1.01078 0.423261 0.304402 0.290377 0.674438 0.247318 0.973026 0.151803 1.31975 0.00410091 0.0302928 1.48726 1.07975 0.904064 1.77548e-06 4.37389e-08 8.23231e-09 1.84259e-09 5.64044e-09 2.96836e-09 1.1218e-09 4.95248e-10 1.7253e-09
threshold=0 1 1.0000000180025095e-35 1.0000000180025095e-35 1.0000000180025095e-35 6.0000000000000009 1.0000000180025095e-35 49759.000000000007 1.0000000180025095e-35 1.0000000180025095e-35 444.50000000000006 1.0000000180025095e-35 49899.000000000007 1.0000000180025095e-35 416.00000000000006 1.0000000180025095e-35 1.0000000180025095e-35 1.0000000180025095e-35 1.0000000180025095e-35 1.0000000180025095e-35 1.0000000180025095e-35 2726.0000000000005 49873.500000000007 11006.000000000002 49439.000000000007 416.00000000000006 1302.0000000000002 55029.000000000007 59706.500000000007 61101.000000000007
decision_type=9 9 2 2 2 8 10 8 2 2 10 2 8 2 8 2 2 2 2 2 2 10 10 10 10 10 10 10 10 10
left_child=4 5 3 6 -1 -2 -3 8 23 -8 12 -12 13 21 15 -14 17 18 19 20 27 22 -9 24 -7 -26 -27 -16 -20 -30
right_child=1 2 -4 -5 -6 7 9 10 -10 -11 11 -13 14 -15 16 -17 -18 -19 28 -21 -22 -23 -24 -25 25 26 -28 -29 29 -31
leaf_value=-0.05001837649866378 -0.0027853824342141862 -0.028953429955440698 0.050148716555737827 0.05014871654604966 0.05014871654604966 -0.050018365631496378 -0.050018363744186771 -0.050304991586953098 0.050176001183631747 0.05014871654604966 -0.050018363298684643 0.05014871654604957 -0.050018361765720498 0.050197625727511831 -0.050018397619862612 0.050148716546049646 0.05014871654604966 0.05014871654604966 0.050148711762022617 0.050148716546049604 0.050148716546049493 -0.050528520994408167 -0.050247674664338986 -0.050051370318671067 -0.050018349709977296 -0.050024470316185898 -0.050054797353547564 -0.050026600661879556 0.050151892479309346 0.05014890985996745
leaf_weight=149.70391246286454 8.991754776099695 20.291908597340807 597.21900782547891 78.835029847919941 24.760825864970684 0.22901557886507362 197.94522407927434 0.10093448648694869 0.14938525296747684 0.075875870883463814 0.2407607426866879 0.55642305314540863 0.36701219505630467 1.1756449807435274 0.82990168876130999 3.1614946201443672 1652.8546793684363 472.83313538879156 78.20040256716311 0.83463457971811283 0.30350348353385925 0.1515004885441158 0.049660767224850133 0.023711344692856073 0.071139767824206501 0.01313782500801608 0.020911049854476005 0.043881466728635132 0.53824832662939925 4.8873279169201851
leaf_count=407668 1527 32746 23613 3117 979 624 539343 55 5 3 656 22 1000 36 2257 125 65351 18695 3092 33 12 29 11 34 194 32 21 83 21 193
internal_value=0.0388851 0.0429227 0.0258951 -0.0219794 -0.0338613 0.0496158 -0.0480256 0.050052 -0.0205173 -0.04998 0.0500681 0.0198968 0.050079 0.0296308 0.0500926 0.03973 0.0501091 0.049992 0.0491267 0.00664567 -0.0241957 -0.0504077 -0.0502861 -0.0500229 -0.0500209 -0.0500264 -0.0500431 -0.0500188 0.0501487 0.0501492
internal_weight=3295.46 3121 894.367 297.148 174.465 2226.63 218.313 2217.64 0.507301 198.021 2217.13 0.797184 2216.33 1.47774 2214.85 3.52851 2211.33 558.471 85.6379 2.01192 1.17729 0.302096 0.150595 0.357916 0.334204 0.105189 0.0340489 0.873783 83.626 5.42558
internal_count=1101577 692930 598822 575209 408647 94108 572092 92581 910 539346 91671 678 90993 131 90862 1125 89737 24386 5691 2385 2352 95 66 905 871 247 53 2340 3306 214
cat_boundaries=0 1 2
cat_threshold=132 9
is_linear=0
shrinkage=0.05


Tree=114
num_leaves=31
num_cat=2
split_feature=2 1 15 19 15 13 13 3 15 39 4 15 3 15 4 15 28 23 15 22 25 13 3 13 3 4 13 3 3 3
split_gain=378.606 123.302 392.739 212.089 81.109 9.91888 3.34435 0.961311 0.402591 0.28955 0.276151 0.641476 0.235301 0.925345 0.144363 1.25522 0.00389988 0.0288079 1.41442 1.02697 0.859926 1.52628e-06 3.76507e-08 7.08556e-09 1.5852e-09 4.8566e-09 2.55457e-09 9.65571e-10 4.26823e-10 1.48596e-09
threshold=0 1 1.0000000180025095e-35 1.0000000180025095e-35 1.0000000180025095e-35 6.0000000000000009 1.0000000180025095e-35 49759.000000000007 1.0000000180025095e-35 1.0000000180025095e-35 444.50000000000006 1.0000000180025095e-35 49899.000000000007 1.0000000180025095e-35 416.00000000000006 1.0000000180025095e-35 1.0000000180025095e-35 1.0000000180025095e-35 1.0000000180025095e-35 1.0000000180025095e-35 1.0000000180025095e-35 2726.0000000000005 49873.500000000007 11006.000000000002 49439.000000000007 416.00000000000006 1302.0000000000002 55029.000000000007 59706.500000000007 61101.000000000007
decision_type=9 9 2 2 2 8 10 8 2 2 10 2 8 2 8 2 2 2 2 2 2 10 8 10 10 10 10 10 10 10
left_child=4 5 3 6 -1 -2 -3 8 23 -8 12 -12 13 21 15 -14 17 18 19 20 27 22 -9 24 -7 -26 -27 -16 -20 -30
right_child=1 2 -4 -5 -6 7 9 10 -10 -11 11 -13 14 -15 16 -17 -18 -19 28 -21 -22 -23 -24 -25 25 26 -28 -29 29 -31
leaf_value=-0.050017479411775784 -0.0026535810583609033 -0.028334119864164859 0.050141444833142979 0.050141444839841121 0.050141444839841121 -0.050017468858449626 -0.050017466996539854 -0.050290053075279333 0.050167390254713118 0.050141444839841121 -0.050017468802019009 0.050141444839841037 -0.050017468855751826 0.050187952907348447 -0.05001750025290308 0.050141444839841114 0.050141444839841121 0.050141444839841121 0.05014143759373399 0.050141444839841065 0.050141444839840954 -0.050502495727253696 -0.050235535278978984 -0.050048862524594395 -0.050017450447494331 -0.050023277821876634 -0.050052123489999691 -0.050025303259614809 0.050144464132535219 0.050141626245829268
leaf_weight=142.40525818191236 8.9670928030973283 19.7135103190667 568.17260733805597 75.000801812857389 23.556555975228548 0.21785015880595893 188.29460629797541 0.096039655560161918 0.14212342537939548 0.072185564786194756 0.22902270164922711 0.5293608084321022 0.34911889815703068 1.1185182053595781 0.78944071929436066 3.0077318660914898 1572.4662814475596 449.83637789264321 74.397041400894523 0.79404121264815319 0.28874225914478302 0.14418411572114564 0.047249911149264912 0.022556030540727079 0.067671425174921751 0.01249737644684501 0.019892241747584194 0.041742398752830923 0.51207157969474693 4.6496283989399672
leaf_count=407668 1527 32746 23613 3117 979 624 539343 55 5 3 656 22 1000 36 2257 125 65351 18695 3092 33 12 29 11 34 194 32 21 83 21 193
internal_value=0.0388699 0.042898 0.0258654 -0.0219454 -0.0337664 0.0495876 -0.0479284 0.0500447 -0.020516 -0.0499791 0.0500608 0.0198947 0.0500717 0.0296239 0.0500853 0.0397247 0.0501019 0.0499848 0.0491196 0.006645 -0.0241945 -0.0503876 -0.0502721 -0.0500218 -0.0500199 -0.0500251 -0.050041 -0.0500179 0.0501415 0.0501419
internal_weight=3135.96 2970 851.254 283.081 165.962 2118.75 208.08 2109.78 0.482591 188.367 2109.3 0.758384 2108.54 1.40599 2107.13 3.35685 2103.78 531.309 81.4727 1.91397 1.11993 0.287474 0.14329 0.340467 0.317911 0.100061 0.0323896 0.831183 79.5587 5.1617
internal_count=1101577 692930 598822 575209 408647 94108 572092 92581 910 539346 91671 678 90993 131 90862 1125 89737 24386 5691 2385 2352 95 66 905 871 247 53 2340 3306 214
cat_boundaries=0 1 2
cat_threshold=132 9
is_linear=0
shrinkage=0.05


Tree=115
num_leaves=31
num_cat=2
split_feature=2 1 15 19 15 13 13 3 15 39 4 15 3 15 4 15 28 23 15 22 25 13 3 13 3 4 13 3 3 3
split_gain=359.406 116.744 373.553 201.43 77.1504 9.84115 3.43366 0.914273 0.382931 0.275422 0.262625 0.610128 0.223866 0.880011 0.137289 1.19385 0.00370874 0.027396 1.34516 0.976765 0.817944 1.3121e-06 3.24074e-08 6.09953e-09 1.36453e-09 4.1798e-09 2.19835e-09 8.30803e-10 3.67223e-10 1.28008e-09
threshold=0 1 1.0000000180025095e-35 1.0000000180025095e-35 1.0000000180025095e-35 6.0000000000000009 1.0000000180025095e-35 49759.000000000007 1.0000000180025095e-35 1.0000000180025095e-35 444.50000000000006 1.0000000180025095e-35 49899.000000000007 1.0000000180025095e-35 416.00000000000006 1.0000000180025095e-35 1.0000000180025095e-35 1.0000000180025095e-35 1.0000000180025095e-35 1.0000000180025095e-35 1.0000000180025095e-35 2726.0000000000005 49873.500000000007 11006.000000000002 49439.000000000007 416.00000000000006 1302.0000000000002 55029.000000000007 59706.500000000007 61101.000000000007
decision_type=9 9 2 2 2 8 10 8 2 2 10 2 8 2 8 2 2 2 2 2 2 10 10 10 10 10 10 10 10 10
left_child=4 5 3 6 -1 -2 -3 8 23 -8 12 -12 13 21 15 -14 17 18 19 20 27 22 -9 24 -7 -26 -27 -16 -20 -30
right_child=1 2 -4 -5 -6 7 9 10 -10 -11 11 -13 14 -15 16 -17 -18 -19 28 -21 -22 -23 -24 -25 25 26 -28 -29 29 -31
leaf_value=-0.050016626042925366 -0.0025276829978278597 -0.027710499716539702 0.050134526853822671 0.050134526860171724 0.050134526860171724 -0.050016615855073089 -0.050016615951482213 -0.050275850281657819 0.050159198926584006 0.050134526860171724 -0.05001661580137922 0.050134526860171627 -0.050016615853644975 0.050178754816819694 -0.050016647833529139 0.050134526860171717 0.050134526860171724 0.050134526860171724 0.050134520679183919 0.050134526860171669 0.050134526860171551 -0.050477762024579001 -0.050223996681939054 -0.050046480025275425 -0.050016598900196399 -0.050022142455800916 -0.050049578420242248 -0.050024068980777207 0.050137400366018894 0.0501346999053255
leaf_weight=135.4623242050875 8.9436590111581591 19.163429012405686 540.5351905208081 71.352564660832286 22.410702856257558 0.2072289272909984 179.11434956765152 0.091380901692900474 0.13521350547671318 0.068674268200992539 0.21785675577120756 0.50361130014061928 0.33209766843356225 1.0641575492918491 0.75095171711291075 2.8614278417080641 1495.9773670677096 427.95514800585806 70.778172712773085 0.75541695021092881 0.27469707280397415 0.13721767875540536 0.044955572811886668 0.021456956397742033 0.064372119668405503 0.011888135049957782 0.018923023599199951 0.039707552408799529 0.48716445825993915 4.4234589952975512
leaf_count=407668 1527 32746 23613 3117 979 624 539343 55 5 3 656 22 1000 36 2257 125 65351 18695 3092 33 12 29 11 34 194 32 21 83 21 193
internal_value=0.0388544 0.0428728 0.0258346 -0.0219098 -0.0336672 0.0495588 -0.0478268 0.0500378 -0.0205148 -0.0499782 0.0500539 0.0198926 0.0500648 0.0296174 0.0500784 0.0397197 0.050095 0.0499779 0.0491129 0.00664435 -0.0241934 -0.0503686 -0.0502588 -0.0500207 -0.0500189 -0.0500238 -0.050039 -0.050017 0.0501345 0.050135
internal_weight=2984.2 2826.33 810.234 269.699 157.873 2016.1 198.346 2007.15 0.459083 179.183 2006.69 0.721468 2005.97 1.33771 2004.64 3.19353 2001.44 505.465 77.5096 1.82077 1.06536 0.273554 0.136336 0.323869 0.302412 0.0951833 0.0308112 0.790659 75.6888 4.91062
internal_count=1101577 692930 598822 575209 408647 94108 572092 92581 910 539346 91671 678 90993 131 90862 1125 89737 24386 5691 2385 2352 95 66 905 871 247 53 2340 3306 214
cat_boundaries=0 1 2
cat_threshold=132 9
is_linear=0
shrinkage=0.05


Tree=116
num_leaves=31
num_cat=2
split_feature=2 1 15 19 15 13 13 3 15 39 4 15 3 15 4 15 28 23 15 22 25 13 3 13 3 4 13 3 3 3
split_gain=341.149 110.509 355.309 191.294 73.3851 9.76724 3.52279 0.869543 0.364232 0.261985 0.249764 0.580315 0.212984 0.836908 0.130563 1.13549 0.00352701 0.0260536 1.27931 0.929023 0.778015 1.12805e-06 2.78923e-08 5.24999e-09 1.17566e-09 3.5959e-09 1.89235e-09 7.15397e-10 3.1531e-10 1.10031e-09
threshold=0 1 1.0000000180025095e-35 1.0000000180025095e-35 1.0000000180025095e-35 6.0000000000000009 1.0000000180025095e-35 49759.000000000007 1.0000000180025095e-35 1.0000000180025095e-35 444.50000000000006 1.0000000180025095e-35 49899.000000000007 1.0000000180025095e-35 416.00000000000006 1.0000000180025095e-35 1.0000000180025095e-35 1.0000000180025095e-35 1.0000000180025095e-35 1.0000000180025095e-35 1.0000000180025095e-35 2726.0000000000005 49873.500000000007 11006.000000000002 49439.000000000007 416.00000000000006 1302.0000000000002 55029.000000000007 59706.500000000007 61101.000000000007
decision_type=9 9 2 2 2 8 10 8 2 2 10 2 8 2 8 2 2 2 2 2 2 10 10 10 10 10 10 10 10 10
left_child=4 5 3 6 -1 -2 -3 8 23 -8 12 -12 13 21 15 -14 17 18 19 20 27 22 -9 24 -7 -26 -27 -16 -20 -30
right_child=1 2 -4 -5 -6 7 9 10 -10 -11 11 -13 14 -15 16 -17 -18 -19 28 -21 -22 -23 -24 -25 25 26 -28 -29 29 -31
leaf_value=-0.050015813905733009 -0.0024074484164756209 -0.02708332086696116 0.050127948017946712 0.050127948023996532 0.050127948023996532 -0.050015804579460421 -0.050015807099866076 -0.050262345321728123 0.050151411145709285 0.050127948023996532 -0.050015804528502572 0.050127948023996428 -0.050015804577845747 0.050170008525764559 -0.050015834376469087 0.050127948023996519 0.050127948023996532 0.050127948023996532 0.050127942934463314 0.050127948023996477 0.050127948023996338 -0.050454257645713464 -0.050213027232804991 -0.050044212996315132 -0.050015793515639111 -0.050021060586670697 -0.050047159530204971 -0.050022895082082158 0.05013067994969015 0.050128113066719493
leaf_weight=128.85778036114061 8.921394251403397 18.640286193985958 514.23876061104238 67.881342524662614 21.320447331294417 0.19712536910083145 170.38152708378038 0.086946966999675745 0.12863853387534618 0.06533334217965503 0.20723503056797099 0.47911117598414421 0.31590607250109348 1.0124299880117178 0.71433868497842812 2.7222225908190012 1423.1997482609004 407.13561068288982 67.334893209859729 0.71866676397621621 0.26133336871862411 0.13058476881997194 0.042772168089868501 0.020411388948559761 0.061233617307152599 0.011308582208584994 0.018000984855461866 0.037771856848848984 0.46346571668982406 4.2082632575184107
leaf_count=407668 1527 32746 23613 3117 979 624 539343 55 5 3 656 22 1000 36 2257 125 65351 18695 3092 33 12 29 11 34 194 32 21 83 21 193
internal_value=0.0388386 0.0428468 0.0258026 -0.0218727 -0.0335637 0.0495292 -0.0477205 0.0500312 -0.0205136 -0.0499774 0.0500474 0.0198906 0.0500582 0.0296112 0.0500719 0.039715 0.0500884 0.0499713 0.0491065 0.00664374 -0.0241924 -0.0503505 -0.0502461 -0.0500197 -0.050018 -0.0500227 -0.0500371 -0.0500162 0.050128 0.0501284
internal_weight=2839.81 2689.64 771.207 256.968 150.178 1918.43 189.087 1909.51 0.436718 170.447 1909.07 0.686346 1908.38 1.27273 1907.11 3.03813 1904.07 480.874 73.7387 1.73211 1.01344 0.260304 0.129719 0.30808 0.287669 0.0905432 0.0293096 0.752111 72.0066 4.67173
internal_count=1101577 692930 598822 575209 408647 94108 572092 92581 910 539346 91671 678 90993 131 90862 1125 89737 24386 5691 2385 2352 95 66 905 871 247 53 2340 3306 214
cat_boundaries=0 1 2
cat_threshold=132 9
is_linear=0
shrinkage=0.05


Tree=117
num_leaves=31
num_cat=2
split_feature=2 1 15 19 15 13 13 3 15 39 4 15 3 15 4 15 28 23 15 22 25 13 3 13 3 4 13 3 3 3
split_gain=323.788 104.582 337.959 181.654 69.8037 9.69696 3.61156 0.827009 0.346447 0.249203 0.237535 0.551961 0.20263 0.795924 0.124168 1.07999 0.00335419 0.024777 1.21669 0.88362 0.740036 9.6988e-07 2.40088e-08 4.51739e-09 1.01116e-09 3.09488e-09 1.62819e-09 6.15077e-10 2.68585e-10 9.47541e-10
threshold=0 1 1.0000000180025095e-35 1.0000000180025095e-35 1.0000000180025095e-35 6.0000000000000009 1.0000000180025095e-35 49759.000000000007 1.0000000180025095e-35 1.0000000180025095e-35 444.50000000000006 1.0000000180025095e-35 49899.000000000007 1.0000000180025095e-35 416.00000000000006 1.0000000180025095e-35 1.0000000180025095e-35 1.0000000180025095e-35 1.0000000180025095e-35 1.0000000180025095e-35 1.0000000180025095e-35 2726.0000000000005 49873.500000000007 11006.000000000002 49439.000000000007 416.00000000000006 1302.0000000000002 55029.000000000007 59706.500000000007 61101.000000000007
decision_type=9 9 2 2 2 8 10 8 2 2 10 2 8 2 8 2 2 2 2 2 2 10 8 10 10 10 10 10 10 10
left_child=4 5 3 6 -1 -2 -3 8 23 -8 12 -12 13 21 15 -14 17 18 19 20 27 22 -9 24 -7 -26 -27 -16 -20 -30
right_child=1 2 -4 -5 -6 7 9 10 -10 -11 11 -13 14 -15 16 -17 -18 -19 28 -21 -22 -23 -24 -25 25 26 -28 -29 29 -31
leaf_value=-0.050015044941368561 -0.0022926508015462619 -0.026453351721878356 0.050121692886696739 0.050121689379979774 0.050121689379979774 -0.050015035866636394 -0.050015033522566379 -0.050249503526506784 0.05014400289762129 0.050121689379979774 -0.050015034000598216 0.050121689379979663 -0.050015035989039051 0.050161691370676532 -0.050015062751273112 0.050121689379979767 0.050121689379979774 0.050121689379979774 0.05012168976109789 0.050121689379979711 0.050121689379979573 -0.050431918650125064 -0.050202594198380128 -0.050042053872620479 -0.050015023015027929 -0.050020035197020862 -0.050044856601842325 -0.050021775373579526 0.050124291603235394 0.050121849420995436
leaf_weight=122.57515660626814 8.9002388423541543 18.142773862869944 489.21854067966342 64.578589171171188 20.283105164766312 0.18751425936352462 162.07436058638268 0.082727116183377802 0.12238237820565701 0.062154561281203224 0.19713101474917394 0.45580011606216431 0.3005036560352895 0.96320885233581066 0.67951021145563462 2.5897733867168427 1353.9542447626591 387.32650771737099 64.058720299974084 0.68370017409324646 0.24861824512481689 0.12426970821979921 0.0406943895795846 0.019416730443481356 0.058248091896530241 0.010757271345937625 0.017123834462836385 0.035930484795244411 0.4409169927239408 4.0035114642232656
leaf_count=407668 1527 32746 23613 3117 979 624 539343 55 5 3 656 22 1000 36 2257 125 65351 18695 3092 33 12 29 11 34 194 32 21 83 21 193
internal_value=0.0388225 0.04282 0.0257692 -0.0218338 -0.0334557 0.0494988 -0.0476093 0.050025 -0.0205125 -0.0499766 0.0500411 0.0198887 0.050052 0.0296053 0.0500656 0.0397104 0.0500821 0.0499651 0.0491005 0.00664316 -0.0241913 -0.0503333 -0.050234 -0.0500187 -0.0500171 -0.0500216 -0.0500353 -0.0500154 0.0501217 0.0501221
internal_weight=2702.44 2559.58 734.076 244.858 142.858 1825.5 180.279 1816.6 0.415443 162.137 1816.19 0.652931 1815.53 1.2109 1814.32 2.89028 1811.43 457.477 70.1509 1.64776 0.964059 0.247691 0.123422 0.29306 0.273643 0.0861292 0.0278811 0.715441 68.5031 4.44443
internal_count=1101577 692930 598822 575209 408647 94108 572092 92581 910 539346 91671 678 90993 131 90862 1125 89737 24386 5691 2385 2352 95 66 905 871 247 53 2340 3306 214
cat_boundaries=0 1 2
cat_threshold=132 9
is_linear=0
shrinkage=0.05


Tree=118
num_leaves=31
num_cat=2
split_feature=2 1 15 19 15 13 13 3 15 39 4 15 3 15 4 15 28 23 15 22 25 13 3 13 3 4 13 3 3 3
split_gain=307.28 98.9481 321.46 172.487 66.3972 9.63009 3.6998 0.786561 0.329532 0.237045 0.225907 0.524996 0.192777 0.756956 0.118087 1.0272 0.00318993 0.0235637 1.15715 0.84044 0.703913 8.33919e-07 2.06677e-08 3.88942e-09 8.69956e-10 2.66448e-09 1.40121e-09 5.29225e-10 2.34252e-10 8.13084e-10
threshold=0 1 1.0000000180025095e-35 1.0000000180025095e-35 1.0000000180025095e-35 6.0000000000000009 1.0000000180025095e-35 49759.000000000007 1.0000000180025095e-35 1.0000000180025095e-35 444.50000000000006 1.0000000180025095e-35 49899.000000000007 1.0000000180025095e-35 416.00000000000006 1.0000000180025095e-35 1.0000000180025095e-35 1.0000000180025095e-35 1.0000000180025095e-35 1.0000000180025095e-35 1.0000000180025095e-35 2726.0000000000005 49873.500000000007 11006.000000000002 49439.000000000007 416.00000000000006 1302.0000000000002 55029.000000000007 59706.500000000007 61101.000000000007
decision_type=9 9 2 2 2 8 10 8 2 2 10 2 8 2 8 2 2 2 2 2 2 10 8 10 10 10 10 10 10 10
left_child=4 5 3 6 -1 -2 -3 8 23 -8 12 -12 13 21 15 -14 17 18 19 20 27 22 -9 24 -7 -26 -27 -16 -20 -30
right_child=1 2 -4 -5 -6 7 9 10 -10 -11 11 -13 14 -15 16 -17 -18 -19 28 -21 -22 -23 -24 -25 25 26 -28 -29 29 -31
leaf_value=-0.050014308618274134 -0.0021830824089555311 -0.025821389976669162 0.05011574183954022 0.050115741823580834 0.050115741823580834 -0.050014299823484425 -0.050014299912331639 -0.050237295383368012 0.050136963137098138 0.050115741823580834 -0.050014299777301111 0.050115741823580709 -0.050014299821386901 0.050153782235241362 -0.050014329954384165 0.050115741823580806 0.050115741823580834 0.050115741823580834 0.05011573901258385 0.050115741823580751 0.050115741823580619 -0.050410687592922977 -0.050192675113365171 -0.050040003125099389 -0.05001428547700093 -0.050019056460380497 -0.050042665418640823 -0.050020714063313265 0.050118213190701838 0.050115893774797804
leaf_weight=116.59876181092113 8.8801378584466857 17.669639457948506 465.41292593441904 61.436158971861005 19.296117944642901 0.17837164123193361 154.17210524241091 0.078711111476877704 0.11642965488135815 0.05913008563220401 0.18751951050944526 0.4336206279695034 0.28585203108377788 0.91637345217168331 0.64637934553320409 2.4637535680085421 1288.0700753834099 368.47898363135755 60.94159085676074 0.6504309419542551 0.23652034252882004 0.11825753077573609 0.038717157469363661 0.018470503477146849 0.055408094252925366 0.010232828179141507 0.016289390157908201 0.034178841655375436 0.41946279443800349 3.8086991813033819
leaf_count=407668 1527 32746 23613 3117 979 624 539343 55 5 3 656 22 1000 36 2257 125 65351 18695 3092 33 12 29 11 34 194 32 21 83 21 193
internal_value=0.038806 0.0427924 0.0257345 -0.0217933 -0.033343 0.0494674 -0.0474931 0.0500191 -0.0205114 -0.0499759 0.0500352 0.0198869 0.050046 0.0295997 0.0500597 0.0397061 0.0500762 0.0499592 0.0490947 0.0066426 -0.0241904 -0.050317 -0.0502226 -0.0500178 -0.0500163 -0.0500205 -0.0500336 -0.0500147 0.0501158 0.0501161
internal_weight=2571.73 2435.83 698.75 233.337 135.895 1737.08 171.901 1728.2 0.395202 154.231 1727.81 0.62114 1727.19 1.15206 1726.04 2.74961 1723.29 435.216 66.7373 1.56751 0.917079 0.235686 0.117428 0.278772 0.260302 0.0819303 0.0265222 0.680558 65.1698 4.22816
internal_count=1101577 692930 598822 575209 408647 94108 572092 92581 910 539346 91671 678 90993 131 90862 1125 89737 24386 5691 2385 2352 95 66 905 871 247 53 2340 3306 214
cat_boundaries=0 1 2
cat_threshold=132 9
is_linear=0
shrinkage=0.05


Tree=119
num_leaves=31
num_cat=2
split_feature=2 1 15 19 15 13 13 3 15 39 4 15 3 15 4 15 28 23 15 22 25 13 3 13 3 4 13 3 3 3
split_gain=291.583 93.5917 305.77 163.77 63.157 9.56646 3.78735 0.748097 0.313444 0.22548 0.214851 0.499349 0.183402 0.719902 0.112306 0.977006 0.00303375 0.02241 1.10053 0.799374 0.669555 7.17018e-07 1.77901e-08 3.34668e-09 7.48932e-10 2.29262e-09 1.20582e-09 4.55514e-10 2.04899e-10 6.99474e-10
threshold=0 1 1.0000000180025095e-35 1.0000000180025095e-35 1.0000000180025095e-35 6.0000000000000009 1.0000000180025095e-35 49759.000000000007 1.0000000180025095e-35 1.0000000180025095e-35 444.50000000000006 1.0000000180025095e-35 49899.000000000007 1.0000000180025095e-35 416.00000000000006 1.0000000180025095e-35 1.0000000180025095e-35 1.0000000180025095e-35 1.0000000180025095e-35 1.0000000180025095e-35 1.0000000180025095e-35 2726.0000000000005 49873.500000000007 11006.000000000002 49439.000000000007 416.00000000000006 1302.0000000000002 55029.000000000007 59706.500000000007 61101.000000000007
decision_type=9 9 2 2 2 8 10 8 2 2 10 2 8 2 8 2 2 2 2 2 2 10 10 10 10 10 10 10 10 10
left_child=4 5 3 6 -1 -2 -3 8 23 -8 12 -12 13 21 15 -14 17 18 19 20 27 22 -9 24 -7 -26 -27 -16 -20 -30
right_child=1 2 -4 -5 -6 7 9 10 -10 -11 11 -13 14 -15 16 -17 -18 -19 28 -21 -22 -23 -24 -25 25 26 -28 -29 29 -31
leaf_value=-0.050013612020011491 -0.0020785128409136003 -0.025188219900761658 0.050110084946565485 0.050110084951768545 0.050110084951768545 -0.050013603896449821 -0.050013603973656229 -0.050225687498004018 0.05013026321548935 0.050110084951768545 -0.050013603852447797 0.050110084951768434 -0.050013603894202778 0.050146261135227535 -0.050013629659814478 0.050110084951768531 0.050110084951768545 0.050110084951768545 0.050110078233669288 0.050110084951768469 0.050110084951768323 -0.050390505085419215 -0.050183246074331236 -0.050038050130202863 -0.050013591739431235 -0.050018128258215604 -0.050040583450105793 -0.050019702394937984 0.050112434069547455 0.050110228454568931
leaf_weight=110.91368448967114 8.8610393295530212 17.219698946515564 442.76318486407399 58.446312708780169 18.357054905965924 0.16967465486959554 146.6550299176597 0.07488919378374681 0.11076573841273785 0.056252466514705612 0.17837649618741025 0.41251808777451515 0.27191455592401359 0.87180884182453156 0.61486344487639033 2.3438527714461088 1225.3849797341973 350.54662049748003 57.975817227736115 0.61877713166177273 0.22500986605882645 0.1125339616992278 0.036835645150858909 0.017570354480994865 0.052706522808875889 0.0097339431231375784 0.015495575789827853 0.032512560545001179 0.39905019663274188 3.6233459413051605
leaf_count=407668 1527 32746 23613 3117 979 624 539343 55 5 3 656 22 1000 36 2257 125 65351 18695 3092 33 12 29 11 34 194 32 21 83 21 193
internal_value=0.0387891 0.0427639 0.0256983 -0.0217509 -0.0332254 0.0494351 -0.0473715 0.0500134 -0.0205104 -0.0499752 0.0500295 0.0198852 0.0500404 0.0295944 0.050054 0.039702 0.0500705 0.0499535 0.0490892 0.00664208 -0.0241895 -0.0503014 -0.0502117 -0.050017 -0.0500155 -0.0500195 -0.0500319 -0.0500139 0.0501101 0.0501104
internal_weight=2447.37 2318.1 665.14 222.377 129.271 1652.96 163.931 1644.1 0.375947 146.711 1643.72 0.590895 1643.13 1.09607 1642.04 2.61577 1639.42 414.036 63.4894 1.49116 0.872386 0.224259 0.111725 0.265181 0.247611 0.077936 0.0252295 0.647376 61.9982 4.0224
internal_count=1101577 692930 598822 575209 408647 94108 572092 92581 910 539346 91671 678 90993 131 90862 1125 89737 24386 5691 2385 2352 95 66 905 871 247 53 2340 3306 214
cat_boundaries=0 1 2
cat_threshold=132 9
is_linear=0
shrinkage=0.05


Tree=120
num_leaves=31
num_cat=2
split_feature=2 1 15 19 15 13 13 3 15 39 4 15 3 15 4 15 28 23 15 22 25 13 3 13 3 4 13 3 3 3
split_gain=276.658 88.4997 290.849 155.48 60.0751 9.50587 3.87402 0.711518 0.298141 0.21448 0.204337 0.474958 0.174482 0.684668 0.106808 0.929266 0.00288522 0.0213129 1.04669 0.760319 0.636875 6.166e-07 1.53147e-08 2.88045e-09 6.44355e-10 1.97412e-09 1.03794e-09 3.92374e-10 1.74076e-10 6.02283e-10
threshold=0 1 1.0000000180025095e-35 1.0000000180025095e-35 1.0000000180025095e-35 6.0000000000000009 1.0000000180025095e-35 49759.000000000007 1.0000000180025095e-35 1.0000000180025095e-35 444.50000000000006 1.0000000180025095e-35 49899.000000000007 1.0000000180025095e-35 416.00000000000006 1.0000000180025095e-35 1.0000000180025095e-35 1.0000000180025095e-35 1.0000000180025095e-35 1.0000000180025095e-35 1.0000000180025095e-35 2726.0000000000005 49873.500000000007 11006.000000000002 49439.000000000007 416.00000000000006 1302.0000000000002 55029.000000000007 59706.500000000007 61101.000000000007
decision_type=9 9 2 2 2 8 10 8 2 2 10 2 8 2 8 2 2 2 2 2 2 10 10 10 10 10 10 10 10 10
left_child=4 5 3 6 -1 -2 -3 8 23 -8 12 -12 13 21 15 -14 17 18 19 20 27 22 -9 24 -7 -26 -27 -16 -20 -30
right_child=1 2 -4 -5 -6 7 9 10 -10 -11 11 -13 14 -15 16 -17 -18 -19 28 -21 -22 -23 -24 -25 25 26 -28 -29 29 -31
leaf_value=-0.050012947402634206 -0.0019787502072272107 -0.024554661293875627 0.050104706039677871 0.050104706044632186 0.050104706044632186 -0.050012939714962401 -0.050012937135797034 -0.050214644665041885 0.050123895963979238 0.050104706044632186 -0.05001293967311158 0.050104706044632054 -0.050012939713984808 0.050139107717228862 -0.050012963088377771 0.050104706044632165 0.050104706044632186 0.050104706044632186 0.050104700236426672 0.050104706044632102 0.050104706044631957 -0.050371325271094385 -0.050174273452664224 -0.050036192724841805 -0.050012925774890415 -0.050017244086825077 -0.050038604726415262 -0.050018741879358376 0.050106939150730445 0.050104840799131856
leaf_weight=105.50572589563671 8.8428937060525623 16.791821692488156 421.2134496178478 55.601671127602458 17.463598342612386 0.16140161352814175 139.50439326718333 0.071252076508244278 0.10537668131291866 0.053514601662754013 0.16967916814610262 0.39244041219353676 0.25865645147860084 0.82940553687512875 0.58488376915920415 2.2297750692814589 1165.7442444209009 333.48515936173499 55.15407388843596 0.58866061829030514 0.21405840665102005 0.10708534879086073 0.035045255863224156 0.016714042852981947 0.050136645440943539 0.0092593731533270329 0.014740416198037565 0.030927483428968117 0.37962887249886934 3.4469945393502712
leaf_count=407668 1527 32746 23613 3117 979 624 539343 55 5 3 656 22 1000 36 2257 125 65351 18695 3092 33 12 29 11 34 194 32 21 83 21 193
internal_value=0.0387717 0.0427344 0.0256606 -0.0217067 -0.0331027 0.0494017 -0.0472445 0.050008 -0.0205095 -0.0499745 0.0500242 0.0198836 0.050035 0.0295893 0.0500487 0.0396981 0.0500652 0.0499482 0.049084 0.00664158 -0.0241886 -0.0502866 -0.0502013 -0.0500161 -0.0500147 -0.0500186 -0.0500304 -0.0500133 0.0501047 0.050105
internal_weight=2329.06 2206.09 633.165 211.951 122.969 1572.92 156.35 1564.08 0.357629 139.558 1563.72 0.56212 1563.16 1.04279 1562.12 2.48843 1559.63 393.884 60.3992 1.41853 0.82987 0.213383 0.106297 0.252252 0.235538 0.0741364 0.0239998 0.615811 58.9807 3.82662
internal_count=1101577 692930 598822 575209 408647 94108 572092 92581 910 539346 91671 678 90993 131 90862 1125 89737 24386 5691 2385 2352 95 66 905 871 247 53 2340 3306 214
cat_boundaries=0 1 2
cat_threshold=132 9
is_linear=0
shrinkage=0.05


Tree=121
num_leaves=31
num_cat=2
split_feature=2 1 15 19 15 13 13 3 15 39 4 15 3 15 4 15 28 23 15 22 25 13 3 13 3 4 13 3 3 3
split_gain=262.465 83.6591 276.66 147.596 57.1436 9.44816 3.95965 0.676733 0.283587 0.204017 0.19434 0.451759 0.165995 0.651165 0.101581 0.883862 0.00274398 0.0202696 0.995495 0.723175 0.605791 5.30239e-07 1.31803e-08 2.47907e-09 5.54875e-10 1.69821e-09 8.93336e-10 3.36995e-10 1.51715e-10 5.18187e-10
threshold=0 1 1.0000000180025095e-35 1.0000000180025095e-35 1.0000000180025095e-35 6.0000000000000009 1.0000000180025095e-35 49759.000000000007 1.0000000180025095e-35 1.0000000180025095e-35 444.50000000000006 1.0000000180025095e-35 49899.000000000007 1.0000000180025095e-35 416.00000000000006 1.0000000180025095e-35 1.0000000180025095e-35 1.0000000180025095e-35 1.0000000180025095e-35 1.0000000180025095e-35 1.0000000180025095e-35 2726.0000000000005 49873.500000000007 11006.000000000002 49439.000000000007 416.00000000000006 1302.0000000000002 55029.000000000007 59706.500000000007 61101.000000000007
decision_type=9 9 2 2 2 8 10 8 2 2 10 2 8 2 8 2 2 2 2 2 2 10 10 10 10 10 10 10 10 10
left_child=4 5 3 6 -1 -2 -3 8 23 -8 12 -12 13 21 15 -14 17 18 19 20 27 22 -9 24 -7 -26 -27 -16 -20 -30
right_child=1 2 -4 -5 -6 7 9 10 -10 -11 11 -13 14 -15 16 -17 -18 -19 28 -21 -22 -23 -24 -25 25 26 -28 -29 29 -31
leaf_value=-0.050012315275813762 -0.0018835785840841679 -0.023921512073302523 0.05009958672081094 0.050099586725516468 0.050099586725516468 -0.05001230774071163 -0.050012310936445703 -0.050204145120336711 0.050117840876002961 0.050099586725516468 -0.050012307701087083 0.050099586725516336 -0.050012307739622133 0.050132307270328635 -0.050012335741546732 0.050099586725516447 0.050099586725516468 0.050099586725516468 0.050099581775730199 0.050099586725516378 0.050099586725516225 -0.050353092348696504 -0.050165748020247918 -0.050034426109264077 -0.050012297231684516 -0.05001640043841743 -0.050036718749135393 -0.05001782674919663 0.050101713121321639 0.050099717598607429
leaf_weight=100.36138729925733 8.8256526322802511 16.384932394896168 400.71054518409073 52.895214937627316 16.613543607294559 0.15353185162530281 132.70230816825642 0.067790885252179578 0.10024920664727688 0.050909735262392952 0.16140579956117918 0.37333805859088898 0.24604465579614077 0.78905928693711758 0.55636549057089613 2.1212389692664146 1109.0007030442357 317.25250024348497 52.469404108822346 0.56000708788633347 0.20363894104957581 0.10189868923043832 0.033341601549182087 0.015899436533800326 0.047692036197986454 0.0088079323468264192 0.014022032642969862 0.029419656930258498 0.36115088500082437 3.2792095299810171
leaf_count=407668 1527 32746 23613 3117 979 624 539343 55 5 3 656 22 1000 36 2257 125 65351 18695 3092 33 12 29 11 34 194 32 21 83 21 193
internal_value=0.0387538 0.0427038 0.0256213 -0.0216604 -0.0329748 0.0493672 -0.0471117 0.0500029 -0.0205086 -0.0499739 0.0500191 0.0198821 0.0500299 0.0295845 0.0500435 0.0396944 0.0500601 0.0499431 0.049079 0.0066411 -0.0241878 -0.0502726 -0.0501915 -0.0500153 -0.050014 -0.0500177 -0.0500289 -0.0500126 0.0500996 0.0500999
internal_weight=2216.49 2099.52 602.744 202.033 116.975 1496.77 149.138 1487.95 0.340202 132.753 1487.61 0.534744 1487.07 0.99209 1486.08 2.36728 1483.71 374.712 57.4592 1.34943 0.789424 0.203031 0.101132 0.239953 0.224054 0.070522 0.02283 0.585785 56.1098 3.64036
internal_count=1101577 692930 598822 575209 408647 94108 572092 92581 910 539346 91671 678 90993 131 90862 1125 89737 24386 5691 2385 2352 95 66 905 871 247 53 2340 3306 214
cat_boundaries=0 1 2
cat_threshold=132 9
is_linear=0
shrinkage=0.05


Tree=122
num_leaves=31
num_cat=2
split_feature=2 1 15 19 15 13 13 3 15 39 4 15 3 15 4 15 28 23 15 22 25 13 3 13 3 4 13 3 3 3
split_gain=248.969 79.0574 263.165 140.1 54.3552 9.39318 4.04404 0.643651 0.269744 0.194064 0.184833 0.429695 0.157919 0.619306 0.0966099 0.840681 0.00260969 0.0192776 0.946808 0.687848 0.576225 4.55997e-07 1.13463e-08 2.13419e-09 4.77733e-10 1.46172e-09 7.68809e-10 2.90508e-10 1.29781e-10 4.46907e-10
threshold=0 1 1.0000000180025095e-35 1.0000000180025095e-35 1.0000000180025095e-35 6.0000000000000009 1.0000000180025095e-35 49759.000000000007 1.0000000180025095e-35 1.0000000180025095e-35 444.50000000000006 1.0000000180025095e-35 49899.000000000007 1.0000000180025095e-35 416.00000000000006 1.0000000180025095e-35 1.0000000180025095e-35 1.0000000180025095e-35 1.0000000180025095e-35 1.0000000180025095e-35 1.0000000180025095e-35 2726.0000000000005 49873.500000000007 11006.000000000002 49439.000000000007 416.00000000000006 1302.0000000000002 55029.000000000007 59706.500000000007 61101.000000000007
decision_type=9 9 2 2 2 8 10 8 2 2 10 2 8 2 8 2 2 2 2 2 2 10 10 10 10 10 10 10 10 10
left_child=4 5 3 6 -1 -2 -3 8 23 -8 12 -12 13 21 15 -14 17 18 19 20 27 22 -9 24 -7 -26 -27 -16 -20 -30
right_child=1 2 -4 -5 -6 7 9 10 -10 -11 11 -13 14 -15 16 -17 -18 -19 28 -21 -22 -23 -24 -25 25 26 -28 -29 29 -31
leaf_value=-0.050011714604406725 -0.0017928149034126394 -0.023289589991729153 0.050094719837595919 0.050094719815911619 0.050094719815911619 -0.050011707555122645 -0.050011709262845608 -0.050194162390582053 0.050112076256149024 0.050094719815911619 -0.050011707517683669 0.050094719815911473 -0.050011707553883844 0.050125839138188834 -0.050011730525606091 0.050094719815911598 0.050094719815911619 0.050094719815911619 0.050094715549037661 0.050094719815911515 0.050094719815911362 -0.050335761141561325 -0.050157637911732458 -0.05003274913238679 -0.050011698217604199 -0.050015602177481536 -0.050034928169750408 -0.050016957768145624 0.050096743594973958 0.050094843574537896
leaf_weight=95.467819594981847 8.8092719148844463 15.998010964947751 381.20375957898796 50.320249976590276 15.804788170382379 0.14604572686948813 126.23181817734439 0.064497189974645153 0.095370683819055557 0.048431424424051239 0.15353574231266875 0.35516377910971642 0.23404766398016397 0.75067082233726978 0.52923744410509133 2.0179760176688433 1055.0140058454126 301.8084932025522 49.915167991071939 0.53274566866457462 0.19372569769620895 0.096961563598597422 0.031720512211904861 0.015124506098800339 0.045366599108092487 0.0083784949238179252 0.013338635297259316 0.027985316846752539 0.34357055649161283 3.1195763871073723
leaf_count=407668 1527 32746 23613 3117 979 624 539343 55 5 3 656 22 1000 36 2257 125 65351 18695 3092 33 12 29 11 34 194 32 21 83 21 193
internal_value=0.0387353 0.0426721 0.0255803 -0.0216121 -0.0328415 0.0493314 -0.046973 0.0499981 -0.0205077 -0.0499733 0.0500142 0.0198806 0.050025 0.0295799 0.0500387 0.0396909 0.0500552 0.0499382 0.0490743 0.00664065 -0.024187 -0.0502592 -0.0501821 -0.0500146 -0.0500133 -0.0500168 -0.0500275 -0.050012 0.0500947 0.050095
internal_weight=2109.4 1998.12 573.802 192.599 111.273 1424.32 142.278 1415.51 0.323625 126.28 1415.19 0.5087 1414.68 0.94385 1413.74 2.25202 1411.48 356.471 54.662 1.28369 0.750948 0.193179 0.0962177 0.228254 0.213129 0.0670837 0.0217171 0.557223 53.3783 3.46315
internal_count=1101577 692930 598822 575209 408647 94108 572092 92581 910 539346 91671 678 90993 131 90862 1125 89737 24386 5691 2385 2352 95 66 905 871 247 53 2340 3306 214
cat_boundaries=0 1 2
cat_threshold=132 9
is_linear=0
shrinkage=0.05


Tree=123
num_leaves=31
num_cat=2
split_feature=2 1 15 19 15 13 13 3 15 39 4 15 3 15 4 15 28 23 15 22 25 13 3 13 3 4 13 3 3 3
split_gain=236.137 74.6829 250.332 132.971 51.703 9.34075 4.12703 0.612191 0.256577 0.184597 0.175793 0.408711 0.150235 0.589011 0.0918832 0.799613 0.00248199 0.0183343 0.900509 0.654249 0.548104 3.92166e-07 9.76576e-09 1.83644e-09 4.11243e-10 1.25776e-09 6.61601e-10 2.50087e-10 1.11818e-10 3.84631e-10
threshold=0 1 1.0000000180025095e-35 1.0000000180025095e-35 1.0000000180025095e-35 6.0000000000000009 1.0000000180025095e-35 49759.000000000007 1.0000000180025095e-35 1.0000000180025095e-35 444.50000000000006 1.0000000180025095e-35 49899.000000000007 1.0000000180025095e-35 416.00000000000006 1.0000000180025095e-35 1.0000000180025095e-35 1.0000000180025095e-35 1.0000000180025095e-35 1.0000000180025095e-35 1.0000000180025095e-35 2726.0000000000005 49873.500000000007 11006.000000000002 49439.000000000007 416.00000000000006 1302.0000000000002 55029.000000000007 59706.500000000007 61101.000000000007
decision_type=9 9 2 2 2 8 10 8 2 2 10 2 8 2 8 2 2 2 2 2 2 10 10 10 10 10 10 10 10 10
left_child=4 5 3 6 -1 -2 -3 8 23 -8 12 -12 13 21 15 -14 17 18 19 20 27 22 -9 24 -7 -26 -27 -16 -20 -30
right_child=1 2 -4 -5 -6 7 9 10 -10 -11 11 -13 14 -15 16 -17 -18 -19 28 -21 -22 -23 -24 -25 25 26 -28 -29 29 -31
leaf_value=-0.05001114435483045 -0.001706270593800044 -0.022659693630708657 0.050090094371131016 0.050090092007671873 0.050090092007671873 -0.050011137696683375 -0.050011137760564296 -0.050184666777196296 0.050106597650024599 0.050090092007671873 -0.050011136350199159 0.050090092007671727 -0.050011137695313845 0.050119686412301412 -0.050011157566148989 0.050090092007671852 0.050090092007671873 0.050090092007671873 0.05009008854661523 0.050090092007671776 0.050090092007671609 -0.050319284297277014 -0.050149926567406668 -0.050031150482261061 -0.050011129783619282 -0.050014842151807126 -0.050033223743548863 -0.050016130276838849 0.050092017703502502 0.050090210489469426
leaf_weight=90.812811373238219 8.7937079812400025 15.630080347909823 362.64487088657916 47.870413016527891 15.035333443433045 0.13892453434527852 120.07675907199155 0.061362936452496797 0.090729068964719772 0.046073544770478203 0.14604934489761845 0.33787266165018082 0.22263549908529978 0.71414561290293932 0.50343185312521999 1.9197310321033001 1003.6507414318621 287.11497316136956 47.485050762072206 0.50680899247527122 0.18429417908191681 0.092262132617179304 0.030178007800714113 0.014387323579285294 0.043154523969860747 0.0079699893103679642 0.01268852356588468 0.026620887190802023 0.32684448920190279 2.9677004246041179
leaf_count=407668 1527 32746 23613 3117 979 624 539343 55 5 3 656 22 1000 36 2257 125 65351 18695 3092 33 12 29 11 34 194 32 21 83 21 193
internal_value=0.0387163 0.0426393 0.0255375 -0.0215616 -0.0327026 0.0492943 -0.046828 0.0499935 -0.0205069 -0.0499727 0.0500096 0.0198792 0.0500204 0.0295755 0.0500341 0.0396875 0.0500506 0.0499336 0.0490698 0.00664022 -0.0241862 -0.0502465 -0.0501732 -0.0500139 -0.0500127 -0.050016 -0.0500261 -0.0500114 0.0500901 0.0500904
internal_weight=2007.51 1901.66 546.268 183.623 105.848 1355.39 135.753 1346.6 0.307854 120.123 1346.29 0.483922 1345.81 0.897949 1344.91 2.14237 1342.77 339.116 52.0008 1.22116 0.714347 0.183803 0.0915409 0.217125 0.202738 0.063813 0.0206585 0.530053 50.7796 3.29454
internal_count=1101577 692930 598822 575209 408647 94108 572092 92581 910 539346 91671 678 90993 131 90862 1125 89737 24386 5691 2385 2352 95 66 905 871 247 53 2340 3306 214
cat_boundaries=0 1 2
cat_threshold=132 9
is_linear=0
shrinkage=0.05


Tree=124
num_leaves=31
num_cat=2
split_feature=2 1 15 19 15 13 13 3 15 39 4 15 3 15 4 15 28 23 15 22 25 13 3 13 3 4 13 3 3 3
split_gain=223.935 70.5246 238.127 126.193 49.1802 9.29074 4.20844 0.582272 0.244053 0.175591 0.167196 0.388752 0.142925 0.560202 0.0873884 0.760554 0.00236055 0.0174372 0.85648 0.622295 0.521355 3.37284e-07 8.40616e-09 1.581e-09 3.53847e-10 1.08284e-09 5.69278e-10 2.15411e-10 9.36495e-11 3.30999e-10
threshold=0 1 1.0000000180025095e-35 1.0000000180025095e-35 1.0000000180025095e-35 6.0000000000000009 1.0000000180025095e-35 49759.000000000007 1.0000000180025095e-35 1.0000000180025095e-35 444.50000000000006 1.0000000180025095e-35 49899.000000000007 1.0000000180025095e-35 416.00000000000006 1.0000000180025095e-35 1.0000000180025095e-35 1.0000000180025095e-35 1.0000000180025095e-35 1.0000000180025095e-35 1.0000000180025095e-35 2726.0000000000005 49873.500000000007 11006.000000000002 49439.000000000007 416.00000000000006 1302.0000000000002 55029.000000000007 59706.500000000007 61101.000000000007
decision_type=9 9 2 2 2 8 10 8 2 2 10 2 8 2 8 2 2 2 2 2 2 10 10 10 10 10 10 10 10 10
left_child=4 5 3 6 -1 -2 -3 8 23 -8 12 -12 13 21 15 -14 17 18 19 20 27 22 -9 24 -7 -26 -27 -16 -20 -30
right_child=1 2 -4 -5 -6 7 9 10 -10 -11 11 -13 14 -15 16 -17 -18 -19 28 -21 -22 -23 -24 -25 25 26 -28 -29 29 -31
leaf_value=-0.0500105984284753 -0.0016237579187425727 -0.022032612312162393 0.050085689455540289 0.05008568944513208 0.05008568944513208 -0.050010592035456547 -0.050010593720351562 -0.050175638856161775 0.050101391082150552 0.05008568944513208 -0.050010593379162076 0.05008568944513192 -0.050010595470236945 0.050113838189270725 -0.050010613109821078 0.050085689445132045 0.05008568944513208 0.05008568944513208 0.050085689863346931 0.050085689445131976 0.050085689445131788 -0.050303622795992334 -0.050142594123705059 -0.050029630304996922 -0.050010583156104807 -0.050014117750845681 -0.050031600116256104 -0.050015345017632898 0.050087520831264915 0.050085801979149629
leaf_weight=86.384735164348967 8.7789208226604369 15.280216756043954 344.98803434893489 45.539645637385547 14.30327657330781 0.13215051165025216 114.22175567661179 0.058380470203701407 0.086312904953956604 0.043830265291034176 0.13892790276440692 0.32142194546759129 0.21177968301344674 0.67939360812306404 0.47888427377620135 1.8262610537931323 954.78388901147991 273.13560320530087 45.173045883886516 0.48213291820138693 0.1753210611641407 0.087789091165177524 0.02871030051028356 0.013686050806427374 0.041050288215046749 0.0075813950825249768 0.012070078519172966 0.025322958681499586 0.31093130446970407 2.8232061555609107
leaf_count=407668 1527 32746 23613 3117 979 624 539343 55 5 3 656 22 1000 36 2257 125 65351 18695 3092 33 12 29 11 34 194 32 21 83 21 193
internal_value=0.0386966 0.0426051 0.0254928 -0.0215088 -0.0325578 0.0492559 -0.0466767 0.0499891 -0.0205061 -0.0499722 0.0500052 0.0198779 0.050016 0.0295714 0.0500297 0.0396843 0.0500462 0.0499292 0.0490655 0.0066398 -0.0241855 -0.0502345 -0.0501647 -0.0500132 -0.050012 -0.0500152 -0.0500249 -0.0500109 0.0500857 0.050086
internal_weight=1910.57 1809.89 520.073 175.085 100.688 1289.81 129.546 1281.03 0.292851 114.266 1280.74 0.46035 1280.28 0.854273 1279.43 2.03804 1277.39 322.604 49.4688 1.16166 0.679528 0.17488 0.0870908 0.206538 0.192852 0.0607018 0.0196515 0.504207 48.3072 3.13414
internal_count=1101577 692930 598822 575209 408647 94108 572092 92581 910 539346 91671 678 90993 131 90862 1125 89737 24386 5691 2385 2352 95 66 905 871 247 53 2340 3306 214
cat_boundaries=0 1 2
cat_threshold=132 9
is_linear=0
shrinkage=0.05


Tree=125
num_leaves=31
num_cat=2
split_feature=2 1 15 19 15 13 13 3 15 39 4 15 3 15 4 15 28 23 15 22 25 13 3 13 3 4 13 3 3 3
split_gain=212.333 66.5717 226.52 119.748 46.7806 9.24301 4.2881 0.553817 0.232141 0.167026 0.15902 0.36977 0.135969 0.532805 0.0831141 0.723406 0.00224509 0.0165843 0.814608 0.591903 0.495913 2.90089e-07 7.23473e-09 1.36057e-09 3.04598e-10 9.31514e-10 4.89956e-10 1.85244e-10 8.1485e-11 2.84916e-10
threshold=0 1 1.0000000180025095e-35 1.0000000180025095e-35 1.0000000180025095e-35 6.0000000000000009 1.0000000180025095e-35 49759.000000000007 1.0000000180025095e-35 1.0000000180025095e-35 444.50000000000006 1.0000000180025095e-35 49899.000000000007 1.0000000180025095e-35 416.00000000000006 1.0000000180025095e-35 1.0000000180025095e-35 1.0000000180025095e-35 1.0000000180025095e-35 1.0000000180025095e-35 1.0000000180025095e-35 2726.0000000000005 49873.500000000007 11006.000000000002 49439.000000000007 416.00000000000006 1302.0000000000002 55029.000000000007 59706.500000000007 61101.000000000007
decision_type=9 9 2 2 2 8 10 8 2 2 10 2 8 2 8 2 2 2 2 2 2 10 10 10 10 10 10 10 10 10
left_child=4 5 3 6 -1 -2 -3 8 23 -8 12 -12 13 21 15 -14 17 18 19 20 27 22 -9 24 -7 -26 -27 -16 -20 -30
right_child=1 2 -4 -5 -6 7 9 10 -10 -11 11 -13 14 -15 16 -17 -18 -19 28 -21 -22 -23 -24 -25 25 26 -28 -29 29 -31
leaf_value=-0.050010083026979804 -0.0015451061821481482 -0.021409133383737004 0.050081505172641018 0.050081505176501742 0.050081505176501742 -0.050010076749665067 -0.050010076811683707 -0.050167051677540958 0.050096435906994731 0.050081505176501742 -0.050010076717181079 0.05008150517650159 -0.05001007674870761 0.050108273363239579 -0.050010096646451979 0.050081505176501707 0.050081505176501742 0.050081505176501742 0.050081503206595379 0.050081505176501631 0.050081505176501444 -0.050288731611939419 -0.050135621969030819 -0.050028185060524505 -0.050010069718444988 -0.050013428514502724 -0.050030057648868136 -0.050014595776225107 0.050083246321628742 0.050081611300836687
leaf_weight=82.172531719465042 8.7648716139374283 14.947539322456576 328.18950208649039 43.322179712355137 13.606805883347986 0.12570671683351975 108.65218995812756 0.055542486748890951 0.082111293449997902 0.041696034371851876 0.13215364115603634 0.30577091872692108 0.2014530909946185 0.64632914401590824 0.455533412969088 1.7373347654938698 908.29251407831907 259.83578752726316 42.973431799560785 0.45865637809038162 0.1667841374874115 0.083531669923104346 0.027313785452861339 0.013018940968322568 0.039048634644132107 0.0072117430245270944 0.011481758876470849 0.024088295351248235 0.29579161014407818 2.6857358375564218
leaf_count=407668 1527 32746 23613 3117 979 624 539343 55 5 3 656 22 1000 36 2257 125 65351 18695 3092 33 12 29 11 34 194 32 21 83 21 193
internal_value=0.0386762 0.0425697 0.0254462 -0.0214537 -0.0324071 0.049216 -0.0465186 0.0499849 -0.0205054 -0.0499717 0.050001 0.0198766 0.0500118 0.0295674 0.0500255 0.0396813 0.050042 0.0499251 0.0490614 0.00663941 -0.0241849 -0.050223 -0.0501567 -0.0500126 -0.0500115 -0.0500145 -0.0500236 -0.0500103 0.0500815 0.0500818
internal_weight=1818.35 1722.57 495.153 166.964 95.7793 1227.42 123.641 1218.66 0.278579 108.694 1218.38 0.437925 1217.94 0.812717 1217.13 1.93879 1215.19 306.896 47.06 1.10506 0.646406 0.166388 0.0828563 0.196468 0.183449 0.0577421 0.0186935 0.479622 45.955 2.98153
internal_count=1101577 692930 598822 575209 408647 94108 572092 92581 910 539346 91671 678 90993 131 90862 1125 89737 24386 5691 2385 2352 95 66 905 871 247 53 2340 3306 214
cat_boundaries=0 1 2
cat_threshold=132 9
is_linear=0
shrinkage=0.05


Tree=126
num_leaves=31
num_cat=2
split_feature=2 1 15 19 15 13 13 3 15 39 4 15 3 15 4 15 28 23 15 22 25 13 3 13 3 4 13 3 3 3
split_gain=201.302 62.8144 215.482 113.62 44.4982 9.19743 4.36582 0.526756 0.220811 0.158878 0.151246 0.351715 0.129351 0.506753 0.0790495 0.688075 0.00213528 0.0157732 0.774788 0.562997 0.471713 2.49512e-07 6.22758e-09 1.17091e-09 2.62421e-10 8.01973e-10 4.21801e-10 1.59582e-10 6.89013e-11 2.44959e-10
threshold=0 1 1.0000000180025095e-35 1.0000000180025095e-35 1.0000000180025095e-35 6.0000000000000009 1.0000000180025095e-35 49759.000000000007 1.0000000180025095e-35 1.0000000180025095e-35 444.50000000000006 1.0000000180025095e-35 49899.000000000007 1.0000000180025095e-35 416.00000000000006 1.0000000180025095e-35 1.0000000180025095e-35 1.0000000180025095e-35 1.0000000180025095e-35 1.0000000180025095e-35 1.0000000180025095e-35 2726.0000000000005 49873.500000000007 11006.000000000002 49439.000000000007 416.00000000000006 1302.0000000000002 55029.000000000007 59706.500000000007 61101.000000000007
decision_type=9 9 2 2 2 8 10 8 2 2 10 2 8 2 8 2 2 2 2 2 2 10 10 10 10 10 10 10 10 10
left_child=4 5 3 6 -1 -2 -3 8 23 -8 12 -12 13 21 15 -14 17 18 19 20 27 22 -9 24 -7 -26 -27 -16 -20 -30
right_child=1 2 -4 -5 -6 7 9 10 -10 -11 11 -13 14 -15 16 -17 -18 -19 28 -21 -22 -23 -24 -25 25 26 -28 -29 29 -31
leaf_value=-0.050009589125916035 -0.001470152014278636 -0.020790014472439285 0.050077524181263225 0.050077524184925407 0.050077524184925407 -0.050009583707373219 -0.050009583383611 -0.050158886397969206 0.05009172319424994 0.050077524184925407 -0.050009587090426036 0.050077524184925226 -0.050009583322891737 0.0501029815754424 -0.050009601925968199 0.050077524184925372 0.050077524184925407 0.050077524184925407 0.050077522889758391 0.050077524184925282 0.050077524184925087 -0.05027457647947578 -0.050128990206613926 -0.050026808342875512 -0.050009578441443228 -0.050012773979874574 -0.050028593682171565 -0.05001388349377589 0.050079177885145779 0.05007762352547767
leaf_weight=78.16567827083054 8.7515233526937646 14.631210097984875 312.20770535618067 41.212525796145201 12.944197226315735 0.11957707552937791 103.35415111634939 0.052842033008346334 0.078113839030265808 0.039665568619965508 0.1257096330227786 0.29088083654642105 0.19162995158694651 0.61487059388309717 0.43332094312063307 1.6527320258319378 864.06152496114373 247.18260178342462 40.880760662257671 0.43632125481963158 0.15866227447986603 0.079479591469862498 0.025985026513808407 0.012384331348584965 0.037144566100323573 0.0068601099046645677 0.010922098677838221 0.022913813299965113 0.28138796519488041 2.5549492007121444
leaf_count=407668 1527 32746 23613 3117 979 624 539343 55 5 3 656 22 1000 36 2257 125 65351 18695 3092 33 12 29 11 34 194 32 21 83 21 193
internal_value=0.0386551 0.0425327 0.0253975 -0.0213962 -0.0322503 0.0491744 -0.0463537 0.0499809 -0.0205047 -0.0499712 0.049997 0.0198754 0.0500079 0.0295637 0.0500215 0.0396784 0.050038 0.0499211 0.0490575 0.00663904 -0.0241842 -0.0502121 -0.050149 -0.050012 -0.0500109 -0.0500138 -0.0500225 -0.0500098 0.0500775 0.0500778
internal_weight=1730.62 1639.51 471.445 159.238 91.1099 1168.06 118.025 1159.31 0.265002 103.394 1159.05 0.41659 1158.63 0.773177 1157.86 1.84436 1156.01 291.951 44.7683 1.05122 0.614897 0.158307 0.0788271 0.186888 0.174504 0.0549268 0.0177822 0.456235 43.7171 2.83634
internal_count=1101577 692930 598822 575209 408647 94108 572092 92581 910 539346 91671 678 90993 131 90862 1125 89737 24386 5691 2385 2352 95 66 905 871 247 53 2340 3306 214
cat_boundaries=0 1 2
cat_threshold=132 9
is_linear=0
shrinkage=0.05


Tree=127
num_leaves=31
num_cat=2
split_feature=2 1 15 19 15 13 13 3 15 39 4 15 3 15 4 15 28 23 15 22 25 13 3 13 3 4 13 3 3 3
split_gain=190.813 59.2429 204.984 107.793 42.3271 9.15386 4.44145 0.501019 0.210034 0.151128 0.143852 0.334543 0.123055 0.481977 0.0751841 0.654472 0.00203086 0.0150018 0.736919 0.535505 0.448695 2.14618e-07 5.3602e-09 1.00809e-09 2.25705e-10 6.90243e-10 3.63073e-10 1.37322e-10 5.98206e-11 2.10771e-10
threshold=0 1 1.0000000180025095e-35 1.0000000180025095e-35 1.0000000180025095e-35 6.0000000000000009 1.0000000180025095e-35 49759.000000000007 1.0000000180025095e-35 1.0000000180025095e-35 444.50000000000006 1.0000000180025095e-35 49899.000000000007 1.0000000180025095e-35 416.00000000000006 1.0000000180025095e-35 1.0000000180025095e-35 1.0000000180025095e-35 1.0000000180025095e-35 1.0000000180025095e-35 1.0000000180025095e-35 2726.0000000000005 49873.500000000007 11006.000000000002 49439.000000000007 416.00000000000006 1302.0000000000002 55029.000000000007 59706.500000000007 61101.000000000007
decision_type=9 9 2 2 2 8 10 8 2 2 10 2 8 2 8 2 2 2 2 2 2 10 10 10 10 10 10 10 10 10
left_child=4 5 3 6 -1 -2 -3 8 23 -8 12 -12 13 21 15 -14 17 18 19 20 27 22 -9 24 -7 -26 -27 -16 -20 -30
right_child=1 2 -4 -5 -6 7 9 10 -10 -11 11 -13 14 -15 16 -17 -18 -19 28 -21 -22 -23 -24 -25 25 26 -28 -29 29 -31
leaf_value=-0.050009122106569305 -0.0013987250468531663 -0.020176004513311158 0.050073736823534831 0.050073736805991233 0.050073736805991233 -0.050009116616413378 -0.050009120658481149 -0.050151119633794539 0.050087242251633225 0.050073736805991233 -0.050009120579074931 0.050073736805991059 -0.05000911661515868 0.050097950749269551 -0.050009133335570943 0.050073736805991198 0.050073736805991233 0.050073736805991233 0.050073736262041695 0.050073736805991115 0.0500737368059909 -0.050261117293349047 -0.050122683178390297 -0.050025502635524202 -0.050009110214930243 -0.050012149308865994 -0.05002719786969774 -0.050013205597416503 0.05007531133111353 0.050073833068019102
leaf_weight=74.354171527927974 8.7388408281840366 14.330430225440066 297.00304283946753 39.205458610318601 12.313809425570069 0.11374627094483003 98.314402024450828 0.050272482389118522 0.074310663156211376 0.037733838893472149 0.11957979132421215 0.27671481855213642 0.18228571570944008 0.58494026586413383 0.41219139532768068 1.5722432872280478 821.98136850912124 235.14470603782684 38.889849400147796 0.41507222782820463 0.15093535557389259 0.075623061464284547 0.024720754037844017 0.011780640721553937 0.035333325067767873 0.0065256176603725171 0.010389704199042171 0.021796581713715568 0.26768465712666456 2.4305222518742085
leaf_count=407668 1527 32746 23613 3117 979 624 539343 55 5 3 656 22 1000 36 2257 125 65351 18695 3092 33 12 29 11 34 194 32 21 83 21 193
internal_value=0.0386332 0.0424943 0.0253467 -0.0213361 -0.032087 0.0491313 -0.0461816 0.0499771 -0.020504 -0.0499707 0.0499933 0.0198743 0.0500041 0.0295601 0.0500177 0.0396757 0.0500342 0.0499173 0.0490539 0.00663869 -0.0241836 -0.0502017 -0.0501417 -0.0500114 -0.0500104 -0.0500131 -0.0500214 -0.0500093 0.0500738 0.050074
internal_weight=1647.15 1560.48 448.891 151.888 86.668 1111.59 112.683 1102.85 0.252086 98.3521 1102.6 0.396295 1102.2 0.735557 1101.47 1.75453 1099.71 277.733 42.5881 0.999996 0.584923 0.150616 0.0749932 0.177776 0.165995 0.0522486 0.0169153 0.433988 41.5881 2.69821
internal_count=1101577 692930 598822 575209 408647 94108 572092 92581 910 539346 91671 678 90993 131 90862 1125 89737 24386 5691 2385 2352 95 66 905 871 247 53 2340 3306 214
cat_boundaries=0 1 2
cat_threshold=132 9
is_linear=0
shrinkage=0.05


Tree=128
num_leaves=31
num_cat=2
split_feature=2 1 15 19 15 13 13 3 15 39 4 15 3 15 4 15 28 23 15 22 25 13 3 13 3 4 13 3 3 3
split_gain=180.841 55.8482 195 102.253 40.262 9.1122 4.51481 0.476543 0.199784 0.143755 0.13682 0.31821 0.117064 0.458415 0.0715083 0.622512 0.00193157 0.0142684 0.700904 0.509357 0.4268 1.84602e-07 4.61385e-09 8.67701e-10 1.94088e-10 5.93993e-10 3.12353e-10 1.18145e-10 5.2701e-11 1.81162e-10
threshold=0 1 1.0000000180025095e-35 1.0000000180025095e-35 1.0000000180025095e-35 6.0000000000000009 1.0000000180025095e-35 49759.000000000007 1.0000000180025095e-35 1.0000000180025095e-35 444.50000000000006 1.0000000180025095e-35 49899.000000000007 1.0000000180025095e-35 416.00000000000006 1.0000000180025095e-35 1.0000000180025095e-35 1.0000000180025095e-35 1.0000000180025095e-35 1.0000000180025095e-35 1.0000000180025095e-35 2726.0000000000005 49873.500000000007 11006.000000000002 49439.000000000007 416.00000000000006 1302.0000000000002 55029.000000000007 59706.500000000007 61101.000000000007
decision_type=9 9 2 2 2 8 10 8 2 2 10 2 8 2 8 2 2 2 2 2 2 10 10 10 10 10 10 10 10 10
left_child=4 5 3 6 -1 -2 -3 8 23 -8 12 -12 13 21 15 -14 17 18 19 20 27 22 -9 24 -7 -26 -27 -16 -20 -30
right_child=1 2 -4 -5 -6 7 9 10 -10 -11 11 -13 14 -15 16 -17 -18 -19 28 -21 -22 -23 -24 -25 25 26 -28 -29 29 -31
leaf_value=-0.050008674578080149 -0.0013306682476478511 -0.019567811506094213 0.050070134059011222 0.050070137078253245 0.050070137078253245 -0.050008673392912019 -0.050008673440989693 -0.050143735619280122 0.050082980332238382 0.050070137078253245 -0.050008673365415625 0.050070137078253057 -0.050008673392273044 0.050093164440389928 -0.050008687750557723 0.05007013707825321 0.050070137078253245 0.050070137078253245 0.050070133432536738 0.05007013707825312 0.050070137078252898 -0.050248321071765335 -0.050116686891880126 -0.050024259785281716 -0.050008665887382592 -0.05001155773648857 -0.050025868865932105 -0.050012560564461565 0.050071633473607914 0.050070228328110547
leaf_weight=70.72849129018141 8.7267917586723325 14.044442759361116 282.53785074874759 37.295999625697732 11.714078804478048 0.10819973720936105 93.520365672389744 0.047827530739596114 0.070692352950572968 0.035896053537725403 0.11374880229413875 0.26323772594332695 0.17339702753815767 0.55646420735865831 0.39209199466858891 1.4956688974052668 781.94766491465271 223.6922402959317 36.995762687176466 0.39485658891499043 0.14358421415090561 0.071952736587263644 0.023517850786447525 0.011206363546079956 0.03361039052833803 0.00620743105537258 0.0098832480725832283 0.020733809506054968 0.25464775227010195 2.3121465472504497
leaf_count=407668 1527 32746 23613 3117 979 624 539343 55 5 3 656 22 1000 36 2257 125 65351 18695 3092 33 12 29 11 34 194 32 21 83 21 193
internal_value=0.0386105 0.0424543 0.0252935 -0.0212733 -0.0319172 0.0490863 -0.046002 0.0499736 -0.0205034 -0.0499703 0.0499897 0.0198732 0.0500005 0.0295567 0.0500141 0.0396731 0.0500306 0.0499138 0.0490504 0.00663836 -0.024183 -0.0501918 -0.0501348 -0.0500108 -0.0500099 -0.0500124 -0.0500203 -0.0500089 0.0500701 0.0500704
internal_weight=1567.74 1485.3 427.435 144.897 82.4426 1057.87 107.601 1049.14 0.2398 93.5563 1048.9 0.376987 1048.52 0.699762 1047.82 1.66907 1046.15 264.206 40.5138 0.951267 0.55641 0.143298 0.0713454 0.169107 0.157901 0.0497011 0.0160907 0.412826 39.5626 2.56679
internal_count=1101577 692930 598822 575209 408647 94108 572092 92581 910 539346 91671 678 90993 131 90862 1125 89737 24386 5691 2385 2352 95 66 905 871 247 53 2340 3306 214
cat_boundaries=0 1 2
cat_threshold=132 9
is_linear=0
shrinkage=0.05


Tree=129
num_leaves=31
num_cat=2
split_feature=2 1 15 19 15 13 13 3 15 39 4 15 3 15 4 15 28 23 15 22 25 13 3 13 3 4 13 3 3 3
split_gain=171.359 52.6218 185.505 96.9853 38.2977 9.07232 4.58575 0.453263 0.190034 0.136743 0.130133 0.302675 0.111365 0.436008 0.0680125 0.592115 0.00183713 0.0135708 0.666654 0.484487 0.405975 1.58804e-07 3.97165e-09 7.46451e-10 1.67272e-10 5.1123e-10 2.68808e-10 1.01471e-10 4.47073e-11 1.56074e-10
threshold=0 1 1.0000000180025095e-35 1.0000000180025095e-35 1.0000000180025095e-35 6.0000000000000009 1.0000000180025095e-35 49759.000000000007 1.0000000180025095e-35 1.0000000180025095e-35 444.50000000000006 1.0000000180025095e-35 49899.000000000007 1.0000000180025095e-35 416.00000000000006 1.0000000180025095e-35 1.0000000180025095e-35 1.0000000180025095e-35 1.0000000180025095e-35 1.0000000180025095e-35 1.0000000180025095e-35 2726.0000000000005 49873.500000000007 11006.000000000002 49439.000000000007 416.00000000000006 1302.0000000000002 55029.000000000007 59706.500000000007 61101.000000000007
decision_type=9 9 2 2 2 8 10 8 2 2 10 2 8 2 8 2 2 2 2 2 2 10 10 10 10 10 10 10 10 10
left_child=4 5 3 6 -1 -2 -3 8 23 -8 12 -12 13 21 15 -14 17 18 19 20 27 22 -9 24 -7 -26 -27 -16 -20 -30
right_child=1 2 -4 -5 -6 7 9 10 -10 -11 11 -13 14 -15 16 -17 -18 -19 28 -21 -22 -23 -24 -25 25 26 -28 -29 29 -31
leaf_value=-0.05000825387417273 -0.0012658402280146734 -0.018966132396008955 0.050066712084612691 0.050066712087778659 0.050066712087778659 -0.050008249000158184 -0.05000825113000245 -0.050136709655685091 0.05007892843400448 0.050066712087778659 -0.050008250742135864 0.050066712087778457 -0.05000824899871692 0.050088613500117035 -0.050008266738939405 0.050066712087778624 0.050066712087778659 0.050066712087778659 0.050066709038052097 0.05006671208777852 0.050066712087778291 -0.050236156069024852 -0.050110980125493559 -0.05002307228081241 -0.050008244283761133 -0.050010995344292743 -0.050024607470747273 -0.050011946711955836 0.050068134831324433 0.050066797631282495
leaf_weight=67.2795737197157 8.715343927848151 13.772523227846248 268.77623190637678 35.479417062364519 11.143519186414776 0.10292361810570583 88.960053715272807 0.045501167885959148 0.06724995095282793 0.0341476583853354 0.10820210054225654 0.25041616149246693 0.16494172450620648 0.52937201783061028 0.37297250700066698 1.4228190993890166 743.86120771337301 212.79682450462133 35.193804072216153 0.37562424223870039 0.1365906335413456 0.068459716159850359 0.022373354237060994 0.010660069005098194 0.031971455435268581 0.0059047559770988309 0.0094014679780229926 0.019722845667274669 0.24224493466317598 2.1995287034660578
leaf_count=407668 1527 32746 23613 3117 979 624 539343 55 5 3 656 22 1000 36 2257 125 65351 18695 3092 33 12 29 11 34 194 32 21 83 21 193
internal_value=0.0385869 0.0424125 0.0252381 -0.0212078 -0.0317407 0.0490395 -0.0458148 0.0499701 -0.0205028 -0.0499699 0.0499862 0.0198722 0.0499971 0.0295535 0.0500107 0.0396706 0.0500272 0.0499104 0.049047 0.00663804 -0.0241825 -0.0501824 -0.0501282 -0.0500103 -0.0500094 -0.0500118 -0.0500194 -0.0500085 0.0500667 0.0500669
internal_weight=1492.2 1413.78 407.022 138.246 78.4231 1006.75 102.767 998.039 0.228111 88.9942 997.811 0.358618 997.452 0.665706 996.786 1.58776 995.199 251.337 38.5405 0.90491 0.529286 0.136334 0.0678745 0.160861 0.150201 0.0472777 0.0153062 0.392695 37.6356 2.44177
internal_count=1101577 692930 598822 575209 408647 94108 572092 92581 910 539346 91671 678 90993 131 90862 1125 89737 24386 5691 2385 2352 95 66 905 871 247 53 2340 3306 214
cat_boundaries=0 1 2
cat_threshold=132 9
is_linear=0
shrinkage=0.05


Tree=130
num_leaves=31
num_cat=2
split_feature=2 1 15 19 15 13 13 3 15 39 4 15 3 15 4 15 28 23 15 22 25 13 3 13 3 4 13 3 3 3
split_gain=162.344 49.5553 176.474 91.9777 36.4292 9.03412 4.6541 0.431123 0.18076 0.130073 0.123774 0.287899 0.105942 0.414698 0.0646881 0.563204 0.00174731 0.0129073 0.63408 0.460832 0.386166 1.36606e-07 3.41677e-09 6.426e-10 1.43936e-10 4.40102e-10 2.31473e-10 8.76308e-11 3.83977e-11 1.34834e-10
threshold=0 1 1.0000000180025095e-35 1.0000000180025095e-35 1.0000000180025095e-35 6.0000000000000009 1.0000000180025095e-35 49759.000000000007 1.0000000180025095e-35 1.0000000180025095e-35 444.50000000000006 1.0000000180025095e-35 49899.000000000007 1.0000000180025095e-35 416.00000000000006 1.0000000180025095e-35 1.0000000180025095e-35 1.0000000180025095e-35 1.0000000180025095e-35 1.0000000180025095e-35 1.0000000180025095e-35 2726.0000000000005 49873.500000000007 11006.000000000002 49439.000000000007 416.00000000000006 1302.0000000000002 55029.000000000007 59706.500000000007 61101.000000000007
decision_type=9 9 2 2 2 8 10 8 2 2 10 2 8 2 8 2 2 2 2 2 2 10 10 10 10 10 10 10 10 10
left_child=4 5 3 6 -1 -2 -3 8 23 -8 12 -12 13 21 15 -14 17 18 19 20 27 22 -9 24 -7 -26 -27 -16 -20 -30
right_child=1 2 -4 -5 -6 7 9 10 -10 -11 11 -13 14 -15 16 -17 -18 -19 28 -21 -22 -23 -24 -25 25 26 -28 -29 29 -31
leaf_value=-0.050007855305023607 -0.0012040920572529963 -0.018371623993423691 0.050063452734225855 0.050063449380820225 0.050063449380820225 -0.05000784653551052 -0.050007848910797431 -0.050130028505872996 0.050075070717625528 0.050063449380820225 -0.050007846391408484 0.050063449380820017 -0.050007846415778393 0.050084283864259144 -0.050007860287164557 0.050063449380820184 0.050063449380820225 0.050063449380820225 0.05006345121966576 0.05006344938082008 0.050063449380819837 -0.050224589097405847 -0.050105561157278856 -0.050021947856550647 -0.050007841282094304 -0.050010457243064292 -0.050023408421988005 -0.05001136665986864 0.050064809330632745 0.050063535025494092
leaf_weight=63.998811341356486 8.7044680751860124 13.513987109443404 255.68407767545432 33.751208472065628 10.600716424174605 0.097904746129643172 84.622085395007161 0.043287672160658985 0.063974934630095959 0.032484319992362454 0.10292583284899492 0.23821834661066532 0.15689864812884446 0.5035966644063592 0.35478522558696468 1.3535133330151439 707.62759860698134 202.43145408574492 33.479504701681435 0.35732751991599798 0.12993727996945381 0.065135516168083996 0.021284437840222381 0.010140393496840261 0.030412427237024531 0.0056168363516917461 0.0089431618980597705 0.018761163941235282 0.23044544085860197 2.0923893563449383
leaf_count=407668 1527 32746 23613 3117 979 624 539343 55 5 3 656 22 1000 36 2257 125 65351 18695 3092 33 12 29 11 34 194 32 21 83 21 193
internal_value=0.0385623 0.042369 0.0251801 -0.0211395 -0.0315573 0.0489907 -0.0456197 0.0499669 -0.0205022 -0.0499694 0.049983 0.0198712 0.0499938 0.0295504 0.0500075 0.0396682 0.050024 0.0499071 0.0490439 0.00663773 -0.0241819 -0.0501735 -0.050122 -0.0500098 -0.0500089 -0.0500113 -0.0500184 -0.050008 0.0500635 0.0500637
internal_weight=1420.33 1345.73 387.604 131.92 74.5995 958.129 98.1686 949.424 0.216992 84.6546 949.207 0.341144 948.866 0.633304 948.233 1.51041 946.722 239.095 36.6632 0.860811 0.503484 0.129708 0.0645721 0.153018 0.142877 0.0449724 0.01456 0.373546 35.8023 2.32283
internal_count=1101577 692930 598822 575209 408647 94108 572092 92581 910 539346 91671 678 90993 131 90862 1125 89737 24386 5691 2385 2352 95 66 905 871 247 53 2340 3306 214
cat_boundaries=0 1 2
cat_threshold=132 9
is_linear=0
shrinkage=0.05


Tree=131
num_leaves=31
num_cat=2
split_feature=2 53 16 15 19 23 13 15 22 24 39 13 28 23 13 29 15 3 13 3 3 3 3 3 13 13 3 13 3 4
split_gain=153.774 47.2115 1126.65 166.147 64.5503 84.0154 61.2374 34.652 2.13137 0.288605 0.123811 0.000325447 0.000150906 0.0721139 0.154819 0.0245362 0.100296 3.89784e-06 7.76749e-07 3.41621e-07 6.26281e-07 1.82194e-07 7.63664e-08 6.32615e-08 1.06929e-08 6.66417e-09 3.1942e-09 5.47355e-10 1.2304e-10 3.62287e-10
threshold=0 1 1.0000000180025095e-35 1.0000000180025095e-35 1.0000000180025095e-35 1.0000000180025095e-35 122.00000000000001 1.0000000180025095e-35 1.0000000180025095e-35 1.0000000180025095e-35 1.0000000180025095e-35 6.0000000000000009 1.0000000180025095e-35 1.0000000180025095e-35 2822.0000000000005 1.0000000180025095e-35 1.0000000180025095e-35 130.00000000000003 6.0000000000000009 49873.500000000007 49759.000000000007 49899.000000000007 49899.000000000007 49810.500000000007 5570.0000000000009 3174.0000000000005 49899.000000000007 11006.000000000002 49439.000000000007 416.00000000000006
decision_type=9 9 2 2 2 2 8 2 2 2 2 8 2 2 8 2 2 10 10 8 10 8 8 10 10 10 10 10 10 10
left_child=7 6 3 4 5 8 -2 -1 9 10 11 17 13 14 -8 16 -16 -3 21 20 27 23 -5 -13 25 -22 -23 28 -20 -30
right_child=1 2 -4 22 -6 -7 12 -9 -10 -11 -12 18 -14 -15 15 -17 -18 -19 19 -21 24 26 -24 -25 -26 -27 -28 -29 29 -31
leaf_value=-0.050007472845489224 0.41578200720008918 -0.050326746474855459 6.5951841275171663 0.050079179408361235 0.050060355931372806 0.050060355931372806 -0.050007462113678326 0.050060355931372806 0.050060355931372806 0.050060355931372806 0.050060355931372806 -0.050008347426069001 0.050060355931372806 0.050060355931372806 -0.050007462113676876 0.050060352203012595 0.050060326091970475 -0.050019498021366383 -0.050007463760089348 -0.050007464529818017 -0.050149933849952713 -0.050020233243786419 0.050060357274629735 -0.050123527910883509 -0.05021574119104253 -0.050196280491768754 -0.050007548963599907 -0.050020876989512519 -0.050007462175647437 -0.050018150314481674
leaf_weight=60.878006868617376 1.1461065560579289 8.958181833790146 0.065293677849694087 0.53993353340774775 32.107077514752746 26.678643170744181 0.053556745595414124 10.084321105852721 0.53563299030065437 0.0721044410020103 0.030901903286575272 0.015039727164548822 671.70437110587955 164.17151152715087 0.034312121133552864 0.24720040708780289 0.092661252245306969 0.10442827432416457 0.085071195411728695 80.467233523144387 0.013894320072722621 13.302554619353026 280.36713537666947 0.057493459549732506 0.035888120488380082 0.017557070081238635 0.049818911866169269 0.0096460419590584934 0.024307191182742827 0.011766402618377469
leaf_count=407668 108 4292 7 41 3117 2590 359 979 52 7 3 97 65210 15938 230 24 9 268 570 539117 40 32998 27218 34 17 13 331 34 163 43
internal_value=0.0385367 0.0423236 0.0271333 0.0267781 -0.01345 -0.0290791 0.0499539 -0.0313668 -0.0494211 -0.0499372 -0.0500071 -0.050037 0.0500498 0.0500069 0.0295034 0.040884 0.0230189 -0.0503232 -0.0500095 -0.0500076 -0.0500732 -0.0500206 0.0500604 -0.0500996 -0.0501971 -0.0501758 -0.0500202 -0.0500094 -0.0500085 -0.0500109
internal_weight=1351.96 1281 443.55 443.484 162.577 130.47 837.45 70.9623 103.792 103.256 103.184 103.153 836.304 164.599 0.427731 0.374174 0.126973 9.06261 94.0903 80.6654 0.19813 13.4249 280.907 0.0725332 0.0673395 0.0314514 13.3524 0.130791 0.121145 0.0360736
internal_count=1101577 692930 611052 611045 583786 580669 81878 408647 578079 578027 578020 578017 81770 16560 622 263 239 4560 573457 539997 880 33460 27259 131 70 53 33329 810 776 206
cat_boundaries=0 1 9
cat_threshold=132 0 1086324992 1073745928 262 10518528 423624704 33554432 1
is_linear=0
shrinkage=0.05


Tree=132
num_leaves=31
num_cat=2
split_feature=2 53 15 13 19 23 16 15 22 24 39 13 28 23 13 29 15 3 13 3 3 3 3 3 13 13 3 13 3 4
split_gain=145.348 46.0011 147.995 82.9633 57.0093 73.7959 42.4856 32.9615 2.02735 0.274519 0.117769 0.000280026 0.00014353 0.0685901 0.147262 0.0233374 0.0953997 3.35288e-06 6.68664e-07 2.94026e-07 5.38937e-07 1.56797e-07 6.57385e-08 5.44377e-08 9.19248e-09 5.72917e-09 2.74855e-09 4.71402e-10 1.05652e-10 3.12296e-10
threshold=0 1 1.0000000180025095e-35 122.00000000000001 1.0000000180025095e-35 1.0000000180025095e-35 1.0000000180025095e-35 1.0000000180025095e-35 1.0000000180025095e-35 1.0000000180025095e-35 1.0000000180025095e-35 6.0000000000000009 1.0000000180025095e-35 1.0000000180025095e-35 2822.0000000000005 1.0000000180025095e-35 1.0000000180025095e-35 130.00000000000003 6.0000000000000009 49873.500000000007 49759.000000000007 49899.000000000007 49899.000000000007 49810.500000000007 5570.0000000000009 3174.0000000000005 49899.000000000007 11006.000000000002 49439.000000000007 416.00000000000006
decision_type=9 9 2 8 2 2 2 2 2 2 2 8 2 2 8 2 2 10 10 8 10 8 8 10 10 10 10 10 10 10
left_child=7 3 4 -2 5 6 8 -1 9 10 11 17 13 14 -5 16 -16 -3 21 20 27 23 -4 -13 25 -22 -23 28 -20 -30
right_child=1 2 22 12 -6 -7 -8 -9 -10 -11 -12 18 -14 -15 15 -17 -18 -19 19 -21 24 26 -24 -25 -26 -27 -28 -29 29 -31
leaf_value=-0.050007102611849145 0.55057149258611793 -0.050310718411285482 0.050075312860396841 -0.050007096074178997 0.05005740673804935 0.050057406546772321 0.21738933096027779 0.05005740673804935 0.05005740673804935 0.05005740673804935 0.05005740673804935 -0.050007940398109435 0.05005740673804935 0.05005740673804935 -0.050007096074177471 0.05005740364573872 0.050057381989177065 -0.050018546135316644 -0.050007098650889162 -0.050007098856759281 -0.050142619844693662 -0.050019245744183642 0.050057408104070604 -0.050117489693776218 -0.05020517562909476 -0.050186676698660865 -0.050007181724841858 -0.050019860048491051 -0.050007090712337478 -0.050017265213141364
leaf_weight=57.909366414824035 0.82875755522400041 8.5239321170956792 0.51363933179527521 0.0509451156394779 30.542951376177371 25.37905294491793 1.5149389505386341 9.5930540254339558 0.50953913107514281 0.06859180610626836 0.029396488331257298 0.014306344521173742 638.98166802711785 156.17374367453158 0.032638932025292888 0.23515780549496412 0.088147161528468132 0.099337085732259633 0.080922795517835766 76.543343244717107 0.013218565240094904 12.65402470856497 266.70878953579813 0.054695892133167945 0.034144839351938572 0.016703916851838585 0.047389554121765154 0.0091757807967951521 0.0231218811677536 0.011192741556442343
leaf_count=407668 108 4292 41 359 3117 2596 1 979 52 7 3 97 65210 15938 230 24 9 268 570 539117 40 32998 27218 34 17 13 331 34 163 43
internal_value=0.0384389 0.0422005 0.0268251 0.0499407 -0.0112101 -0.0261057 -0.0453873 -0.031169 -0.0494193 -0.0499354 -0.0500053 -0.0500352 0.0500469 0.050004 0.0295019 0.0408818 0.0230179 -0.0503074 -0.050009 -0.0500073 -0.0500696 -0.0500196 0.0500574 -0.0500948 -0.0501874 -0.0501672 -0.0500192 -0.050009 -0.0500081 -0.0500104
internal_weight=1287.29 1219.78 423.392 796.391 156.17 125.627 100.248 67.5024 98.733 98.2235 98.1549 98.1255 795.562 156.581 0.406889 0.355944 0.120786 8.62327 89.5022 76.7318 0.188481 12.7704 267.222 0.0690022 0.0640673 0.0299225 12.7014 0.124413 0.115237 0.0343146
internal_count=1101577 692930 611052 81878 583793 580676 578080 408647 578079 578027 578020 578017 81770 16560 622 263 239 4560 573457 539997 880 33460 27259 131 70 53 33329 810 776 206
cat_boundaries=0 1 9
cat_threshold=132 0 1086324992 1073745928 262 10518528 423624704 33554432 1
is_linear=0
shrinkage=0.05


Tree=133
num_leaves=31
num_cat=2
split_feature=2 53 13 15 19 23 16 15 22 24 39 13 28 23 13 29 15 3 13 3 3 13 3 3 3 13 13 3 13 3
split_gain=137.711 43.3152 300.56 140.873 54.1875 70.0786 36.3689 31.3534 1.9284 0.261122 0.112021 0.00024095 0.000136426 0.0652387 0.140074 0.0221973 0.0907431 2.88416e-06 5.75535e-07 2.53075e-07 4.63787e-07 1.61761e-07 1.34944e-07 5.65663e-08 4.68472e-08 7.90467e-09 4.92475e-09 2.3656e-09 4.05639e-10 9.11474e-11
threshold=0 1 6.0000000000000009 1.0000000180025095e-35 1.0000000180025095e-35 1.0000000180025095e-35 1.0000000180025095e-35 1.0000000180025095e-35 1.0000000180025095e-35 1.0000000180025095e-35 1.0000000180025095e-35 6.0000000000000009 1.0000000180025095e-35 1.0000000180025095e-35 2822.0000000000005 1.0000000180025095e-35 1.0000000180025095e-35 130.00000000000003 6.0000000000000009 49873.500000000007 49759.000000000007 122.00000000000001 49899.000000000007 49899.000000000007 49810.500000000007 5570.0000000000009 3174.0000000000005 49899.000000000007 11006.000000000002 49439.000000000007
decision_type=9 9 8 2 2 2 2 2 2 2 2 8 2 2 8 2 2 10 10 8 10 8 8 8 10 10 10 10 10 10
left_child=7 2 -2 4 5 6 8 -1 9 10 11 17 13 14 -4 16 -16 -3 22 20 28 -14 24 -5 -13 26 -22 -24 29 -20
right_child=1 3 12 23 -6 -7 -8 -9 -10 -11 -12 18 21 -15 15 -17 -18 -19 19 -21 25 -23 27 -25 -26 -27 -28 -29 -30 -31
leaf_value=-0.050006755165148846 1.9031063454043335 -0.050295482272286834 -0.050006753749247151 0.050071635151343011 0.050054601819354609 0.050054601637437905 0.18468422836561232 0.050054601819354609 0.050054601819354609 0.050054601819354609 0.050054601819354609 -0.05000755169544701 0.050022963195413772 0.050054601819354609 -0.050006753749245542 0.050054598848589184 0.050054578043252612 -0.050017643580360684 -0.050006750827040751 -0.050006751535712546 -0.050135665527825404 0.050054601819354609 -0.050018306030798237 0.050054606541685323 -0.050111748096572178 -0.050195133887750966 -0.050177543288471876 -0.050006830663470316 -0.050018889449194193 -0.050009903793541699
leaf_weight=55.085465183801716 0.21888551861047645 8.1106096867006237 0.048460818812599338 0.48862382117658854 29.0549401268363 24.14261982849348 1.6888883113861073 9.1256934180855733 0.48471507430076499 0.065250106155871346 0.027964331209658577 0.013608718756586313 0.40426692692562838 148.56517027318478 0.031047321244841442 0.22370123583823442 0.083852752111852169 0.094494025222957911 0.076976667536655441 72.810770931930165 0.012575588247273117 607.85134606063366 12.037101406531287 253.71508134994656 0.05203415329742711 0.032485910625837278 0.015892076924501453 0.045078647526680338 0.0087284377950709313 0.032641402081935667
leaf_count=407668 5 4292 359 41 3117 2596 1 979 52 7 3 97 103 15938 230 24 9 268 570 539117 40 65210 32998 27218 34 17 13 331 34 206
internal_value=0.0384354 0.0421789 0.0499205 0.0267727 -0.0112001 -0.026062 -0.0452824 -0.0309638 -0.0494176 -0.0499337 -0.0500035 -0.0500335 0.0500441 0.0500012 0.0295006 0.0408797 0.0230169 -0.0502923 -0.0500086 -0.0500069 -0.0500662 0.0500546 -0.0500187 0.0500546 -0.0500901 -0.0501783 -0.050159 -0.0500183 -0.0500085 -0.0500077
internal_weight=1224.65 1160.44 757.427 403.011 148.807 119.752 95.6098 64.2112 93.9209 93.4362 93.371 93.343 757.208 148.952 0.387062 0.338601 0.1149 8.2051 85.1379 72.9901 0.1793 608.256 12.1478 254.204 0.0656429 0.0609536 0.0284677 12.0822 0.118347 0.109618
internal_count=1101577 692930 81878 611052 583793 580676 578080 408647 578079 578027 578020 578017 81873 16560 622 263 239 4560 573457 539997 880 65313 33460 27259 131 70 53 33329 810 776
cat_boundaries=0 1 9
cat_threshold=132 0 1086324992 1073745928 262 10518528 423624704 33554432 1
is_linear=0
shrinkage=0.05


Tree=134
num_leaves=31
num_cat=2
split_feature=2 53 15 13 19 23 16 15 22 24 39 13 28 23 13 29 15 3 13 3 3 13 3 3 3 13 13 3 13 3
split_gain=130.197 40.6758 133.69 56.0696 50.9551 68.7372 31.9864 29.8239 1.8353 0.248509 0.10661 0.000874132 0.00013031 0.0618615 0.133337 0.0209628 0.0860398 1.03409e-05 4.95198e-07 2.17793e-07 3.9911e-07 1.39225e-07 1.16122e-07 4.86937e-08 4.0311e-08 6.79884e-09 4.234e-09 2.03636e-09 3.49145e-10 7.83532e-11
threshold=0 1 1.0000000180025095e-35 6.0000000000000009 1.0000000180025095e-35 1.0000000180025095e-35 1.0000000180025095e-35 1.0000000180025095e-35 1.0000000180025095e-35 1.0000000180025095e-35 1.0000000180025095e-35 6.0000000000000009 1.0000000180025095e-35 1.0000000180025095e-35 2822.0000000000005 1.0000000180025095e-35 1.0000000180025095e-35 130.00000000000003 6.0000000000000009 49873.500000000007 49759.000000000007 122.00000000000001 49899.000000000007 49899.000000000007 49810.500000000007 5570.0000000000009 3174.0000000000005 49899.000000000007 11006.000000000002 49439.000000000007
decision_type=9 9 2 8 2 2 2 2 2 2 2 8 2 2 8 2 2 10 10 8 10 8 8 8 10 10 10 10 10 10
left_child=7 3 4 -2 5 6 8 -1 9 10 11 17 13 14 -5 16 -16 -3 22 20 28 -14 24 -4 -13 26 -22 -24 29 -20
right_child=1 2 23 12 -6 -7 -8 -9 -10 -11 -12 18 21 -15 15 -17 -18 -19 19 -21 25 -23 27 -25 -26 -27 -28 -29 -30 -31
leaf_value=-0.050006427021368142 0.46254684628175219 -0.050556039095167538 0.050068136865907192 -0.050006420009850443 0.050051936828851708 0.050051936662328357 0.16197199718802946 0.050051936828851708 0.050051936828851708 0.050051936828851708 0.050051936828851708 -0.050007184871805513 0.050021842006059636 0.050051936828851708 -0.050006420009848743 0.050051934035535928 0.05005191446748597 -0.05001678203083474 -0.050006422896190852 -0.050006426196706914 -0.050129046736914068 0.050051936828851708 -0.050017415195273418 0.050051938197077588 -0.050106285012282106 -0.050185586114002895 -0.05016885673913031 -0.050006498803087954 -0.050017968984077066 -0.050009420201801949
leaf_weight=52.399250832648249 0.82471829652786155 8.1028658169379888 0.46482501365244389 0.046097654063486426 27.639348333701491 23.86195867332026 1.825464367866515 8.6810786072164756 0.46109917014837165 0.062071042135356858 0.026601875200866654 0.012945106391271111 0.3845590038690706 140.43129918538034 0.029404910252196714 0.21280223876237869 0.079767345450818539 0.089887003065087678 0.073222940904088318 69.260320593079086 0.011963809207372833 578.23609394952655 11.450244017571089 241.35379228182137 0.049501677713124081 0.030907285370631143 0.015119562558538746 0.04288041283143762 0.008302895788801834 0.031049754281411879
leaf_count=407668 1 4296 41 359 3117 2697 1 979 52 7 3 97 103 15837 229 24 9 268 570 539118 40 65210 32998 27218 34 17 13 331 34 206
internal_value=0.0383612 0.0420785 0.0266928 0.049822 -0.0109272 -0.0255302 -0.0452292 -0.030751 -0.0494446 -0.0499585 -0.0500281 -0.0500579 0.0500414 0.0499983 0.029527 0.0409139 0.0231018 -0.0505501 -0.0500082 -0.0500066 -0.050063 0.0500519 -0.0500177 0.050052 -0.0500857 -0.0501696 -0.0501513 -0.0500174 -0.0500081 -0.0500073
internal_weight=1166.2 1105.12 384.874 720.245 143.056 115.416 91.5544 61.0803 89.729 89.2679 89.2058 89.1792 719.42 140.799 0.368072 0.321974 0.109172 8.19275 80.9865 69.4309 0.170566 578.621 11.5556 241.819 0.0624468 0.0579907 0.0270834 11.4931 0.112576 0.104273
internal_count=1101577 692930 611158 81772 583899 580782 578085 408647 578084 578032 578025 578022 81771 16458 621 262 238 4564 573458 539998 880 65313 33460 27259 131 70 53 33329 810 776
cat_boundaries=0 1 9
cat_threshold=132 0 1086324992 4104 262 10518528 423624704 33554432 1
is_linear=0
shrinkage=0.05


end of trees

feature_importances:
src_port=1010
f_image_is_lolbin=852
process_id=634
dest_port=449
f_target_in_appdata=150
f_parent_is_browser=135
f_target_in_temp=135
f_ext_is_executable=135
f_cmd_has_url=135
f_target_in_user_profile=131
edge_type=130
object_type=126
object_name_ext=16
f_image_is_offensive_tool=4
f_target_in_system32=4
f_ext_is_document=4

parameters:
[boosting: gbdt]
[objective: binary]
[metric: auc]
[tree_learner: serial]
[device_type: cpu]
[data_sample_strategy: bagging]
[data: ]
[valid: ]
[num_iterations: 10000]
[learning_rate: 0.05]
[num_leaves: 31]
[num_threads: 6]
[seed: 42]
[deterministic: 0]
[force_col_wise: 0]
[force_row_wise: 0]
[histogram_pool_size: -1]
[max_depth: -1]
[min_data_in_leaf: 20]
[min_sum_hessian_in_leaf: 0.001]
[bagging_fraction: 1]
[pos_bagging_fraction: 1]
[neg_bagging_fraction: 1]
[bagging_freq: 0]
[bagging_seed: 400]
[bagging_by_query: 0]
[feature_fraction: 1]
[feature_fraction_bynode: 1]
[feature_fraction_seed: 30056]
[extra_trees: 0]
[extra_seed: 12879]
[early_stopping_round: 0]
[early_stopping_min_delta: 0]
[first_metric_only: 0]
[max_delta_step: 0]
[lambda_l1: 0]
[lambda_l2: 0]
[linear_lambda: 0]
[min_gain_to_split: 0]
[drop_rate: 0.1]
[max_drop: 50]
[skip_drop: 0.5]
[xgboost_dart_mode: 0]
[uniform_drop: 0]
[drop_seed: 17869]
[top_rate: 0.2]
[other_rate: 0.1]
[min_data_per_group: 100]
[max_cat_threshold: 32]
[cat_l2: 10]
[cat_smooth: 10]
[max_cat_to_onehot: 4]
[top_k: 20]
[monotone_constraints: ]
[monotone_constraints_method: basic]
[monotone_penalty: 0]
[feature_contri: ]
[forcedsplits_filename: ]
[refit_decay_rate: 0.9]
[cegb_tradeoff: 1]
[cegb_penalty_split: 0]
[cegb_penalty_feature_lazy: ]
[cegb_penalty_feature_coupled: ]
[path_smooth: 0]
[interaction_constraints: ]
[verbosity: -1]
[saved_feature_importance_type: 0]
[use_quantized_grad: 0]
[num_grad_quant_bins: 4]
[quant_train_renew_leaf: 0]
[stochastic_rounding: 1]
[linear_tree: 0]
[max_bin: 255]
[max_bin_by_feature: ]
[min_data_in_bin: 3]
[bin_construct_sample_cnt: 200000]
[data_random_seed: 175]
[is_enable_sparse: 1]
[enable_bundle: 1]
[use_missing: 1]
[zero_as_missing: 0]
[feature_pre_filter: 1]
[pre_partition: 0]
[two_round: 0]
[header: 0]
[label_column: ]
[weight_column: ]
[group_column: ]
[ignore_column: ]
[categorical_feature: 0,1,2,53]
[forcedbins_filename: ]
[precise_float_parser: 0]
[parser_config_file: ]
[objective_seed: 16083]
[num_class: 1]
[is_unbalance: 1]
[scale_pos_weight: 1]
[sigmoid: 1]
[boost_from_average: 1]
[reg_sqrt: 0]
[alpha: 0.9]
[fair_c: 1]
[poisson_max_delta_step: 0.7]
[tweedie_variance_power: 1.5]
[lambdarank_truncation_level: 30]
[lambdarank_norm: 1]
[label_gain: ]
[lambdarank_position_bias_regularization: 0]
[eval_at: ]
[multi_error_top_k: 1]
[auc_mu_weights: ]
[num_machines: 1]
[local_listen_port: 12400]
[time_out: 120]
[machine_list_filename: ]
[machines: ]
[gpu_platform_id: -1]
[gpu_device_id: -1]
[gpu_use_dp: 0]
[num_gpu: 1]

end of parameters

pandas_categorical:[["Process"], ["File", "Process", "Registry", "Socket"], ["CONNECT", "DELETE", "EXEC", "FORK", "LOAD", "MMAP", "MODIFY_REG", "READ", "WRITE"], [".0", ".000", ".0_neutral__cw5n1h2txyewy", ".0_neutral_neutral_8wekyb3d8bbwe", ".0_neutral_neutral_cw5n1h2txyewy", ".0or", ".3f5", ".449_neutral__cw5n1h2txyewy", ".449_neutral_neutral_8wekyb3d8bbwe", ".449_neutral_neutral_cw5n1h2txyewy", ".4km", ".5b", ".5jo", ".67", ".6c", ".7", ".79", ".7c", ".7db", ".7e", ".7z", ".80", ".83", ".87", ".__new__", "._sysinternalssuite", ".a0", ".aodl", ".appx", ".aspx", ".automaticdestinations-ms", ".bin", ".blf", ".bmp", ".capturepicker_cw5n1h2txyewy", ".cat", ".catalogitem", ".chk", ".chm", ".chxapp_cw5n1h2txyewy", ".cmd", ".cmdline", ".cnt", ".com", ".config", ".cpl", ".createlock", ".cs", ".csg", ".css", ".csv", ".customdestinations-ms", ".d12", ".d5d", ".dat", ".db", ".db-journal", ".db-shm", ".db-wal", ".dbtmp", ".desktopappinstaller_8wekyb3d8bbwe", ".dire5d62f0a2#", ".dll", ".dmp", ".docx", ".dom", ".down_data", ".down_meta", ".drv", ".ds_store", ".ds_store:afp_afpinfo", ".edb", ".engagement_8wekyb3d8bbwe", ".err", ".etl", ".etl:{4c8cc155-6c1e-11d1-8e41-00c04fb9386d}", ".exe", ".ft", ".fx", ".gethelp_8wekyb3d8bbwe", ".getstarted_8wekyb3d8bbwe", ".gif", ".grx", ".h", ".heifimageextension_8wekyb3d8bbwe", ".hlp", ".htm", ".html", ".hxd", ".index", ".inf", ".ini", ".jcp", ".jfm", ".jpg", ".jpg:afp_afpinfo", ".jrs", ".js", ".json", ".jtx", ".key", ".l0o", ".library-ms", ".lnk", ".lock", ".log", ".log1", ".log2", ".man", ".manifest", ".map", ".mapimail", ".merged", ".messaging_8wekyb3d8bbwe", ".microsoft3dviewer_8wekyb3d8bbwe", ".microsoftofficehub_8wekyb3d8bbwe", ".microsoftsolitairecollection_8wekyb3d8bbwe", ".microsoftstickynotes_8wekyb3d8bbwe", ".mspaint_8wekyb3d8bbwe", ".narratorquickstart_8wekyb3d8bbwe", ".ncl", ".new", ".nfa", ".node", ".nupkg", ".nuspec", ".ocx", ".oneconnect_8wekyb3d8bbwe", ".oobenetworkcaptiveportal_cw5n1h2txyewy", ".out", ".packagemanagement", ".parentalcontrols_cw5n1h2txyewy", ".pat", ".pcapng", ".pckgdep", ".pdb", ".people_8wekyb3d8bbwe", ".peopleexperiencehost_cw5n1h2txyewy", ".pf", ".pfx", ".pinningconfirmationdialog_cw5n1h2txyewy", ".pma", ".pnf", ".png", ".portal_8wekyb3d8bbwe", ".pri", ".print3d_8wekyb3d8bbwe", ".printdialog_cw5n1h2txyewy", ".prof", ".ps1", ".psd1", ".psm1", ".psmdcp", ".pvk", ".pyd", ".qe0", ".quarantine", ".regtrans-ms", ".rels", ".rslc", ".sch", ".schema", ".scr", ".sct", ".sdb", ".search-ms", ".searchconnector-ms", ".setting", ".si5", ".skypea_128e54eea82a217773993d450cacc45db5e69b4_6cc3e216_deeda9c5-ca64-4e99-899e-27bee55a82a2", ".skypea_cfc5466aaa7562325f31e4131eb67673899156_6cc3e216_fd8a9425-dd99-4a21-82a0-55fb39e9e430", ".sqlite", ".sqlite-journal", ".sqlite-shm", ".srd-shm", ".srd-wal", ".svg", ".swidtag", ".sys", ".tbres", ".tcui_8wekyb3d8bbwe", ".temp", ".tmp", ".ttf", ".txt", ".uca", ".umw", ".up_meta_body", ".up_meta_secure", ".url", ".uwpdesktop_8wekyb3d8bbwe", ".v2", ".v3o", ".val", ".vbe", ".vol", ".vwl", ".wallet_8wekyb3d8bbwe", ".webmediaextensions_8wekyb3d8bbwe", ".webpimageextension_8wekyb3d8bbwe", ".wer", ".win32webviewhost_cw5n1h2txyewy", ".windowsalarms_8wekyb3d8bbwe", ".windowscalculator_8wekyb3d8bbwe", ".windowsfeedbackhub_8wekyb3d8bbwe", ".windowsmaps_8wekyb3d8bbwe", ".windowssoundrecorder_8wekyb3d8bbwe", ".winmd", ".woff", ".woff2", ".xat", ".xboxapp_8wekyb3d8bbwe", ".xboxgameoverlay_8wekyb3d8bbwe", ".xboxspeechtotextoverlay_8wekyb3d8bbwe", ".xgpuejectdialog_cw5n1h2txyewy", ".xin", ".xll", ".xml", ".xql", ".ypp", ".zfsendtotarget", ".zip", ".zsf", ".zunemusic_8wekyb3d8bbwe", ".~tmp"]]
